id,feature,existing_function,read,write,location,v2,status,required,regression,source
"C00001","UNRESOLVED_CONTROL","(top-level/template): div","페이지 데이터/상태 경로: 정확한 runtime reachability 미확인","직접 literal write 발견 없음; 간접 호출은 미확인","golden/crm.html:1768","미확정: 원본 handler/template 추적 필요","TEST_MISSING","중복정의·동적 template·상위함수 호출을 실제 렌더 결과와 연결","해당 원본 컨트롤의 노출 조건·클릭/필터/취소 결과를 Golden fixture로 검증","<div class=""mi on clk"" data-p=""dash"" onclick=""nav(this)"">"
"C00002","UNRESOLVED_CONTROL","(top-level/template): div","페이지 데이터/상태 경로: 정확한 runtime reachability 미확인","직접 literal write 발견 없음; 간접 호출은 미확인","golden/crm.html:1769","미확정: 원본 handler/template 추적 필요","TEST_MISSING","중복정의·동적 template·상위함수 호출을 실제 렌더 결과와 연결","해당 원본 컨트롤의 노출 조건·클릭/필터/취소 결과를 Golden fixture로 검증","<div class=""mi clk"" data-p=""inq"" onclick=""nav(this)"">"
"C00003","UNRESOLVED_CONTROL","(top-level/template): div","페이지 데이터/상태 경로: 정확한 runtime reachability 미확인","직접 literal write 발견 없음; 간접 호출은 미확인","golden/crm.html:1770","미확정: 원본 handler/template 추적 필요","TEST_MISSING","중복정의·동적 template·상위함수 호출을 실제 렌더 결과와 연결","해당 원본 컨트롤의 노출 조건·클릭/필터/취소 결과를 Golden fixture로 검증","<div class=""mi clk"" data-p=""pipe"" onclick=""nav(this)"">"
"C00004","UNRESOLVED_CONTROL","(top-level/template): div","페이지 데이터/상태 경로: 정확한 runtime reachability 미확인","직접 literal write 발견 없음; 간접 호출은 미확인","golden/crm.html:1772","미확정: 원본 handler/template 추적 필요","TEST_MISSING","중복정의·동적 template·상위함수 호출을 실제 렌더 결과와 연결","해당 원본 컨트롤의 노출 조건·클릭/필터/취소 결과를 Golden fixture로 검증","<div class=""mi clk"" data-p=""mgmt"" onclick=""nav(this)"">"
"C00005","UNRESOLVED_CONTROL","(top-level/template): div","페이지 데이터/상태 경로: 정확한 runtime reachability 미확인","직접 literal write 발견 없음; 간접 호출은 미확인","golden/crm.html:1773","미확정: 원본 handler/template 추적 필요","TEST_MISSING","중복정의·동적 template·상위함수 호출을 실제 렌더 결과와 연결","해당 원본 컨트롤의 노출 조건·클릭/필터/취소 결과를 Golden fixture로 검증","<div class=""mi clk"" data-p=""perf"" onclick=""nav(this)"">"
"C00006","UNRESOLVED_CONTROL","(top-level/template): div","페이지 데이터/상태 경로: 정확한 runtime reachability 미확인","직접 literal write 발견 없음; 간접 호출은 미확인","golden/crm.html:1774","미확정: 원본 handler/template 추적 필요","TEST_MISSING","중복정의·동적 template·상위함수 호출을 실제 렌더 결과와 연결","해당 원본 컨트롤의 노출 조건·클릭/필터/취소 결과를 Golden fixture로 검증","<div class=""mi clk"" data-p=""gyeongnam"" onclick=""nav(this)"">"
"C00007","UNRESOLVED_CONTROL","(top-level/template): div","페이지 데이터/상태 경로: 정확한 runtime reachability 미확인","직접 literal write 발견 없음; 간접 호출은 미확인","golden/crm.html:1775","미확정: 원본 handler/template 추적 필요","TEST_MISSING","중복정의·동적 template·상위함수 호출을 실제 렌더 결과와 연결","해당 원본 컨트롤의 노출 조건·클릭/필터/취소 결과를 Golden fixture로 검증","<div class=""mi clk"" data-p=""brief"" onclick=""nav(this)"">"
"C00008","UNRESOLVED_CONTROL","(top-level/template): div","페이지 데이터/상태 경로: 정확한 runtime reachability 미확인","직접 literal write 발견 없음; 간접 호출은 미확인","golden/crm.html:1777","미확정: 원본 handler/template 추적 필요","TEST_MISSING","중복정의·동적 template·상위함수 호출을 실제 렌더 결과와 연결","해당 원본 컨트롤의 노출 조건·클릭/필터/취소 결과를 Golden fixture로 검증","<div class=""mi clk"" data-p=""work"" onclick=""nav(this)"">"
"C00009","UNRESOLVED_CONTROL","(top-level/template): div","페이지 데이터/상태 경로: 정확한 runtime reachability 미확인","직접 literal write 발견 없음; 간접 호출은 미확인","golden/crm.html:1778","미확정: 원본 handler/template 추적 필요","TEST_MISSING","중복정의·동적 template·상위함수 호출을 실제 렌더 결과와 연결","해당 원본 컨트롤의 노출 조건·클릭/필터/취소 결과를 Golden fixture로 검증","<div class=""mi clk"" data-p=""sites"" onclick=""nav(this)"">"
"C00010","UNRESOLVED_CONTROL","(top-level/template): div","페이지 데이터/상태 경로: 정확한 runtime reachability 미확인","직접 literal write 발견 없음; 간접 호출은 미확인","golden/crm.html:1779","미확정: 원본 handler/template 추적 필요","TEST_MISSING","중복정의·동적 template·상위함수 호출을 실제 렌더 결과와 연결","해당 원본 컨트롤의 노출 조건·클릭/필터/취소 결과를 Golden fixture로 검증","<div class=""mi clk"" data-p=""report"" onclick=""nav(this)"">"
"C00011","UNRESOLVED_CONTROL","(top-level/template): div","페이지 데이터/상태 경로: 정확한 runtime reachability 미확인","직접 literal write 발견 없음; 간접 호출은 미확인","golden/crm.html:1781","미확정: 원본 handler/template 추적 필요","TEST_MISSING","중복정의·동적 template·상위함수 호출을 실제 렌더 결과와 연결","해당 원본 컨트롤의 노출 조건·클릭/필터/취소 결과를 Golden fixture로 검증","<div class=""mi clk"" data-p=""dup"" onclick=""nav(this)"">"
"C00012","UNRESOLVED_CONTROL","(top-level/template): input","페이지 데이터/상태 경로: 정확한 runtime reachability 미확인","직접 literal write 발견 없음; 간접 호출은 미확인","golden/crm.html:1788","미확정: 원본 handler/template 추적 필요","TEST_MISSING","중복정의·동적 template·상위함수 호출을 실제 렌더 결과와 연결","해당 원본 컨트롤의 노출 조건·클릭/필터/취소 결과를 Golden fixture로 검증","<input id=""q"" placeholder=""현장·담당자 검색"" oninput=""G.q=this.value.trim();paint()"">"
"C00013","UNRESOLVED_CONTROL","(top-level/template): JSON","페이지 데이터/상태 경로: 정확한 runtime reachability 미확인","직접 literal write 발견 없음; 간접 호출은 미확인","golden/crm.html:1794","미확정: 원본 handler/template 추적 필요","TEST_MISSING","중복정의·동적 template·상위함수 호출을 실제 렌더 결과와 연결","해당 원본 컨트롤의 노출 조건·클릭/필터/취소 결과를 Golden fixture로 검증","<button class=""rf clk"" onclick=""exportFullDataJSON()"" title=""전체 CRM 데이터 JSON 내보내기"" style=""width:auto;padding:0 10px;background:#fff;border:1px solid var(--line2);color:var(--blue);font-size:12px;font-weight:900"">"
"C00014","UNRESOLVED_CONTROL","(top-level/template): 🔍","페이지 데이터/상태 경로: 정확한 runtime reachability 미확인","직접 literal write 발견 없음; 간접 호출은 미확인","golden/crm.html:1794","미확정: 원본 handler/template 추적 필요","TEST_MISSING","중복정의·동적 template·상위함수 호출을 실제 렌더 결과와 연결","해당 원본 컨트롤의 노출 조건·클릭/필터/취소 결과를 Golden fixture로 검증","<button class=""rf clk"" onclick=""runDiag()"" title=""연결 점검 — 데이터가 안 뜰 때 원인 확인"" style=""background:#fff;border:1px solid var(--line2);color:var(--ink2);margin-right:-4px"">"
"C00015","UNRESOLVED_CONTROL","(top-level/template): ↻","페이지 데이터/상태 경로: 정확한 runtime reachability 미확인","직접 literal write 발견 없음; 간접 호출은 미확인","golden/crm.html:1794","미확정: 원본 handler/template 추적 필요","TEST_MISSING","중복정의·동적 template·상위함수 호출을 실제 렌더 결과와 연결","해당 원본 컨트롤의 노출 조건·클릭/필터/취소 결과를 Golden fixture로 검증","<button class=""rf clk"" onclick=""loadData()"" title=""새로고침"">"
"C00016","UNRESOLVED_CONTROL","(top-level/template): 
    ","페이지 데이터/상태 경로: 정확한 runtime reachability 미확인","직접 literal write 발견 없음; 간접 호출은 미확인","golden/crm.html:1804","미확정: 원본 handler/template 추적 필요","TEST_MISSING","중복정의·동적 template·상위함수 호출을 실제 렌더 결과와 연결","해당 원본 컨트롤의 노출 조건·클릭/필터/취소 결과를 Golden fixture로 검증","<form onsubmit=""authSignIn();return false"">"
"C00017","UNRESOLVED_CONTROL","(top-level/template): input","페이지 데이터/상태 경로: 정확한 runtime reachability 미확인","직접 literal write 발견 없음; 간접 호출은 미확인","golden/crm.html:1806","미확정: 원본 handler/template 추적 필요","TEST_MISSING","중복정의·동적 template·상위함수 호출을 실제 렌더 결과와 연결","해당 원본 컨트롤의 노출 조건·클릭/필터/취소 결과를 Golden fixture로 검증","<input id=""au-name"" autocomplete=""username"" placeholder=""예: 황윤선"">"
"C00018","UNRESOLVED_CONTROL","(top-level/template): input","페이지 데이터/상태 경로: 정확한 runtime reachability 미확인","직접 literal write 발견 없음; 간접 호출은 미확인","golden/crm.html:1808","미확정: 원본 handler/template 추적 필요","TEST_MISSING","중복정의·동적 template·상위함수 호출을 실제 렌더 결과와 연결","해당 원본 컨트롤의 노출 조건·클릭/필터/취소 결과를 Golden fixture로 검증","<input id=""au-pw"" type=""password"" inputmode=""numeric"" autocomplete=""current-password"" placeholder=""본인 핸드폰 번호"">"
"C00019","UNRESOLVED_CONTROL","(top-level/template): 로그인","페이지 데이터/상태 경로: 정확한 runtime reachability 미확인","직접 literal write 발견 없음; 간접 호출은 미확인","golden/crm.html:1809","미확정: 원본 handler/template 추적 필요","TEST_MISSING","중복정의·동적 template·상위함수 호출을 실제 렌더 결과와 연결","해당 원본 컨트롤의 노출 조건·클릭/필터/취소 결과를 Golden fixture로 검증","<button class=""abtn"" id=""au-btn"" type=""submit"">"
"C00020","UNRESOLVED_CONTROL","(top-level/template): 
      ","페이지 데이터/상태 경로: 정확한 runtime reachability 미확인","직접 literal write 발견 없음; 간접 호출은 미확인","golden/crm.html:1814","미확정: 원본 handler/template 추적 필요","TEST_MISSING","중복정의·동적 template·상위함수 호출을 실제 렌더 결과와 연결","해당 원본 컨트롤의 노출 조건·클릭/필터/취소 결과를 Golden fixture로 검증","<button class=""gbtn"" onclick=""authGoogle()"">"
"C00021","UNRESOLVED_CONTROL","(top-level/template): 📱 모바일","페이지 데이터/상태 경로: 정확한 runtime reachability 미확인","직접 literal write 발견 없음; 간접 호출은 미확인","golden/crm.html:1879","미확정: 원본 handler/template 추적 필요","TEST_MISSING","중복정의·동적 template·상위함수 호출을 실제 렌더 결과와 연결","해당 원본 컨트롤의 노출 조건·클릭/필터/취소 결과를 Golden fixture로 검증","<button id=""mv-app"" class=""on"" onclick=""setMobPanel(false)"">"
"C00022","UNRESOLVED_CONTROL","(top-level/template): 📋 관리 항목 · SLA 표","페이지 데이터/상태 경로: 정확한 runtime reachability 미확인","직접 literal write 발견 없음; 간접 호출은 미확인","golden/crm.html:1880","미확정: 원본 handler/template 추적 필요","TEST_MISSING","중복정의·동적 template·상위함수 호출을 실제 렌더 결과와 연결","해당 원본 컨트롤의 노출 조건·클릭/필터/취소 결과를 Golden fixture로 검증","<button id=""mv-panel"" onclick=""setMobPanel(true)"">"
"C00023","UNRESOLVED_CONTROL","(top-level/template): div","페이지 데이터/상태 경로: 정확한 runtime reachability 미확인","직접 literal write 발견 없음; 간접 호출은 미확인","golden/crm.html:1922","미확정: 원본 handler/template 추적 필요","TEST_MISSING","중복정의·동적 template·상위함수 호출을 실제 렌더 결과와 연결","해당 원본 컨트롤의 노출 조건·클릭/필터/취소 결과를 Golden fixture로 검증","<div id=""ovl"" onclick=""closeDrw()"">"
"C00024","UNRESOLVED_CONTROL","(top-level/template): ✕","페이지 데이터/상태 경로: 정확한 runtime reachability 미확인","직접 literal write 발견 없음; 간접 호출은 미확인","golden/crm.html:1924","미확정: 원본 handler/template 추적 필요","TEST_MISSING","중복정의·동적 template·상위함수 호출을 실제 렌더 결과와 연결","해당 원본 컨트롤의 노출 조건·클릭/필터/취소 결과를 Golden fixture로 검증","<button class=""x"" onclick=""closeDrw()"">"
"C00025","UNRESOLVED_CONTROL","(top-level/template): ← 목록으로","페이지 데이터/상태 경로: 정확한 runtime reachability 미확인","직접 literal write 발견 없음; 간접 호출은 미확인","golden/crm.html:1928","미확정: 원본 handler/template 추적 필요","TEST_MISSING","중복정의·동적 template·상위함수 호출을 실제 렌더 결과와 연결","해당 원본 컨트롤의 노출 조건·클릭/필터/취소 결과를 Golden fixture로 검증","<button class=""backbtn"" onclick=""closeDetail()"">"
"C00026","UNRESOLVED_CONTROL","(top-level/template): 
  ","페이지 데이터/상태 경로: 정확한 runtime reachability 미확인","직접 literal write 발견 없음; 간접 호출은 미확인","golden/crm.html:1931","미확정: 원본 handler/template 추적 필요","TEST_MISSING","중복정의·동적 template·상위함수 호출을 실제 렌더 결과와 연결","해당 원본 컨트롤의 노출 조건·클릭/필터/취소 결과를 Golden fixture로 검증","<div class=""modalshade"" id=""transitionModal"" aria-hidden=""true"" onclick=""if(event.target===this)closeTransition()"">"
"C00027","UNRESOLVED_CONTROL","(top-level/template): ✕","페이지 데이터/상태 경로: 정확한 runtime reachability 미확인","직접 literal write 발견 없음; 간접 호출은 미확인","golden/crm.html:1933","미확정: 원본 handler/template 추적 필요","TEST_MISSING","중복정의·동적 template·상위함수 호출을 실제 렌더 결과와 연결","해당 원본 컨트롤의 노출 조건·클릭/필터/취소 결과를 Golden fixture로 검증","<button class=""modalclose"" onclick=""closeTransition()"">"
"C00028","UNRESOLVED_CONTROL","(top-level/template): 
  ","페이지 데이터/상태 경로: 정확한 runtime reachability 미확인","직접 literal write 발견 없음; 간접 호출은 미확인","golden/crm.html:1937","미확정: 원본 handler/template 추적 필요","TEST_MISSING","중복정의·동적 template·상위함수 호출을 실제 렌더 결과와 연결","해당 원본 컨트롤의 노출 조건·클릭/필터/취소 결과를 Golden fixture로 검증","<div class=""modalshade"" id=""bulkModal"" aria-hidden=""true"" onclick=""if(event.target===this)closeBulkDialog()"">"
"C00029","UNRESOLVED_CONTROL","(top-level/template): ✕","페이지 데이터/상태 경로: 정확한 runtime reachability 미확인","직접 literal write 발견 없음; 간접 호출은 미확인","golden/crm.html:1939","미확정: 원본 handler/template 추적 필요","TEST_MISSING","중복정의·동적 template·상위함수 호출을 실제 렌더 결과와 연결","해당 원본 컨트롤의 노출 조건·클릭/필터/취소 결과를 Golden fixture로 검증","<button class=""modalclose"" onclick=""closeBulkDialog()"">"
"C00030","UNRESOLVED_CONTROL","(top-level/template): 
  ","페이지 데이터/상태 경로: 정확한 runtime reachability 미확인","직접 literal write 발견 없음; 간접 호출은 미확인","golden/crm.html:1943","미확정: 원본 handler/template 추적 필요","TEST_MISSING","중복정의·동적 template·상위함수 호출을 실제 렌더 결과와 연결","해당 원본 컨트롤의 노출 조건·클릭/필터/취소 결과를 Golden fixture로 검증","<div class=""modalshade"" id=""quickContactModal"" aria-hidden=""true"" onclick=""if(event.target===this)closeQuickContact()"">"
"C00031","UNRESOLVED_CONTROL","(top-level/template): ✕","페이지 데이터/상태 경로: 정확한 runtime reachability 미확인","직접 literal write 발견 없음; 간접 호출은 미확인","golden/crm.html:1945","미확정: 원본 handler/template 추적 필요","TEST_MISSING","중복정의·동적 template·상위함수 호출을 실제 렌더 결과와 연결","해당 원본 컨트롤의 노출 조건·클릭/필터/취소 결과를 Golden fixture로 검증","<button class=""modalclose"" onclick=""closeQuickContact()"" aria-label=""닫기"">"
"C00032","UNRESOLVED_CONTROL","(top-level/template): 
  ","페이지 데이터/상태 경로: 정확한 runtime reachability 미확인","직접 literal write 발견 없음; 간접 호출은 미확인","golden/crm.html:1949","미확정: 원본 handler/template 추적 필요","TEST_MISSING","중복정의·동적 template·상위함수 호출을 실제 렌더 결과와 연결","해당 원본 컨트롤의 노출 조건·클릭/필터/취소 결과를 Golden fixture로 검증","<div class=""modalshade"" id=""kakaoModal"" aria-hidden=""true"" onclick=""if(event.target===this)closeKakaoModal()"">"
"C00033","UNRESOLVED_CONTROL","(top-level/template): ✕","페이지 데이터/상태 경로: 정확한 runtime reachability 미확인","직접 literal write 발견 없음; 간접 호출은 미확인","golden/crm.html:1951","미확정: 원본 handler/template 추적 필요","TEST_MISSING","중복정의·동적 template·상위함수 호출을 실제 렌더 결과와 연결","해당 원본 컨트롤의 노출 조건·클릭/필터/취소 결과를 Golden fixture로 검증","<button class=""modalclose"" onclick=""closeKakaoModal()"" aria-label=""닫기"">"
"C00034","UNRESOLVED_CONTROL","(top-level/template): 
  ","페이지 데이터/상태 경로: 정확한 runtime reachability 미확인","직접 literal write 발견 없음; 간접 호출은 미확인","golden/crm.html:1955","미확정: 원본 handler/template 추적 필요","TEST_MISSING","중복정의·동적 template·상위함수 호출을 실제 렌더 결과와 연결","해당 원본 컨트롤의 노출 조건·클릭/필터/취소 결과를 Golden fixture로 검증","<div class=""modalshade"" id=""splitEditModal"" aria-hidden=""true"" onclick=""if(event.target===this)splitForm(null)"">"
"C00035","UNRESOLVED_CONTROL","(top-level/template): ✕","페이지 데이터/상태 경로: 정확한 runtime reachability 미확인","직접 literal write 발견 없음; 간접 호출은 미확인","golden/crm.html:1957","미확정: 원본 handler/template 추적 필요","TEST_MISSING","중복정의·동적 template·상위함수 호출을 실제 렌더 결과와 연결","해당 원본 컨트롤의 노출 조건·클릭/필터/취소 결과를 Golden fixture로 검증","<button class=""modalclose"" onclick=""splitForm(null)"" aria-label=""닫기"">"
"C00036","UNRESOLVED_CONTROL","(top-level/template): 
  ","페이지 데이터/상태 경로: 정확한 runtime reachability 미확인","직접 literal write 발견 없음; 간접 호출은 미확인","golden/crm.html:1961","미확정: 원본 handler/template 추적 필요","TEST_MISSING","중복정의·동적 template·상위함수 호출을 실제 렌더 결과와 연결","해당 원본 컨트롤의 노출 조건·클릭/필터/취소 결과를 Golden fixture로 검증","<div class=""modalshade"" id=""newDealModal"" aria-hidden=""true"" onclick=""if(event.target===this)closeNewDeal()"">"
"C00037","UNRESOLVED_CONTROL","(top-level/template): ✕","페이지 데이터/상태 경로: 정확한 runtime reachability 미확인","직접 literal write 발견 없음; 간접 호출은 미확인","golden/crm.html:1963","미확정: 원본 handler/template 추적 필요","TEST_MISSING","중복정의·동적 template·상위함수 호출을 실제 렌더 결과와 연결","해당 원본 컨트롤의 노출 조건·클릭/필터/취소 결과를 Golden fixture로 검증","<button class=""modalclose"" onclick=""closeNewDeal()"" aria-label=""닫기"">"
"C00038","UNRESOLVED_CONTROL","(top-level/template): 
  ","페이지 데이터/상태 경로: 정확한 runtime reachability 미확인","직접 literal write 발견 없음; 간접 호출은 미확인","golden/crm.html:1967","미확정: 원본 handler/template 추적 필요","TEST_MISSING","중복정의·동적 template·상위함수 호출을 실제 렌더 결과와 연결","해당 원본 컨트롤의 노출 조건·클릭/필터/취소 결과를 Golden fixture로 검증","<div class=""modalshade perf-drawer"" id=""perfDrawer"" aria-hidden=""true"" onclick=""if(event.target===this)closePerfDrawer()"">"
"C00039","UNRESOLVED_CONTROL","(top-level/template): ✕","페이지 데이터/상태 경로: 정확한 runtime reachability 미확인","직접 literal write 발견 없음; 간접 호출은 미확인","golden/crm.html:1969","미확정: 원본 handler/template 추적 필요","TEST_MISSING","중복정의·동적 template·상위함수 호출을 실제 렌더 결과와 연결","해당 원본 컨트롤의 노출 조건·클릭/필터/취소 결과를 Golden fixture로 검증","<button class=""modalclose"" onclick=""closePerfDrawer()"" aria-label=""닫기"">"
"C00040","UNRESOLVED_CONTROL","(top-level/template): 
  ","페이지 데이터/상태 경로: 정확한 runtime reachability 미확인","직접 literal write 발견 없음; 간접 호출은 미확인","golden/crm.html:1973","미확정: 원본 handler/template 추적 필요","TEST_MISSING","중복정의·동적 template·상위함수 호출을 실제 렌더 결과와 연결","해당 원본 컨트롤의 노출 조건·클릭/필터/취소 결과를 Golden fixture로 검증","<div class=""modalshade report-drill"" id=""reportDrill"" aria-hidden=""true"" onclick=""if(event.target===this)closeReportDrill()"">"
"C00041","UNRESOLVED_CONTROL","(top-level/template): ✕","페이지 데이터/상태 경로: 정확한 runtime reachability 미확인","직접 literal write 발견 없음; 간접 호출은 미확인","golden/crm.html:1975","미확정: 원본 handler/template 추적 필요","TEST_MISSING","중복정의·동적 template·상위함수 호출을 실제 렌더 결과와 연결","해당 원본 컨트롤의 노출 조건·클릭/필터/취소 결과를 Golden fixture로 검증","<button class=""modalclose"" onclick=""closeReportDrill()"" aria-label=""닫기"">"
"C00042","UNRESOLVED_CONTROL","(top-level/template): 
  ","페이지 데이터/상태 경로: 정확한 runtime reachability 미확인","직접 literal write 발견 없음; 간접 호출은 미확인","golden/crm.html:1979","미확정: 원본 handler/template 추적 필요","TEST_MISSING","중복정의·동적 template·상위함수 호출을 실제 렌더 결과와 연결","해당 원본 컨트롤의 노출 조건·클릭/필터/취소 결과를 Golden fixture로 검증","<div class=""modalshade site-drawer"" id=""siteDrawer"" aria-hidden=""true"" onclick=""if(event.target===this)closeSiteDrawer()"">"
"C00043","UNRESOLVED_CONTROL","(top-level/template): ✕","페이지 데이터/상태 경로: 정확한 runtime reachability 미확인","직접 literal write 발견 없음; 간접 호출은 미확인","golden/crm.html:1981","미확정: 원본 handler/template 추적 필요","TEST_MISSING","중복정의·동적 template·상위함수 호출을 실제 렌더 결과와 연결","해당 원본 컨트롤의 노출 조건·클릭/필터/취소 결과를 Golden fixture로 검증","<button class=""modalclose"" onclick=""closeSiteDrawer()"" aria-label=""닫기"">"
"C00044","UNRESOLVED_CONTROL","(top-level/template): 
  ","페이지 데이터/상태 경로: 정확한 runtime reachability 미확인","직접 literal write 발견 없음; 간접 호출은 미확인","golden/crm.html:1985","미확정: 원본 handler/template 추적 필요","TEST_MISSING","중복정의·동적 template·상위함수 호출을 실제 렌더 결과와 연결","해당 원본 컨트롤의 노출 조건·클릭/필터/취소 결과를 Golden fixture로 검증","<div class=""modalshade"" id=""inquiryControlModal"" aria-hidden=""true"" onclick=""if(event.target===this)closeInquiryControlModal()"">"
"C00045","UNRESOLVED_CONTROL","(top-level/template): ✕","페이지 데이터/상태 경로: 정확한 runtime reachability 미확인","직접 literal write 발견 없음; 간접 호출은 미확인","golden/crm.html:1987","미확정: 원본 handler/template 추적 필요","TEST_MISSING","중복정의·동적 template·상위함수 호출을 실제 렌더 결과와 연결","해당 원본 컨트롤의 노출 조건·클릭/필터/취소 결과를 Golden fixture로 검증","<button class=""modalclose"" onclick=""closeInquiryControlModal()"" aria-label=""닫기"">"
"C00046","UNRESOLVED_CONTROL","authBadge: 로그아웃","페이지 데이터/상태 경로: 정확한 runtime reachability 미확인","직접 literal write 발견 없음; 간접 호출은 미확인","golden/crm.html:2096","미확정: 원본 handler/template 추적 필요","TEST_MISSING","중복정의·동적 template·상위함수 호출을 실제 렌더 결과와 연결","해당 원본 컨트롤의 노출 조건·클릭/필터/취소 결과를 Golden fixture로 검증","<span class=""out"" onclick=""authSignOut()"">"
"C00047","F05","runDiag: ↻ 다시 불러오기","n8n crm-api → B / DEALS / ADMIN; cache fallback","직접 literal write 발견 없음; 간접 호출은 미확인","golden/crm.html:2697","Phase1.read(resource,args): complete/partial/unavailable envelope; target work_items reader","CONTRACT_MISSING","Phase1 공통 contract 준비. 전체 B bundle을 만들지 않음. 업무별 reader/전체필드/자동동기화/진단은 후속 Phase 대상이며 아직 unavailable.","동일 UUID PC→모바일 재조회·오류/빈 응답·변경 중 재조회·Legacy 호출0","<button onclick=""loadData()"">"
"C00048","F05","runDiag: 📋 결과 복사","n8n crm-api → B / DEALS / ADMIN; cache fallback","직접 literal write 발견 없음; 간접 호출은 미확인","golden/crm.html:2697","Phase1.read(resource,args): complete/partial/unavailable envelope; target work_items reader","CONTRACT_MISSING","Phase1 공통 contract 준비. 전체 B bundle을 만들지 않음. 업무별 reader/전체필드/자동동기화/진단은 후속 Phase 대상이며 아직 unavailable.","동일 UUID PC→모바일 재조회·오류/빈 응답·변경 중 재조회·Legacy 호출0","<button onclick=""copyDiag()"">"
"C00049","F05","runDiag: 닫기","n8n crm-api → B / DEALS / ADMIN; cache fallback","직접 literal write 발견 없음; 간접 호출은 미확인","golden/crm.html:2697","Phase1.read(resource,args): complete/partial/unavailable envelope; target work_items reader","CONTRACT_MISSING","Phase1 공통 contract 준비. 전체 B bundle을 만들지 않음. 업무별 reader/전체필드/자동동기화/진단은 후속 Phase 대상이며 아직 unavailable.","동일 UUID PC→모바일 재조회·오류/빈 응답·변경 중 재조회·Legacy 호출0","<button onclick=""document.getElementById(\'err\').style.display=\'none\'"">"
"C00050","F05","loadData: 🔍 연결 점검","n8n crm-api → B / DEALS / ADMIN; cache fallback","직접 literal write 발견 없음; 간접 호출은 미확인","golden/crm.html:2776","Phase1.read(resource,args): complete/partial/unavailable envelope; target work_items reader","CONTRACT_MISSING","Phase1 공통 contract 준비. 전체 B bundle을 만들지 않음. 업무별 reader/전체필드/자동동기화/진단은 후속 Phase 대상이며 아직 unavailable.","동일 UUID PC→모바일 재조회·오류/빈 응답·변경 중 재조회·Legacy 호출0","<button class=""errbtn"" onclick=""runDiag()"">"
"C00051","F05","loadData: 🔍 연결 점검","n8n crm-api → B / DEALS / ADMIN; cache fallback","직접 literal write 발견 없음; 간접 호출은 미확인","golden/crm.html:2779","Phase1.read(resource,args): complete/partial/unavailable envelope; target work_items reader","CONTRACT_MISSING","Phase1 공통 contract 준비. 전체 B bundle을 만들지 않음. 업무별 reader/전체필드/자동동기화/진단은 후속 Phase 대상이며 아직 unavailable.","동일 UUID PC→모바일 재조회·오류/빈 응답·변경 중 재조회·Legacy 호출0","<button class=""errbtn"" onclick=""runDiag()"">"
"C00052","UNRESOLVED_CONTROL","cnt: '+y+'","페이지 데이터/상태 경로: 정확한 runtime reachability 미확인","직접 literal write 발견 없음; 간접 호출은 미확인","golden/crm.html:2822","미확정: 원본 handler/template 추적 필요","TEST_MISSING","중복정의·동적 template·상위함수 호출을 실제 렌더 결과와 연결","해당 원본 컨트롤의 노출 조건·클릭/필터/취소 결과를 Golden fixture로 검증","<span class=""yr clk '+(G.year===y?'on':'')+'"" onclick=""G.year=\''+y+'\';G.quarter=0;paint()"">"
"C00053","UNRESOLVED_CONTROL","cnt: '+q+'분기","페이지 데이터/상태 경로: 정확한 runtime reachability 미확인","직접 literal write 발견 없음; 간접 호출은 미확인","golden/crm.html:2824","미확정: 원본 handler/template 추적 필요","TEST_MISSING","중복정의·동적 template·상위함수 호출을 실제 렌더 결과와 연결","해당 원본 컨트롤의 노출 조건·클릭/필터/취소 결과를 Golden fixture로 검증","<span class=""qbt clk '+(G.quarter===q?'on':'')+'"" onclick=""G.quarter=(G.quarter==='+q+'?0:'+q+');if(G.year===\'전체\')G.year=CUR_Y;paint()"">"
"C00054","UNRESOLVED_CONTROL","cnt: 연간","페이지 데이터/상태 경로: 정확한 runtime reachability 미확인","직접 literal write 발견 없음; 간접 호출은 미확인","golden/crm.html:2825","미확정: 원본 handler/template 추적 필요","TEST_MISSING","중복정의·동적 template·상위함수 호출을 실제 렌더 결과와 연결","해당 원본 컨트롤의 노출 조건·클릭/필터/취소 결과를 Golden fixture로 검증","<span class=""qbt clk '+(!G.quarter&&G.year!=='전체'?'on':'')+'"" onclick=""G.quarter=0;paint()"">"
"C00055","UNRESOLVED_CONTROL","cnt: '+workFilterOptions(G.workFilter)+'","페이지 데이터/상태 경로: 정확한 runtime reachability 미확인","직접 literal write 발견 없음; 간접 호출은 미확인","golden/crm.html:2826","미확정: 원본 handler/template 추적 필요","TEST_MISSING","중복정의·동적 template·상위함수 호출을 실제 렌더 결과와 연결","해당 원본 컨트롤의 노출 조건·클릭/필터/취소 결과를 Golden fixture로 검증","<select id=""global-work-filter"" onchange=""G.workFilter=this.value;G.splitKey=null;paint()"">"
"C00056","UNRESOLVED_CONTROL","ws: '
   +'","페이지 데이터/상태 경로: 정확한 runtime reachability 미확인","직접 literal write 발견 없음; 간접 호출은 미확인","golden/crm.html:2935","미확정: 원본 handler/template 추적 필요","TEST_MISSING","중복정의·동적 template·상위함수 호출을 실제 렌더 결과와 연결","해당 원본 컨트롤의 노출 조건·클릭/필터/취소 결과를 Golden fixture로 검증","<div class=""mcard2 '+(c.bad?'risk ':'')+(G.towerDrill===c.k?'on':'')+'"" title=""'+escAttr(c.tip)+'"" data-k=""'+c.k+'"" onclick=""towerDrill(this.dataset.k)"">"
"C00057","UNRESOLVED_CONTROL","paintTowerDrill: 닫기","페이지 데이터/상태 경로: 정확한 runtime reachability 미확인","직접 literal write 발견 없음; 간접 호출은 미확인","golden/crm.html:2976","미확정: 원본 handler/template 추적 필요","TEST_MISSING","중복정의·동적 template·상위함수 호출을 실제 렌더 결과와 연결","해당 원본 컨트롤의 노출 조건·클릭/필터/취소 결과를 Golden fixture로 검증","<button class=""dact"" onclick=""towerDrill(null)"">"
"C00058","UNRESOLVED_CONTROL","paintTowerDrill: '+r.n+'","페이지 데이터/상태 경로: 정확한 runtime reachability 미확인","직접 literal write 발견 없음; 간접 호출은 미확인","golden/crm.html:2978","미확정: 원본 handler/template 추적 필요","TEST_MISSING","중복정의·동적 template·상위함수 호출을 실제 렌더 결과와 연결","해당 원본 컨트롤의 노출 조건·클릭/필터/취소 결과를 Golden fixture로 검증","<td class=""clk""'+(r.ci!=null?' onclick=""towerGoStage('+r.ci+')""':'')+'>"
"C00059","UNRESOLVED_CONTROL","paintTowerDrill: button","페이지 데이터/상태 경로: 정확한 runtime reachability 미확인","직접 literal write 발견 없음; 간접 호출은 미확인","golden/crm.html:2982","미확정: 원본 handler/template 추적 필요","TEST_MISSING","중복정의·동적 template·상위함수 호출을 실제 렌더 결과와 연결","해당 원본 컨트롤의 노출 조건·클릭/필터/취소 결과를 Golden fixture로 검증","<button class=""hchip bad"" data-k=""'+r.k+'"" onclick=""towerGoAct(this.dataset.k)"">"
"C00060","UNRESOLVED_CONTROL","pipeBox: '
  +'","페이지 데이터/상태 경로: 정확한 runtime reachability 미확인","직접 literal write 발견 없음; 간접 호출은 미확인","golden/crm.html:3009","미확정: 원본 handler/template 추적 필요","TEST_MISSING","중복정의·동적 template·상위함수 호출을 실제 렌더 결과와 연결","해당 원본 컨트롤의 노출 조건·클릭/필터/취소 결과를 Golden fixture로 검증","<div class=""pbox'+(o.cls?' '+o.cls:'')+(o.on?' on':'')+'""'
  +(o.go?' onclick=""'+o.go+'""':'')+(o.tip?' title=""'+escAttr(o.tip)+'""':'')+'>"
"C00061","F09","paintSalesPipe: ","B.inquiries/deals + origin/전환 link/단계","직접 literal write 발견 없음; 간접 호출은 미확인","golden/crm.html:3040","Funnel scoped aggregate 없음","CONTRACT_MISSING","회사 전체 vs 허용 범위, 문의/Deal 중복계수·유입 원천 보존 필요","유입/배정/응대/전환/수주 건수와 원본 드릴다운 일치","<=made.length?pctOf(A.length,made.length)+'%':'직접·과거 포함',go:""towerGoRep(G.rep,null,null,'all')""},
  {nm:'경쟁·입찰',n:comp.length,amt:cAmt,conv:'기회 중 '+pctOf(comp.length,A.length)+'%',go:'towerGoRep(G.rep,2,null)'},
  {nm:'수주',n:wonP.length,amt:wonAmtPeriod,conv:'확정일 기준',go:'towerGoWon(G.rep)'}
 ];
 var fmax=Math.max.apply(null,funnel.map(function(x){return x.n}).concat([1]));
 var fhtml=funnel.map(function(x,i){return '<button class=""flow-step"" onclick=""'+x.go+'"">"
"C00062","F09","paintSalesPipe: button","B.inquiries/deals + origin/전환 link/단계","직접 literal write 발견 없음; 간접 호출은 미확인","golden/crm.html:3054","Funnel scoped aggregate 없음","CONTRACT_MISSING","회사 전체 vs 허용 범위, 문의/Deal 중복계수·유입 원천 보존 필요","유입/배정/응대/전환/수주 건수와 원본 드릴다운 일치","<button class=""money-stage-row"" data-codes=""'+x.codes.join('|')+'"" data-label=""'+escAttr(x.nm)+'"" onclick=""dashboardGoStages(this.dataset.codes,this.dataset.label,true)"">"
"C00063","UNRESOLVED_CONTROL","paintTowerDiag: 닫기","페이지 데이터/상태 경로: 정확한 runtime reachability 미확인","직접 literal write 발견 없음; 간접 호출은 미확인","golden/crm.html:3078","미확정: 원본 handler/template 추적 필요","TEST_MISSING","중복정의·동적 template·상위함수 호출을 실제 렌더 결과와 연결","해당 원본 컨트롤의 노출 조건·클릭/필터/취소 결과를 Golden fixture로 검증","<button class=""dact"" onclick=""towerDiag(null)"">"
"C00064","UNRESOLVED_CONTROL","paintTowerDiag: button","페이지 데이터/상태 경로: 정확한 runtime reachability 미확인","직접 literal write 발견 없음; 간접 호출은 미확인","golden/crm.html:3084","미확정: 원본 handler/template 추적 필요","TEST_MISSING","중복정의·동적 template·상위함수 호출을 실제 렌더 결과와 연결","해당 원본 컨트롤의 노출 조건·클릭/필터/취소 결과를 Golden fixture로 검증","<button class=""drow"" data-k=""'+x.k+'"" data-c=""'+G.pipeDiag+'"" onclick=""towerGoNeck(Number(this.dataset.c),this.dataset.k)"">"
"C00065","UNRESOLVED_CONTROL","paintTowerDiag: button","페이지 데이터/상태 경로: 정확한 runtime reachability 미확인","직접 literal write 발견 없음; 간접 호출은 미확인","golden/crm.html:3086","미확정: 원본 handler/template 추적 필요","TEST_MISSING","중복정의·동적 template·상위함수 호출을 실제 렌더 결과와 연결","해당 원본 컨트롤의 노출 조건·클릭/필터/취소 결과를 Golden fixture로 검증","<button class=""drow"" data-n=""'+escAttr(x.nm)+'"" data-c=""'+G.pipeDiag+'"" onclick=""towerGoRep(this.dataset.n,Number(this.dataset.c),null)"">"
"C00066","UNRESOLVED_CONTROL","paintTowerDiag: 해당 현장 '+L.length+'건 보기 →","페이지 데이터/상태 경로: 정확한 runtime reachability 미확인","직접 literal write 발견 없음; 간접 호출은 미확인","golden/crm.html:3087","미확정: 원본 handler/template 추적 필요","TEST_MISSING","중복정의·동적 template·상위함수 호출을 실제 렌더 결과와 연결","해당 원본 컨트롤의 노출 조건·클릭/필터/취소 결과를 Golden fixture로 검증","<button class=""dact pri"" data-c=""'+G.pipeDiag+'"" onclick=""towerGoStage(Number(this.dataset.c))"">"
"C00067","UNRESOLVED_CONTROL","paintTowerToday: '
     +'","페이지 데이터/상태 경로: 정확한 runtime reachability 미확인","직접 literal write 발견 없음; 간접 호출은 미확인","golden/crm.html:3102","미확정: 원본 handler/template 추적 필요","TEST_MISSING","중복정의·동적 template·상위함수 호출을 실제 렌더 결과와 연결","해당 원본 컨트롤의 노출 조건·클릭/필터/취소 결과를 Golden fixture로 검증","<div class=""neckrow"" data-id=""'+escAttr(dealKey(d))+'"" onclick=""towerOpen(this.dataset.id)"">"
"C00068","UNRESOLVED_CONTROL","path: '+m[1]+'","페이지 데이터/상태 경로: 정확한 runtime reachability 미확인","직접 literal write 발견 없음; 간접 호출은 미확인","golden/crm.html:3214","미확정: 원본 handler/template 추적 필요","TEST_MISSING","중복정의·동적 template·상위함수 호출을 실제 렌더 결과와 연결","해당 원본 컨트롤의 노출 조건·클릭/필터/취소 결과를 Golden fixture로 검증","<button class=""'+(kind===m[0]?'on':'')+'"" data-k=""'+m[0]+'"" onclick=""G.yoyKind=this.dataset.k;paint()"">"
"C00069","UNRESOLVED_CONTROL","path: '+(goal?'목표 수정':'목표 설정')+'","페이지 데이터/상태 경로: 정확한 runtime reachability 미확인","직접 literal write 발견 없음; 간접 호출은 미확인","golden/crm.html:3219","미확정: 원본 handler/template 추적 필요","TEST_MISSING","중복정의·동적 template·상위함수 호출을 실제 렌더 결과와 연결","해당 원본 컨트롤의 노출 조건·클릭/필터/취소 결과를 Golden fixture로 검증","<button onclick=""setYearGoal()"">"
"C00070","UNRESOLVED_CONTROL","nearbyHTML: '
     +'","페이지 데이터/상태 경로: 정확한 runtime reachability 미확인","직접 literal write 발견 없음; 간접 호출은 미확인","golden/crm.html:3265","미확정: 원본 handler/template 추적 필요","TEST_MISSING","중복정의·동적 template·상위함수 호출을 실제 렌더 결과와 연결","해당 원본 컨트롤의 노출 조건·클릭/필터/취소 결과를 Golden fixture로 검증","<div class=""nbrow"" data-k=""'+escAttr(dealKey(x.d))+'"" onclick=""nearbyOpen(this.dataset.k)"">"
"C00071","UNRESOLVED_CONTROL","paintTowerMine: '
     +'","페이지 데이터/상태 경로: 정확한 runtime reachability 미확인","직접 literal write 발견 없음; 간접 호출은 미확인","golden/crm.html:3321","미확정: 원본 handler/template 추적 필요","TEST_MISSING","중복정의·동적 template·상위함수 호출을 실제 렌더 결과와 연결","해당 원본 컨트롤의 노출 조건·클릭/필터/취소 결과를 Golden fixture로 검증","<button class=""'+(t.cls||'')+(tab===t.k?' on':'')+'"" data-k=""'+t.k+'"" onclick=""setTodoTab(this.dataset.k)"">"
"C00072","UNRESOLVED_CONTROL","paintTowerMine: '
      +esc(r.q.site||'현장명 없음')+'","페이지 데이터/상태 경로: 정확한 runtime reachability 미확인","직접 literal write 발견 없음; 간접 호출은 미확인","golden/crm.html:3326","미확정: 원본 handler/template 추적 필요","TEST_MISSING","중복정의·동적 template·상위함수 호출을 실제 렌더 결과와 연결","해당 원본 컨트롤의 노출 조건·클릭/필터/취소 결과를 Golden fixture로 검증","<div class=""tsite"" data-k=""'+escAttr(inqKey(r.q))+'"" onclick=""todoOpenInq(this.dataset.k)"">"
"C00073","UNRESOLVED_CONTROL","paintTowerMine: 열기","페이지 데이터/상태 경로: 정확한 runtime reachability 미확인","직접 literal write 발견 없음; 간접 호출은 미확인","golden/crm.html:3329","미확정: 원본 handler/template 추적 필요","TEST_MISSING","중복정의·동적 template·상위함수 호출을 실제 렌더 결과와 연결","해당 원본 컨트롤의 노출 조건·클릭/필터/취소 결과를 Golden fixture로 검증","<button class=""pri"" data-k=""'+escAttr(inqKey(r.q))+'"" onclick=""todoOpenInq(this.dataset.k)"">"
"C00074","UNRESOLVED_CONTROL","paintTowerMine: '+esc(r.d.site||'현장명 없음')+'","페이지 데이터/상태 경로: 정확한 runtime reachability 미확인","직접 literal write 발견 없음; 간접 호출은 미확인","golden/crm.html:3337","미확정: 원본 handler/template 추적 필요","TEST_MISSING","중복정의·동적 template·상위함수 호출을 실제 렌더 결과와 연결","해당 원본 컨트롤의 노출 조건·클릭/필터/취소 결과를 Golden fixture로 검증","<div class=""tsite"" data-k=""'+escAttr(k)+'"" onclick=""todoOpen(this.dataset.k)"">"
"C00075","UNRESOLVED_CONTROL","paintTowerMine: 📍 같은 지역 '+r.nb+'곳","페이지 데이터/상태 경로: 정확한 runtime reachability 미확인","직접 literal write 발견 없음; 간접 호출은 미확인","golden/crm.html:3339","미확정: 원본 handler/template 추적 필요","TEST_MISSING","중복정의·동적 template·상위함수 호출을 실제 렌더 결과와 연결","해당 원본 컨트롤의 노출 조건·클릭/필터/취소 결과를 Golden fixture로 검증","<button class=""tnb"" data-k=""'+escAttr(k)+'"" onclick=""event.stopPropagation();todoOpen(this.dataset.k)"">"
"C00076","UNRESOLVED_CONTROL","paintTowerMine: 📞 전화","페이지 데이터/상태 경로: 정확한 runtime reachability 미확인","직접 literal write 발견 없음; 간접 호출은 미확인","golden/crm.html:3342","미확정: 원본 handler/template 추적 필요","TEST_MISSING","중복정의·동적 template·상위함수 호출을 실제 렌더 결과와 연결","해당 원본 컨트롤의 노출 조건·클릭/필터/취소 결과를 Golden fixture로 검증","<button class=""pri"" data-k=""'+escAttr(k)+'"" onclick=""todoCall(this.dataset.k)""'+(ph.tel?'':' disabled title=""연락처가 없습니다 — 견적문의와 연결하면 번호가 생깁니다""')+'>"
"C00077","UNRESOLVED_CONTROL","paintTowerMine: ✓ 완료","페이지 데이터/상태 경로: 정확한 runtime reachability 미확인","직접 literal write 발견 없음; 간접 호출은 미확인","golden/crm.html:3343","미확정: 원본 handler/template 추적 필요","TEST_MISSING","중복정의·동적 template·상위함수 호출을 실제 렌더 결과와 연결","해당 원본 컨트롤의 노출 조건·클릭/필터/취소 결과를 Golden fixture로 검증","<button class=""ok"" data-k=""'+escAttr(k)+'"" onclick=""todoDone(this.dataset.k)"">"
"C00078","UNRESOLVED_CONTROL","paintTowerMine: 연기 +3일","페이지 데이터/상태 경로: 정확한 runtime reachability 미확인","직접 literal write 발견 없음; 간접 호출은 미확인","golden/crm.html:3344","미확정: 원본 handler/template 추적 필요","TEST_MISSING","중복정의·동적 template·상위함수 호출을 실제 렌더 결과와 연결","해당 원본 컨트롤의 노출 조건·클릭/필터/취소 결과를 Golden fixture로 검증","<button data-k=""'+escAttr(k)+'"" onclick=""todoDelay(this.dataset.k)"">"
"C00079","UNRESOLVED_CONTROL","paintTowerMine: 잡으러 가기","페이지 데이터/상태 경로: 정확한 runtime reachability 미확인","직접 literal write 발견 없음; 간접 호출은 미확인","golden/crm.html:3351","미확정: 원본 handler/template 추적 필요","TEST_MISSING","중복정의·동적 template·상위함수 호출을 실제 렌더 결과와 연결","해당 원본 컨트롤의 노출 조건·클릭/필터/취소 결과를 Golden fixture로 검증","<button class=""act"" onclick=""todoGoNone()"">"
"C00080","F09","paintTowerFunnel: '
     +'","B.inquiries/deals + origin/전환 link/단계","직접 literal write 발견 없음; 간접 호출은 미확인","golden/crm.html:3429","Funnel scoped aggregate 없음","CONTRACT_MISSING","회사 전체 vs 허용 범위, 문의/Deal 중복계수·유입 원천 보존 필요","유입/배정/응대/전환/수주 건수와 원본 드릴다운 일치","<div class=""fstep '+(x.won?'won':'')+'"" onclick=""'+(x.won?'towerGoWon()':(x.ci!=null?'towerGoStage('+x.ci+')':'towerGoStage(null)'))+'"">"
"C00081","F07","paintTowerStageBrand: button","B.deals/inquiries; 기간·snapshot·권한 범위별 client 계산","직접 literal write 발견 없음; 간접 호출은 미확인","golden/crm.html:3556","crm_dashboard_scoped_v2 초안 보류","CONTRACT_MISSING","단순 생성일 SUM은 기존 시점/브랜드·기술문의 제외·snapshot 의미와 다름","같은 합성 fixture를 기존 계산식과 v2에 넣어 모든 필터/클릭 숫자 일치","<button class=""velocity-row '+(bad?'alert':'')+'"" data-codes=""'+s.codes.join('|')+'"" data-label=""'+escAttr(s.nm)+'"" onclick=""dashboardGoStages(this.dataset.codes,this.dataset.label,true)"">"
"C00082","F07","paintTowerStageBrand: tr","B.deals/inquiries; 기간·snapshot·권한 범위별 client 계산","직접 literal write 발견 없음; 간접 호출은 미확인","golden/crm.html:3564","crm_dashboard_scoped_v2 초안 보류","CONTRACT_MISSING","단순 생성일 SUM은 기존 시점/브랜드·기술문의 제외·snapshot 의미와 다름","같은 합성 fixture를 기존 계산식과 v2에 넣어 모든 필터/클릭 숫자 일치","<tr class=""'+(G.brand===r.nm?'on':'')+'"" data-b=""'+escAttr(r.nm)+'"" onclick=""G.brand=G.brand===this.dataset.b?\'전체\':this.dataset.b;paint()"">"
"C00083","F07","paintTowerStageBrand: button","B.deals/inquiries; 기간·snapshot·권한 범위별 client 계산","직접 literal write 발견 없음; 간접 호출은 미확인","golden/crm.html:3566","crm_dashboard_scoped_v2 초안 보류","CONTRACT_MISSING","단순 생성일 SUM은 기존 시점/브랜드·기술문의 제외·snapshot 의미와 다름","같은 합성 fixture를 기존 계산식과 v2에 넣어 모든 필터/클릭 숫자 일치","<button '+(tracked.length?'onclick=""dashboardGoRisk(\'advanced\')""':'disabled')+'>"
"C00084","F07","paintTowerStageBrand: button","B.deals/inquiries; 기간·snapshot·권한 범위별 client 계산","직접 literal write 발견 없음; 간접 호출은 미확인","golden/crm.html:3566","crm_dashboard_scoped_v2 초안 보류","CONTRACT_MISSING","단순 생성일 SUM은 기존 시점/브랜드·기술문의 제외·snapshot 의미와 다름","같은 합성 fixture를 기존 계산식과 v2에 넣어 모든 필터/클릭 숫자 일치","<button onclick=""dashboardGoSnapshot(\'active\')"">"
"C00085","F07","paintTowerStageBrand: button","B.deals/inquiries; 기간·snapshot·권한 범위별 client 계산","직접 literal write 발견 없음; 간접 호출은 미확인","golden/crm.html:3566","crm_dashboard_scoped_v2 초안 보류","CONTRACT_MISSING","단순 생성일 SUM은 기존 시점/브랜드·기술문의 제외·snapshot 의미와 다름","같은 합성 fixture를 기존 계산식과 v2에 넣어 모든 필터/클릭 숫자 일치","<button class=""risk"" onclick=""dashboardGoRisk(\'stageSla\')"">"
"C00086","UNRESOLVED_CONTROL","paintTowerCharts: '+esc(r.nm)+'","페이지 데이터/상태 경로: 정확한 runtime reachability 미확인","직접 literal write 발견 없음; 간접 호출은 미확인","golden/crm.html:3577","미확정: 원본 handler/template 추적 필요","TEST_MISSING","중복정의·동적 template·상위함수 호출을 실제 렌더 결과와 연결","해당 원본 컨트롤의 노출 조건·클릭/필터/취소 결과를 Golden fixture로 검증","<button class=""chart-rep"" data-n=""'+escAttr(r.nm)+'"" onclick=""towerGoRepMetric(this.dataset.n,\'active\')"">"
"C00087","UNRESOLVED_CONTROL","paintTowerCharts: button","페이지 데이터/상태 경로: 정확한 runtime reachability 미확인","직접 literal write 발견 없음; 간접 호출은 미확인","golden/crm.html:3578","미확정: 원본 handler/template 추적 필요","TEST_MISSING","중복정의·동적 template·상위함수 호출을 실제 렌더 결과와 연결","해당 원본 컨트롤의 노출 조건·클릭/필터/취소 결과를 Golden fixture로 검증","<button class=""chart-track pipe'+(r.p?'':' zero')+'"" data-n=""'+escAttr(r.nm)+'"" onclick=""towerGoRepMetric(this.dataset.n,\'active\')"" aria-label=""'+escAttr(r.nm+' 진행 Pipeline '+eok(r.p))+'"">"
"C00088","UNRESOLVED_CONTROL","paintTowerCharts: button","페이지 데이터/상태 경로: 정확한 runtime reachability 미확인","직접 literal write 발견 없음; 간접 호출은 미확인","golden/crm.html:3579","미확정: 원본 handler/template 추적 필요","TEST_MISSING","중복정의·동적 template·상위함수 호출을 실제 렌더 결과와 연결","해당 원본 컨트롤의 노출 조건·클릭/필터/취소 결과를 Golden fixture로 검증","<button class=""chart-track compete'+(r.c?'':' zero')+'"" data-n=""'+escAttr(r.nm)+'"" onclick=""dashboardGoRepStages(this.dataset.n,\'compete|imminent|bidding\',\'경쟁·입찰\')"" aria-label=""'+escAttr(r.nm+' 경쟁 입찰 '+eok(r.c))+'"">"
"C00089","UNRESOLVED_CONTROL","paintTowerCharts: button","페이지 데이터/상태 경로: 정확한 runtime reachability 미확인","직접 literal write 발견 없음; 간접 호출은 미확인","golden/crm.html:3580","미확정: 원본 handler/template 추적 필요","TEST_MISSING","중복정의·동적 template·상위함수 호출을 실제 렌더 결과와 연결","해당 원본 컨트롤의 노출 조건·클릭/필터/취소 결과를 Golden fixture로 검증","<button class=""chart-track won'+(r.w?'':' zero')+'"" data-n=""'+escAttr(r.nm)+'"" onclick=""towerGoWon(this.dataset.n)"" aria-label=""'+escAttr(r.nm+' 수주 '+eok(r.w))+'"">"
"C00090","F11","paintTowerReps: '+esc(x[1])+'","담당자 Master + inquiries + stage events","직접 literal write 발견 없음; 간접 호출은 미확인","golden/crm.html:3592","담당자 flow aggregate 없음","CONTRACT_MISSING","실제 Stage 이력 없으면 수집중, 경남 내부평가 제외 유지","본사6명·기간 경계·경쟁 진입·부족이력 미확정 표시","<button class=""'+(scope===x[0]?'on':'')+'"" data-s=""'+x[0]+'"" onclick=""setRepScope(this.dataset.s)"">"
"C00091","F11","paintTowerReps: '+r.iq+'","담당자 Master + inquiries + stage events","직접 literal write 발견 없음; 간접 호출은 미확인","golden/crm.html:3600","담당자 flow aggregate 없음","CONTRACT_MISSING","실제 Stage 이력 없으면 수집중, 경남 내부평가 제외 유지","본사6명·기간 경계·경쟁 진입·부족이력 미확정 표시","<td class=""clk"" data-n=""'+escAttr(r.nm)+'"" onclick=""towerGoInq(this.dataset.n)"">"
"C00092","F11","paintTowerReps: '+(r.iq?r.made:'—')+(r.iwon?'","담당자 Master + inquiries + stage events","직접 literal write 발견 없음; 간접 호출은 미확인","golden/crm.html:3601","담당자 flow aggregate 없음","CONTRACT_MISSING","실제 Stage 이력 없으면 수집중, 경남 내부평가 제외 유지","본사6명·기간 경계·경쟁 진입·부족이력 미확정 표시","<td class=""clk"" title=""이 수치의 견적문의 근거 목록 열기"" data-n=""'+escAttr(r.nm)+'"" onclick=""towerGoRepMetric(this.dataset.n,\'inqMade\')"">"
"C00093","F11","paintTowerReps: '+(r.iq?r.mrate+'%':'—')+'","담당자 Master + inquiries + stage events","직접 literal write 발견 없음; 간접 호출은 미확인","golden/crm.html:3602","담당자 flow aggregate 없음","CONTRACT_MISSING","실제 Stage 이력 없으면 수집중, 경남 내부평가 제외 유지","본사6명·기간 경계·경쟁 진입·부족이력 미확정 표시","<td class=""clk conv '+mcls+'"" title=""메이드율의 전체 견적문의 근거 열기"" data-n=""'+escAttr(r.nm)+'"" onclick=""towerGoRepMetric(this.dataset.n,\'inqAll\')"">"
"C00094","F11","paintTowerReps: '+r.asg
       +'","담당자 Master + inquiries + stage events","직접 literal write 발견 없음; 간접 호출은 미확인","golden/crm.html:3603","담당자 flow aggregate 없음","CONTRACT_MISSING","실제 Stage 이력 없으면 수집중, 경남 내부평가 제외 유지","본사6명·기간 경계·경쟁 진입·부족이력 미확정 표시","<td class=""clk"" data-n=""'+escAttr(r.nm)+'"" onclick=""towerGoRepMetric(this.dataset.n,\'assigned\')"">"
"C00095","F11","paintTowerReps: '+r.self+(r.self?'","담당자 Master + inquiries + stage events","직접 literal write 발견 없음; 간접 호출은 미확인","golden/crm.html:3605","담당자 flow aggregate 없음","CONTRACT_MISSING","실제 Stage 이력 없으면 수집중, 경남 내부평가 제외 유지","본사6명·기간 경계·경쟁 진입·부족이력 미확정 표시","<td class=""clk"" title=""직접영업 근거 현장 열기"" data-n=""'+escAttr(r.nm)+'"" onclick=""towerGoRepMetric(this.dataset.n,\'self\')"">"
"C00096","F11","paintTowerReps: '+eok(r.q)+'","담당자 Master + inquiries + stage events","직접 literal write 발견 없음; 간접 호출은 미확인","golden/crm.html:3606","담당자 flow aggregate 없음","CONTRACT_MISSING","실제 Stage 이력 없으면 수집중, 경남 내부평가 제외 유지","본사6명·기간 경계·경쟁 진입·부족이력 미확정 표시","<td class=""clk"" title=""영업기회 금액의 현장 목록 열기"" data-n=""'+escAttr(r.nm)+'"" onclick=""towerGoRepMetric(this.dataset.n,\'all\')"">"
"C00097","F11","paintTowerReps: '+eok(r.p)+'","담당자 Master + inquiries + stage events","직접 literal write 발견 없음; 간접 호출은 미확인","golden/crm.html:3607","담당자 flow aggregate 없음","CONTRACT_MISSING","실제 Stage 이력 없으면 수집중, 경남 내부평가 제외 유지","본사6명·기간 경계·경쟁 진입·부족이력 미확정 표시","<td class=""clk"" data-n=""'+escAttr(r.nm)+'"" onclick=""towerGoRepMetric(this.dataset.n,\'active\')"">"
"C00098","F11","paintTowerReps: '+eok(r.c)+'","담당자 Master + inquiries + stage events","직접 literal write 발견 없음; 간접 호출은 미확인","golden/crm.html:3608","담당자 flow aggregate 없음","CONTRACT_MISSING","실제 Stage 이력 없으면 수집중, 경남 내부평가 제외 유지","본사6명·기간 경계·경쟁 진입·부족이력 미확정 표시","<td class=""clk"" data-n=""'+escAttr(r.nm)+'"" onclick=""dashboardGoRepStages(this.dataset.n,\'compete|imminent|bidding\',\'경쟁·입찰\')"">"
"C00099","F11","paintTowerReps: '+eok(r.w)+'","담당자 Master + inquiries + stage events","직접 literal write 발견 없음; 간접 호출은 미확인","golden/crm.html:3609","담당자 flow aggregate 없음","CONTRACT_MISSING","실제 Stage 이력 없으면 수집중, 경남 내부평가 제외 유지","본사6명·기간 경계·경쟁 진입·부족이력 미확정 표시","<td class=""clk"" data-n=""'+escAttr(r.nm)+'"" onclick=""towerGoWon(this.dataset.n)"">"
"C00100","F11","paintTowerReps: '+r.conv+'%","담당자 Master + inquiries + stage events","직접 literal write 발견 없음; 간접 호출은 미확인","golden/crm.html:3610","담당자 flow aggregate 없음","CONTRACT_MISSING","실제 Stage 이력 없으면 수집중, 경남 내부평가 제외 유지","본사6명·기간 경계·경쟁 진입·부족이력 미확정 표시","<td class=""clk conv '+cls+'"" title=""금액수주율의 전체 영업기회 근거 열기"" data-n=""'+escAttr(r.nm)+'"" onclick=""towerGoRepMetric(this.dataset.n,\'all\')"">"
"C00101","F11","paintTowerReps: '+(r.ql.resp==null?'—':r.ql.resp+'%')+'","담당자 Master + inquiries + stage events","직접 literal write 발견 없음; 간접 호출은 미확인","golden/crm.html:3612","담당자 flow aggregate 없음","CONTRACT_MISSING","실제 Stage 이력 없으면 수집중, 경남 내부평가 제외 유지","본사6명·기간 경계·경쟁 진입·부족이력 미확정 표시","<td class=""clk q'+(r.ql.resp!=null&&r.ql.resp<80?' lo':'')+'"" title=""응대율의 배정 견적문의 근거 열기"" data-n=""'+escAttr(r.nm)+'"" onclick=""towerGoRepMetric(this.dataset.n,\'inqAssigned\')"">"
"C00102","F11","paintTowerReps: '+(r.ql.next==null?'—':r.ql.next+'%')+'","담당자 Master + inquiries + stage events","직접 literal write 발견 없음; 간접 호출은 미확인","golden/crm.html:3613","담당자 flow aggregate 없음","CONTRACT_MISSING","실제 Stage 이력 없으면 수집중, 경남 내부평가 제외 유지","본사6명·기간 경계·경쟁 진입·부족이력 미확정 표시","<td class=""clk q'+(r.ql.next!=null&&r.ql.next<80?' lo':'')+'"" title=""Next 설정률의 진행 Pipeline 근거 열기"" data-n=""'+escAttr(r.nm)+'"" onclick=""towerGoRepMetric(this.dataset.n,\'active\')"">"
"C00103","F11","paintTowerReps: '+(r.ql.keep==null?'—':r.ql.keep+'%')+'","담당자 Master + inquiries + stage events","직접 literal write 발견 없음; 간접 호출은 미확인","golden/crm.html:3614","담당자 flow aggregate 없음","CONTRACT_MISSING","실제 Stage 이력 없으면 수집중, 경남 내부평가 제외 유지","본사6명·기간 경계·경쟁 진입·부족이력 미확정 표시","<td class=""clk q'+(r.ql.keep!=null&&r.ql.keep<80?' lo':'')+'"" title=""기한준수율의 기한 설정 현장 근거 열기"" data-n=""'+escAttr(r.nm)+'"" onclick=""towerGoRepMetric(this.dataset.n,\'due\')"">"
"C00104","F11","paintTowerReps: td","담당자 Master + inquiries + stage events","직접 literal write 발견 없음; 간접 호출은 미확인","golden/crm.html:3615","담당자 flow aggregate 없음","CONTRACT_MISSING","실제 Stage 이력 없으면 수집중, 경남 내부평가 제외 유지","본사6명·기간 경계·경쟁 진입·부족이력 미확정 표시","<td class=""clk"" data-n=""'+escAttr(r.nm)+'"" onclick=""towerGoRepMetric(this.dataset.n,\'risk\')"">"
"C00105","F11","paintTowerReps: td","담당자 Master + inquiries + stage events","직접 literal write 발견 없음; 간접 호출은 미확인","golden/crm.html:3617","담당자 flow aggregate 없음","CONTRACT_MISSING","실제 Stage 이력 없으면 수집중, 경남 내부평가 제외 유지","본사6명·기간 경계·경쟁 진입·부족이력 미확정 표시","<td class=""clk"" title=""진단의 진행 Pipeline 근거 열기"" data-n=""'+escAttr(r.nm)+'"" onclick=""towerGoRepMetric(this.dataset.n,\'active\')"">"
"C00106","F11","paintTowerReps: 연결 확인 열기","담당자 Master + inquiries + stage events","직접 literal write 발견 없음; 간접 호출은 미확인","golden/crm.html:3623","담당자 flow aggregate 없음","CONTRACT_MISSING","실제 Stage 이력 없으면 수집중, 경남 내부평가 제외 유지","본사6명·기간 경계·경쟁 진입·부족이력 미확정 표시","<button class=""act"" onclick=""G.inqView=String.fromCharCode(108,105,110,107);goPage(String.fromCharCode(105,110,113))"">"
"C00107","UNRESOLVED_CONTROL","paintRepFlow: '+esc(r.nm)+'","페이지 데이터/상태 경로: 정확한 runtime reachability 미확인","직접 literal write 발견 없음; 간접 호출은 미확인","golden/crm.html:3657","미확정: 원본 handler/template 추적 필요","TEST_MISSING","중복정의·동적 template·상위함수 호출을 실제 렌더 결과와 연결","해당 원본 컨트롤의 노출 조건·클릭/필터/취소 결과를 Golden fixture로 검증","<button class=""rep-flow-name"" data-i=""'+i+'"" onclick=""openRepFlowDrawer(Number(this.dataset.i))"">"
"C00108","UNRESOLVED_CONTROL","paintRepFlow: '+(r.risk?'● '+r.risk+'건':'✓ 0건')+'","페이지 데이터/상태 경로: 정확한 runtime reachability 미확인","직접 literal write 발견 없음; 간접 호출은 미확인","golden/crm.html:3657","미확정: 원본 handler/template 추적 필요","TEST_MISSING","중복정의·동적 template·상위함수 호출을 실제 렌더 결과와 연결","해당 원본 컨트롤의 노출 조건·클릭/필터/취소 결과를 Golden fixture로 검증","<button class=""rep-flow-risk '+riskCls+'"" data-i=""'+i+'"" onclick=""repFlowGoRisk(Number(this.dataset.i))"">"
"C00109","F11","openRepFlowDrawer: button","담당자 Master + inquiries + stage events","직접 literal write 발견 없음; 간접 호출은 미확인","golden/crm.html:3663","담당자 flow aggregate 없음","CONTRACT_MISSING","실제 Stage 이력 없으면 수집중, 경남 내부평가 제외 유지","본사6명·기간 경계·경쟁 진입·부족이력 미확정 표시","<button class=""rep-flow-bar"" data-i=""'+i+'"" data-codes=""'+escAttr(x.codes.join('|'))+'"" data-label=""'+escAttr(x.label)+'"" onclick=""repFlowGoStage(Number(this.dataset.i),this.dataset.codes,this.dataset.label)"">"
"C00110","F11","openRepFlowDrawer: button","담당자 Master + inquiries + stage events","직접 literal write 발견 없음; 간접 호출은 미확인","golden/crm.html:3663","담당자 flow aggregate 없음","CONTRACT_MISSING","실제 Stage 이력 없으면 수집중, 경남 내부평가 제외 유지","본사6명·기간 경계·경쟁 진입·부족이력 미확정 표시","<button class=""perf-focus-row perf-risk-row"" data-j=""'+j+'"" onclick=""openRepFlowRiskDeal(Number(this.dataset.j))"">"
"C00111","F11","openRepFlowDrawer: 문제 현장 전체보기","담당자 Master + inquiries + stage events","직접 literal write 발견 없음; 간접 호출은 미확인","golden/crm.html:3664","담당자 flow aggregate 없음","CONTRACT_MISSING","실제 Stage 이력 없으면 수집중, 경남 내부평가 제외 유지","본사6명·기간 경계·경쟁 진입·부족이력 미확정 표시","<button data-i=""'+i+'"" onclick=""repFlowGoRisk(Number(this.dataset.i))"">"
"C00112","UNRESOLVED_CONTROL","paintTowerNeck: '
     +'","페이지 데이터/상태 경로: 정확한 runtime reachability 미확인","직접 literal write 발견 없음; 간접 호출은 미확인","golden/crm.html:3682","미확정: 원본 handler/template 추적 필요","TEST_MISSING","중복정의·동적 template·상위함수 호출을 실제 렌더 결과와 연결","해당 원본 컨트롤의 노출 조건·클릭/필터/취소 결과를 Golden fixture로 검증","<div class=""neckrow"" data-ci=""'+r.ci+'"" data-k=""'+(r.wk||'')+'"" onclick=""towerGoNeck(Number(this.dataset.ci),this.dataset.k)"">"
"C00113","UNRESOLVED_CONTROL","paintTowerAction: '
     +'","페이지 데이터/상태 경로: 정확한 runtime reachability 미확인","직접 literal write 발견 없음; 간접 호출은 미확인","golden/crm.html:3708","미확정: 원본 handler/template 추적 필요","TEST_MISSING","중복정의·동적 template·상위함수 호출을 실제 렌더 결과와 연결","해당 원본 컨트롤의 노출 조건·클릭/필터/취소 결과를 Golden fixture로 검증","<div class=""neckrow"" data-ci=""'+r.ci+'"" data-k=""'+(r.wk||'')+'"" onclick=""towerGoNeck(Number(this.dataset.ci),this.dataset.k)"">"
"C00114","UNRESOLVED_CONTROL","paintTowerAction: '
     +'","페이지 데이터/상태 경로: 정확한 runtime reachability 미확인","직접 literal write 발견 없음; 간접 호출은 미확인","golden/crm.html:3717","미확정: 원본 handler/template 추적 필요","TEST_MISSING","중복정의·동적 template·상위함수 호출을 실제 렌더 결과와 연결","해당 원본 컨트롤의 노출 조건·클릭/필터/취소 결과를 Golden fixture로 검증","<div class=""neckrow"" data-id=""'+escAttr(dealKey(d))+'"" onclick=""towerOpen(this.dataset.id)"">"
"C00115","UNRESOLVED_CONTROL","paintTowerHealth: button","페이지 데이터/상태 경로: 정확한 runtime reachability 미확인","직접 literal write 발견 없음; 간접 호출은 미확인","golden/crm.html:3746","미확정: 원본 handler/template 추적 필요","TEST_MISSING","중복정의·동적 template·상위함수 호출을 실제 렌더 결과와 연결","해당 원본 컨트롤의 노출 조건·클릭/필터/취소 결과를 Golden fixture로 검증","<button class=""health-signal '+x.cls+'"" '+(disabled?'disabled':'onclick=""'+x.go+'""')+'>"
"C00116","UNRESOLVED_CONTROL","applyHomeRole: '+esc(x[1])+'","페이지 데이터/상태 경로: 정확한 runtime reachability 미확인","직접 literal write 발견 없음; 간접 호출은 미확인","golden/crm.html:3783","미확정: 원본 handler/template 추적 필요","TEST_MISSING","중복정의·동적 template·상위함수 호출을 실제 렌더 결과와 연결","해당 원본 컨트롤의 노출 조건·클릭/필터/취소 결과를 Golden fixture로 검증","<button class=""'+(r===x[0]?'on':'')+'"" data-r=""'+x[0]+'"" onclick=""setHomeRole(this.dataset.r)"">"
"C00117","UNRESOLVED_CONTROL","paintHeadline: 지금 보기 →","페이지 데이터/상태 경로: 정확한 runtime reachability 미확인","직접 literal write 발견 없음; 간접 호출은 미확인","golden/crm.html:3796","미확정: 원본 handler/template 추적 필요","TEST_MISSING","중복정의·동적 template·상위함수 호출을 실제 렌더 결과와 연결","해당 원본 컨트롤의 노출 조건·클릭/필터/취소 결과를 Golden fixture로 검증","<button class=""hlgo"" onclick=""dashboardGoSnapshot(\'risk\')"">"
"C00118","UNRESOLVED_CONTROL","paintRotList: '
    +'","페이지 데이터/상태 경로: 정확한 runtime reachability 미확인","직접 literal write 발견 없음; 간접 호출은 미확인","golden/crm.html:3885","미확정: 원본 handler/template 추적 필요","TEST_MISSING","중복정의·동적 template·상위함수 호출을 실제 렌더 결과와 연결","해당 원본 컨트롤의 노출 조건·클릭/필터/취소 결과를 Golden fixture로 검증","<div class=""trow clk"" style=""grid-template-columns:90px 1.7fr 120px 120px 120px 110px"" onclick=\'drwDeal('+JSON.stringify(JSON.stringify(d))+')\'>"
"C00119","UNRESOLVED_CONTROL","cell: '
     +'","페이지 데이터/상태 경로: 정확한 runtime reachability 미확인","직접 literal write 발견 없음; 간접 호출은 미확인","golden/crm.html:3906","미확정: 원본 handler/template 추적 필요","TEST_MISSING","중복정의·동적 template·상위함수 호출을 실제 렌더 결과와 연결","해당 원본 컨트롤의 노출 조건·클릭/필터/취소 결과를 Golden fixture로 검증","<button class=""lkcard '+cls+(G.lostKind===k?' on':'')+'"" data-k=""'+k+'"" onclick=""G.lostKind=(G.lostKind===this.dataset.k?null:this.dataset.k);paint()"">"
"C00120","F30","paintClosed: ← 칸반으로","outcome/closed_at/lost_kind/기존stage/won_amount","직접 literal write 발견 없음; 간접 호출은 미확인","golden/crm.html:3928","terminal v2 계약 없음","CONTRACT_MISSING","뺏김/놓침/기타·견적/영업 배드핏·Closed 통계 보존","종료 전 단계 기록·Next 종료정책·매출/분류·원본보존","<button class=""reset"" onclick=""G.pipeView=\'kb\';G.stageCol=null;G.consoleMacro=null;paint()"">"
"C00121","F30","paintClosed: '+x+'","outcome/closed_at/lost_kind/기존stage/won_amount","직접 literal write 발견 없음; 간접 호출은 미확인","golden/crm.html:3931","terminal v2 계약 없음","CONTRACT_MISSING","뺏김/놓침/기타·견적/영업 배드핏·Closed 통계 보존","종료 전 단계 기록·Next 종료정책·매출/분류·원본보존","<button class=""'+(t===x?'on':'')+'"" data-t=""'+x+'"" onclick=""setClosedTab(this.dataset.t)"">"
"C00122","F30","paintClosed: '
      +'","outcome/closed_at/lost_kind/기존stage/won_amount","직접 literal write 발견 없음; 간접 호출은 미확인","golden/crm.html:3936","terminal v2 계약 없음","CONTRACT_MISSING","뺏김/놓침/기타·견적/영업 배드핏·Closed 통계 보존","종료 전 단계 기록·Next 종료정책·매출/분류·원본보존","<div class=""trow clk"" style=""grid-template-columns:1.6fr 110px 90px 110px 100px"" onclick=\'drwDeal('+JSON.stringify(JSON.stringify(d))+')\'>"
"C00123","UNRESOLVED_CONTROL","top2: div","페이지 데이터/상태 경로: 정확한 runtime reachability 미확인","직접 literal write 발견 없음; 간접 호출은 미확인","golden/crm.html:3973","미확정: 원본 handler/template 추적 필요","TEST_MISSING","중복정의·동적 template·상위함수 호출을 실제 렌더 결과와 연결","해당 원본 컨트롤의 노출 조건·클릭/필터/취소 결과를 Golden fixture로 검증","<div class=""fc-row"" style=""border-left:4px solid var(--ok)"" onclick=""alert(\'계약·시공 '+commit.length+'건 — 칸반에서 확인\')"">"
"C00124","UNRESOLVED_CONTROL","paintMobile: 7일 SLA","페이지 데이터/상태 경로: 정확한 runtime reachability 미확인","직접 literal write 발견 없음; 간접 호출은 미확인","golden/crm.html:4047","미확정: 원본 handler/template 추적 필요","TEST_MISSING","중복정의·동적 template·상위함수 호출을 실제 렌더 결과와 연결","해당 원본 컨트롤의 노출 조건·클릭/필터/취소 결과를 Golden fixture로 검증","<button class=""'+(G.mobView==='week'?'on':'')+'"" onclick=""setMobView(\'week\')"">"
"C00125","UNRESOLVED_CONTROL","paintMobile: 30일 SLA","페이지 데이터/상태 경로: 정확한 runtime reachability 미확인","직접 literal write 발견 없음; 간접 호출은 미확인","golden/crm.html:4047","미확정: 원본 handler/template 추적 필요","TEST_MISSING","중복정의·동적 template·상위함수 호출을 실제 렌더 결과와 연결","해당 원본 컨트롤의 노출 조건·클릭/필터/취소 결과를 Golden fixture로 검증","<button class=""'+(G.mobView==='month'?'on':'')+'"" onclick=""setMobView(\'month\')"">"
"C00126","UNRESOLVED_CONTROL","paintMobile: div","페이지 데이터/상태 경로: 정확한 runtime reachability 미확인","직접 literal write 발견 없음; 간접 호출은 미확인","golden/crm.html:4049","미확정: 원본 handler/template 추적 필요","TEST_MISSING","중복정의·동적 template·상위함수 호출을 실제 렌더 결과와 연결","해당 원본 컨트롤의 노출 조건·클릭/필터/취소 결과를 Golden fixture로 검증","<div class=""mobrow '+(s.late?'bad':'')+'"" style=""cursor:pointer"" onclick=""openDealAt('+idx+')"">"
"C00127","UNRESOLVED_CONTROL","paintReport: div","페이지 데이터/상태 경로: 정확한 runtime reachability 미확인","직접 literal write 발견 없음; 간접 호출은 미확인","golden/crm.html:4078","미확정: 원본 handler/template 추적 필요","TEST_MISSING","중복정의·동적 template·상위함수 호출을 실제 렌더 결과와 연결","해당 원본 컨트롤의 노출 조건·클릭/필터/취소 결과를 Golden fixture로 검증","<div class=""kpi clk"" onclick=""window.print()"">"
"C00128","F57","paintWorkAnalysis: button","workItems/primaryWork + 금액/사업유형/기간","직접 literal write 발견 없음; 간접 호출은 미확인","golden/crm.html:4149","work analytics v2 없음","CONTRACT_MISSING","복합공종 합계 중복계수/대표 기준·미분류 항목 유지","대표합계·복합조합·필터/금액/드릴다운원본 일치","<button class=""wa-bar-row"" onclick=""workAnalysisDrill(\'pipeline\','+i+')"">"
"C00129","F57","paintWorkAnalysis: button","workItems/primaryWork + 금액/사업유형/기간","직접 literal write 발견 없음; 간접 호출은 미확인","golden/crm.html:4149","work analytics v2 없음","CONTRACT_MISSING","복합공종 합계 중복계수/대표 기준·미분류 항목 유지","대표합계·복합조합·필터/금액/드릴다운원본 일치","<button class=""wa-combo"" onclick=""workAnalysisComboDrill('+i+')"">"
"C00130","F57","paintWorkAnalysis: '+r.opp.length+'건","workItems/primaryWork + 금액/사업유형/기간","직접 literal write 발견 없음; 간접 호출은 미확인","golden/crm.html:4150","work analytics v2 없음","CONTRACT_MISSING","복합공종 합계 중복계수/대표 기준·미분류 항목 유지","대표합계·복합조합·필터/금액/드릴다운원본 일치","<button class=""wa-cell"" onclick=""workAnalysisDrill(\'opp\','+i+')"">"
"C00131","F57","paintWorkAnalysis: '+reportAmount(r.pipeline)+'","workItems/primaryWork + 금액/사업유형/기간","직접 literal write 발견 없음; 간접 호출은 미확인","golden/crm.html:4150","work analytics v2 없음","CONTRACT_MISSING","복합공종 합계 중복계수/대표 기준·미분류 항목 유지","대표합계·복합조합·필터/금액/드릴다운원본 일치","<button class=""wa-cell"" onclick=""workAnalysisDrill(\'pipeline\','+i+')"">"
"C00132","F57","paintWorkAnalysis: '+r.comp.length+'건 · '+reportAmount(r.compete)+'","workItems/primaryWork + 금액/사업유형/기간","직접 literal write 발견 없음; 간접 호출은 미확인","golden/crm.html:4150","work analytics v2 없음","CONTRACT_MISSING","복합공종 합계 중복계수/대표 기준·미분류 항목 유지","대표합계·복합조합·필터/금액/드릴다운원본 일치","<button class=""wa-cell"" onclick=""workAnalysisDrill(\'compete\','+i+')"">"
"C00133","F57","paintWorkAnalysis: '+r.won.length+'건 · '+reportAmount(r.wonAmount)+'","workItems/primaryWork + 금액/사업유형/기간","직접 literal write 발견 없음; 간접 호출은 미확인","golden/crm.html:4150","work analytics v2 없음","CONTRACT_MISSING","복합공종 합계 중복계수/대표 기준·미분류 항목 유지","대표합계·복합조합·필터/금액/드릴다운원본 일치","<button class=""wa-cell"" onclick=""workAnalysisDrill(\'won\','+i+')"">"
"C00134","F57","paintWorkAnalysis: button","workItems/primaryWork + 금액/사업유형/기간","직접 literal write 발견 없음; 간접 호출은 미확인","golden/crm.html:4151","work analytics v2 없음","CONTRACT_MISSING","복합공종 합계 중복계수/대표 기준·미분류 항목 유지","대표합계·복합조합·필터/금액/드릴다운원본 일치","<button class=""wa-kpi"" onclick=""workAnalysisDrill(\'opp\')"">"
"C00135","F57","paintWorkAnalysis: button","workItems/primaryWork + 금액/사업유형/기간","직접 literal write 발견 없음; 간접 호출은 미확인","golden/crm.html:4151","work analytics v2 없음","CONTRACT_MISSING","복합공종 합계 중복계수/대표 기준·미분류 항목 유지","대표합계·복합조합·필터/금액/드릴다운원본 일치","<button class=""wa-kpi"" onclick=""workAnalysisDrill(\'pipeline\')"">"
"C00136","F57","paintWorkAnalysis: button","workItems/primaryWork + 금액/사업유형/기간","직접 literal write 발견 없음; 간접 호출은 미확인","golden/crm.html:4151","work analytics v2 없음","CONTRACT_MISSING","복합공종 합계 중복계수/대표 기준·미분류 항목 유지","대표합계·복합조합·필터/금액/드릴다운원본 일치","<button class=""wa-kpi"" onclick=""workAnalysisDrill(\'won\')"">"
"C00137","F57","paintWorkAnalysis: button","workItems/primaryWork + 금액/사업유형/기간","직접 literal write 발견 없음; 간접 호출은 미확인","golden/crm.html:4151","work analytics v2 없음","CONTRACT_MISSING","복합공종 합계 중복계수/대표 기준·미분류 항목 유지","대표합계·복합조합·필터/금액/드릴다운원본 일치","<button class=""wa-kpi warn"" onclick=""workAnalysisDrill(\'multi\')"">"
"C00138","F57","paintWorkAnalysis: button","workItems/primaryWork + 금액/사업유형/기간","직접 literal write 발견 없음; 간접 호출은 미확인","golden/crm.html:4151","work analytics v2 없음","CONTRACT_MISSING","복합공종 합계 중복계수/대표 기준·미분류 항목 유지","대표합계·복합조합·필터/금액/드릴다운원본 일치","<button class=""wa-kpi danger"" onclick=""workAnalysisDrill(\'unclassified\')"">"
"C00139","F57","paintWorkAnalysis: button","workItems/primaryWork + 금액/사업유형/기간","직접 literal write 발견 없음; 간접 호출은 미확인","golden/crm.html:4152","work analytics v2 없음","CONTRACT_MISSING","복합공종 합계 중복계수/대표 기준·미분류 항목 유지","대표합계·복합조합·필터/금액/드릴다운원본 일치","<button onclick=""workAnalysisDrill(\'singleWon\')"">"
"C00140","F57","paintWorkAnalysis: button","workItems/primaryWork + 금액/사업유형/기간","직접 literal write 발견 없음; 간접 호출은 미확인","golden/crm.html:4152","work analytics v2 없음","CONTRACT_MISSING","복합공종 합계 중복계수/대표 기준·미분류 항목 유지","대표합계·복합조합·필터/금액/드릴다운원본 일치","<button onclick=""workAnalysisDrill(\'multiWon\')"">"
"C00141","F57","paintWorkAnalysis: Pipeline순","workItems/primaryWork + 금액/사업유형/기간","직접 literal write 발견 없음; 간접 호출은 미확인","golden/crm.html:4153","work analytics v2 없음","CONTRACT_MISSING","복합공종 합계 중복계수/대표 기준·미분류 항목 유지","대표합계·복합조합·필터/금액/드릴다운원본 일치","<button class=""'+(G.workSort==='pipeline'?'on':'')+'"" onclick=""workAnalysisSetSort(\'pipeline\')"">"
"C00142","F57","paintWorkAnalysis: 수주순","workItems/primaryWork + 금액/사업유형/기간","직접 literal write 발견 없음; 간접 호출은 미확인","golden/crm.html:4153","work analytics v2 없음","CONTRACT_MISSING","복합공종 합계 중복계수/대표 기준·미분류 항목 유지","대표합계·복합조합·필터/금액/드릴다운원본 일치","<button class=""'+(G.workSort==='won'?'on':'')+'"" onclick=""workAnalysisSetSort(\'won\')"">"
"C00143","F57","paintWorkAnalysis: 건수순","workItems/primaryWork + 금액/사업유형/기간","직접 literal write 발견 없음; 간접 호출은 미확인","golden/crm.html:4153","work analytics v2 없음","CONTRACT_MISSING","복합공종 합계 중복계수/대표 기준·미분류 항목 유지","대표합계·복합조합·필터/금액/드릴다운원본 일치","<button class=""'+(G.workSort==='opp'?'on':'')+'"" onclick=""workAnalysisSetSort(\'opp\')"">"
"C00144","UNRESOLVED_CONTROL","paintSites: button","페이지 데이터/상태 경로: 정확한 runtime reachability 미확인","직접 literal write 발견 없음; 간접 호출은 미확인","golden/crm.html:4174","미확정: 원본 handler/template 추적 필요","TEST_MISSING","중복정의·동적 template·상위함수 호출을 실제 렌더 결과와 연결","해당 원본 컨트롤의 노출 조건·클릭/필터/취소 결과를 Golden fixture로 검증","<button class=""site-health-card '+(G.siteStatus===x[0]?'on':'')+'"" onclick=""setSiteStatus(\''+x[0]+'\')"">"
"C00145","UNRESOLVED_CONTROL","paintSites: '+brandOpts+'","페이지 데이터/상태 경로: 정확한 runtime reachability 미확인","직접 literal write 발견 없음; 간접 호출은 미확인","golden/crm.html:4175","미확정: 원본 handler/template 추적 필요","TEST_MISSING","중복정의·동적 template·상위함수 호출을 실제 렌더 결과와 연결","해당 원본 컨트롤의 노출 조건·클릭/필터/취소 결과를 Golden fixture로 검증","<select onchange=""G.siteBrand=this.value;G.siteStatus=\'전체\';paintSites()"">"
"C00146","UNRESOLVED_CONTROL","paintSites: '+ownerOpts+'","페이지 데이터/상태 경로: 정확한 runtime reachability 미확인","직접 literal write 발견 없음; 간접 호출은 미확인","golden/crm.html:4175","미확정: 원본 handler/template 추적 필요","TEST_MISSING","중복정의·동적 template·상위함수 호출을 실제 렌더 결과와 연결","해당 원본 컨트롤의 노출 조건·클릭/필터/취소 결과를 Golden fixture로 검증","<select onchange=""G.siteOwner=this.value;G.siteStatus=\'전체\';paintSites()"">"
"C00147","UNRESOLVED_CONTROL","paintSites: '+workFilterOptions(G.workFilter)+'","페이지 데이터/상태 경로: 정확한 runtime reachability 미확인","직접 literal write 발견 없음; 간접 호출은 미확인","golden/crm.html:4175","미확정: 원본 handler/template 추적 필요","TEST_MISSING","중복정의·동적 template·상위함수 호출을 실제 렌더 결과와 연결","해당 원본 컨트롤의 노출 조건·클릭/필터/취소 결과를 Golden fixture로 검증","<select onchange=""G.workFilter=this.value;G.siteStatus=\'전체\';paintSites()"">"
"C00148","UNRESOLVED_CONTROL","paintSites: '+['관계우선','최근접촉순','수주금액순','진행기회순'].map(function(x){return '","페이지 데이터/상태 경로: 정확한 runtime reachability 미확인","직접 literal write 발견 없음; 간접 호출은 미확인","golden/crm.html:4175","미확정: 원본 handler/template 추적 필요","TEST_MISSING","중복정의·동적 template·상위함수 호출을 실제 렌더 결과와 연결","해당 원본 컨트롤의 노출 조건·클릭/필터/취소 결과를 Golden fixture로 검증","<select onchange=""G.siteSort=this.value;paintSites()"">"
"C00149","UNRESOLVED_CONTROL","paintSites: button","페이지 데이터/상태 경로: 정확한 runtime reachability 미확인","직접 literal write 발견 없음; 간접 호출은 미확인","golden/crm.html:4175","미확정: 원본 handler/template 추적 필요","TEST_MISSING","중복정의·동적 template·상위함수 호출을 실제 렌더 결과와 연결","해당 원본 컨트롤의 노출 조건·클릭/필터/취소 결과를 Golden fixture로 검증","<button class=""site-table-row data"" onclick=""openSiteMaster('+i+')"">"
"C00150","F55","openSiteMaster: 전화","Site + linked deals/inquiries/contacts/history","직접 literal write 발견 없음; 간접 호출은 미확인","golden/crm.html:4182","Site projection v2 없음","CONTRACT_MISSING","같은아파트 다른공사/연도/사업별Opportunity·미허용자식 제외","Site한개에A/B기회·허용기회만·수주/공종장부/연락처이동","<a href=""tel:'+phoneN(c.mobile)+'"">"
"C00151","F55","openSiteMaster: 문자","Site + linked deals/inquiries/contacts/history","직접 literal write 발견 없음; 간접 호출은 미확인","golden/crm.html:4182","Site projection v2 없음","CONTRACT_MISSING","같은아파트 다른공사/연도/사업별Opportunity·미허용자식 제외","Site한개에A/B기회·허용기회만·수주/공종장부/연락처이동","<a href=""sms:'+phoneN(c.mobile)+'"">"
"C00152","F55","openSiteMaster: 현재 현장","Site + linked deals/inquiries/contacts/history","직접 literal write 발견 없음; 간접 호출은 미확인","golden/crm.html:4182","Site projection v2 없음","CONTRACT_MISSING","같은아파트 다른공사/연도/사업별Opportunity·미허용자식 제외","Site한개에A/B기회·허용기회만·수주/공종장부/연락처이동","<button data-site=""'+escAttr(c.currentSite)+'"" onclick=""openRelatedSite(this.dataset.site)"">"
"C00153","F55","openSiteMaster: button","Site + linked deals/inquiries/contacts/history","직접 literal write 발견 없음; 간접 호출은 미확인","golden/crm.html:4182","Site projection v2 없음","CONTRACT_MISSING","같은아파트 다른공사/연도/사업별Opportunity·미허용자식 제외","Site한개에A/B기회·허용기회만·수주/공종장부/연락처이동","<button class=""site-opp-row"" onclick=""openSiteDeal('+j+')"">"
"C00154","F56","renderDups: div","B.dups / orgs/deals","직접 literal write 발견 없음; 간접 호출은 미확인","golden/crm.html:4193","v2 duplicate-site reader/resolution 없음","CONTRACT_MISSING","Golden의 병합전상태와 로컬 데이터정리센터는 별개 구현","원본ID/이력/매출유지·같은site다른deal 자동병합0","<div class=""grph clk"" onclick=""document.getElementById(\'g'+i+'\').classList.toggle(\'open\')"">"
"C00155","UNRESOLVED_CONTROL","detailChecks: input","페이지 데이터/상태 경로: 정확한 runtime reachability 미확인","직접 literal write 발견 없음; 간접 호출은 미확인","golden/crm.html:4247","미확정: 원본 handler/template 추적 필요","TEST_MISSING","중복정의·동적 template·상위함수 호출을 실제 렌더 결과와 연결","해당 원본 컨트롤의 노출 조건·클릭/필터/취소 결과를 Golden fixture로 검증","<input type=""checkbox"" '+(ch[i]?'checked':'')+' onchange=""toggleDetailCheck('+i+',this.checked)"">"
"C00156","UNRESOLVED_CONTROL","nextActionHero: 이 행동 완료","페이지 데이터/상태 경로: 정확한 runtime reachability 미확인","직접 literal write 발견 없음; 간접 호출은 미확인","golden/crm.html:4262","미확정: 원본 handler/template 추적 필요","TEST_MISSING","중복정의·동적 template·상위함수 호출을 실제 렌더 결과와 연결","해당 원본 컨트롤의 노출 조건·클릭/필터/취소 결과를 Golden fixture로 검증","<button class=""dact pri"" onclick=""completeNextAction()"">"
"C00157","UNRESOLVED_CONTROL","nextActionHero: 수정","페이지 데이터/상태 경로: 정확한 runtime reachability 미확인","직접 literal write 발견 없음; 간접 호출은 미확인","golden/crm.html:4262","미확정: 원본 handler/template 추적 필요","TEST_MISSING","중복정의·동적 template·상위함수 호출을 실제 렌더 결과와 연결","해당 원본 컨트롤의 노출 조건·클릭/필터/취소 결과를 Golden fixture로 검증","<button class=""dact"" onclick=""document.getElementById(\'nextActionCard\').scrollIntoView({behavior:\'smooth\'})"">"
"C00158","UNRESOLVED_CONTROL","nextStepChip: 다음: '+esc(n)+' →","페이지 데이터/상태 경로: 정확한 runtime reachability 미확인","직접 literal write 발견 없음; 간접 호출은 미확인","golden/crm.html:4264","미확정: 원본 handler/template 추적 필요","TEST_MISSING","중복정의·동적 template·상위함수 호출을 실제 렌더 결과와 연결","해당 원본 컨트롤의 노출 조건·클릭/필터/취소 결과를 Golden fixture로 검증","<5?'step:'+(idx+1):'won',n=idx<5?FLOW_STEPS[idx+1]:'수주 성공';return '<button class=""dact next"" onclick=""chipTransition(\''+v+'\')"">"
"C00159","F40","contactDirectoryHTML: ＋ 연락처 추가","contacts/contact_assignments/person history","직접 literal write 발견 없음; 간접 호출은 미확인","golden/crm.html:4275","crm_contacts_scoped_v2(uuid) 부분 구현","CONTRACT_MISSING","RPC는 Deal 단일contact만 반환; 여러 연락처/직함/동의/history 필드는 추가 필요; 범위 내 부분 구현","같은 Site 다른기회 연락처 혼입0·다중연락처 목록/대표·권한","<button class=""dact pri"" onclick=""openQuickContact(\'new\')"">"
"C00160","UNRESOLVED_CONTROL","contactCardHTML: 📞 관리사무소","페이지 데이터/상태 경로: 정확한 runtime reachability 미확인","직접 literal write 발견 없음; 간접 호출은 미확인","golden/crm.html:4297","미확정: 원본 handler/template 추적 필요","TEST_MISSING","중복정의·동적 template·상위함수 호출을 실제 렌더 결과와 연결","해당 원본 컨트롤의 노출 조건·클릭/필터/취소 결과를 Golden fixture로 검증","<button '+(!c.officeTel?'disabled':'')+' onclick=""contactDial(\'office\')"">"
"C00161","UNRESOLVED_CONTROL","contactCardHTML: 📱 소장 전화","페이지 데이터/상태 경로: 정확한 runtime reachability 미확인","직접 literal write 발견 없음; 간접 호출은 미확인","golden/crm.html:4297","미확정: 원본 handler/template 추적 필요","TEST_MISSING","중복정의·동적 template·상위함수 호출을 실제 렌더 결과와 연결","해당 원본 컨트롤의 노출 조건·클릭/필터/취소 결과를 Golden fixture로 검증","<button class=""pri"" '+(!c.mobile?'disabled':'')+' onclick=""contactDial(\'mobile\')"">"
"C00162","UNRESOLVED_CONTROL","contactCardHTML: ✉ 문자","페이지 데이터/상태 경로: 정확한 runtime reachability 미확인","직접 literal write 발견 없음; 간접 호출은 미확인","golden/crm.html:4297","미확정: 원본 handler/template 추적 필요","TEST_MISSING","중복정의·동적 template·상위함수 호출을 실제 렌더 결과와 연결","해당 원본 컨트롤의 노출 조건·클릭/필터/취소 결과를 Golden fixture로 검증","<button '+(!c.mobile?'disabled':'')+' onclick=""contactSms()"">"
"C00163","UNRESOLVED_CONTROL","contactCardHTML: 💬 카카오","페이지 데이터/상태 경로: 정확한 runtime reachability 미확인","직접 literal write 발견 없음; 간접 호출은 미확인","golden/crm.html:4297","미확정: 원본 handler/template 추적 필요","TEST_MISSING","중복정의·동적 template·상위함수 호출을 실제 렌더 결과와 연결","해당 원본 컨트롤의 노출 조건·클릭/필터/취소 결과를 Golden fixture로 검증","<button '+(!c.mobile?'disabled':'')+' onclick=""contactKakao()"">"
"C00164","UNRESOLVED_CONTROL","contactCardHTML: 🎙 통화 완료 → 내용 말하기","페이지 데이터/상태 경로: 정확한 runtime reachability 미확인","직접 literal write 발견 없음; 간접 호출은 미확인","golden/crm.html:4298","미확정: 원본 handler/template 추적 필요","TEST_MISSING","중복정의·동적 template·상위함수 호출을 실제 렌더 결과와 연결","해당 원본 컨트롤의 노출 조건·클릭/필터/취소 결과를 Golden fixture로 검증","<button class=""contactvoice"" '+(!c.mobile?'disabled':'')+' onclick=""contactVoiceComplete()"">"
"C00165","UNRESOLVED_CONTROL","contactCardHTML: input","페이지 데이터/상태 경로: 정확한 runtime reachability 미확인","직접 literal write 발견 없음; 간접 호출은 미확인","golden/crm.html:4299","미확정: 원본 handler/template 추적 필요","TEST_MISSING","중복정의·동적 template·상위함수 호출을 실제 렌더 결과와 연결","해당 원본 컨트롤의 노출 조건·클릭/필터/취소 결과를 Golden fixture로 검증","<input id=""ct-office"" inputmode=""tel"" value=""'+escAttr(c.officeTel)+'"">"
"C00166","UNRESOLVED_CONTROL","contactCardHTML: input","페이지 데이터/상태 경로: 정확한 runtime reachability 미확인","직접 literal write 발견 없음; 간접 호출은 미확인","golden/crm.html:4299","미확정: 원본 handler/template 추적 필요","TEST_MISSING","중복정의·동적 template·상위함수 호출을 실제 렌더 결과와 연결","해당 원본 컨트롤의 노출 조건·클릭/필터/취소 결과를 Golden fixture로 검증","<input id=""ct-name"" value=""'+escAttr(c.name)+'"">"
"C00167","UNRESOLVED_CONTROL","contactCardHTML: input","페이지 데이터/상태 경로: 정확한 runtime reachability 미확인","직접 literal write 발견 없음; 간접 호출은 미확인","golden/crm.html:4299","미확정: 원본 handler/template 추적 필요","TEST_MISSING","중복정의·동적 template·상위함수 호출을 실제 렌더 결과와 연결","해당 원본 컨트롤의 노출 조건·클릭/필터/취소 결과를 Golden fixture로 검증","<input id=""ct-mobile"" inputmode=""tel"" value=""'+escAttr(c.mobile)+'"">"
"C00168","UNRESOLVED_CONTROL","contactCardHTML: input","페이지 데이터/상태 경로: 정확한 runtime reachability 미확인","직접 literal write 발견 없음; 간접 호출은 미확인","golden/crm.html:4299","미확정: 원본 handler/template 추적 필요","TEST_MISSING","중복정의·동적 template·상위함수 호출을 실제 렌더 결과와 연결","해당 원본 컨트롤의 노출 조건·클릭/필터/취소 결과를 Golden fixture로 검증","<input id=""ct-email"" type=""email"" value=""'+escAttr(c.officeEmail)+'"">"
"C00169","UNRESOLVED_CONTROL","contactCardHTML: 연락처 저장","페이지 데이터/상태 경로: 정확한 runtime reachability 미확인","직접 literal write 발견 없음; 간접 호출은 미확인","golden/crm.html:4299","미확정: 원본 handler/template 추적 필요","TEST_MISSING","중복정의·동적 template·상위함수 호출을 실제 렌더 결과와 연결","해당 원본 컨트롤의 노출 조건·클릭/필터/취소 결과를 Golden fixture로 검증","<button class=""dact"" onclick=""saveContactInfo()"">"
"C00170","UNRESOLVED_CONTROL","contactCardHTML: 관리소장 근무지 이동","페이지 데이터/상태 경로: 정확한 runtime reachability 미확인","직접 literal write 발견 없음; 간접 호출은 미확인","golden/crm.html:4299","미확정: 원본 handler/template 추적 필요","TEST_MISSING","중복정의·동적 template·상위함수 호출을 실제 렌더 결과와 연결","해당 원본 컨트롤의 노출 조건·클릭/필터/취소 결과를 Golden fixture로 검증","<button class=""dact warn"" onclick=""openManagerMove()"">"
"C00171","UNRESOLVED_CONTROL","contactCardHTML: 📅 일정 잡기","페이지 데이터/상태 경로: 정확한 runtime reachability 미확인","직접 literal write 발견 없음; 간접 호출은 미확인","golden/crm.html:4299","미확정: 원본 handler/template 추적 필요","TEST_MISSING","중복정의·동적 template·상위함수 호출을 실제 렌더 결과와 연결","해당 원본 컨트롤의 노출 조건·클릭/필터/취소 결과를 Golden fixture로 검증","<button class=""dact"" onclick=""contactSchedule()"">"
"C00172","UNRESOLVED_CONTROL","openQuickContact: input","페이지 데이터/상태 경로: 정확한 runtime reachability 미확인","직접 literal write 발견 없음; 간접 호출은 미확인","golden/crm.html:4311","미확정: 원본 handler/template 추적 필요","TEST_MISSING","중복정의·동적 template·상위함수 호출을 실제 렌더 결과와 연결","해당 원본 컨트롤의 노출 조건·클릭/필터/취소 결과를 Golden fixture로 검증","<input id=""qc-office"" inputmode=""tel"" autocomplete=""tel"" value=""'+escAttr(c.officeTel)+'"" placeholder=""예: 02-1234-5678"">"
"C00173","UNRESOLVED_CONTROL","openQuickContact: '+CONTACT_ROLES.map(function(r){return '","페이지 데이터/상태 경로: 정확한 runtime reachability 미확인","직접 literal write 발견 없음; 간접 호출은 미확인","golden/crm.html:4312","미확정: 원본 handler/template 추적 필요","TEST_MISSING","중복정의·동적 template·상위함수 호출을 실제 렌더 결과와 연결","해당 원본 컨트롤의 노출 조건·클릭/필터/취소 결과를 Golden fixture로 검증","<select id=""qc-role"">"
"C00174","UNRESOLVED_CONTROL","openQuickContact: input","페이지 데이터/상태 경로: 정확한 runtime reachability 미확인","직접 literal write 발견 없음; 간접 호출은 미확인","golden/crm.html:4313","미확정: 원본 handler/template 추적 필요","TEST_MISSING","중복정의·동적 template·상위함수 호출을 실제 렌더 결과와 연결","해당 원본 컨트롤의 노출 조건·클릭/필터/취소 결과를 Golden fixture로 검증","<input id=""qc-name"" value=""'+escAttr(c.name)+'"" placeholder=""예: 홍길동"">"
"C00175","UNRESOLVED_CONTROL","openQuickContact: input","페이지 데이터/상태 경로: 정확한 runtime reachability 미확인","직접 literal write 발견 없음; 간접 호출은 미확인","golden/crm.html:4314","미확정: 원본 handler/template 추적 필요","TEST_MISSING","중복정의·동적 template·상위함수 호출을 실제 렌더 결과와 연결","해당 원본 컨트롤의 노출 조건·클릭/필터/취소 결과를 Golden fixture로 검증","<input id=""qc-mobile"" inputmode=""tel"" autocomplete=""tel"" value=""'+escAttr(c.mobile)+'"" placeholder=""예: 010-1234-5678"">"
"C00176","UNRESOLVED_CONTROL","openQuickContact: input","페이지 데이터/상태 경로: 정확한 runtime reachability 미확인","직접 literal write 발견 없음; 간접 호출은 미확인","golden/crm.html:4315","미확정: 원본 handler/template 추적 필요","TEST_MISSING","중복정의·동적 template·상위함수 호출을 실제 렌더 결과와 연결","해당 원본 컨트롤의 노출 조건·클릭/필터/취소 결과를 Golden fixture로 검증","<input id=""qc-email"" type=""email"" value=""'+escAttr(c.officeEmail)+'"" placeholder=""선택 입력"">"
"C00177","UNRESOLVED_CONTROL","openQuickContact: 취소","페이지 데이터/상태 경로: 정확한 runtime reachability 미확인","직접 literal write 발견 없음; 간접 호출은 미확인","golden/crm.html:4316","미확정: 원본 handler/template 추적 필요","TEST_MISSING","중복정의·동적 template·상위함수 호출을 실제 렌더 결과와 연결","해당 원본 컨트롤의 노출 조건·클릭/필터/취소 결과를 Golden fixture로 검증","<button class=""dact"" onclick=""closeQuickContact()"">"
"C00178","UNRESOLVED_CONTROL","openQuickContact: 연락처 저장","페이지 데이터/상태 경로: 정확한 runtime reachability 미확인","직접 literal write 발견 없음; 간접 호출은 미확인","golden/crm.html:4316","미확정: 원본 handler/template 추적 필요","TEST_MISSING","중복정의·동적 template·상위함수 호출을 실제 렌더 결과와 연결","해당 원본 컨트롤의 노출 조건·클릭/필터/취소 결과를 Golden fixture로 검증","<button class=""dact pri"" onclick=""saveQuickContact()"">"
"C00179","UNRESOLVED_CONTROL","openKakaoModal: select","페이지 데이터/상태 경로: 정확한 runtime reachability 미확인","직접 literal write 발견 없음; 간접 호출은 미확인","golden/crm.html:4335","미확정: 원본 handler/template 추적 필요","TEST_MISSING","중복정의·동적 template·상위함수 호출을 실제 렌더 결과와 연결","해당 원본 컨트롤의 노출 조건·클릭/필터/취소 결과를 Golden fixture로 검증","<select id=""kk-type"" onchange=""renderKakaoDraft()"">"
"C00180","UNRESOLVED_CONTROL","openKakaoModal: input","페이지 데이터/상태 경로: 정확한 runtime reachability 미확인","직접 literal write 발견 없음; 간접 호출은 미확인","golden/crm.html:4335","미확정: 원본 handler/template 추적 필요","TEST_MISSING","중복정의·동적 template·상위함수 호출을 실제 렌더 결과와 연결","해당 원본 컨트롤의 노출 조건·클릭/필터/취소 결과를 Golden fixture로 검증","<input id=""kk-customer"" value=""'+escAttr(c.name||'')+'"" oninput=""renderKakaoDraft()"">"
"C00181","UNRESOLVED_CONTROL","openKakaoModal: input","페이지 데이터/상태 경로: 정확한 runtime reachability 미확인","직접 literal write 발견 없음; 간접 호출은 미확인","golden/crm.html:4335","미확정: 원본 handler/template 추적 필요","TEST_MISSING","중복정의·동적 template·상위함수 호출을 실제 렌더 결과와 연결","해당 원본 컨트롤의 노출 조건·클릭/필터/취소 결과를 Golden fixture로 검증","<input id=""kk-site"" value=""'+escAttr(item.site||'')+'"" oninput=""renderKakaoDraft()"">"
"C00182","UNRESOLVED_CONTROL","openKakaoModal: input","페이지 데이터/상태 경로: 정확한 runtime reachability 미확인","직접 literal write 발견 없음; 간접 호출은 미확인","golden/crm.html:4335","미확정: 원본 handler/template 추적 필요","TEST_MISSING","중복정의·동적 template·상위함수 호출을 실제 렌더 결과와 연결","해당 원본 컨트롤의 노출 조건·클릭/필터/취소 결과를 Golden fixture로 검증","<input id=""kk-visit"" placeholder=""예: 9월 10일 오후 2시"" oninput=""renderKakaoDraft()"">"
"C00183","UNRESOLVED_CONTROL","openKakaoModal:  브랜드명 포함(선택)","페이지 데이터/상태 경로: 정확한 runtime reachability 미확인","직접 literal write 발견 없음; 간접 호출은 미확인","golden/crm.html:4335","미확정: 원본 handler/template 추적 필요","TEST_MISSING","중복정의·동적 template·상위함수 호출을 실제 렌더 결과와 연결","해당 원본 컨트롤의 노출 조건·클릭/필터/취소 결과를 Golden fixture로 검증","<input type=""checkbox"" id=""kk-use-brand"" onchange=""renderKakaoDraft()"">"
"C00184","UNRESOLVED_CONTROL","openKakaoModal: input","페이지 데이터/상태 경로: 정확한 runtime reachability 미확인","직접 literal write 발견 없음; 간접 호출은 미확인","golden/crm.html:4335","미확정: 원본 handler/template 추적 필요","TEST_MISSING","중복정의·동적 template·상위함수 호출을 실제 렌더 결과와 연결","해당 원본 컨트롤의 노출 조건·클릭/필터/취소 결과를 Golden fixture로 검증","<input id=""kk-brand"" style=""display:none;margin-top:8px"" placeholder=""브랜드명 입력"" oninput=""renderKakaoDraft()"">"
"C00185","UNRESOLVED_CONTROL","openKakaoModal: 취소","페이지 데이터/상태 경로: 정확한 runtime reachability 미확인","직접 literal write 발견 없음; 간접 호출은 미확인","golden/crm.html:4335","미확정: 원본 handler/template 추적 필요","TEST_MISSING","중복정의·동적 template·상위함수 호출을 실제 렌더 결과와 연결","해당 원본 컨트롤의 노출 조건·클릭/필터/취소 결과를 Golden fixture로 검증","<button class=""dact"" onclick=""closeKakaoModal()"">"
"C00186","UNRESOLVED_CONTROL","openKakaoModal: 검수 승인 후 발송 가능","페이지 데이터/상태 경로: 정확한 runtime reachability 미확인","직접 literal write 발견 없음; 간접 호출은 미확인","golden/crm.html:4335","미확정: 원본 handler/template 추적 필요","TEST_MISSING","중복정의·동적 template·상위함수 호출을 실제 렌더 결과와 연결","해당 원본 컨트롤의 노출 조건·클릭/필터/취소 결과를 Golden fixture로 검증","<button class=""dact pri"" id=""kk-send"" disabled>"
"C00187","UNRESOLVED_CONTROL","openManagerMove: input","페이지 데이터/상태 경로: 정확한 runtime reachability 미확인","직접 literal write 발견 없음; 간접 호출은 미확인","golden/crm.html:4340","미확정: 원본 handler/template 추적 필요","TEST_MISSING","중복정의·동적 template·상위함수 호출을 실제 렌더 결과와 연결","해당 원본 컨트롤의 노출 조건·클릭/필터/취소 결과를 Golden fixture로 검증","<input id=""mv-site"" placeholder=""예: 매탄임광아파트"">"
"C00188","UNRESOLVED_CONTROL","openManagerMove: input","페이지 데이터/상태 경로: 정확한 runtime reachability 미확인","직접 literal write 발견 없음; 간접 호출은 미확인","golden/crm.html:4340","미확정: 원본 handler/template 추적 필요","TEST_MISSING","중복정의·동적 template·상위함수 호출을 실제 렌더 결과와 연결","해당 원본 컨트롤의 노출 조건·클릭/필터/취소 결과를 Golden fixture로 검증","<input id=""mv-office"" inputmode=""tel"" placeholder=""예: 031-000-0000"">"
"C00189","UNRESOLVED_CONTROL","openManagerMove: input","페이지 데이터/상태 경로: 정확한 runtime reachability 미확인","직접 literal write 발견 없음; 간접 호출은 미확인","golden/crm.html:4340","미확정: 원본 handler/template 추적 필요","TEST_MISSING","중복정의·동적 template·상위함수 호출을 실제 렌더 결과와 연결","해당 원본 컨트롤의 노출 조건·클릭/필터/취소 결과를 Golden fixture로 검증","<input id=""mv-date"" type=""date"" value=""'+today+'"">"
"C00190","UNRESOLVED_CONTROL","openManagerMove: input","페이지 데이터/상태 경로: 정확한 runtime reachability 미확인","직접 literal write 발견 없음; 간접 호출은 미확인","golden/crm.html:4340","미확정: 원본 handler/template 추적 필요","TEST_MISSING","중복정의·동적 template·상위함수 호출을 실제 렌더 결과와 연결","해당 원본 컨트롤의 노출 조건·클릭/필터/취소 결과를 Golden fixture로 검증","<input id=""mv-reason"" placeholder=""예: 관리소장 통화로 근무지 이동 확인"">"
"C00191","UNRESOLVED_CONTROL","openManagerMove: 이동 이력 저장","페이지 데이터/상태 경로: 정확한 runtime reachability 미확인","직접 literal write 발견 없음; 간접 호출은 미확인","golden/crm.html:4340","미확정: 원본 handler/template 추적 필요","TEST_MISSING","중복정의·동적 template·상위함수 호출을 실제 렌더 결과와 연결","해당 원본 컨트롤의 노출 조건·클릭/필터/취소 결과를 Golden fixture로 검증","<button class=""dact pri"" onclick=""saveManagerMove()"">"
"C00192","UNRESOLVED_CONTROL","openManagerMove: 취소","페이지 데이터/상태 경로: 정확한 runtime reachability 미확인","직접 literal write 발견 없음; 간접 호출은 미확인","golden/crm.html:4340","미확정: 원본 handler/template 추적 필요","TEST_MISSING","중복정의·동적 template·상위함수 호출을 실제 렌더 결과와 연결","해당 원본 컨트롤의 노출 조건·클릭/필터/취소 결과를 Golden fixture로 검증","<button class=""dact"" onclick=""openManagerMove()"">"
"C00193","UNRESOLVED_CONTROL","detailAssigneeControlHTML: '+repOptions(item.assignee)+'","페이지 데이터/상태 경로: 정확한 runtime reachability 미확인","직접 literal write 발견 없음; 간접 호출은 미확인","golden/crm.html:4351","미확정: 원본 handler/template 추적 필요","TEST_MISSING","중복정의·동적 template·상위함수 호출을 실제 렌더 결과와 연결","해당 원본 컨트롤의 노출 조건·클릭/필터/취소 결과를 Golden fixture로 검증","<select id=""dv-assignee"">"
"C00194","UNRESOLVED_CONTROL","detailAssigneeControlHTML: 담당자 변경 저장","페이지 데이터/상태 경로: 정확한 runtime reachability 미확인","직접 literal write 발견 없음; 간접 호출은 미확인","golden/crm.html:4351","미확정: 원본 handler/template 추적 필요","TEST_MISSING","중복정의·동적 template·상위함수 호출을 실제 렌더 결과와 연결","해당 원본 컨트롤의 노출 조건·클릭/필터/취소 결과를 Golden fixture로 검증","<button class=""dact"" onclick=""saveAssigneeChange()"">"
"C00195","UNRESOLVED_CONTROL","detailAssigneeControlHTML: 확인함으로 이동","페이지 데이터/상태 경로: 정확한 runtime reachability 미확인","직접 literal write 발견 없음; 간접 호출은 미확인","golden/crm.html:4352","미확정: 원본 handler/template 추적 필요","TEST_MISSING","중복정의·동적 template·상위함수 호출을 실제 렌더 결과와 연결","해당 원본 컨트롤의 노출 조건·클릭/필터/취소 결과를 Golden fixture로 검증","<button class=""dact pri"" onclick=""G.inqBucket=INQ_TECH_REVIEW_TAB;paint()"">"
"C00196","UNRESOLVED_CONTROL","detailAssigneeControlHTML: 연결된 영업기회 열기","페이지 데이터/상태 경로: 정확한 runtime reachability 미확인","직접 literal write 발견 없음; 간접 호출은 미확인","golden/crm.html:4352","미확정: 원본 handler/template 추적 필요","TEST_MISSING","중복정의·동적 template·상위함수 호출을 실제 렌더 결과와 연결","해당 원본 컨트롤의 노출 조건·클릭/필터/취소 결과를 Golden fixture로 검증","<button class=""dact"" onclick=""G.page=\'pipe\';G.brand=\'기술자문\';setCurDetail(inqTechLinkedDeal(CUR_DETAIL.item));paint()"">"
"C00197","UNRESOLVED_CONTROL","detailAssigneeControlHTML: '+(assigned?'배정 변경':'담당자 배정')+'","페이지 데이터/상태 경로: 정확한 runtime reachability 미확인","직접 literal write 발견 없음; 간접 호출은 미확인","golden/crm.html:4354","미확정: 원본 handler/template 추적 필요","TEST_MISSING","중복정의·동적 template·상위함수 호출을 실제 렌더 결과와 연결","해당 원본 컨트롤의 노출 조건·클릭/필터/취소 결과를 Golden fixture로 검증","<button class=""dact pri"" data-k=""'+escAttr(inqKey(item))+'"" data-mode=""'+(assigned?'reassign':'assign')+'"" onclick=""inqCtlOpenAssign(this.dataset.mode,this.dataset.k)"">"
"C00198","UNRESOLVED_CONTROL","transitionAssigneeFieldHTML: '+repOptions(item.assignee)+'","페이지 데이터/상태 경로: 정확한 runtime reachability 미확인","직접 literal write 발견 없음; 간접 호출은 미확인","golden/crm.html:4357","미확정: 원본 handler/template 추적 필요","TEST_MISSING","중복정의·동적 template·상위함수 호출을 실제 렌더 결과와 연결","해당 원본 컨트롤의 노출 조건·클릭/필터/취소 결과를 Golden fixture로 검증","<select id=""tr-assignee"">"
"C00199","UNRESOLVED_CONTROL","transitionAssigneeFieldHTML: input","페이지 데이터/상태 경로: 정확한 runtime reachability 미확인","직접 literal write 발견 없음; 간접 호출은 미확인","golden/crm.html:4358","미확정: 원본 handler/template 추적 필요","TEST_MISSING","중복정의·동적 template·상위함수 호출을 실제 렌더 결과와 연결","해당 원본 컨트롤의 노출 조건·클릭/필터/취소 결과를 Golden fixture로 검증","<input id=""tr-assignee"" type=""hidden"" value=""'+escAttr(repN(item.assignee))+'"">"
"C00200","UNRESOLVED_CONTROL","nextActionAssigneeFieldHTML: '+repOptions(na&&na.assignee||item.assignee)+'","페이지 데이터/상태 경로: 정확한 runtime reachability 미확인","직접 literal write 발견 없음; 간접 호출은 미확인","golden/crm.html:4361","미확정: 원본 handler/template 추적 필요","TEST_MISSING","중복정의·동적 template·상위함수 호출을 실제 렌더 결과와 연결","해당 원본 컨트롤의 노출 조건·클릭/필터/취소 결과를 Golden fixture로 검증","<select id=""dv-na-assignee"">"
"C00201","UNRESOLVED_CONTROL","nextActionAssigneeFieldHTML: input","페이지 데이터/상태 경로: 정확한 runtime reachability 미확인","직접 literal write 발견 없음; 간접 호출은 미확인","golden/crm.html:4362","미확정: 원본 handler/template 추적 필요","TEST_MISSING","중복정의·동적 template·상위함수 호출을 실제 렌더 결과와 연결","해당 원본 컨트롤의 노출 조건·클릭/필터/취소 결과를 Golden fixture로 검증","<input id=""dv-na-assignee"" type=""hidden"" value=""'+escAttr(repN(item.assignee))+'"">"
"C00202","UNRESOLVED_CONTROL","renderDetailBase: '+(workScopeOf(item)==='unclassified'?'공종 분류':'공종 수정')+'","페이지 데이터/상태 경로: 정확한 runtime reachability 미확인","직접 literal write 발견 없음; 간접 호출은 미확인","golden/crm.html:4378","미확정: 원본 handler/template 추적 필요","TEST_MISSING","중복정의·동적 template·상위함수 호출을 실제 렌더 결과와 연결","해당 원본 컨트롤의 노출 조건·클릭/필터/취소 결과를 Golden fixture로 검증","<button class=""dact"" style=""margin-top:8px"" onclick=""openWorkEdit()"">"
"C00203","UNRESOLVED_CONTROL","renderDetailBase: input","페이지 데이터/상태 경로: 정확한 runtime reachability 미확인","직접 literal write 발견 없음; 간접 호출은 미확인","golden/crm.html:4378","미확정: 원본 handler/template 추적 필요","TEST_MISSING","중복정의·동적 template·상위함수 호출을 실제 렌더 결과와 연결","해당 원본 컨트롤의 노출 조건·클릭/필터/취소 결과를 Golden fixture로 검증","<input id=""dv-qamt"" type=""number"" min=""0"" step=""10000"" value=""'+(quoteAmt(item)||'')+'"" placeholder=""견적준비 시 영업대상 금액"">"
"C00204","UNRESOLVED_CONTROL","renderDetailBase: input","페이지 데이터/상태 경로: 정확한 runtime reachability 미확인","직접 literal write 발견 없음; 간접 호출은 미확인","golden/crm.html:4378","미확정: 원본 handler/template 추적 필요","TEST_MISSING","중복정의·동적 template·상위함수 호출을 실제 렌더 결과와 연결","해당 원본 컨트롤의 노출 조건·클릭/필터/취소 결과를 Golden fixture로 검증","<input id=""dv-amt"" type=""number"" min=""0"" step=""10000"" value=""'+(amt||'')+'"" placeholder=""예: 150000000"">"
"C00205","UNRESOLVED_CONTROL","renderDetailBase: input","페이지 데이터/상태 경로: 정확한 runtime reachability 미확인","직접 literal write 발견 없음; 간접 호출은 미확인","golden/crm.html:4378","미확정: 원본 handler/template 추적 필요","TEST_MISSING","중복정의·동적 template·상위함수 호출을 실제 렌더 결과와 연결","해당 원본 컨트롤의 노출 조건·클릭/필터/취소 결과를 Golden fixture로 검증","<input id=""dv-wamt"" type=""number"" min=""0"" step=""10000"" value=""'+(wonAmt(item)||'')+'"" placeholder=""계약 확정 금액"">"
"C00206","UNRESOLVED_CONTROL","renderDetailBase: 금액 저장","페이지 데이터/상태 경로: 정확한 runtime reachability 미확인","직접 literal write 발견 없음; 간접 호출은 미확인","golden/crm.html:4378","미확정: 원본 handler/template 추적 필요","TEST_MISSING","중복정의·동적 template·상위함수 호출을 실제 렌더 결과와 연결","해당 원본 컨트롤의 노출 조건·클릭/필터/취소 결과를 Golden fixture로 검증","<button class=""dact"" style=""width:100%"" onclick=""saveBasics()"">"
"C00207","UNRESOLVED_CONTROL","renderDetailBase: '+ACTIVITY_TYPES.map(function(t){return '","페이지 데이터/상태 경로: 정확한 runtime reachability 미확인","직접 literal write 발견 없음; 간접 호출은 미확인","golden/crm.html:4380","미확정: 원본 handler/template 추적 필요","TEST_MISSING","중복정의·동적 template·상위함수 호출을 실제 렌더 결과와 연결","해당 원본 컨트롤의 노출 조건·클릭/필터/취소 결과를 Golden fixture로 검증","<select id=""dv-act-type"">"
"C00208","UNRESOLVED_CONTROL","renderDetailBase: input","페이지 데이터/상태 경로: 정확한 runtime reachability 미확인","직접 literal write 발견 없음; 간접 호출은 미확인","golden/crm.html:4380","미확정: 원본 handler/template 추적 필요","TEST_MISSING","중복정의·동적 template·상위함수 호출을 실제 렌더 결과와 연결","해당 원본 컨트롤의 노출 조건·클릭/필터/취소 결과를 Golden fixture로 검증","<input id=""dv-act-at"" type=""datetime-local"" value=""'+localDateTimeValue()+'"">"
"C00209","UNRESOLVED_CONTROL","renderDetailBase: textarea","페이지 데이터/상태 경로: 정확한 runtime reachability 미확인","직접 literal write 발견 없음; 간접 호출은 미확인","golden/crm.html:4380","미확정: 원본 handler/template 추적 필요","TEST_MISSING","중복정의·동적 template·상위함수 호출을 실제 렌더 결과와 연결","해당 원본 컨트롤의 노출 조건·클릭/필터/취소 결과를 Golden fixture로 검증","<textarea id=""dv-act-note"" placeholder=""예: 관리소장과 통화해 옥상 방수 범위 확인"">"
"C00210","UNRESOLVED_CONTROL","renderDetailBase: textarea","페이지 데이터/상태 경로: 정확한 runtime reachability 미확인","직접 literal write 발견 없음; 간접 호출은 미확인","golden/crm.html:4380","미확정: 원본 handler/template 추적 필요","TEST_MISSING","중복정의·동적 template·상위함수 호출을 실제 렌더 결과와 연결","해당 원본 컨트롤의 노출 조건·클릭/필터/취소 결과를 Golden fixture로 검증","<textarea id=""dv-act-result"" placeholder=""예: 도면 수신 후 견적 요청, 9/2 재통화"">"
"C00211","UNRESOLVED_CONTROL","renderDetailBase: 활동 저장","페이지 데이터/상태 경로: 정확한 runtime reachability 미확인","직접 literal write 발견 없음; 간접 호출은 미확인","golden/crm.html:4380","미확정: 원본 handler/template 추적 필요","TEST_MISSING","중복정의·동적 template·상위함수 호출을 실제 렌더 결과와 연결","해당 원본 컨트롤의 노출 조건·클릭/필터/취소 결과를 Golden fixture로 검증","<button class=""dact pri"" onclick=""addDetailActivity()"">"
"C00212","UNRESOLVED_CONTROL","renderDetailBase: '+ACTIVITY_TYPES.map(function(t){return '","페이지 데이터/상태 경로: 정확한 runtime reachability 미확인","직접 literal write 발견 없음; 간접 호출은 미확인","golden/crm.html:4382","미확정: 원본 handler/template 추적 필요","TEST_MISSING","중복정의·동적 template·상위함수 호출을 실제 렌더 결과와 연결","해당 원본 컨트롤의 노출 조건·클릭/필터/취소 결과를 Golden fixture로 검증","<select id=""dv-na-type"">"
"C00213","UNRESOLVED_CONTROL","renderDetailBase: input","페이지 데이터/상태 경로: 정확한 runtime reachability 미확인","직접 literal write 발견 없음; 간접 호출은 미확인","golden/crm.html:4382","미확정: 원본 handler/template 추적 필요","TEST_MISSING","중복정의·동적 template·상위함수 호출을 실제 렌더 결과와 연결","해당 원본 컨트롤의 노출 조건·클릭/필터/취소 결과를 Golden fixture로 검증","<input id=""dv-na-date"" type=""date"" value=""'+escAttr(na&&na.due||'')+'"">"
"C00214","UNRESOLVED_CONTROL","renderDetailBase: input","페이지 데이터/상태 경로: 정확한 runtime reachability 미확인","직접 literal write 발견 없음; 간접 호출은 미확인","golden/crm.html:4382","미확정: 원본 handler/template 추적 필요","TEST_MISSING","중복정의·동적 template·상위함수 호출을 실제 렌더 결과와 연결","해당 원본 컨트롤의 노출 조건·클릭/필터/취소 결과를 Golden fixture로 검증","<input id=""dv-na-text"" value=""'+escAttr(na&&na.text||'')+'"" placeholder=""예: 견적서 검토 여부 확인 전화"">"
"C00215","UNRESOLVED_CONTROL","renderDetailBase: 다음 행동 저장","페이지 데이터/상태 경로: 정확한 runtime reachability 미확인","직접 literal write 발견 없음; 간접 호출은 미확인","golden/crm.html:4382","미확정: 원본 handler/template 추적 필요","TEST_MISSING","중복정의·동적 template·상위함수 호출을 실제 렌더 결과와 연결","해당 원본 컨트롤의 노출 조건·클릭/필터/취소 결과를 Golden fixture로 검증","<button class=""dact pri"" onclick=""saveNextAction()"">"
"C00216","UNRESOLVED_CONTROL","renderDetailBase: 7일 재접촉 자동입력","페이지 데이터/상태 경로: 정확한 runtime reachability 미확인","직접 literal write 발견 없음; 간접 호출은 미확인","golden/crm.html:4382","미확정: 원본 handler/template 추적 필요","TEST_MISSING","중복정의·동적 template·상위함수 호출을 실제 렌더 결과와 연결","해당 원본 컨트롤의 노출 조건·클릭/필터/취소 결과를 Golden fixture로 검증","<button class=""dact warn"" onclick=""scheduleFocus()"">"
"C00217","UNRESOLVED_CONTROL","renderDetailBase: ＋ 활동 기록","페이지 데이터/상태 경로: 정확한 runtime reachability 미확인","직접 literal write 발견 없음; 간접 호출은 미확인","golden/crm.html:4384","미확정: 원본 handler/template 추적 필요","TEST_MISSING","중복정의·동적 template·상위함수 호출을 실제 렌더 결과와 연결","해당 원본 컨트롤의 노출 조건·클릭/필터/취소 결과를 Golden fixture로 검증","<button class=""dact"" onclick=""detailTabFocus(\'영업활동\')"">"
"C00218","UNRESOLVED_CONTROL","renderDetailBase: 🔀 사업유형 전환","페이지 데이터/상태 경로: 정확한 runtime reachability 미확인","직접 literal write 발견 없음; 간접 호출은 미확인","golden/crm.html:4384","미확정: 원본 handler/template 추적 필요","TEST_MISSING","중복정의·동적 template·상위함수 호출을 실제 렌더 결과와 연결","해당 원본 컨트롤의 노출 조건·클릭/필터/취소 결과를 Golden fixture로 검증","<button class=""dact warn"" onclick=""openBizChange()"">"
"C00219","UNRESOLVED_CONTROL","renderDetailBase: 단계 전환 →","페이지 데이터/상태 경로: 정확한 runtime reachability 미확인","직접 literal write 발견 없음; 간접 호출은 미확인","golden/crm.html:4384","미확정: 원본 handler/template 추적 필요","TEST_MISSING","중복정의·동적 template·상위함수 호출을 실제 렌더 결과와 연결","해당 원본 컨트롤의 노출 조건·클릭/필터/취소 결과를 Golden fixture로 검증","<button class=""dact pri"" onclick=""openTransition()"">"
"C00220","UNRESOLVED_CONTROL","openTransition: '+transitionOptions(idx,CUR_DETAIL.kind)+'","페이지 데이터/상태 경로: 정확한 runtime reachability 미확인","직접 literal write 발견 없음; 간접 호출은 미확인","golden/crm.html:4427","미확정: 원본 handler/template 추적 필요","TEST_MISSING","중복정의·동적 template·상위함수 호출을 실제 렌더 결과와 연결","해당 원본 컨트롤의 노출 조건·클릭/필터/취소 결과를 Golden fixture로 검증","<select id=""tr-target"" onchange=""transitionTargetChanged()"">"
"C00221","UNRESOLVED_CONTROL","openTransition: textarea","페이지 데이터/상태 경로: 정확한 runtime reachability 미확인","직접 literal write 발견 없음; 간접 호출은 미확인","golden/crm.html:4427","미확정: 원본 handler/template 추적 필요","TEST_MISSING","중복정의·동적 template·상위함수 호출을 실제 렌더 결과와 연결","해당 원본 컨트롤의 노출 조건·클릭/필터/취소 결과를 Golden fixture로 검증","<textarea id=""tr-did"" placeholder=""예: 현장 실측과 관리소장 요구사항 확인 완료"">"
"C00222","UNRESOLVED_CONTROL","openTransition: textarea","페이지 데이터/상태 경로: 정확한 runtime reachability 미확인","직접 literal write 발견 없음; 간접 호출은 미확인","golden/crm.html:4427","미확정: 원본 handler/template 추적 필요","TEST_MISSING","중복정의·동적 template·상위함수 호출을 실제 렌더 결과와 연결","해당 원본 컨트롤의 노출 조건·클릭/필터/취소 결과를 Golden fixture로 검증","<textarea id=""tr-result"" placeholder=""예: 견적 산출 가능, 경쟁사 2곳과 비교 예정"">"
"C00223","UNRESOLVED_CONTROL","openTransition: '+reasonOptionsFor($('#tr-target')?$('#tr-target').value:'')+'","페이지 데이터/상태 경로: 정확한 runtime reachability 미확인","직접 literal write 발견 없음; 간접 호출은 미확인","golden/crm.html:4427","미확정: 원본 handler/template 추적 필요","TEST_MISSING","중복정의·동적 template·상위함수 호출을 실제 렌더 결과와 연결","해당 원본 컨트롤의 노출 조건·클릭/필터/취소 결과를 Golden fixture로 검증","<select id=""tr-reason"">"
"C00224","UNRESOLVED_CONTROL","openTransition: input","페이지 데이터/상태 경로: 정확한 runtime reachability 미확인","직접 literal write 발견 없음; 간접 호출은 미확인","golden/crm.html:4427","미확정: 원본 handler/template 추적 필요","TEST_MISSING","중복정의·동적 template·상위함수 호출을 실제 렌더 결과와 연결","해당 원본 컨트롤의 노출 조건·클릭/필터/취소 결과를 Golden fixture로 검증","<input id=""tr-next"" placeholder=""예: 견적서 발송 후 확인 전화"">"
"C00225","UNRESOLVED_CONTROL","openTransition: input","페이지 데이터/상태 경로: 정확한 runtime reachability 미확인","직접 literal write 발견 없음; 간접 호출은 미확인","golden/crm.html:4427","미확정: 원본 handler/template 추적 필요","TEST_MISSING","중복정의·동적 template·상위함수 호출을 실제 렌더 결과와 연결","해당 원본 컨트롤의 노출 조건·클릭/필터/취소 결과를 Golden fixture로 검증","<input id=""tr-due"" type=""date"">"
"C00226","UNRESOLVED_CONTROL","openTransition: 취소","페이지 데이터/상태 경로: 정확한 runtime reachability 미확인","직접 literal write 발견 없음; 간접 호출은 미확인","golden/crm.html:4427","미확정: 원본 handler/template 추적 필요","TEST_MISSING","중복정의·동적 template·상위함수 호출을 실제 렌더 결과와 연결","해당 원본 컨트롤의 노출 조건·클릭/필터/취소 결과를 Golden fixture로 검증","<button class=""dact"" onclick=""closeTransition()"">"
"C00227","UNRESOLVED_CONTROL","openTransition: 전환 내용 저장","페이지 데이터/상태 경로: 정확한 runtime reachability 미확인","직접 literal write 발견 없음; 간접 호출은 미확인","golden/crm.html:4427","미확정: 원본 handler/template 추적 필요","TEST_MISSING","중복정의·동적 template·상위함수 호출을 실제 렌더 결과와 연결","해당 원본 컨트롤의 노출 조건·클릭/필터/취소 결과를 Golden fixture로 검증","<button class=""dact pri"" onclick=""confirmTransition()"">"
"C00228","UNRESOLVED_CONTROL","trStageQuick: '+esc(stageNoLabel(c))+'","페이지 데이터/상태 경로: 정확한 runtime reachability 미확인","직접 literal write 발견 없음; 간접 호출은 미확인","golden/crm.html:4433","미확정: 원본 handler/template 추적 필요","TEST_MISSING","중복정의·동적 template·상위함수 호출을 실제 렌더 결과와 연결","해당 원본 컨트롤의 노출 조건·클릭/필터/취소 결과를 Golden fixture로 검증","<button type=""button"" class=""trq next"" onclick=""trPick(\''+c+'\')"">"
"C00229","UNRESOLVED_CONTROL","trStageQuick: '+esc(x[1])+'","페이지 데이터/상태 경로: 정확한 runtime reachability 미확인","직접 literal write 발견 없음; 간접 호출은 미확인","golden/crm.html:4435","미확정: 원본 handler/template 추적 필요","TEST_MISSING","중복정의·동적 template·상위함수 호출을 실제 렌더 결과와 연결","해당 원본 컨트롤의 노출 조건·클릭/필터/취소 결과를 Golden fixture로 검증","<button type=""button"" class=""trq end"" onclick=""trPick(\''+x[0]+'\')"">"
"C00230","UNRESOLVED_CONTROL","sharedFilterBar: '+reps.map(function(r){return '","페이지 데이터/상태 경로: 정확한 runtime reachability 미확인","직접 literal write 발견 없음; 간접 호출은 미확인","golden/crm.html:4622","미확정: 원본 handler/template 추적 필요","TEST_MISSING","중복정의·동적 template·상위함수 호출을 실제 렌더 결과와 연결","해당 원본 컨트롤의 노출 조건·클릭/필터/취소 결과를 Golden fixture로 검증","<select onchange=""G.rep=this.value;G.stageCol=null;paint()"">"
"C00231","UNRESOLVED_CONTROL","sharedFilterBar: '+subs.map(function(s){return '","페이지 데이터/상태 경로: 정확한 runtime reachability 미확인","직접 literal write 발견 없음; 간접 호출은 미확인","golden/crm.html:4622","미확정: 원본 handler/template 추적 필요","TEST_MISSING","중복정의·동적 template·상위함수 호출을 실제 렌더 결과와 연결","해당 원본 컨트롤의 노출 조건·클릭/필터/취소 결과를 Golden fixture로 검증","<select onchange=""G.pipeSub=this.value;paint()"">"
"C00232","UNRESOLVED_CONTROL","sharedFilterBar: '+['전체','기한초과','미응대','무행동','장기정체','다음행동없음','오늘','정상','미래대기'].map(function(s){ret","페이지 데이터/상태 경로: 정확한 runtime reachability 미확인","직접 literal write 발견 없음; 간접 호출은 미확인","golden/crm.html:4622","미확정: 원본 handler/template 추적 필요","TEST_MISSING","중복정의·동적 template·상위함수 호출을 실제 렌더 결과와 연결","해당 원본 컨트롤의 노출 조건·클릭/필터/취소 결과를 Golden fixture로 검증","<select onchange=""G.pipeStatus=this.value;paint()"">"
"C00233","UNRESOLVED_CONTROL","sharedFilterBar: '+[['전체','전체'],['30','30일+'],['90','90일+'],['180','180일+'],['365','365일+']].map(","페이지 데이터/상태 경로: 정확한 runtime reachability 미확인","직접 literal write 발견 없음; 간접 호출은 미확인","golden/crm.html:4622","미확정: 원본 handler/template 추적 필요","TEST_MISSING","중복정의·동적 template·상위함수 호출을 실제 렌더 결과와 연결","해당 원본 컨트롤의 노출 조건·클릭/필터/취소 결과를 Golden fixture로 검증","<select onchange=""G.pipeAge=this.value;paint()"">"
"C00234","UNRESOLVED_CONTROL","sharedFilterBar: '+['우선순위','최근 활동','오래된 활동','금액 큰순','담당자'].map(function(s){return '","페이지 데이터/상태 경로: 정확한 runtime reachability 미확인","직접 literal write 발견 없음; 간접 호출은 미확인","golden/crm.html:4622","미확정: 원본 handler/template 추적 필요","TEST_MISSING","중복정의·동적 template·상위함수 호출을 실제 렌더 결과와 연결","해당 원본 컨트롤의 노출 조건·클릭/필터/취소 결과를 Golden fixture로 검증","<select onchange=""G.pipeSort=this.value;paint()"">"
"C00235","UNRESOLVED_CONTROL","sharedFilterBar: 필터 초기화","페이지 데이터/상태 경로: 정확한 runtime reachability 미확인","직접 literal write 발견 없음; 간접 호출은 미확인","golden/crm.html:4622","미확정: 원본 handler/template 추적 필요","TEST_MISSING","중복정의·동적 template·상위함수 호출을 실제 렌더 결과와 연결","해당 원본 컨트롤의 노출 조건·클릭/필터/취소 결과를 Golden fixture로 검증","<button class=""reset"" onclick=""G.rep=&quot;전체&quot;;G.pipeSub=&quot;전체&quot;;G.pipeStatus=&quot;전체&quot;;G.pipeAge=&quot;전체&quot;;G.pipeSort=&quot;우선순위&quot;;G.stageCol=null;paint()"">"
"C00236","UNRESOLVED_CONTROL","pipelineMatrix: ","페이지 데이터/상태 경로: 정확한 runtime reachability 미확인","직접 literal write 발견 없음; 간접 호출은 미확인","golden/crm.html:4623","미확정: 원본 handler/template 추적 필요","TEST_MISSING","중복정의·동적 template·상위함수 호출을 실제 렌더 결과와 연결","해당 원본 컨트롤의 노출 조건·클릭/필터/취소 결과를 Golden fixture로 검증","<=5}).length;h+='<div class=""mc"" data-rep=""'+esc(r)+'"" data-stage=""'+ci+'"" onclick=""matrixFilter(this.dataset.rep,Number(this.dataset.stage))"">"
"C00237","UNRESOLVED_CONTROL","denseCard: div","페이지 데이터/상태 경로: 정확한 runtime reachability 미확인","직접 literal write 발견 없음; 간접 호출은 미확인","golden/crm.html:4625","미확정: 원본 handler/template 추적 필요","TEST_MISSING","중복정의·동적 template·상위함수 호출을 실제 렌더 결과와 연결","해당 원본 컨트롤의 노출 조건·클릭/필터/취소 결과를 Golden fixture로 검증","<div class=""dense-card '+p.cls+'"" onclick=\'drwDeal('+JSON.stringify(JSON.stringify(d))+')\'>"
"C00238","UNRESOLVED_CONTROL","paintStageList: ← 칸반","페이지 데이터/상태 경로: 정확한 runtime reachability 미확인","직접 literal write 발견 없음; 간접 호출은 미확인","golden/crm.html:4628","미확정: 원본 handler/template 추적 필요","TEST_MISSING","중복정의·동적 template·상위함수 호출을 실제 렌더 결과와 연결","해당 원본 컨트롤의 노출 조건·클릭/필터/취소 결과를 Golden fixture로 검증","<button class=""reset"" onclick=""G.stageCol=null;G.pipeView=\'kb\';paint()"">"
"C00239","UNRESOLVED_CONTROL","paintStageList: select","페이지 데이터/상태 경로: 정확한 runtime reachability 미확인","직접 literal write 발견 없음; 간접 호출은 미확인","golden/crm.html:4628","미확정: 원본 handler/template 추적 필요","TEST_MISSING","중복정의·동적 template·상위함수 호출을 실제 렌더 결과와 연결","해당 원본 컨트롤의 노출 조건·클릭/필터/취소 결과를 Golden fixture로 검증","<select id=""bulkAssignee"">"
"C00240","UNRESOLVED_CONTROL","paintStageList: select","페이지 데이터/상태 경로: 정확한 runtime reachability 미확인","직접 literal write 발견 없음; 간접 호출은 미확인","golden/crm.html:4628","미확정: 원본 handler/template 추적 필요","TEST_MISSING","중복정의·동적 template·상위함수 호출을 실제 렌더 결과와 연결","해당 원본 컨트롤의 노출 조건·클릭/필터/취소 결과를 Golden fixture로 검증","<select id=""bulkStage"">"
"C00241","UNRESOLVED_CONTROL","paintStageList: input","페이지 데이터/상태 경로: 정확한 runtime reachability 미확인","직접 literal write 발견 없음; 간접 호출은 미확인","golden/crm.html:4628","미확정: 원본 handler/template 추적 필요","TEST_MISSING","중복정의·동적 template·상위함수 호출을 실제 렌더 결과와 연결","해당 원본 컨트롤의 노출 조건·클릭/필터/취소 결과를 Golden fixture로 검증","<input id=""bulkNext"" placeholder=""공통 다음 행동"">"
"C00242","UNRESOLVED_CONTROL","paintStageList: input","페이지 데이터/상태 경로: 정확한 runtime reachability 미확인","직접 literal write 발견 없음; 간접 호출은 미확인","golden/crm.html:4628","미확정: 원본 handler/template 추적 필요","TEST_MISSING","중복정의·동적 template·상위함수 호출을 실제 렌더 결과와 연결","해당 원본 컨트롤의 노출 조건·클릭/필터/취소 결과를 Golden fixture로 검증","<input id=""bulkReason"" placeholder=""변경 사유(필수)"">"
"C00243","UNRESOLVED_CONTROL","paintStageList: 선택 건 적용","페이지 데이터/상태 경로: 정확한 runtime reachability 미확인","직접 literal write 발견 없음; 간접 호출은 미확인","golden/crm.html:4628","미확정: 원본 handler/template 추적 필요","TEST_MISSING","중복정의·동적 template·상위함수 호출을 실제 렌더 결과와 연결","해당 원본 컨트롤의 노출 조건·클릭/필터/취소 결과를 Golden fixture로 검증","<button onclick=""applyBulk()"">"
"C00244","UNRESOLVED_CONTROL","paintStageList: div","페이지 데이터/상태 경로: 정확한 runtime reachability 미확인","직접 literal write 발견 없음; 간접 호출은 미확인","golden/crm.html:4628","미확정: 원본 handler/template 추적 필요","TEST_MISSING","중복정의·동적 template·상위함수 호출을 실제 렌더 결과와 연결","해당 원본 컨트롤의 노출 조건·클릭/필터/취소 결과를 Golden fixture로 검증","<div class=""stage-list-row"" onclick=\'drwDeal('+JSON.stringify(JSON.stringify(d))+')\'>"
"C00245","UNRESOLVED_CONTROL","paintStageList: input","페이지 데이터/상태 경로: 정확한 runtime reachability 미확인","직접 literal write 발견 없음; 간접 호출은 미확인","golden/crm.html:4628","미확정: 원본 handler/template 추적 필요","TEST_MISSING","중복정의·동적 template·상위함수 호출을 실제 렌더 결과와 연결","해당 원본 컨트롤의 노출 조건·클릭/필터/취소 결과를 Golden fixture로 검증","<input type=""checkbox"" '+(BULK_SEL[k]?'checked':'')+' onclick=""event.stopPropagation();toggleBulk('+JSON.stringify(k)+',this.checked)"">"
"C00246","UNRESOLVED_CONTROL","paintStageList: 다음 50건 더 보기","페이지 데이터/상태 경로: 정확한 runtime reachability 미확인","직접 literal write 발견 없음; 간접 호출은 미확인","golden/crm.html:4628","미확정: 원본 handler/template 추적 필요","TEST_MISSING","중복정의·동적 template·상위함수 호출을 실제 렌더 결과와 연결","해당 원본 컨트롤의 노출 조건·클릭/필터/취소 결과를 Golden fixture로 검증","<button class=""dense-more"" onclick=""G.stagePage++;paint()"">"
"C00247","F27","paintPipe: '+b+'","B.deals + Stage/amount/owner/risk/Next","직접 literal write 발견 없음; 간접 호출은 미확인","golden/crm.html:4638","crm_read_scoped_v2 부분 / deals reader 초안","CONTRACT_MISSING","기존 모든 보기·stage column·정렬·기간/브랜드·관리카드 필드 부족","모든 보기 동일 ID집합/금액·상세유지·역할별 비노출","<span class=""bt clk '+(G.brand===b?'on':'')+'"" data-brand=""'+escAttr(b)+'"" onclick=""G.brand=this.dataset.brand;G.stageCol=null;paint()"">"
"C00248","F27","paintPipe: ＋ 영업 추가","B.deals + Stage/amount/owner/risk/Next","직접 literal write 발견 없음; 간접 호출은 미확인","golden/crm.html:4638","crm_read_scoped_v2 부분 / deals reader 초안","CONTRACT_MISSING","기존 모든 보기·stage column·정렬·기간/브랜드·관리카드 필드 부족","모든 보기 동일 ID집합/금액·상세유지·역할별 비노출","<button class=""addbiz"" onclick=""openNewDeal()"">"
"C00249","F27","paintPipe: 🗂️ 칸반 보드","B.deals + Stage/amount/owner/risk/Next","직접 literal write 발견 없음; 간접 호출은 미확인","golden/crm.html:4638","crm_read_scoped_v2 부분 / deals reader 초안","CONTRACT_MISSING","기존 모든 보기·stage column·정렬·기간/브랜드·관리카드 필드 부족","모든 보기 동일 ID집합/금액·상세유지·역할별 비노출","<span class=""clk '+(['fc','closed','console','split'].indexOf(G.pipeView)<0?'on':'')+'"" onclick=""G.pipeView=\'kb\';G.stageCol=null;G.consoleMacro=null;paint()"">"
"C00250","F27","paintPipe: 🪟 스플릿","B.deals + Stage/amount/owner/risk/Next","직접 literal write 발견 없음; 간접 호출은 미확인","golden/crm.html:4638","crm_read_scoped_v2 부분 / deals reader 초안","CONTRACT_MISSING","기존 모든 보기·stage column·정렬·기간/브랜드·관리카드 필드 부족","모든 보기 동일 ID집합/금액·상세유지·역할별 비노출","<span class=""clk '+(G.pipeView==='split'?'on':'')+'"" onclick=""G.pipeView=\'split\';paint()"">"
"C00251","F27","paintPipe: 📈 포캐스트","B.deals + Stage/amount/owner/risk/Next","직접 literal write 발견 없음; 간접 호출은 미확인","golden/crm.html:4638","crm_read_scoped_v2 부분 / deals reader 초안","CONTRACT_MISSING","기존 모든 보기·stage column·정렬·기간/브랜드·관리카드 필드 부족","모든 보기 동일 ID집합/금액·상세유지·역할별 비노출","<span class=""clk '+(G.pipeView==='fc'?'on':'')+'"" onclick=""setPipeView(\'fc\')"">"
"C00252","UNRESOLVED_CONTROL","ctlMatrix: ","페이지 데이터/상태 경로: 정확한 runtime reachability 미확인","직접 literal write 발견 없음; 간접 호출은 미확인","golden/crm.html:4650","미확정: 원본 handler/template 추적 필요","TEST_MISSING","중복정의·동적 template·상위함수 호출을 실제 렌더 결과와 연결","해당 원본 컨트롤의 노출 조건·클릭/필터/취소 결과를 Golden fixture로 검증","<=5}).length;h+='<div class=""mc"" onclick=\'G.rep='+JSON.stringify(rep)+';G.ctlStage='+JSON.stringify(String(i))+';G.ctlKpi=""전체"";paint()\'>"
"C00253","UNRESOLVED_CONTROL","flowHTML: active","페이지 데이터/상태 경로: 정확한 runtime reachability 미확인","직접 literal write 발견 없음; 간접 호출은 미확인","golden/crm.html:4658","미확정: 원본 handler/template 추적 필요","TEST_MISSING","중복정의·동적 template·상위함수 호출을 실제 렌더 결과와 연결","해당 원본 컨트롤의 노출 조건·클릭/필터/취소 결과를 Golden fixture로 검증","<active,now=active===i,v=counts&&Number.isFinite(Number(counts[i]))?Number(counts[i]):null;return '<div class=""jstep '+(done?'done ':'')+(now?'now':'')+'"" onclick=""journeyStageClick('+i+')"">"
"C00254","UNRESOLVED_CONTROL","unifiedTimelineHTML: div","페이지 데이터/상태 경로: 정확한 runtime reachability 미확인","직접 literal write 발견 없음; 간접 호출은 미확인","golden/crm.html:4808","미확정: 원본 handler/template 추적 필요","TEST_MISSING","중복정의·동적 template·상위함수 호출을 실제 렌더 결과와 연결","해당 원본 컨트롤의 노출 조건·클릭/필터/취소 결과를 Golden fixture로 검증","<div class=""utlhead"" onclick=""utlToggle(this)"">"
"C00255","UNRESOLVED_CONTROL","unifiedTimelineHTML: 이전 응대 '+(R.length-lim)+'건 더 보기","페이지 데이터/상태 경로: 정확한 runtime reachability 미확인","직접 literal write 발견 없음; 간접 호출은 미확인","golden/crm.html:4819","미확정: 원본 handler/template 추적 필요","TEST_MISSING","중복정의·동적 template·상위함수 호출을 실제 렌더 결과와 연결","해당 원본 컨트롤의 노출 조건·클릭/필터/취소 결과를 Golden fixture로 검증","<button class=""utlmore"" onclick=""utlShowAll()"">"
"C00256","UNRESOLVED_CONTROL","bEmpty: '+esc(btn)+'","페이지 데이터/상태 경로: 정확한 runtime reachability 미확인","직접 literal write 발견 없음; 간접 호출은 미확인","golden/crm.html:4873","미확정: 원본 handler/template 추적 필요","TEST_MISSING","중복정의·동적 template·상위함수 호출을 실제 렌더 결과와 연결","해당 원본 컨트롤의 노출 조건·클릭/필터/취소 결과를 Golden fixture로 검증","<button data-a=""'+escAttr(arg||'')+'"" onclick=""'+act+'"">"
"C00257","UNRESOLVED_CONTROL","briefHTML: 📞 전화","페이지 데이터/상태 경로: 정확한 runtime reachability 미확인","직접 literal write 발견 없음; 간접 호출은 미확인","golden/crm.html:4879","미확정: 원본 handler/template 추적 필요","TEST_MISSING","중복정의·동적 template·상위함수 호출을 실제 렌더 결과와 연결","해당 원본 컨트롤의 노출 조건·클릭/필터/취소 결과를 Golden fixture로 검증","<button class=""pri"" onclick=""briefCall()"">"
"C00258","UNRESOLVED_CONTROL","briefHTML: ✉ 문자","페이지 데이터/상태 경로: 정확한 runtime reachability 미확인","직접 literal write 발견 없음; 간접 호출은 미확인","golden/crm.html:4880","미확정: 원본 handler/template 추적 필요","TEST_MISSING","중복정의·동적 template·상위함수 호출을 실제 렌더 결과와 연결","해당 원본 컨트롤의 노출 조건·클릭/필터/취소 결과를 Golden fixture로 검증","<button onclick=""briefSms()"">"
"C00259","UNRESOLVED_CONTROL","briefHTML: 📋 번호 복사","페이지 데이터/상태 경로: 정확한 runtime reachability 미확인","직접 literal write 발견 없음; 간접 호출은 미확인","golden/crm.html:4881","미확정: 원본 handler/template 추적 필요","TEST_MISSING","중복정의·동적 template·상위함수 호출을 실제 렌더 결과와 연결","해당 원본 컨트롤의 노출 조건·클릭/필터/취소 결과를 Golden fixture로 검증","<button onclick=""briefCopy()"">"
"C00260","UNRESOLVED_CONTROL","briefHTML: 📞 전화","페이지 데이터/상태 경로: 정확한 runtime reachability 미확인","직접 literal write 발견 없음; 간접 호출은 미확인","golden/crm.html:4882","미확정: 원본 handler/template 추적 필요","TEST_MISSING","중복정의·동적 template·상위함수 호출을 실제 렌더 결과와 연결","해당 원본 컨트롤의 노출 조건·클릭/필터/취소 결과를 Golden fixture로 검증","<button disabled title=""이 현장에 연락처가 없습니다"">"
"C00261","UNRESOLVED_CONTROL","briefHTML: ✉ 문자","페이지 데이터/상태 경로: 정확한 runtime reachability 미확인","직접 literal write 발견 없음; 간접 호출은 미확인","golden/crm.html:4883","미확정: 원본 handler/template 추적 필요","TEST_MISSING","중복정의·동적 template·상위함수 호출을 실제 렌더 결과와 연결","해당 원본 컨트롤의 노출 조건·클릭/필터/취소 결과를 Golden fixture로 검증","<button disabled title=""이 현장에 연락처가 없습니다"">"
"C00262","UNRESOLVED_CONTROL","briefHTML: 📅 다음 행동","페이지 데이터/상태 경로: 정확한 runtime reachability 미확인","직접 literal write 발견 없음; 간접 호출은 미확인","golden/crm.html:4884","미확정: 원본 handler/template 추적 필요","TEST_MISSING","중복정의·동적 template·상위함수 호출을 실제 렌더 결과와 연결","해당 원본 컨트롤의 노출 조건·클릭/필터/취소 결과를 Golden fixture로 검증","<button data-a=""일정"" onclick=""detailTabFocus(this.dataset.a)"">"
"C00263","UNRESOLVED_CONTROL","briefHTML: ＋ 연락처 없음","페이지 데이터/상태 경로: 정확한 runtime reachability 미확인","직접 literal write 발견 없음; 간접 호출은 미확인","golden/crm.html:4886","미확정: 원본 handler/template 추적 필요","TEST_MISSING","중복정의·동적 template·상위함수 호출을 실제 렌더 결과와 연결","해당 원본 컨트롤의 노출 조건·클릭/필터/취소 결과를 Golden fixture로 검증","<button class=""bph no"" onclick=""openQuickContact()"">"
"C00264","UNRESOLVED_CONTROL","briefHTML: 통화 완료 · 내용 남기기","페이지 데이터/상태 경로: 정확한 runtime reachability 미확인","직접 literal write 발견 없음; 간접 호출은 미확인","golden/crm.html:4891","미확정: 원본 handler/template 추적 필요","TEST_MISSING","중복정의·동적 template·상위함수 호출을 실제 렌더 결과와 연결","해당 원본 컨트롤의 노출 조건·클릭/필터/취소 결과를 Golden fixture로 검증","<button onclick=""briefCallDone()"">"
"C00265","UNRESOLVED_CONTROL","briefHTML: 취소","페이지 데이터/상태 경로: 정확한 runtime reachability 미확인","직접 literal write 발견 없음; 간접 호출은 미확인","golden/crm.html:4892","미확정: 원본 handler/template 추적 필요","TEST_MISSING","중복정의·동적 template·상위함수 호출을 실제 렌더 결과와 연결","해당 원본 컨트롤의 노출 조건·클릭/필터/취소 결과를 Golden fixture로 검증","<button class=""gh"" onclick=""briefCallCancel()"">"
"C00266","UNRESOLVED_CONTROL","renderDetail: '+t+'","페이지 데이터/상태 경로: 정확한 runtime reachability 미확인","직접 literal write 발견 없음; 간접 호출은 미확인","golden/crm.html:4971","미확정: 원본 handler/template 추적 필요","TEST_MISSING","중복정의·동적 template·상위함수 호출을 실제 렌더 결과와 연결","해당 원본 컨트롤의 노출 조건·클릭/필터/취소 결과를 Golden fixture로 검증","<button class=""'+(G.detailTab===t?'on':'')+'"" data-tab=""'+esc(t)+'"" onclick=""detailTabFocus(this.dataset.tab)"">"
"C00267","UNRESOLVED_CONTROL","renderDetail: '+t+'","페이지 데이터/상태 경로: 정확한 runtime reachability 미확인","직접 literal write 발견 없음; 간접 호출은 미확인","golden/crm.html:4971","미확정: 원본 handler/template 추적 필요","TEST_MISSING","중복정의·동적 template·상위함수 호출을 실제 렌더 결과와 연결","해당 원본 컨트롤의 노출 조건·클릭/필터/취소 결과를 Golden fixture로 검증","<button class=""'+(G.actFilter===t?'on':'')+'"" data-type=""'+esc(t)+'"" onclick=""setActivityFilter(this.dataset.type)"">"
"C00268","UNRESOLVED_CONTROL","numLink: '+n+'","페이지 데이터/상태 경로: 정확한 runtime reachability 미확인","직접 literal write 발견 없음; 간접 호출은 미확인","golden/crm.html:5092","미확정: 원본 handler/template 추적 필요","TEST_MISSING","중복정의·동적 template·상위함수 호출을 실제 렌더 결과와 연결","해당 원본 컨트롤의 노출 조건·클릭/필터/취소 결과를 Golden fixture로 검증","<button class=""linknum"" onclick=""goOpsIssue(\''+kind+'\',\''+(rep||'전체')+'\','+(stage===undefined?'null':stage)+')"">"
"C00269","UNRESOLVED_CONTROL","metricCard: button","페이지 데이터/상태 경로: 정확한 runtime reachability 미확인","직접 literal write 발견 없음; 간접 호출은 미확인","golden/crm.html:5094","미확정: 원본 handler/template 추적 필요","TEST_MISSING","중복정의·동적 template·상위함수 호출을 실제 렌더 결과와 연결","해당 원본 컨트롤의 노출 조건·클릭/필터/취소 결과를 Golden fixture로 검증","<button class=""ops-kpi '+(pend?'pend':(tone||''))+'"" title=""'+esc(pend?'모바일 운영 후 자동 집계됩니다':(help||'문제 현장 바로보기'))+'"" onclick=""goOpsIssue(\''+kind+'\',\''+(targetNameFilter()||'전체')+'\',null)"">"
"C00270","F59","paintMgmt: 95","실제활동일/시스템갱신일/기한/필수항목","직접 literal write 발견 없음; 간접 호출은 미확인","golden/crm.html:5102","management projection v2 없음","CONTRACT_MISSING","활동을 추가했다는 이유만으로이슈자동해결 금지·수주임박카드 유지","미응대/3시간/90일/단계SLA/금액누락/무활동/Next 0 각각","<95?'warn':'good','현장·공사·사업·공종·담당·연락처·단계·다음 행동'),
qItems=[['미배정',S.unassigned.length,'unassigned'],['미응대',S.noResponse.length,'noResponse'],['Next Action 없음',S.nextMissing.length,'nextMissing'],['장기정체',S.stale.length,'stale']],
qHtml=qItems.map(function(x){return '<button onclick=""goOpsIssue(\''+x[2]+'\',\''+(targetNameFilter()||'전체')+'\',null)"">"
"C00271","F59","paintMgmt: '+n+'","실제활동일/시스템갱신일/기한/필수항목","직접 literal write 발견 없음; 간접 호출은 미확인","golden/crm.html:5105","management projection v2 없음","CONTRACT_MISSING","활동을 추가했다는 이유만으로이슈자동해결 금지·수주임박카드 유지","미응대/3시간/90일/단계SLA/금액누락/무활동/Next 0 각각","<button onclick=""goPerfRep(\''+n+'\')"">"
"C00272","F59","paintMgmt: '+n+'","실제활동일/시스템갱신일/기한/필수항목","직접 literal write 발견 없음; 간접 호출은 미확인","golden/crm.html:5105","management projection v2 없음","CONTRACT_MISSING","활동을 추가했다는 이유만으로이슈자동해결 금지·수주임박카드 유지","미응대/3시간/90일/단계SLA/금액누락/무활동/Next 0 각각","<button onclick=""goPerfRep(\''+n+'\')"">"
"C00273","F59","paintMgmt: button","실제활동일/시스템갱신일/기한/필수항목","직접 literal write 발견 없음; 간접 호출은 미확인","golden/crm.html:5105","management projection v2 없음","CONTRACT_MISSING","활동을 추가했다는 이유만으로이슈자동해결 금지·수주임박카드 유지","미응대/3시간/90일/단계SLA/금액누락/무활동/Next 0 각각","<button class=""matrixcell"" onclick=""goOpsIssue(\'all\',\''+n+'\','+i+')"">"
"C00274","UNRESOLVED_CONTROL","perfScoreSub: 100","페이지 데이터/상태 경로: 정확한 runtime reachability 미확인","직접 literal write 발견 없음; 간접 호출은 미확인","golden/crm.html:5136","미확정: 원본 handler/template 추적 필요","TEST_MISSING","중복정의·동적 template·상위함수 호출을 실제 렌더 결과와 연결","해당 원본 컨트롤의 노출 조건·클릭/필터/취소 결과를 Golden fixture로 검증","<100?' · 미수집 '+(100-P.available)+'점':'')}
function perfKpiButton(m,group){var pend=m.rate===null||m.rate===undefined,fill=pend?0:Math.max(0,Math.min(100,m.inverse?(m.rate<=m.targetRate?100:m.targetRate/m.rate*100):(m.targetRate?m.rate/m.targetRate*100:m.rate))),score=m.score===null?'미산정':m.score+' / '+m.weight;return '<button class=""perf-kpi"" onclick=""showPerfEvidence(\''+m.kind+'\',\''+m.name+'\')"" title=""'+escAttr(m.help||'근거 목록 보기')+'"">"
"C00275","UNRESOLVED_CONTROL","idx: button","페이지 데이터/상태 경로: 정확한 runtime reachability 미확인","직접 literal write 발견 없음; 간접 호출은 미확인","golden/crm.html:5159","미확정: 원본 handler/template 추적 필요","TEST_MISSING","중복정의·동적 template·상위함수 호출을 실제 렌더 결과와 연결","해당 원본 컨트롤의 노출 조건·클릭/필터/취소 결과를 Golden fixture로 검증","<button class=""perf-focus-row"" onclick=""openPerfDrawerDeal('+idx(d)+')"">"
"C00276","UNRESOLVED_CONTROL","idx: button","페이지 데이터/상태 경로: 정확한 runtime reachability 미확인","직접 literal write 발견 없음; 간접 호출은 미확인","golden/crm.html:5159","미확정: 원본 handler/template 추적 필요","TEST_MISSING","중복정의·동적 template·상위함수 호출을 실제 렌더 결과와 연결","해당 원본 컨트롤의 노출 조건·클릭/필터/취소 결과를 Golden fixture로 검증","<button class=""perf-focus-row perf-risk-row"" onclick=""openPerfDrawerDeal('+idx(d)+')"">"
"C00277","UNRESOLVED_CONTROL","perfEvidence: div","페이지 데이터/상태 경로: 정확한 runtime reachability 미확인","직접 literal write 발견 없음; 간접 호출은 미확인","golden/crm.html:5166","미확정: 원본 handler/template 추적 필요","TEST_MISSING","중복정의·동적 template·상위함수 호출을 실제 렌더 결과와 연결","해당 원본 컨트롤의 노출 조건·클릭/필터/취소 결과를 Golden fixture로 검증","<div class=""stage-list-row v3"" style=""grid-template-columns:minmax(260px,1.8fr) 120px 130px 130px"" onclick=""openPerfInq('+i+')"">"
"C00278","UNRESOLVED_CONTROL","perfEvidence: 0","페이지 데이터/상태 경로: 정확한 runtime reachability 미확인","직접 literal write 발견 없음; 간접 호출은 미확인","golden/crm.html:5167","미확정: 원본 handler/template 추적 필요","TEST_MISSING","중복정의·동적 template·상위함수 호출을 실제 렌더 결과와 연결","해당 원본 컨트롤의 노출 조건·클릭/필터/취소 결과를 Golden fixture로 검증","<0}),why=kind==='advanced'?'단계 전진 이력':kind==='perfIncomplete'?'필수 '+perfCrmMissing(d)+'개 누락':labs[0]||'정상';return '<div class=""stage-list-row v3"" style=""grid-template-columns:minmax(240px,1.6fr) 110px 150px 120px 120px"" onclick=""openPerfDeal('+i+')"">"
"C00279","UNRESOLVED_CONTROL","paintPerf: tr","페이지 데이터/상태 경로: 정확한 runtime reachability 미확인","직접 literal write 발견 없음; 간접 호출은 미확인","golden/crm.html:5170","미확정: 원본 handler/template 추적 필요","TEST_MISSING","중복정의·동적 template·상위함수 호출을 실제 렌더 결과와 연결","해당 원본 컨트롤의 노출 조건·클릭/필터/취소 결과를 Golden fixture로 검증","<tr onclick=""openPerfDrawer(\''+P.name+'\')"">"
"C00280","UNRESOLVED_CONTROL","paintBrief: '+n+'","페이지 데이터/상태 경로: 정확한 runtime reachability 미확인","직접 literal write 발견 없음; 간접 호출은 미확인","golden/crm.html:5173","미확정: 원본 handler/template 추적 필요","TEST_MISSING","중복정의·동적 template·상위함수 호출을 실제 렌더 결과와 연결","해당 원본 컨트롤의 노출 조건·클릭/필터/취소 결과를 Golden fixture로 검증","<button onclick=""goPerfRep(\''+n+'\')"">"
"C00281","UNRESOLVED_CONTROL","briefRows: 0","페이지 데이터/상태 경로: 정확한 runtime reachability 미확인","직접 literal write 발견 없음; 간접 호출은 미확인","golden/crm.html:5174","미확정: 원본 handler/template 추적 필요","TEST_MISSING","중복정의·동적 template·상위함수 호출을 실제 렌더 결과와 연결","해당 원본 컨트롤의 노출 조건·클릭/필터/취소 결과를 Golden fixture로 검증","<0});return '<button class=""brief-row"" onclick=""openBriefDeal('+(off+i)+')"">"
"C00282","UNRESOLVED_CONTROL","briefRows: button","페이지 데이터/상태 경로: 정확한 runtime reachability 미확인","직접 literal write 발견 없음; 간접 호출은 미확인","golden/crm.html:5175","미확정: 원본 handler/template 추적 필요","TEST_MISSING","중복정의·동적 template·상위함수 호출을 실제 렌더 결과와 연결","해당 원본 컨트롤의 노출 조건·클릭/필터/취소 결과를 Golden fixture로 검증","<button onclick=""goPage(\'perf\')"">"
"C00283","UNRESOLVED_CONTROL","briefRows: button","페이지 데이터/상태 경로: 정확한 runtime reachability 미확인","직접 literal write 발견 없음; 간접 호출은 미확인","golden/crm.html:5175","미확정: 원본 handler/template 추적 필요","TEST_MISSING","중복정의·동적 template·상위함수 호출을 실제 렌더 결과와 연결","해당 원본 컨트롤의 노출 조건·클릭/필터/취소 결과를 Golden fixture로 검증","<button onclick=""goOpsIssue(\'all\',\''+(target||'전체')+'\',-1)"">"
"C00284","UNRESOLVED_CONTROL","briefRows: button","페이지 데이터/상태 경로: 정확한 runtime reachability 미확인","직접 literal write 발견 없음; 간접 호출은 미확인","golden/crm.html:5175","미확정: 원본 handler/template 추적 필요","TEST_MISSING","중복정의·동적 template·상위함수 호출을 실제 렌더 결과와 연결","해당 원본 컨트롤의 노출 조건·클릭/필터/취소 결과를 Golden fixture로 검증","<button onclick=""G.ctlFilter=\'신규\';goPage(\'inq\')"">"
"C00285","UNRESOLVED_CONTROL","briefRows: button","페이지 데이터/상태 경로: 정확한 runtime reachability 미확인","직접 literal write 발견 없음; 간접 호출은 미확인","golden/crm.html:5175","미확정: 원본 handler/template 추적 필요","TEST_MISSING","중복정의·동적 template·상위함수 호출을 실제 렌더 결과와 연결","해당 원본 컨트롤의 노출 조건·클릭/필터/취소 결과를 Golden fixture로 검증","<button onclick=""goOpsIssue(\'all\',\''+(target||'전체')+'\',-1)"">"
"C00286","UNRESOLVED_CONTROL","briefActionRows: button","페이지 데이터/상태 경로: 정확한 runtime reachability 미확인","직접 literal write 발견 없음; 간접 호출은 미확인","golden/crm.html:5219","미확정: 원본 handler/template 추적 필요","TEST_MISSING","중복정의·동적 template·상위함수 호출을 실제 렌더 결과와 연결","해당 원본 컨트롤의 노출 조건·클릭/필터/취소 결과를 Golden fixture로 검증","<button class=""brief-action-row hot"" onclick=""openBriefDeal('+idx+')"">"
"C00287","UNRESOLVED_CONTROL","briefActionRows: button","페이지 데이터/상태 경로: 정확한 runtime reachability 미확인","직접 literal write 발견 없음; 간접 호출은 미확인","golden/crm.html:5219","미확정: 원본 handler/template 추적 필요","TEST_MISSING","중복정의·동적 template·상위함수 호출을 실제 렌더 결과와 연결","해당 원본 컨트롤의 노출 조건·클릭/필터/취소 결과를 Golden fixture로 검증","<button class=""brief-action-row '+(briefIsRevenueAction(x)?'hot':'')+'"" onclick=""openBriefDeal('+idx+')"">"
"C00288","F60","briefDecisionRows: button","실적/미래가능성/리스크/외부채널+기간","직접 literal write 발견 없음; 간접 호출은 미확인","golden/crm.html:5220","executive report v2 없음","CONTRACT_MISSING","경남은회사전체포함/담당자외부분리·미확정숫자표시 필요","금액시점/수주수/고위험/대표결정 카드와원본일치","<button class=""brief-decision-row"" onclick=""openBriefDeal('+idx+')"">"
"C00289","UNRESOLVED_CONTROL","briefViewButtons: 주간 의사결정판","페이지 데이터/상태 경로: 정확한 runtime reachability 미확인","직접 literal write 발견 없음; 간접 호출은 미확인","golden/crm.html:5229","미확정: 원본 handler/template 추적 필요","TEST_MISSING","중복정의·동적 template·상위함수 호출을 실제 렌더 결과와 연결","해당 원본 컨트롤의 노출 조건·클릭/필터/취소 결과를 Golden fixture로 검증","<button class=""'+(G.briefView==='week'?'on':'')+'"" onclick=""setBriefView(\'week\')"">"
"C00290","UNRESOLVED_CONTROL","briefViewButtons: 월간 일정","페이지 데이터/상태 경로: 정확한 runtime reachability 미확인","직접 literal write 발견 없음; 간접 호출은 미확인","golden/crm.html:5229","미확정: 원본 handler/template 추적 필요","TEST_MISSING","중복정의·동적 template·상위함수 호출을 실제 렌더 결과와 연결","해당 원본 컨트롤의 노출 조건·클릭/필터/취소 결과를 Golden fixture로 검증","<button class=""'+(G.briefView==='month'?'on':'')+'"" onclick=""setBriefView(\'month\')"">"
"C00291","UNRESOLVED_CONTROL","briefFilterOptions: select","페이지 데이터/상태 경로: 정확한 runtime reachability 미확인","직접 literal write 발견 없음; 간접 호출은 미확인","golden/crm.html:5230","미확정: 원본 handler/template 추적 필요","TEST_MISSING","중복정의·동적 template·상위함수 호출을 실제 렌더 결과와 연결","해당 원본 컨트롤의 노출 조건·클릭/필터/취소 결과를 Golden fixture로 검증","<select onchange=""briefSetRep(this.value)"">"
"C00292","UNRESOLVED_CONTROL","briefFilterOptions: select","페이지 데이터/상태 경로: 정확한 runtime reachability 미확인","직접 literal write 발견 없음; 간접 호출은 미확인","golden/crm.html:5230","미확정: 원본 handler/template 추적 필요","TEST_MISSING","중복정의·동적 template·상위함수 호출을 실제 렌더 결과와 연결","해당 원본 컨트롤의 노출 조건·클릭/필터/취소 결과를 Golden fixture로 검증","<select onchange=""briefSetBrand(this.value)"">"
"C00293","UNRESOLVED_CONTROL","briefSignal: 3?'bad':n>1?'mid':'')+'"">'+(n>3?'🔴':n>1?'🟡':'🟢')+' '+n+'","페이지 데이터/상태 경로: 정확한 runtime reachability 미확인","직접 literal write 발견 없음; 간접 호출은 미확인","golden/crm.html:5232","미확정: 원본 handler/template 추적 필요","TEST_MISSING","중복정의·동적 template·상위함수 호출을 실제 렌더 결과와 연결","해당 원본 컨트롤의 노출 조건·클릭/필터/취소 결과를 Golden fixture로 검증","<button class=""brief-week-signal '+(n>"
"C00294","F61","paintBriefV2: button","주간 stage history/지난주진행/이번주Next","직접 literal write 발견 없음; 간접 호출은 미확인","golden/crm.html:5235","brief aggregate + 외부자동화계약 없음","CONTRACT_MISSING","UI 자동생성 문구만으로 실제스케줄/발송 구현 확정 불가","월요일경계·이력부족·담당필터; 외부발송은별도스테이징승인","<button onclick=""briefFocusRep(\''+n+'\',\'brief-reps\')"">"
"C00295","F61","paintBriefV2: '+rs.length+'건","주간 stage history/지난주진행/이번주Next","직접 literal write 발견 없음; 간접 호출은 미확인","golden/crm.html:5235","brief aggregate + 외부자동화계약 없음","CONTRACT_MISSING","UI 자동생성 문구만으로 실제스케줄/발송 구현 확정 불가","월요일경계·이력부족·담당필터; 외부발송은별도스테이징승인","<button onclick=""briefFocusRep(\''+n+'\',\'brief-actions\')"">"
"C00296","F61","paintBriefV2: '+briefSignal(rr.length)+'","주간 stage history/지난주진행/이번주Next","직접 literal write 발견 없음; 간접 호출은 미확인","golden/crm.html:5235","brief aggregate + 외부자동화계약 없음","CONTRACT_MISSING","UI 자동생성 문구만으로 실제스케줄/발송 구현 확정 불가","월요일경계·이력부족·담당필터; 외부발송은별도스테이징승인","<td onclick=""briefFocusRep(\''+n+'\',\'brief-decisions\')"">"
"C00297","F61","paintBriefV2: button","주간 stage history/지난주진행/이번주Next","직접 literal write 발견 없음; 간접 호출은 미확인","golden/crm.html:5237","brief aggregate + 외부자동화계약 없음","CONTRACT_MISSING","UI 자동생성 문구만으로 실제스케줄/발송 구현 확정 불가","월요일경계·이력부족·담당필터; 외부발송은별도스테이징승인","<button class=""brief-stat"" onclick=""briefJump(\'brief-movement\')"">"
"C00298","F61","paintBriefV2: button","주간 stage history/지난주진행/이번주Next","직접 literal write 발견 없음; 간접 호출은 미확인","golden/crm.html:5237","brief aggregate + 외부자동화계약 없음","CONTRACT_MISSING","UI 자동생성 문구만으로 실제스케줄/발송 구현 확정 불가","월요일경계·이력부족·담당필터; 외부발송은별도스테이징승인","<button class=""brief-stat"" onclick=""briefJump(\'brief-actions\')"">"
"C00299","F61","paintBriefV2: button","주간 stage history/지난주진행/이번주Next","직접 literal write 발견 없음; 간접 호출은 미확인","golden/crm.html:5237","brief aggregate + 외부자동화계약 없음","CONTRACT_MISSING","UI 자동생성 문구만으로 실제스케줄/발송 구현 확정 불가","월요일경계·이력부족·담당필터; 외부발송은별도스테이징승인","<button class=""brief-stat"" onclick=""goPage(\'pipe\')"">"
"C00300","F61","paintBriefV2: button","주간 stage history/지난주진행/이번주Next","직접 literal write 발견 없음; 간접 호출은 미확인","golden/crm.html:5237","brief aggregate + 외부자동화계약 없음","CONTRACT_MISSING","UI 자동생성 문구만으로 실제스케줄/발송 구현 확정 불가","월요일경계·이력부족·담당필터; 외부발송은별도스테이징승인","<button class=""brief-stat"" onclick=""goPage(\'pipe\')"">"
"C00301","F61","paintBriefV2: button","주간 stage history/지난주진행/이번주Next","직접 literal write 발견 없음; 간접 호출은 미확인","golden/crm.html:5237","brief aggregate + 외부자동화계약 없음","CONTRACT_MISSING","UI 자동생성 문구만으로 실제스케줄/발송 구현 확정 불가","월요일경계·이력부족·담당필터; 외부발송은별도스테이징승인","<button class=""brief-stat"" onclick=""briefJump(\'brief-actions\')"">"
"C00302","F61","paintBriefV2: button","주간 stage history/지난주진행/이번주Next","직접 literal write 발견 없음; 간접 호출은 미확인","golden/crm.html:5237","brief aggregate + 외부자동화계약 없음","CONTRACT_MISSING","UI 자동생성 문구만으로 실제스케줄/발송 구현 확정 불가","월요일경계·이력부족·담당필터; 외부발송은별도스테이징승인","<button class=""brief-stat danger"" onclick=""briefJump(\'brief-decisions\')"">"
"C00303","F61","paintBriefV2: summary","주간 stage history/지난주진행/이번주Next","직접 literal write 발견 없음; 간접 호출은 미확인","golden/crm.html:5239","brief aggregate + 외부자동화계약 없음","CONTRACT_MISSING","UI 자동생성 문구만으로 실제스케줄/발송 구현 확정 불가","월요일경계·이력부족·담당필터; 외부발송은별도스테이징승인","<summary>"
"C00304","F61","paintBriefV2: summary","주간 stage history/지난주진행/이번주Next","직접 literal write 발견 없음; 간접 호출은 미확인","golden/crm.html:5239","brief aggregate + 외부자동화계약 없음","CONTRACT_MISSING","UI 자동생성 문구만으로 실제스케줄/발송 구현 확정 불가","월요일경계·이력부족·담당필터; 외부발송은별도스테이징승인","<summary>"
"C00305","F61","paintBriefV2: summary","주간 stage history/지난주진행/이번주Next","직접 literal write 발견 없음; 간접 호출은 미확인","golden/crm.html:5239","brief aggregate + 외부자동화계약 없음","CONTRACT_MISSING","UI 자동생성 문구만으로 실제스케줄/발송 구현 확정 불가","월요일경계·이력부족·담당필터; 외부발송은별도스테이징승인","<summary>"
"C00306","F61","paintBriefV2: button","주간 stage history/지난주진행/이번주Next","직접 literal write 발견 없음; 간접 호출은 미확인","golden/crm.html:5241","brief aggregate + 외부자동화계약 없음","CONTRACT_MISSING","UI 자동생성 문구만으로 실제스케줄/발송 구현 확정 불가","월요일경계·이력부족·담당필터; 외부발송은별도스테이징승인","<button class=""brief-exception"" onclick=""briefGoIssue(\'unassigned\')"">"
"C00307","F61","paintBriefV2: button","주간 stage history/지난주진행/이번주Next","직접 literal write 발견 없음; 간접 호출은 미확인","golden/crm.html:5241","brief aggregate + 외부자동화계약 없음","CONTRACT_MISSING","UI 자동생성 문구만으로 실제스케줄/발송 구현 확정 불가","월요일경계·이력부족·담당필터; 외부발송은별도스테이징승인","<button class=""brief-exception"" onclick=""briefGoIssue(\'noResponse\')"">"
"C00308","F61","paintBriefV2: button","주간 stage history/지난주진행/이번주Next","직접 literal write 발견 없음; 간접 호출은 미확인","golden/crm.html:5241","brief aggregate + 외부자동화계약 없음","CONTRACT_MISSING","UI 자동생성 문구만으로 실제스케줄/발송 구현 확정 불가","월요일경계·이력부족·담당필터; 외부발송은별도스테이징승인","<button class=""brief-exception"" onclick=""briefGoIssue(\'nextMissing\')"">"
"C00309","F61","paintBriefV2: button","주간 stage history/지난주진행/이번주Next","직접 literal write 발견 없음; 간접 호출은 미확인","golden/crm.html:5241","brief aggregate + 외부자동화계약 없음","CONTRACT_MISSING","UI 자동생성 문구만으로 실제스케줄/발송 구현 확정 불가","월요일경계·이력부족·담당필터; 외부발송은별도스테이징승인","<button class=""brief-exception"" onclick=""briefGoIssue(\'overdue\')"">"
"C00310","F61","paintBriefV2: button","주간 stage history/지난주진행/이번주Next","직접 literal write 발견 없음; 간접 호출은 미확인","golden/crm.html:5241","brief aggregate + 외부자동화계약 없음","CONTRACT_MISSING","UI 자동생성 문구만으로 실제스케줄/발송 구현 확정 불가","월요일경계·이력부족·담당필터; 외부발송은별도스테이징승인","<button class=""brief-exception"" onclick=""briefGoIssue(\'stale\')"">"
"C00311","F61","paintBriefV2: button","주간 stage history/지난주진행/이번주Next","직접 literal write 발견 없음; 간접 호출은 미확인","golden/crm.html:5241","brief aggregate + 외부자동화계약 없음","CONTRACT_MISSING","UI 자동생성 문구만으로 실제스케줄/발송 구현 확정 불가","월요일경계·이력부족·담당필터; 외부발송은별도스테이징승인","<button class=""brief-exception"" onclick=""briefGoIssue(\'briefNoAmount\')"">"
"C00312","F61","paintBriefV2: button","주간 stage history/지난주진행/이번주Next","직접 literal write 발견 없음; 간접 호출은 미확인","golden/crm.html:5241","brief aggregate + 외부자동화계약 없음","CONTRACT_MISSING","UI 자동생성 문구만으로 실제스케줄/발송 구현 확정 불가","월요일경계·이력부족·담당필터; 외부발송은별도스테이징승인","<button class=""brief-exception"" onclick=""briefGoIssue(\'briefSilentHot\')"">"
"C00313","UNRESOLVED_CONTROL","gnKpi: button","페이지 데이터/상태 경로: 정확한 runtime reachability 미확인","직접 literal write 발견 없음; 간접 호출은 미확인","golden/crm.html:5259","미확정: 원본 handler/template 추적 필요","TEST_MISSING","중복정의·동적 template·상위함수 호출을 실제 렌더 결과와 연결","해당 원본 컨트롤의 노출 조건·클릭/필터/취소 결과를 Golden fixture로 검증","<button class=""gn-kpi '+(danger?'danger':'')+'"" data-kind=""'+kind+'"" onclick=""gnShow(this.dataset.kind)"">"
"C00314","UNRESOLVED_CONTROL","gnRepRows: tr","페이지 데이터/상태 경로: 정확한 runtime reachability 미확인","직접 literal write 발견 없음; 간접 호출은 미확인","golden/crm.html:5262","미확정: 원본 handler/template 추적 필요","TEST_MISSING","중복정의·동적 template·상위함수 호출을 실제 렌더 결과와 연결","해당 원본 컨트롤의 노출 조건·클릭/필터/취소 결과를 Golden fixture로 검증","<tr onclick=""gnShow(\'rep\',\''+escAttr(r.name)+'\')"">"
"C00315","UNRESOLVED_CONTROL","gnHandoffRows: tr","페이지 데이터/상태 경로: 정확한 runtime reachability 미확인","직접 literal write 발견 없음; 간접 호출은 미확인","golden/crm.html:5263","미확정: 원본 handler/template 추적 필요","TEST_MISSING","중복정의·동적 template·상위함수 호출을 실제 렌더 결과와 연결","해당 원본 컨트롤의 노출 조건·클릭/필터/취소 결과를 Golden fixture로 검증","<tr onclick=""gnOpenInquiry('+i+')"">"
"C00316","UNRESOLVED_CONTROL","gnHandoffRows: td","페이지 데이터/상태 경로: 정확한 runtime reachability 미확인","직접 literal write 발견 없음; 간접 호출은 미확인","golden/crm.html:5263","미확정: 원본 handler/template 추적 필요","TEST_MISSING","중복정의·동적 template·상위함수 호출을 실제 렌더 결과와 연결","해당 원본 컨트롤의 노출 조건·클릭/필터/취소 결과를 Golden fixture로 검증","<td onclick=""event.stopPropagation()"">"
"C00317","UNRESOLVED_CONTROL","gnHandoffRows: '+(rep?'담당 변경':'실담당 지정')+'","페이지 데이터/상태 경로: 정확한 runtime reachability 미확인","직접 literal write 발견 없음; 간접 호출은 미확인","golden/crm.html:5263","미확정: 원본 handler/template 추적 필요","TEST_MISSING","중복정의·동적 template·상위함수 호출을 실제 렌더 결과와 연결","해당 원본 컨트롤의 노출 조건·클릭/필터/취소 결과를 Golden fixture로 검증","<button class=""gn-owner-btn"" onclick=""gnOpenOwner('+i+')"">"
"C00318","F24","paintGyeongnam: button","branch_code/team/reporting_group + inquiries/deals","직접 literal write 발견 없음; 간접 호출은 미확인","golden/crm.html:5270","branch scoped dashboard 없음","CONTRACT_MISSING","단일 generic 대시보드는 지사 UI/관리계약 대체 못함","인계→실배정→응대→Deal→경쟁→수주, 본사KPI 제외·회사실적 외부분리","<button class=""gn-risk critical"" onclick=""gnShow(\'unnamed\')"">"
"C00319","F24","paintGyeongnam: button","branch_code/team/reporting_group + inquiries/deals","직접 literal write 발견 없음; 간접 호출은 미확인","golden/crm.html:5270","branch scoped dashboard 없음","CONTRACT_MISSING","단일 generic 대시보드는 지사 UI/관리계약 대체 못함","인계→실배정→응대→Deal→경쟁→수주, 본사KPI 제외·회사실적 외부분리","<button class=""gn-risk critical"" onclick=""gnShow(\'unresponded\')"">"
"C00320","F24","paintGyeongnam: button","branch_code/team/reporting_group + inquiries/deals","직접 literal write 발견 없음; 간접 호출은 미확인","golden/crm.html:5270","branch scoped dashboard 없음","CONTRACT_MISSING","단일 generic 대시보드는 지사 UI/관리계약 대체 못함","인계→실배정→응대→Deal→경쟁→수주, 본사KPI 제외·회사실적 외부분리","<button class=""gn-risk"" onclick=""gnShow(\'noNext\')"">"
"C00321","F24","paintGyeongnam: button","branch_code/team/reporting_group + inquiries/deals","직접 literal write 발견 없음; 간접 호출은 미확인","golden/crm.html:5270","branch scoped dashboard 없음","CONTRACT_MISSING","단일 generic 대시보드는 지사 UI/관리계약 대체 못함","인계→실배정→응대→Deal→경쟁→수주, 본사KPI 제외·회사실적 외부분리","<button class=""gn-risk"" onclick=""gnShow(\'stale\')"">"
"C00322","F24","paintGyeongnam: button","branch_code/team/reporting_group + inquiries/deals","직접 literal write 발견 없음; 간접 호출은 미확인","golden/crm.html:5270","branch scoped dashboard 없음","CONTRACT_MISSING","단일 generic 대시보드는 지사 UI/관리계약 대체 못함","인계→실배정→응대→Deal→경쟁→수주, 본사KPI 제외·회사실적 외부분리","<button class=""gn-risk critical"" onclick=""gnShow(\'hot\')"">"
"C00323","F23","gnOpenOwner: input","branch Master 조민준/김훈/미지정","직접 literal write 발견 없음; 간접 호출은 미확인","golden/crm.html:5274","지사 owner assignment v2 없음","CONTRACT_MISSING","표시 이름은 보존, UUID·team 기반 지정 권한/Pool 필요","두 지사 담당 UUID만·본사정보차단·미지정 복귀","<input id=""inq-ctl-reason"" '+(reassign?'required ':'')+'oninput=""inqCtlUpdateAssignConfirm()"" placeholder=""예: 현장 권역 및 현재 업무량 기준"">"
"C00324","F23","gnOpenOwner: 미지정으로 유지","branch Master 조민준/김훈/미지정","직접 literal write 발견 없음; 간접 호출은 미확인","golden/crm.html:5274","지사 owner assignment v2 없음","CONTRACT_MISSING","표시 이름은 보존, UUID·team 기반 지정 권한/Pool 필요","두 지사 담당 UUID만·본사정보차단·미지정 복귀","<button onclick=""gnSetOwnerPool('+i+')"">"
"C00325","F23","gnOpenOwner: 취소","branch Master 조민준/김훈/미지정","직접 literal write 발견 없음; 간접 호출은 미확인","golden/crm.html:5274","지사 owner assignment v2 없음","CONTRACT_MISSING","표시 이름은 보존, UUID·team 기반 지정 권한/Pool 필요","두 지사 담당 UUID만·본사정보차단·미지정 복귀","<button onclick=""closeInquiryControlModal()"">"
"C00326","F23","gnOpenOwner: 실담당자 지정","branch Master 조민준/김훈/미지정","직접 literal write 발견 없음; 간접 호출은 미확인","golden/crm.html:5274","지사 owner assignment v2 없음","CONTRACT_MISSING","표시 이름은 보존, UUID·team 기반 지정 권한/Pool 필요","두 지사 담당 UUID만·본사정보차단·미지정 복귀","<button class=""primary"" id=""inq-ctl-confirm"" disabled onclick=""gnConfirmOwner()"">"
"C00327","UNRESOLVED_CONTROL","gnShow: button","페이지 데이터/상태 경로: 정확한 runtime reachability 미확인","직접 literal write 발견 없음; 간접 호출은 미확인","golden/crm.html:5277","미확정: 원본 handler/template 추적 필요","TEST_MISSING","중복정의·동적 template·상위함수 호출을 실제 렌더 결과와 연결","해당 원본 컨트롤의 노출 조건·클릭/필터/취소 결과를 Golden fixture로 검증","<button class=""report-drill-row"" onclick=""gnOpenInquiry('+i+')"">"
"C00328","UNRESOLVED_CONTROL","gnShow: button","페이지 데이터/상태 경로: 정확한 runtime reachability 미확인","직접 literal write 발견 없음; 간접 호출은 미확인","golden/crm.html:5277","미확정: 원본 handler/template 추적 필요","TEST_MISSING","중복정의·동적 template·상위함수 호출을 실제 렌더 결과와 연결","해당 원본 컨트롤의 노출 조건·클릭/필터/취소 결과를 Golden fixture로 검증","<button class=""report-drill-row"" onclick=""gnOpenDeal('+i+')"">"
"C00329","UNRESOLVED_CONTROL","openReportDrill: button","페이지 데이터/상태 경로: 정확한 runtime reachability 미확인","직접 literal write 발견 없음; 간접 호출은 미확인","golden/crm.html:5306","미확정: 원본 handler/template 추적 필요","TEST_MISSING","중복정의·동적 template·상위함수 호출을 실제 렌더 결과와 연결","해당 원본 컨트롤의 노출 조건·클릭/필터/취소 결과를 Golden fixture로 검증","<button class=""report-drill-row"" onclick=""openReportDrillDeal('+i+')"">"
"C00330","F60","paintReportV2: ","실적/미래가능성/리스크/외부채널+기간","직접 literal write 발견 없음; 간접 호출은 미확인","golden/crm.html:5312","executive report v2 없음","CONTRACT_MISSING","경남은회사전체포함/담당자외부분리·미확정숫자표시 필요","금액시점/수주수/고위험/대표결정 카드와원본일치","<=10}),within30Amt=sumBy(within30,oppAmt),risk=open.filter(briefIsRisk).sort(function(a,b){return reportRiskScore(b)-reportRiskScore(a)}),critical=risk.filter(reportCritical),decisions=(critical.length?critical:risk).slice(0,5),months=[-5,-4,-3,-2,-1,0].map(function(n){var w=reportMonthWindow(n),a=reportWonIn(raw,w);return {w:w,a:a,amt:sumBy(a,function(d){return wonAmt(d)||oppAmt(d)||quoteAmt(d)})}}),monthMax=Math.max.apply(null,[1].concat(months.map(function(x){return x.amt}))),year=new Date().getFullYear(),py=year-1;
 var summary=[['누적 수주',reportAmount(wonAmtAll),won.length+'건 · '+perfPeriodLabel(),'ceo-trend'],['이번 달 수주',reportAmount(monthWonAmt),monthWon.length+'건 · '+month.long,'ceo-trend'],['진행 파이프라인',open.length+'건 · '+reportAmount(pipeAmt),'현재 살아있는 기회','ceo-pipeline'],['가중 예상매출',reportAmount(forecast),'STAGE_MASTER 확률','ceo-pipeline'],['수주 임박',reportAmount(nearAmt),'PT·입찰·계약 '+ne"
"C00331","F60","paintReportV2: button","실적/미래가능성/리스크/외부채널+기간","직접 literal write 발견 없음; 간접 호출은 미확인","golden/crm.html:5315","executive report v2 없음","CONTRACT_MISSING","경남은회사전체포함/담당자외부분리·미확정숫자표시 필요","금액시점/수주수/고위험/대표결정 카드와원본일치","<button class=""ceo-pipe-row"" onclick=""reportGoPipeline('+x[2]+',\''+x[1].join('|')+'\',\''+x[0]+'\')"">"
"C00332","F60","paintReportV2: tr","실적/미래가능성/리스크/외부채널+기간","직접 literal write 발견 없음; 간접 호출은 미확인","golden/crm.html:5316","executive report v2 없음","CONTRACT_MISSING","경남은회사전체포함/담당자외부분리·미확정숫자표시 필요","금액시점/수주수/고위험/대표결정 카드와원본일치","<tr onclick=""reportGoBrand(\''+escAttr(b)+'\')"">"
"C00333","F60","paintReportV2: tr","실적/미래가능성/리스크/외부채널+기간","직접 literal write 발견 없음; 간접 호출은 미확인","golden/crm.html:5317","executive report v2 없음","CONTRACT_MISSING","경남은회사전체포함/담당자외부분리·미확정숫자표시 필요","금액시점/수주수/고위험/대표결정 카드와원본일치","<tr onclick=""openPerfDrawer(\''+n+'\')"">"
"C00334","F60","paintReportV2: ","실적/미래가능성/리스크/외부채널+기간","직접 literal write 발견 없음; 간접 호출은 미확인","golden/crm.html:5317","executive report v2 없음","CONTRACT_MISSING","경남은회사전체포함/담당자외부분리·미확정숫자표시 필요","금액시점/수주수/고위험/대표결정 카드와원본일치","<=10}),rr=o.filter(briefIsRisk);return '<tr onclick=""openReportDrill(\''+escAttr(repDisplay(n))+' 진행 현장\',\'외부채널 · '+escAttr(p.team==='gyeongnam'?'경남지사':'일반 외부')+'\',reportOpenDeals().filter(function(d){return repN(d.assignee)===\''+escAttr(n)+'\'}))"">"
"C00335","F60","paintReportV2: button","실적/미래가능성/리스크/외부채널+기간","직접 literal write 발견 없음; 간접 호출은 미확인","golden/crm.html:5319","executive report v2 없음","CONTRACT_MISSING","경남은회사전체포함/담당자외부분리·미확정숫자표시 필요","금액시점/수주수/고위험/대표결정 카드와원본일치","<button class=""ceo-risk-row"" onclick=""reportOpenDeal('+i+')"">"
"C00336","F60","paintReportV2: button","실적/미래가능성/리스크/외부채널+기간","직접 literal write 발견 없음; 간접 호출은 미확인","golden/crm.html:5319","executive report v2 없음","CONTRACT_MISSING","경남은회사전체포함/담당자외부분리·미확정숫자표시 필요","금액시점/수주수/고위험/대표결정 카드와원본일치","<button class=""ceo-decision-row"" onclick=""reportOpenDeal('+j+')"">"
"C00337","F60","paintReportV2: 인쇄 · PDF","실적/미래가능성/리스크/외부채널+기간","직접 literal write 발견 없음; 간접 호출은 미확인","golden/crm.html:5320","executive report v2 없음","CONTRACT_MISSING","경남은회사전체포함/담당자외부분리·미확정숫자표시 필요","금액시점/수주수/고위험/대표결정 카드와원본일치","<button class=""ceo-print"" onclick=""window.print()"">"
"C00338","F60","paintReportV2: button","실적/미래가능성/리스크/외부채널+기간","직접 literal write 발견 없음; 간접 호출은 미확인","golden/crm.html:5322","executive report v2 없음","CONTRACT_MISSING","경남은회사전체포함/담당자외부분리·미확정숫자표시 필요","금액시점/수주수/고위험/대표결정 카드와원본일치","<button onclick=""reportJump(\'ceo-risk\')"">"
"C00339","F60","paintReportV2: button","실적/미래가능성/리스크/외부채널+기간","직접 literal write 발견 없음; 간접 호출은 미확인","golden/crm.html:5322","executive report v2 없음","CONTRACT_MISSING","경남은회사전체포함/담당자외부분리·미확정숫자표시 필요","금액시점/수주수/고위험/대표결정 카드와원본일치","<button onclick=""reportGoPipeline(2,\'compete|imminent|bidding|contract\',\'경쟁 이후 수주 임박\')"">"
"C00340","UNRESOLVED_CONTROL","stageFilterBar: '+groupedAssigneeOptions(G.rep,true,false)+'","페이지 데이터/상태 경로: 정확한 runtime reachability 미확인","직접 literal write 발견 없음; 간접 호출은 미확인","golden/crm.html:5353","미확정: 원본 handler/template 추적 필요","TEST_MISSING","중복정의·동적 template·상위함수 호출을 실제 렌더 결과와 연결","해당 원본 컨트롤의 노출 조건·클릭/필터/취소 결과를 Golden fixture로 검증","<select onchange=""G.rep=this.value;G.stagePage=1;paint()"">"
"C00341","UNRESOLVED_CONTROL","stageFilterBar: '
    +[['all','전체'],['nextMissing','Next Action 없음'],['overdue','기한초과'],['stale","페이지 데이터/상태 경로: 정확한 runtime reachability 미확인","직접 literal write 발견 없음; 간접 호출은 미확인","golden/crm.html:5354","미확정: 원본 handler/template 추적 필요","TEST_MISSING","중복정의·동적 template·상위함수 호출을 실제 렌더 결과와 연결","해당 원본 컨트롤의 노출 조건·클릭/필터/취소 결과를 Golden fixture로 검증","<select onchange=""G.opsIssue=this.value;G.stagePage=1;paint()"">"
"C00342","UNRESOLVED_CONTROL","stageFilterBar: '+(more?'− 상세필터 닫기':'+ 상세필터')+'","페이지 데이터/상태 경로: 정확한 runtime reachability 미확인","직접 literal write 발견 없음; 간접 호출은 미확인","golden/crm.html:5358","미확정: 원본 handler/template 추적 필요","TEST_MISSING","중복정의·동적 template·상위함수 호출을 실제 렌더 결과와 연결","해당 원본 컨트롤의 노출 조건·클릭/필터/취소 결과를 Golden fixture로 검증","<button class=""reset"" onclick=""G.filterMore=!G.filterMore;paint()"">"
"C00343","UNRESOLVED_CONTROL","stageFilterBar: 필터 초기화","페이지 데이터/상태 경로: 정확한 runtime reachability 미확인","직접 literal write 발견 없음; 간접 호출은 미확인","golden/crm.html:5359","미확정: 원본 handler/template 추적 필요","TEST_MISSING","중복정의·동적 template·상위함수 호출을 실제 렌더 결과와 연결","해당 원본 컨트롤의 노출 조건·클릭/필터/취소 결과를 Golden fixture로 검증","<button class=""reset"" onclick=""resetStageFilters()"">"
"C00344","UNRESOLVED_CONTROL","stageFilterBar: '+subs.map(function(s){return '","페이지 데이터/상태 경로: 정확한 runtime reachability 미확인","직접 literal write 발견 없음; 간접 호출은 미확인","golden/crm.html:5362","미확정: 원본 handler/template 추적 필요","TEST_MISSING","중복정의·동적 template·상위함수 호출을 실제 렌더 결과와 연결","해당 원본 컨트롤의 노출 조건·클릭/필터/취소 결과를 Golden fixture로 검증","<select onchange=""G.pipeSub=this.value;G.stagePage=1;paint()"">"
"C00345","UNRESOLVED_CONTROL","stageFilterBar: '
    +[['전체','전체 운영'],['recent30','최근 30일 내 활동'],['30','30일+ 정체'],['90','90일+ 장","페이지 데이터/상태 경로: 정확한 runtime reachability 미확인","직접 literal write 발견 없음; 간접 호출은 미확인","golden/crm.html:5363","미확정: 원본 handler/template 추적 필요","TEST_MISSING","중복정의·동적 template·상위함수 호출을 실제 렌더 결과와 연결","해당 원본 컨트롤의 노출 조건·클릭/필터/취소 결과를 Golden fixture로 검증","<select onchange=""G.pipeAge=this.value;G.stagePage=1;paint()"">"
"C00346","UNRESOLVED_CONTROL","stageFilterBar: '
    +['우선순위','오래된 활동순','최근 활동순','Next Action 임박순','기한초과 심한순','금액 큰순','담당자순']
 ","페이지 데이터/상태 경로: 정확한 runtime reachability 미확인","직접 literal write 발견 없음; 간접 호출은 미확인","golden/crm.html:5366","미확정: 원본 handler/template 추적 필요","TEST_MISSING","중복정의·동적 template·상위함수 호출을 실제 렌더 결과와 연결","해당 원본 컨트롤의 노출 조건·클릭/필터/취소 결과를 Golden fixture로 검증","<select onchange=""G.pipeSort=this.value;paint()"">"
"C00347","UNRESOLVED_CONTROL","stageFilterBar: '+esc(x[1])+' ","페이지 데이터/상태 경로: 정확한 runtime reachability 미확인","직접 literal write 발견 없음; 간접 호출은 미확인","golden/crm.html:5370","미확정: 원본 handler/template 추적 필요","TEST_MISSING","중복정의·동적 template·상위함수 호출을 실제 렌더 결과와 연결","해당 원본 컨트롤의 노출 조건·클릭/필터/취소 결과를 Golden fixture로 검증","<button data-f=""'+x[0]+'"" onclick=""clearStageFilter(this.dataset.f)"">"
"C00348","UNRESOLVED_CONTROL","stageIssueSummary: '
    +'","페이지 데이터/상태 경로: 정확한 runtime reachability 미확인","직접 literal write 발견 없음; 간접 호출은 미확인","golden/crm.html:5381","미확정: 원본 handler/template 추적 필요","TEST_MISSING","중복정의·동적 template·상위함수 호출을 실제 렌더 결과와 연결","해당 원본 컨트롤의 노출 조건·클릭/필터/취소 결과를 Golden fixture로 검증","<button class=""'+(x[0]==='overdue'||x[0]==='stale'?'danger ':'')+(G.opsIssue===x[0]?'on':'')+'"" onclick=""setStageIssue(\''+x[0]+'\')"">"
"C00349","F27","paintStageListV2: ← 칸반으로","B.deals + Stage/amount/owner/risk/Next","직접 literal write 발견 없음; 간접 호출은 미확인","golden/crm.html:5393","crm_read_scoped_v2 부분 / deals reader 초안","CONTRACT_MISSING","기존 모든 보기·stage column·정렬·기간/브랜드·관리카드 필드 부족","모든 보기 동일 ID집합/금액·상세유지·역할별 비노출","<button class=""reset"" onclick=""G.stageCol=null;G.consoleMacro=null;G.macroSub=\'전체\';G.pipeView=\'kb\';G.opsIssue=\'all\';G.reportStageCodes=null;G.reportStageLabel=\'\';paint()"">"
"C00350","F27","paintStageListV2: ⓘ 사용방법","B.deals + Stage/amount/owner/risk/Next","직접 literal write 발견 없음; 간접 호출은 미확인","golden/crm.html:5393","crm_read_scoped_v2 부분 / deals reader 초안","CONTRACT_MISSING","기존 모든 보기·stage column·정렬·기간/브랜드·관리카드 필드 부족","모든 보기 동일 ID집합/금액·상세유지·역할별 비노출","<button class=""howtoggle"" onclick=""G.howto=!G.howto;paint()"">"
"C00351","F27","paintStageListV2: input","B.deals + Stage/amount/owner/risk/Next","직접 literal write 발견 없음; 간접 호출은 미확인","golden/crm.html:5398","crm_read_scoped_v2 부분 / deals reader 초안","CONTRACT_MISSING","기존 모든 보기·stage column·정렬·기간/브랜드·관리카드 필드 부족","모든 보기 동일 ID집합/금액·상세유지·역할별 비노출","<input type=""checkbox"" data-key=""'+esc(k)+'"" '+(BULK_SEL[k]?'checked':'')+' onclick=""toggleBulk(this.dataset.key,this.checked)"">"
"C00352","F27","paintStageListV2: '+esc(d.site||'현장명 미입력')+(d.localCreated?'","B.deals + Stage/amount/owner/risk/Next","직접 literal write 발견 없음; 간접 호출은 미확인","golden/crm.html:5399","crm_read_scoped_v2 부분 / deals reader 초안","CONTRACT_MISSING","기존 모든 보기·stage column·정렬·기간/브랜드·관리카드 필드 부족","모든 보기 동일 ID집합/금액·상세유지·역할별 비노출","<span class=""sl-site clk"" onclick=""openStageDeal('+i+')"">"
"C00353","F27","paintStageListV2: ← 이전 50건","B.deals + Stage/amount/owner/risk/Next","직접 literal write 발견 없음; 간접 호출은 미확인","golden/crm.html:5404","crm_read_scoped_v2 부분 / deals reader 초안","CONTRACT_MISSING","기존 모든 보기·stage column·정렬·기간/브랜드·관리카드 필드 부족","모든 보기 동일 ID집합/금액·상세유지·역할별 비노출","<button '+(page<=1?'disabled':'')+' onclick=""G.stagePage--;paint()"">"
"C00354","F27","paintStageListV2: =pages?'disabled':'')+' onclick=""G.stagePage++;paint()"">다음 50건 →","B.deals + Stage/amount/owner/risk/Next","직접 literal write 발견 없음; 간접 호출은 미확인","golden/crm.html:5404","crm_read_scoped_v2 부분 / deals reader 초안","CONTRACT_MISSING","기존 모든 보기·stage column·정렬·기간/브랜드·관리카드 필드 부족","모든 보기 동일 ID집합/금액·상세유지·역할별 비노출","<button '+(page>"
"C00355","F27","paintStageListV2: 단계 변경","B.deals + Stage/amount/owner/risk/Next","직접 literal write 발견 없음; 간접 호출은 미확인","golden/crm.html:5404","crm_read_scoped_v2 부분 / deals reader 초안","CONTRACT_MISSING","기존 모든 보기·stage column·정렬·기간/브랜드·관리카드 필드 부족","모든 보기 동일 ID집합/금액·상세유지·역할별 비노출","<button onclick=""openBulkDialog(\'stage\')"">"
"C00356","F27","paintStageListV2: 세부상태 변경","B.deals + Stage/amount/owner/risk/Next","직접 literal write 발견 없음; 간접 호출은 미확인","golden/crm.html:5404","crm_read_scoped_v2 부분 / deals reader 초안","CONTRACT_MISSING","기존 모든 보기·stage column·정렬·기간/브랜드·관리카드 필드 부족","모든 보기 동일 ID집합/금액·상세유지·역할별 비노출","<button onclick=""openBulkDialog(\'sub\')"">"
"C00357","F27","paintStageListV2: 담당자 변경","B.deals + Stage/amount/owner/risk/Next","직접 literal write 발견 없음; 간접 호출은 미확인","golden/crm.html:5404","crm_read_scoped_v2 부분 / deals reader 초안","CONTRACT_MISSING","기존 모든 보기·stage column·정렬·기간/브랜드·관리카드 필드 부족","모든 보기 동일 ID집합/금액·상세유지·역할별 비노출","<button onclick=""openBulkDialog(\'assignee\')"">"
"C00358","F27","paintStageListV2: 장기현장 검토","B.deals + Stage/amount/owner/risk/Next","직접 literal write 발견 없음; 간접 호출은 미확인","golden/crm.html:5404","crm_read_scoped_v2 부분 / deals reader 초안","CONTRACT_MISSING","기존 모든 보기·stage column·정렬·기간/브랜드·관리카드 필드 부족","모든 보기 동일 ID집합/금액·상세유지·역할별 비노출","<button onclick=""openBulkDialog(\'review\')"">"
"C00359","F27","paintStageListV2: Next Action 등록","B.deals + Stage/amount/owner/risk/Next","직접 literal write 발견 없음; 간접 호출은 미확인","golden/crm.html:5404","crm_read_scoped_v2 부분 / deals reader 초안","CONTRACT_MISSING","기존 모든 보기·stage column·정렬·기간/브랜드·관리카드 필드 부족","모든 보기 동일 ID집합/금액·상세유지·역할별 비노출","<button class=""primary"" onclick=""openBulkDialog(\'next\')"">"
"C00360","UNRESOLVED_CONTROL","openBulkDialog: '+PD_COLS.map(function(x,i){return '","페이지 데이터/상태 경로: 정확한 runtime reachability 미확인","직접 literal write 발견 없음; 간접 호출은 미확인","golden/crm.html:5416","미확정: 원본 handler/template 추적 필요","TEST_MISSING","중복정의·동적 template·상위함수 호출을 실제 렌더 결과와 연결","해당 원본 컨트롤의 노출 조건·클릭/필터/취소 결과를 Golden fixture로 검증","<select id=""bulkValue"">"
"C00361","UNRESOLVED_CONTROL","openBulkDialog: input","페이지 데이터/상태 경로: 정확한 runtime reachability 미확인","직접 literal write 발견 없음; 간접 호출은 미확인","golden/crm.html:5416","미확정: 원본 handler/template 추적 필요","TEST_MISSING","중복정의·동적 template·상위함수 호출을 실제 렌더 결과와 연결","해당 원본 컨트롤의 노출 조건·클릭/필터/취소 결과를 Golden fixture로 검증","<input id=""bulkValue"" placeholder=""예: 고객 회신 대기"">"
"C00362","UNRESOLVED_CONTROL","openBulkDialog: '+repWorkloadOptions()+'","페이지 데이터/상태 경로: 정확한 runtime reachability 미확인","직접 literal write 발견 없음; 간접 호출은 미확인","golden/crm.html:5416","미확정: 원본 handler/template 추적 필요","TEST_MISSING","중복정의·동적 template·상위함수 호출을 실제 렌더 결과와 연결","해당 원본 컨트롤의 노출 조건·클릭/필터/취소 결과를 Golden fixture로 검증","<select id=""bulkValue"">"
"C00363","UNRESOLVED_CONTROL","openBulkDialog: input","페이지 데이터/상태 경로: 정확한 runtime reachability 미확인","직접 literal write 발견 없음; 간접 호출은 미확인","golden/crm.html:5416","미확정: 원본 handler/template 추적 필요","TEST_MISSING","중복정의·동적 template·상위함수 호출을 실제 렌더 결과와 연결","해당 원본 컨트롤의 노출 조건·클릭/필터/취소 결과를 Golden fixture로 검증","<input id=""bulkValue"" placeholder=""예: 관리소장 재통화"">"
"C00364","UNRESOLVED_CONTROL","openBulkDialog: input","페이지 데이터/상태 경로: 정확한 runtime reachability 미확인","직접 literal write 발견 없음; 간접 호출은 미확인","golden/crm.html:5416","미확정: 원본 handler/template 추적 필요","TEST_MISSING","중복정의·동적 template·상위함수 호출을 실제 렌더 결과와 연결","해당 원본 컨트롤의 노출 조건·클릭/필터/취소 결과를 Golden fixture로 검증","<input id=""bulkDueV3"" type=""date"">"
"C00365","UNRESOLVED_CONTROL","openBulkDialog: select","페이지 데이터/상태 경로: 정확한 runtime reachability 미확인","직접 literal write 발견 없음; 간접 호출은 미확인","golden/crm.html:5416","미확정: 원본 handler/template 추적 필요","TEST_MISSING","중복정의·동적 template·상위함수 호출을 실제 렌더 결과와 연결","해당 원본 컨트롤의 노출 조건·클릭/필터/취소 결과를 Golden fixture로 검증","<select id=""bulkValue"" onchange=""bulkReviewTgl()"">"
"C00366","UNRESOLVED_CONTROL","openBulkDialog: input","페이지 데이터/상태 경로: 정확한 runtime reachability 미확인","직접 literal write 발견 없음; 간접 호출은 미확인","golden/crm.html:5416","미확정: 원본 handler/template 추적 필요","TEST_MISSING","중복정의·동적 template·상위함수 호출을 실제 렌더 결과와 연결","해당 원본 컨트롤의 노출 조건·클릭/필터/취소 결과를 Golden fixture로 검증","<input id=""bulkDueV3"" type=""date"">"
"C00367","UNRESOLVED_CONTROL","openBulkDialog: input","페이지 데이터/상태 경로: 정확한 runtime reachability 미확인","직접 literal write 발견 없음; 간접 호출은 미확인","golden/crm.html:5416","미확정: 원본 handler/template 추적 필요","TEST_MISSING","중복정의·동적 template·상위함수 호출을 실제 렌더 결과와 연결","해당 원본 컨트롤의 노출 조건·클릭/필터/취소 결과를 Golden fixture로 검증","<input id=""bulkNextV3"" placeholder=""예: 재도장 예산 편성 여부 확인 전화"">"
"C00368","UNRESOLVED_CONTROL","openBulkDialog: textarea","페이지 데이터/상태 경로: 정확한 runtime reachability 미확인","직접 literal write 발견 없음; 간접 호출은 미확인","golden/crm.html:5416","미확정: 원본 handler/template 추적 필요","TEST_MISSING","중복정의·동적 template·상위함수 호출을 실제 렌더 결과와 연결","해당 원본 컨트롤의 노출 조건·클릭/필터/취소 결과를 Golden fixture로 검증","<textarea id=""bulkReasonV3"" rows=""3"" placeholder=""판단 근거와 후속 조치를 입력하세요"">"
"C00369","UNRESOLVED_CONTROL","openBulkDialog: 검토 후 '+keys.length+'건 적용","페이지 데이터/상태 경로: 정확한 runtime reachability 미확인","직접 literal write 발견 없음; 간접 호출은 미확인","golden/crm.html:5416","미확정: 원본 handler/template 추적 필요","TEST_MISSING","중복정의·동적 template·상위함수 호출을 실제 렌더 결과와 연결","해당 원본 컨트롤의 노출 조건·클릭/필터/취소 결과를 Golden fixture로 검증","<button class=""bulk-submit"" onclick=""applyBulkDialog()"">"
"C00370","UNRESOLVED_CONTROL","openBulkDialog: 닫기 ✕","페이지 데이터/상태 경로: 정확한 runtime reachability 미확인","직접 literal write 발견 없음; 간접 호출은 미확인","golden/crm.html:5416","미확정: 원본 handler/template 추적 필요","TEST_MISSING","중복정의·동적 template·상위함수 호출을 실제 렌더 결과와 연결","해당 원본 컨트롤의 노출 조건·클릭/필터/취소 결과를 Golden fixture로 검증","<button class=""ib-x"" onclick=""closeBulkDialog()"">"
"C00371","UNRESOLVED_CONTROL","paintRepTabs: '
  +(isCur?'✓ ':'')+(n==='전체'?'전체 담당자':n)+'","페이지 데이터/상태 경로: 정확한 runtime reachability 미확인","직접 literal write 발견 없음; 간접 호출은 미확인","golden/crm.html:5436","미확정: 원본 handler/template 추적 필요","TEST_MISSING","중복정의·동적 template·상위함수 호출을 실제 렌더 결과와 연결","해당 원본 컨트롤의 노출 조건·클릭/필터/취소 결과를 Golden fixture로 검증","<0){if(limited)G.rep='전체';else names.push(G.rep)}
/* 열어 본 현장의 담당자는 «표시»만 한다. 현장을 눌렀다고 목록이 그 사람 것만
   남아버리면 옆 현장으로 넘어갈 수가 없다. 필터는 칩을 직접 눌렀을 때만 걸린다.
   그 담당자가 현재 목록에 0건이라도(미배정 포함) 칩은 보여 준다 — 안 그러면 «누구 건지» 가 사라진다. */
var cur=curDetailRep();
if(cur&&!limited&&names.indexOf(cur)<0)names.push(cur);
r.innerHTML=['전체'].concat(names).map(function(n){var c=n==='전체'?src.length:(cnt[n]||0);
 var isCur=!!cur&&n===cur;
 return '<button class=""rtab '+(G.rep===n?'on ':'')+(isCur?'cur':'')+'""'
  +(isCur?' title=""지금 열어 본 현장의 담당자 — 누르면 이 담당자로 목록을 거릅니다""':'')
  +' onclick=""G.rep=\''+n+'\';G.lastRep=null;if(G.page===\'perf\')G.perfDetail='+(n==='전체'?'null':""'""+n+""'"")+';paint()"">"
"C00372","UNRESOLVED_CONTROL","stageSeqIdx: STAGE_SEQ","페이지 데이터/상태 경로: 정확한 runtime reachability 미확인","직접 literal write 발견 없음; 간접 호출은 미확인","golden/crm.html:5468","미확정: 원본 handler/template 추적 필요","TEST_MISSING","중복정의·동적 template·상위함수 호출을 실제 렌더 결과와 연결","해당 원본 컨트롤의 노출 조건·클릭/필터/취소 결과를 Golden fixture로 검증","<STAGE_SEQ.length;i++)if(STAGE_NM[STAGE_SEQ[i]]===s)return i;return 99}
function stageSeqSort(a,b){var x=stageSeqIdx(a),y=stageSeqIdx(b);return x-y||a.localeCompare(b,'ko')}
/* 모바일 lrow 딜 카드: 현장명 크게 + 담당·금액·세부상태 한 줄 + 관리상태 배지 */
function mDealRow(d){var p=priorityInfo(d,'deal'),a=age(d);return '<div class=""mlrow"" onclick=\'drwDeal('+JSON.stringify(JSON.stringify(d))+')\'>"
"C00373","UNRESOLVED_CONTROL","kbCard: div","페이지 데이터/상태 경로: 정확한 runtime reachability 미확인","직접 literal write 발견 없음; 간접 호출은 미확인","golden/crm.html:5475","미확정: 원본 handler/template 추적 필요","TEST_MISSING","중복정의·동적 template·상위함수 호출을 실제 렌더 결과와 연결","해당 원본 컨트롤의 노출 조건·클릭/필터/취소 결과를 Golden fixture로 검증","<div class=""kbcard"" onclick=\'drwDeal('+JSON.stringify(JSON.stringify(d))+')\'>"
"C00374","UNRESOLVED_CONTROL","kb5Card: '
   +'","페이지 데이터/상태 경로: 정확한 runtime reachability 미확인","직접 literal write 발견 없음; 간접 호출은 미확인","golden/crm.html:5500","미확정: 원본 handler/template 추적 필요","TEST_MISSING","중복정의·동적 template·상위함수 호출을 실제 렌더 결과와 연결","해당 원본 컨트롤의 노출 조건·클릭/필터/취소 결과를 Golden fixture로 검증","<div class=""k5c"" onclick=""openKb5('+i+')"">"
"C00375","UNRESOLVED_CONTROL","macroGroupBar: '
     +'","페이지 데이터/상태 경로: 정확한 runtime reachability 미확인","직접 literal write 발견 없음; 간접 호출은 미확인","golden/crm.html:5575","미확정: 원본 handler/template 추적 필요","TEST_MISSING","중복정의·동적 template·상위함수 호출을 실제 렌더 결과와 연결","해당 원본 컨트롤의 노출 조건·클릭/필터/취소 결과를 Golden fixture로 검증","<button class=""mgcard'+(on?' on':'')+'"" data-k=""'+c[0]+'"" onclick=""macroSubSet(this.dataset.k)"">"
"C00376","F27","paintKanban: 🕐 '+UIT.stale+' '+rot+'건 ('+UIT.staleHint+')'+(G.pipeAge==='30'?' ✕':'')+'","B.deals + Stage/amount/owner/risk/Next","직접 literal write 발견 없음; 간접 호출은 미확인","golden/crm.html:5619","crm_read_scoped_v2 부분 / deals reader 초안","CONTRACT_MISSING","기존 모든 보기·stage column·정렬·기간/브랜드·관리카드 필드 부족","모든 보기 동일 ID집합/금액·상세유지·역할별 비노출","<button class=""k5chip red'+(G.pipeAge==='30'?' on':'')+'"" onclick=""G.pipeAge=G.pipeAge===\'30\'?\'전체\':\'30\';paint()"">"
"C00377","F27","paintKanban: 수주 '+won+'","B.deals + Stage/amount/owner/risk/Next","직접 literal write 발견 없음; 간접 호출은 미확인","golden/crm.html:5620","crm_read_scoped_v2 부분 / deals reader 초안","CONTRACT_MISSING","기존 모든 보기·stage column·정렬·기간/브랜드·관리카드 필드 부족","모든 보기 동일 ID집합/금액·상세유지·역할별 비노출","<button class=""k5chip gray"" onclick=""setClosedTab(\'수주\')"">"
"C00378","F27","paintKanban: 실주 '+lost+'","B.deals + Stage/amount/owner/risk/Next","직접 literal write 발견 없음; 간접 호출은 미확인","golden/crm.html:5621","crm_read_scoped_v2 부분 / deals reader 초안","CONTRACT_MISSING","기존 모든 보기·stage column·정렬·기간/브랜드·관리카드 필드 부족","모든 보기 동일 ID집합/금액·상세유지·역할별 비노출","<button class=""k5chip gray"" onclick=""setClosedTab(\'실주\')"">"
"C00379","F27","paintKanban: 정리 대상 '+etc+'","B.deals + Stage/amount/owner/risk/Next","직접 literal write 발견 없음; 간접 호출은 미확인","golden/crm.html:5622","crm_read_scoped_v2 부분 / deals reader 초안","CONTRACT_MISSING","기존 모든 보기·stage column·정렬·기간/브랜드·관리카드 필드 부족","모든 보기 동일 ID집합/금액·상세유지·역할별 비노출","<button class=""k5chip gray"" onclick=""setClosedTab(\'기타\')"">"
"C00380","F27","paintKanban: '
        +'","B.deals + Stage/amount/owner/risk/Next","직접 literal write 발견 없음; 간접 호출은 미확인","golden/crm.html:5632","crm_read_scoped_v2 부분 / deals reader 초안","CONTRACT_MISSING","기존 모든 보기·stage column·정렬·기간/브랜드·관리카드 필드 부족","모든 보기 동일 ID집합/금액·상세유지·역할별 비노출","<div class=""k5h"" data-k=""'+c.k+'"" onclick=""kb5ToConsole(this.dataset.k)"">"
"C00381","UNRESOLVED_CONTROL","injectConsoleTabs: '+t[1]+'","페이지 데이터/상태 경로: 정확한 runtime reachability 미확인","직접 literal write 발견 없음; 간접 호출은 미확인","golden/crm.html:5646","미확정: 원본 handler/template 추적 필요","TEST_MISSING","중복정의·동적 template·상위함수 호출을 실제 렌더 결과와 연결","해당 원본 컨트롤의 노출 조건·클릭/필터/취소 결과를 Golden fixture로 검증","<button class=""'+(String(G.stageCol)===t[0]?'on':'')+'"" data-ci=""'+t[0]+'"" onclick=""G.stageCol=Number(this.dataset.ci);G.stagePage=1;paint()"">"
"C00382","UNRESOLVED_CONTROL","splitInlinePanel: ＋ 한 일 기록","페이지 데이터/상태 경로: 정확한 runtime reachability 미확인","직접 literal write 발견 없음; 간접 호출은 미확인","golden/crm.html:5669","미확정: 원본 handler/template 추적 필요","TEST_MISSING","중복정의·동적 template·상위함수 호출을 실제 렌더 결과와 연결","해당 원본 컨트롤의 노출 조건·클릭/필터/취소 결과를 Golden fixture로 검증","<button class=""mbadge '+(f==='act'?'blue':'gray')+'"" style=""padding:9px 14px;border:0;cursor:pointer;font-family:inherit"" onclick=""splitForm(\'act\')"">"
"C00383","UNRESOLVED_CONTROL","splitInlinePanel: 🗓 다음 할 일","페이지 데이터/상태 경로: 정확한 runtime reachability 미확인","직접 literal write 발견 없음; 간접 호출은 미확인","golden/crm.html:5670","미확정: 원본 handler/template 추적 필요","TEST_MISSING","중복정의·동적 template·상위함수 호출을 실제 렌더 결과와 연결","해당 원본 컨트롤의 노출 조건·클릭/필터/취소 결과를 Golden fixture로 검증","<button class=""mbadge '+(f==='next'?'blue':'gray')+'"" style=""padding:9px 14px;border:0;cursor:pointer;font-family:inherit"" onclick=""splitForm(\'next\')"">"
"C00384","UNRESOLVED_CONTROL","splitInlinePanel: → 단계 바꾸기","페이지 데이터/상태 경로: 정확한 runtime reachability 미확인","직접 literal write 발견 없음; 간접 호출은 미확인","golden/crm.html:5671","미확정: 원본 handler/template 추적 필요","TEST_MISSING","중복정의·동적 template·상위함수 호출을 실제 렌더 결과와 연결","해당 원본 컨트롤의 노출 조건·클릭/필터/취소 결과를 Golden fixture로 검증","<button class=""mbadge '+(f==='stage'?'blue':'gray')+'"" style=""padding:9px 14px;border:0;cursor:pointer;font-family:inherit"" onclick=""splitForm(\'stage\')"">"
"C00385","UNRESOLVED_CONTROL","splitInlinePanel: '+QUICK_ACTIVITY_TYPES.map(function(x){return '","페이지 데이터/상태 경로: 정확한 runtime reachability 미확인","직접 literal write 발견 없음; 간접 호출은 미확인","golden/crm.html:5677","미확정: 원본 handler/template 추적 필요","TEST_MISSING","중복정의·동적 template·상위함수 호출을 실제 렌더 결과와 연결","해당 원본 컨트롤의 노출 조건·클릭/필터/취소 결과를 Golden fixture로 검증","<select id=""sp-act-type"">"
"C00386","UNRESOLVED_CONTROL","splitInlinePanel: input","페이지 데이터/상태 경로: 정확한 runtime reachability 미확인","직접 literal write 발견 없음; 간접 호출은 미확인","golden/crm.html:5678","미확정: 원본 handler/template 추적 필요","TEST_MISSING","중복정의·동적 template·상위함수 호출을 실제 렌더 결과와 연결","해당 원본 컨트롤의 노출 조건·클릭/필터/취소 결과를 Golden fixture로 검증","<input id=""sp-act-note"" placeholder=""예: 관리소장 통화 — 예산 일정 확인"">"
"C00387","UNRESOLVED_CONTROL","splitInlinePanel: input","페이지 데이터/상태 경로: 정확한 runtime reachability 미확인","직접 literal write 발견 없음; 간접 호출은 미확인","golden/crm.html:5679","미확정: 원본 handler/template 추적 필요","TEST_MISSING","중복정의·동적 template·상위함수 호출을 실제 렌더 결과와 연결","해당 원본 컨트롤의 노출 조건·클릭/필터/취소 결과를 Golden fixture로 검증","<input id=""sp-act-result"" placeholder=""예: 9월 중 재검토, 9/8 재통화 요청"">"
"C00388","UNRESOLVED_CONTROL","splitInlinePanel:  고객과 실제로 통화·미팅함 (고객접촉일 갱신)","페이지 데이터/상태 경로: 정확한 runtime reachability 미확인","직접 literal write 발견 없음; 간접 호출은 미확인","golden/crm.html:5680","미확정: 원본 handler/template 추적 필요","TEST_MISSING","중복정의·동적 template·상위함수 호출을 실제 렌더 결과와 연결","해당 원본 컨트롤의 노출 조건·클릭/필터/취소 결과를 Golden fixture로 검증","<input type=""checkbox"" id=""sp-act-contact"" checked>"
"C00389","UNRESOLVED_CONTROL","splitInlinePanel: 활동 저장","페이지 데이터/상태 경로: 정확한 runtime reachability 미확인","직접 literal write 발견 없음; 간접 호출은 미확인","golden/crm.html:5681","미확정: 원본 handler/template 추적 필요","TEST_MISSING","중복정의·동적 template·상위함수 호출을 실제 렌더 결과와 연결","해당 원본 컨트롤의 노출 조건·클릭/필터/취소 결과를 Golden fixture로 검증","<button class=""dact pri"" onclick=""spSaveAct()"">"
"C00390","UNRESOLVED_CONTROL","splitInlinePanel: 닫기","페이지 데이터/상태 경로: 정확한 runtime reachability 미확인","직접 literal write 발견 없음; 간접 호출은 미확인","golden/crm.html:5681","미확정: 원본 handler/template 추적 필요","TEST_MISSING","중복정의·동적 template·상위함수 호출을 실제 렌더 결과와 연결","해당 원본 컨트롤의 노출 조건·클릭/필터/취소 결과를 Golden fixture로 검증","<button class=""dact"" onclick=""splitForm(null)"">"
"C00391","UNRESOLVED_CONTROL","splitInlinePanel: '+ACTIVITY_TYPES.map(function(x){return '","페이지 데이터/상태 경로: 정확한 runtime reachability 미확인","직접 literal write 발견 없음; 간접 호출은 미확인","golden/crm.html:5685","미확정: 원본 handler/template 추적 필요","TEST_MISSING","중복정의·동적 template·상위함수 호출을 실제 렌더 결과와 연결","해당 원본 컨트롤의 노출 조건·클릭/필터/취소 결과를 Golden fixture로 검증","<select id=""sp-na-type"">"
"C00392","UNRESOLVED_CONTROL","splitInlinePanel: input","페이지 데이터/상태 경로: 정확한 runtime reachability 미확인","직접 literal write 발견 없음; 간접 호출은 미확인","golden/crm.html:5686","미확정: 원본 handler/template 추적 필요","TEST_MISSING","중복정의·동적 template·상위함수 호출을 실제 렌더 결과와 연결","해당 원본 컨트롤의 노출 조건·클릭/필터/취소 결과를 Golden fixture로 검증","<input id=""sp-na-due"" type=""date"" value=""'+escAttr(na&&na.due||'')+'"">"
"C00393","UNRESOLVED_CONTROL","splitInlinePanel: input","페이지 데이터/상태 경로: 정확한 runtime reachability 미확인","직접 literal write 발견 없음; 간접 호출은 미확인","golden/crm.html:5687","미확정: 원본 handler/template 추적 필요","TEST_MISSING","중복정의·동적 template·상위함수 호출을 실제 렌더 결과와 연결","해당 원본 컨트롤의 노출 조건·클릭/필터/취소 결과를 Golden fixture로 검증","<input id=""sp-na-text"" value=""'+escAttr(na&&na.text||'')+'"" placeholder=""예: 견적 검토 여부 확인 전화"">"
"C00394","UNRESOLVED_CONTROL","splitInlinePanel: 다음 행동 저장","페이지 데이터/상태 경로: 정확한 runtime reachability 미확인","직접 literal write 발견 없음; 간접 호출은 미확인","golden/crm.html:5688","미확정: 원본 handler/template 추적 필요","TEST_MISSING","중복정의·동적 template·상위함수 호출을 실제 렌더 결과와 연결","해당 원본 컨트롤의 노출 조건·클릭/필터/취소 결과를 Golden fixture로 검증","<button class=""dact pri"" onclick=""spSaveNext()"">"
"C00395","UNRESOLVED_CONTROL","splitInlinePanel: 닫기","페이지 데이터/상태 경로: 정확한 runtime reachability 미확인","직접 literal write 발견 없음; 간접 호출은 미확인","golden/crm.html:5688","미확정: 원본 handler/template 추적 필요","TEST_MISSING","중복정의·동적 template·상위함수 호출을 실제 렌더 결과와 연결","해당 원본 컨트롤의 노출 조건·클릭/필터/취소 결과를 Golden fixture로 검증","<button class=""dact"" onclick=""splitForm(null)"">"
"C00396","UNRESOLVED_CONTROL","splitInlinePanel: '+transitionOptions(idx,'deal')+'","페이지 데이터/상태 경로: 정확한 runtime reachability 미확인","직접 literal write 발견 없음; 간접 호출은 미확인","golden/crm.html:5692","미확정: 원본 handler/template 추적 필요","TEST_MISSING","중복정의·동적 template·상위함수 호출을 실제 렌더 결과와 연결","해당 원본 컨트롤의 노출 조건·클릭/필터/취소 결과를 Golden fixture로 검증","<select id=""sp-tr-target"" onchange=""spTargetChanged()"">"
"C00397","UNRESOLVED_CONTROL","splitInlinePanel: select","페이지 데이터/상태 경로: 정확한 runtime reachability 미확인","직접 literal write 발견 없음; 간접 호출은 미확인","golden/crm.html:5693","미확정: 원본 handler/template 추적 필요","TEST_MISSING","중복정의·동적 template·상위함수 호출을 실제 렌더 결과와 연결","해당 원본 컨트롤의 노출 조건·클릭/필터/취소 결과를 Golden fixture로 검증","<select id=""sp-tr-reason"">"
"C00398","UNRESOLVED_CONTROL","splitInlinePanel: input","페이지 데이터/상태 경로: 정확한 runtime reachability 미확인","직접 literal write 발견 없음; 간접 호출은 미확인","golden/crm.html:5694","미확정: 원본 handler/template 추적 필요","TEST_MISSING","중복정의·동적 template·상위함수 호출을 실제 렌더 결과와 연결","해당 원본 컨트롤의 노출 조건·클릭/필터/취소 결과를 Golden fixture로 검증","<input id=""sp-tr-did"" placeholder=""예: PT 일정 협의 완료"">"
"C00399","UNRESOLVED_CONTROL","splitInlinePanel: input","페이지 데이터/상태 경로: 정확한 runtime reachability 미확인","직접 literal write 발견 없음; 간접 호출은 미확인","golden/crm.html:5695","미확정: 원본 handler/template 추적 필요","TEST_MISSING","중복정의·동적 template·상위함수 호출을 실제 렌더 결과와 연결","해당 원본 컨트롤의 노출 조건·클릭/필터/취소 결과를 Golden fixture로 검증","<input id=""sp-tr-result"" placeholder=""예: 9/15 PT 확정"">"
"C00400","UNRESOLVED_CONTROL","splitInlinePanel: input","페이지 데이터/상태 경로: 정확한 runtime reachability 미확인","직접 literal write 발견 없음; 간접 호출은 미확인","golden/crm.html:5696","미확정: 원본 handler/template 추적 필요","TEST_MISSING","중복정의·동적 template·상위함수 호출을 실제 렌더 결과와 연결","해당 원본 컨트롤의 노출 조건·클릭/필터/취소 결과를 Golden fixture로 검증","<input id=""sp-tr-next"" placeholder=""예: PT 자료 최종 확인"">"
"C00401","UNRESOLVED_CONTROL","splitInlinePanel: input","페이지 데이터/상태 경로: 정확한 runtime reachability 미확인","직접 literal write 발견 없음; 간접 호출은 미확인","golden/crm.html:5697","미확정: 원본 handler/template 추적 필요","TEST_MISSING","중복정의·동적 template·상위함수 호출을 실제 렌더 결과와 연결","해당 원본 컨트롤의 노출 조건·클릭/필터/취소 결과를 Golden fixture로 검증","<input id=""sp-tr-due"" type=""date"">"
"C00402","UNRESOLVED_CONTROL","splitInlinePanel: 전환 저장","페이지 데이터/상태 경로: 정확한 runtime reachability 미확인","직접 literal write 발견 없음; 간접 호출은 미확인","golden/crm.html:5698","미확정: 원본 handler/template 추적 필요","TEST_MISSING","중복정의·동적 template·상위함수 호출을 실제 렌더 결과와 연결","해당 원본 컨트롤의 노출 조건·클릭/필터/취소 결과를 Golden fixture로 검증","<button class=""dact pri"" onclick=""spSaveStage()"">"
"C00403","UNRESOLVED_CONTROL","splitInlinePanel: 닫기","페이지 데이터/상태 경로: 정확한 runtime reachability 미확인","직접 literal write 발견 없음; 간접 호출은 미확인","golden/crm.html:5698","미확정: 원본 handler/template 추적 필요","TEST_MISSING","중복정의·동적 template·상위함수 호출을 실제 렌더 결과와 연결","해당 원본 컨트롤의 노출 조건·클릭/필터/취소 결과를 Golden fixture로 검증","<button class=""dact"" onclick=""splitForm(null)"">"
"C00404","F27","paintSplit: 전체 ","B.deals + Stage/amount/owner/risk/Next","직접 literal write 발견 없음; 간접 호출은 미확인","golden/crm.html:5799","crm_read_scoped_v2 부분 / deals reader 초안","CONTRACT_MISSING","기존 모든 보기·stage column·정렬·기간/브랜드·관리카드 필드 부족","모든 보기 동일 ID집합/금액·상세유지·역할별 비노출","<button class=""pfc '+(ci<0&&!CL?'on':'')+'"" onclick=""setSplitCol(null)"">"
"C00405","F27","paintSplit: '+esc(c.nm)+' ","B.deals + Stage/amount/owner/risk/Next","직접 literal write 발견 없음; 간접 호출은 미확인","golden/crm.html:5801","crm_read_scoped_v2 부분 / deals reader 초안","CONTRACT_MISSING","기존 모든 보기·stage column·정렬·기간/브랜드·관리카드 필드 부족","모든 보기 동일 ID집합/금액·상세유지·역할별 비노출","<button class=""pfc '+(!CL&&ci===i?'on':'')+'"" data-ci=""'+i+'"" onclick=""setSplitCol(Number(this.dataset.ci))"">"
"C00406","F27","paintSplit: 전체 ","B.deals + Stage/amount/owner/risk/Next","직접 literal write 발견 없음; 간접 호출은 미확인","golden/crm.html:5807","crm_read_scoped_v2 부분 / deals reader 초안","CONTRACT_MISSING","기존 모든 보기·stage column·정렬·기간/브랜드·관리카드 필드 부족","모든 보기 동일 ID집합/금액·상세유지·역할별 비노출","<button class=""pfc s '+(!G.splitStage?'on':'')+'"" onclick=""setSplitStage(null)"">"
"C00407","F27","paintSplit: '+esc(stageNoLabel(c))+' ","B.deals + Stage/amount/owner/risk/Next","직접 literal write 발견 없음; 간접 호출은 미확인","golden/crm.html:5809","crm_read_scoped_v2 부분 / deals reader 초안","CONTRACT_MISSING","기존 모든 보기·stage column·정렬·기간/브랜드·관리카드 필드 부족","모든 보기 동일 ID집합/금액·상세유지·역할별 비노출","<button class=""pfc s '+(G.splitStage===c?'on':'')+'"" data-c=""'+escAttr(c)+'"" onclick=""setSplitStage(this.dataset.c)"">"
"C00408","F27","paintSplit: '+esc(a.nm)+' ","B.deals + Stage/amount/owner/risk/Next","직접 literal write 발견 없음; 간접 호출은 미확인","golden/crm.html:5815","crm_read_scoped_v2 부분 / deals reader 초안","CONTRACT_MISSING","기존 모든 보기·stage column·정렬·기간/브랜드·관리카드 필드 부족","모든 보기 동일 ID집합/금액·상세유지·역할별 비노출","<button class=""pfc a '+(G.splitAct===a.k?'on':'')+'"" data-k=""'+a.k+'"" onclick=""setSplitAct(this.dataset.k)"">"
"C00409","F27","paintSplit: 금액 미입력 ","B.deals + Stage/amount/owner/risk/Next","직접 literal write 발견 없음; 간접 호출은 미확인","golden/crm.html:5816","crm_read_scoped_v2 부분 / deals reader 초안","CONTRACT_MISSING","기존 모든 보기·stage column·정렬·기간/브랜드·관리카드 필드 부족","모든 보기 동일 ID집합/금액·상세유지·역할별 비노출","<button class=""pfc q '+(G.pipeNoAmt?'on':'')+'"" onclick=""setNoAmt()"" title=""금액이 비면 전환율이 실제보다 좋아 보입니다"">"
"C00410","F27","paintSplit: '+esc(x.nm)+' ","B.deals + Stage/amount/owner/risk/Next","직접 literal write 발견 없음; 간접 호출은 미확인","golden/crm.html:5823","crm_read_scoped_v2 부분 / deals reader 초안","CONTRACT_MISSING","기존 모든 보기·stage column·정렬·기간/브랜드·관리카드 필드 부족","모든 보기 동일 ID집합/금액·상세유지·역할별 비노출","<button class=""pfc e '+(G.splitClosed===x.k?'on':'')+'"" data-k=""'+x.k+'"" onclick=""setSplitClosed(this.dataset.k)"">"
"C00411","F27","paintSplit: 필터 해제","B.deals + Stage/amount/owner/risk/Next","직접 literal write 발견 없음; 간접 호출은 미확인","golden/crm.html:5824","crm_read_scoped_v2 부분 / deals reader 초안","CONTRACT_MISSING","기존 모든 보기·stage column·정렬·기간/브랜드·관리카드 필드 부족","모든 보기 동일 ID집합/금액·상세유지·역할별 비노출","<button class=""pfreset"" onclick=""G.splitCol=null;G.splitStage=null;G.splitAct=null;G.splitClosed=null;G.pipeNoAmt=false;G.splitKey=null;paint()"">"
"C00412","F27","paintSplit: div","B.deals + Stage/amount/owner/risk/Next","직접 literal write 발견 없음; 간접 호출은 미확인","golden/crm.html:5830","crm_read_scoped_v2 부분 / deals reader 초안","CONTRACT_MISSING","기존 모든 보기·stage column·정렬·기간/브랜드·관리카드 필드 부족","모든 보기 동일 ID집합/금액·상세유지·역할별 비노출","<div class=""mlrow '+(k===G.splitKey?'sel':'')+'"" data-k=""'+escAttr(k)+'"" onclick=""G.splitScroll=this.parentElement.scrollTop;G.splitKey=this.dataset.k;G.splitForm=null;paint()"">"
"C00413","UNRESOLVED_CONTROL","quickPanelHTML: 📞 전화","페이지 데이터/상태 경로: 정확한 runtime reachability 미확인","직접 literal write 발견 없음; 간접 호출은 미확인","golden/crm.html:5859","미확정: 원본 handler/template 추적 필요","TEST_MISSING","중복정의·동적 template·상위함수 호출을 실제 렌더 결과와 연결","해당 원본 컨트롤의 노출 조건·클릭/필터/취소 결과를 Golden fixture로 검증","<button '+(!c.mobile?'disabled':'')+' onclick=""contactDial(\'mobile\')"">"
"C00414","UNRESOLVED_CONTROL","quickPanelHTML: ✉ 문자","페이지 데이터/상태 경로: 정확한 runtime reachability 미확인","직접 literal write 발견 없음; 간접 호출은 미확인","golden/crm.html:5859","미확정: 원본 handler/template 추적 필요","TEST_MISSING","중복정의·동적 template·상위함수 호출을 실제 렌더 결과와 연결","해당 원본 컨트롤의 노출 조건·클릭/필터/취소 결과를 Golden fixture로 검증","<button '+(!c.mobile?'disabled':'')+' onclick=""contactSms()"">"
"C00415","UNRESOLVED_CONTROL","quickPanelHTML: 💬 카카오","페이지 데이터/상태 경로: 정확한 runtime reachability 미확인","직접 literal write 발견 없음; 간접 호출은 미확인","golden/crm.html:5859","미확정: 원본 handler/template 추적 필요","TEST_MISSING","중복정의·동적 template·상위함수 호출을 실제 렌더 결과와 연결","해당 원본 컨트롤의 노출 조건·클릭/필터/취소 결과를 Golden fixture로 검증","<button '+(!c.mobile?'disabled':'')+' onclick=""contactKakao()"">"
"C00416","UNRESOLVED_CONTROL","quickPanelHTML: 연락처 없음 · 등록하기","페이지 데이터/상태 경로: 정확한 runtime reachability 미확인","직접 literal write 발견 없음; 간접 호출은 미확인","golden/crm.html:5860","미확정: 원본 handler/template 추적 필요","TEST_MISSING","중복정의·동적 template·상위함수 호출을 실제 렌더 결과와 연결","해당 원본 컨트롤의 노출 조건·클릭/필터/취소 결과를 Golden fixture로 검증","<button class=""quickfull"" style=""margin:0"" onclick=""openQuickContact()"">"
"C00417","UNRESOLVED_CONTROL","quickPanelHTML: ＋ 한 일 기록","페이지 데이터/상태 경로: 정확한 runtime reachability 미확인","직접 literal write 발견 없음; 간접 호출은 미확인","golden/crm.html:5864","미확정: 원본 handler/template 추적 필요","TEST_MISSING","중복정의·동적 template·상위함수 호출을 실제 렌더 결과와 연결","해당 원본 컨트롤의 노출 조건·클릭/필터/취소 결과를 Golden fixture로 검증","<button class=""primary"" onclick=""splitForm(\'act\')"">"
"C00418","UNRESOLVED_CONTROL","quickPanelHTML: 📅 다음 행동 예약","페이지 데이터/상태 경로: 정확한 runtime reachability 미확인","직접 literal write 발견 없음; 간접 호출은 미확인","golden/crm.html:5864","미확정: 원본 handler/template 추적 필요","TEST_MISSING","중복정의·동적 template·상위함수 호출을 실제 렌더 결과와 연결","해당 원본 컨트롤의 노출 조건·클릭/필터/취소 결과를 Golden fixture로 검증","<button onclick=""splitForm(\'next\')"">"
"C00419","UNRESOLVED_CONTROL","quickPanelHTML: 단계 변경","페이지 데이터/상태 경로: 정확한 runtime reachability 미확인","직접 literal write 발견 없음; 간접 호출은 미확인","golden/crm.html:5864","미확정: 원본 handler/template 추적 필요","TEST_MISSING","중복정의·동적 template·상위함수 호출을 실제 렌더 결과와 연결","해당 원본 컨트롤의 노출 조건·클릭/필터/취소 결과를 Golden fixture로 검증","<button onclick=""splitForm(\'stage\')"">"
"C00420","UNRESOLVED_CONTROL","quickPanelHTML: 전체 상세 보기 →","페이지 데이터/상태 경로: 정확한 runtime reachability 미확인","직접 literal write 발견 없음; 간접 호출은 미확인","golden/crm.html:5864","미확정: 원본 handler/template 추적 필요","TEST_MISSING","중복정의·동적 template·상위함수 호출을 실제 렌더 결과와 연결","해당 원본 컨트롤의 노출 조건·클릭/필터/취소 결과를 Golden fixture로 검증","<button class=""quickfull"" onclick=""openFullDealFromQuick()"">"
"C00421","F27","paintSplit: 전체 ","B.deals + Stage/amount/owner/risk/Next","직접 literal write 발견 없음; 간접 호출은 미확인","golden/crm.html:5874","crm_read_scoped_v2 부분 / deals reader 초안","CONTRACT_MISSING","기존 모든 보기·stage column·정렬·기간/브랜드·관리카드 필드 부족","모든 보기 동일 ID집합/금액·상세유지·역할별 비노출","<button class=""pfc '+(!G.quickClosed&&ci<0?'on':'')+'"" onclick=""G.quickClosed=false;setSplitCol(null)"">"
"C00422","F27","paintSplit: '+esc(c.nm)+' ","B.deals + Stage/amount/owner/risk/Next","직접 literal write 발견 없음; 간접 호출은 미확인","golden/crm.html:5875","crm_read_scoped_v2 부분 / deals reader 초안","CONTRACT_MISSING","기존 모든 보기·stage column·정렬·기간/브랜드·관리카드 필드 부족","모든 보기 동일 ID집합/금액·상세유지·역할별 비노출","<button class=""pfc '+(!G.quickClosed&&ci===i?'on':'')+'"" onclick=""G.quickClosed=false;setSplitCol('+i+')"">"
"C00423","F27","paintSplit: 종료 현장 보기","B.deals + Stage/amount/owner/risk/Next","직접 literal write 발견 없음; 간접 호출은 미확인","golden/crm.html:5876","crm_read_scoped_v2 부분 / deals reader 초안","CONTRACT_MISSING","기존 모든 보기·stage column·정렬·기간/브랜드·관리카드 필드 부족","모든 보기 동일 ID집합/금액·상세유지·역할별 비노출","<button class=""pfc e '+(G.quickClosed?'on':'')+'"" onclick=""quickClosedToggle()"">"
"C00424","F27","paintSplit: '+esc(metricDealLabel(G.pipeOrigin,D.length))+'","B.deals + Stage/amount/owner/risk/Next","직접 literal write 발견 없음; 간접 호출은 미확인","golden/crm.html:5877","crm_read_scoped_v2 부분 / deals reader 초안","CONTRACT_MISSING","기존 모든 보기·stage column·정렬·기간/브랜드·관리카드 필드 부족","모든 보기 동일 ID집합/금액·상세유지·역할별 비노출","<button class=""pfc on"">"
"C00425","F27","paintSplit: 근거 필터 해제","B.deals + Stage/amount/owner/risk/Next","직접 literal write 발견 없음; 간접 호출은 미확인","golden/crm.html:5877","crm_read_scoped_v2 부분 / deals reader 초안","CONTRACT_MISSING","기존 모든 보기·stage column·정렬·기간/브랜드·관리카드 필드 부족","모든 보기 동일 ID집합/금액·상세유지·역할별 비노출","<button class=""pfreset"" onclick=""G.pipeOrigin=null;G.splitKey=null;paint()"">"
"C00426","F27","paintSplit: '+esc(a.nm)+' ","B.deals + Stage/amount/owner/risk/Next","직접 literal write 발견 없음; 간접 호출은 미확인","golden/crm.html:5877","crm_read_scoped_v2 부분 / deals reader 초안","CONTRACT_MISSING","기존 모든 보기·stage column·정렬·기간/브랜드·관리카드 필드 부족","모든 보기 동일 ID집합/금액·상세유지·역할별 비노출","<button class=""pfc a '+(G.splitAct===a.k?'on':'')+'"" onclick=""setSplitAct(\''+a.k+'\')"">"
"C00427","F27","paintSplit: 금액 미입력 ","B.deals + Stage/amount/owner/risk/Next","직접 literal write 발견 없음; 간접 호출은 미확인","golden/crm.html:5877","crm_read_scoped_v2 부분 / deals reader 초안","CONTRACT_MISSING","기존 모든 보기·stage column·정렬·기간/브랜드·관리카드 필드 부족","모든 보기 동일 ID집합/금액·상세유지·역할별 비노출","<button class=""pfc q '+(G.pipeNoAmt?'on':'')+'"" onclick=""setNoAmt()"">"
"C00428","F27","paintSplit: '+esc(issueHuman(G.quickIssueKind))+' '+D.length+'건","B.deals + Stage/amount/owner/risk/Next","직접 literal write 발견 없음; 간접 호출은 미확인","golden/crm.html:5878","crm_read_scoped_v2 부분 / deals reader 초안","CONTRACT_MISSING","기존 모든 보기·stage column·정렬·기간/브랜드·관리카드 필드 부족","모든 보기 동일 ID집합/금액·상세유지·역할별 비노출","<button class=""pfc on"">"
"C00429","F27","paintSplit: 근거 필터 해제","B.deals + Stage/amount/owner/risk/Next","직접 literal write 발견 없음; 간접 호출은 미확인","golden/crm.html:5878","crm_read_scoped_v2 부분 / deals reader 초안","CONTRACT_MISSING","기존 모든 보기·stage column·정렬·기간/브랜드·관리카드 필드 부족","모든 보기 동일 ID집합/금액·상세유지·역할별 비노출","<button class=""pfreset"" onclick=""G.quickIssueKind=\'all\';G.splitKey=null;paint()"">"
"C00430","F27","paintSplit: div","B.deals + Stage/amount/owner/risk/Next","직접 literal write 발견 없음; 간접 호출은 미확인","golden/crm.html:5880","crm_read_scoped_v2 부분 / deals reader 초안","CONTRACT_MISSING","기존 모든 보기·stage column·정렬·기간/브랜드·관리카드 필드 부족","모든 보기 동일 ID집합/금액·상세유지·역할별 비노출","<div class=""mlrow '+(k===G.splitKey?'sel':'')+'"" data-k=""'+escAttr(k)+'"" onclick=""G.splitScroll=this.parentElement.scrollTop;G.splitKey=this.dataset.k;G.splitForm=null;paint()"">"
"C00431","UNRESOLVED_CONTROL","quickAssign: 0","페이지 데이터/상태 경로: 정확한 runtime reachability 미확인","직접 literal write 발견 없음; 간접 호출은 미확인","golden/crm.html:5901","미확정: 원본 handler/template 추적 필요","TEST_MISSING","중복정의·동적 template·상위함수 호출을 실제 렌더 결과와 연결","해당 원본 컨트롤의 노출 조건·클릭/필터/취소 결과를 Golden fixture로 검증","<0)return alert('견적문의에 직접 배정할 수 없는 담당자입니다.');inqCtlRecordAssignment(q,rep,'피드 빠른 배정');saveLocal();G.inqNotice=(q.site||'문의')+'를 '+rep+' 담당으로 배정했습니다.';paint()}
function inqRowHTML(q,extra){var p=priorityInfo(q,'inq');return '<div class=""mlrow"" onclick=\'drwInq('+JSON.stringify(JSON.stringify(q))+')\'>"
"C00432","UNRESOLVED_CONTROL","inqLink: 연결","페이지 데이터/상태 경로: 정확한 runtime reachability 미확인","직접 literal write 발견 없음; 간접 호출은 미확인","golden/crm.html:5963","미확정: 원본 handler/template 추적 필요","TEST_MISSING","중복정의·동적 template·상위함수 호출을 실제 렌더 결과와 연결","해당 원본 컨트롤의 노출 조건·클릭/필터/취소 결과를 Golden fixture로 검증","<button class=""lbtn"" data-i=""'+i+'"" data-j=""'+j+'"" onclick=""linkConfirm(Number(this.dataset.i),Number(this.dataset.j))"">"
"C00433","UNRESOLVED_CONTROL","inqLink: 나머지 '+(rows.length-lim)+'건 더 보기","페이지 데이터/상태 경로: 정확한 runtime reachability 미확인","직접 literal write 발견 없음; 간접 호출은 미확인","golden/crm.html:5966","미확정: 원본 handler/template 추적 필요","TEST_MISSING","중복정의·동적 template·상위함수 호출을 실제 렌더 결과와 연결","해당 원본 컨트롤의 노출 조건·클릭/필터/취소 결과를 Golden fixture로 검증","<button class=""utlmore"" onclick=""G.linkAll=true;paint()"">"
"C00434","UNRESOLVED_CONTROL","inqBrandChips: '
     +(BICON[b]?BICON[b][0]+' ':'')+esc(b)+' ","페이지 데이터/상태 경로: 정확한 runtime reachability 미확인","직접 literal write 발견 없음; 간접 호출은 미확인","golden/crm.html:5990","미확정: 원본 handler/template 추적 필요","TEST_MISSING","중복정의·동적 template·상위함수 호출을 실제 렌더 결과와 연결","해당 원본 컨트롤의 노출 조건·클릭/필터/취소 결과를 Golden fixture로 검증","<button class=""'+(G.brand===b?'on':'')+'"" data-b=""'+escAttr(b)+'"" onclick=""G.brand=this.dataset.b;G.inqSelKey=null;paint()"">"
"C00435","UNRESOLVED_CONTROL","paintInq: '+x[1]+'","페이지 데이터/상태 경로: 정확한 runtime reachability 미확인","직접 literal write 발견 없음; 간접 호출은 미확인","golden/crm.html:6003","미확정: 원본 handler/template 추적 필요","TEST_MISSING","중복정의·동적 template·상위함수 호출을 실제 렌더 결과와 연결","해당 원본 컨트롤의 노출 조건·클릭/필터/취소 결과를 Golden fixture로 검증","<button class=""'+(v===x[0]?'on':'')+'"" data-v=""'+x[0]+'"" onclick=""G.inqView=this.dataset.v;G.inqNotice=\'\';paint()"">"
"C00436","UNRESOLVED_CONTROL","paintInq: '
  +'","페이지 데이터/상태 경로: 정확한 runtime reachability 미확인","직접 literal write 발견 없음; 간접 호출은 미확인","golden/crm.html:6004","미확정: 원본 handler/template 추적 필요","TEST_MISSING","중복정의·동적 template·상위함수 호출을 실제 렌더 결과와 연결","해당 원본 컨트롤의 노출 조건·클릭/필터/취소 결과를 Golden fixture로 검증","<button class=""hidetgl '+(G.hideClosed?'on':'')+'"" onclick=""toggleHideClosed()"" title=""수주·실주·배드핏·연락두절 상태와 과거 종료 데이터를 목록에서 제외합니다"">"
"C00437","UNRESOLVED_CONTROL","paintInq: 필터 해제","페이지 데이터/상태 경로: 정확한 runtime reachability 미확인","직접 literal write 발견 없음; 간접 호출은 미확인","golden/crm.html:6009","미확정: 원본 handler/template 추적 필요","TEST_MISSING","중복정의·동적 template·상위함수 호출을 실제 렌더 결과와 연결","해당 원본 컨트롤의 노출 조건·클릭/필터/취소 결과를 Golden fixture로 검증","<button class=""act"" onclick=""clearBriefInquiry()"">"
"C00438","UNRESOLVED_CONTROL","paintInq: 필터 해제","페이지 데이터/상태 경로: 정확한 runtime reachability 미확인","직접 literal write 발견 없음; 간접 호출은 미확인","golden/crm.html:6010","미확정: 원본 handler/template 추적 필요","TEST_MISSING","중복정의·동적 template·상위함수 호출을 실제 렌더 결과와 연결","해당 원본 컨트롤의 노출 조건·클릭/필터/취소 결과를 Golden fixture로 검증","<button class=""act"" onclick=""clearInquiryIssue()"">"
"C00439","UNRESOLVED_CONTROL","paintInq: 인계 대기만 보기","페이지 데이터/상태 경로: 정확한 runtime reachability 미확인","직접 literal write 발견 없음; 간접 호출은 미확인","golden/crm.html:6011","미확정: 원본 handler/template 추적 필요","TEST_MISSING","중복정의·동적 template·상위함수 호출을 실제 렌더 결과와 연결","해당 원본 컨트롤의 노출 조건·클릭/필터/취소 결과를 Golden fixture로 검증","<button class=""act"" onclick=""G.inqPhase=\'인계 대기\';G.inqView=\'split\';G.inqSelKey=null;paint()"">"
"C00440","UNRESOLVED_CONTROL","paintInq: 인계 건 내보내기","페이지 데이터/상태 경로: 정확한 runtime reachability 미확인","직접 literal write 발견 없음; 간접 호출은 미확인","golden/crm.html:6012","미확정: 원본 handler/template 추적 필요","TEST_MISSING","중복정의·동적 template·상위함수 호출을 실제 렌더 결과와 연결","해당 원본 컨트롤의 노출 조건·클릭/필터/취소 결과를 Golden fixture로 검증","<button class=""act"" onclick=""exportPromotions()"">"
"C00441","UNRESOLVED_CONTROL","inqFeed: '+r[0]+' '+r[1]+'","페이지 데이터/상태 경로: 정확한 runtime reachability 미확인","직접 literal write 발견 없음; 간접 호출은 미확인","golden/crm.html:6030","미확정: 원본 handler/template 추적 필요","TEST_MISSING","중복정의·동적 template·상위함수 호출을 실제 렌더 결과와 연결","해당 원본 컨트롤의 노출 조건·클릭/필터/취소 결과를 Golden fixture로 검증","<button class=""mbadge gray"" style=""border:0;cursor:pointer;font-family:inherit;padding:7px 11px"" data-k=""'+escAttr(k)+'"" data-r=""'+escAttr(r[0])+'"" onclick=""event.stopPropagation();quickAssign(this.dataset.k,this.dataset.r)"">"
"C00442","UNRESOLVED_CONTROL","inqFeed: select","페이지 데이터/상태 경로: 정확한 runtime reachability 미확인","직접 literal write 발견 없음; 간접 호출은 미확인","golden/crm.html:6031","미확정: 원본 handler/template 추적 필요","TEST_MISSING","중복정의·동적 template·상위함수 호출을 실제 렌더 결과와 연결","해당 원본 컨트롤의 노출 조건·클릭/필터/취소 결과를 Golden fixture로 검증","<select data-k=""'+escAttr(k)+'"" onclick=""event.stopPropagation()"" onchange=""if(this.value)quickAssign(this.dataset.k,this.value)"" style=""font:inherit;font-size:12px;font-weight:800;border:1px solid var(--line);border-radius:999px;padding:6px 8px;background:#fff;color:var(--ink2)"">"
"C00443","UNRESOLVED_CONTROL","inqFeed: 상세 →","페이지 데이터/상태 경로: 정확한 runtime reachability 미확인","직접 literal write 발견 없음; 간접 호출은 미확인","golden/crm.html:6032","미확정: 원본 handler/template 추적 필요","TEST_MISSING","중복정의·동적 template·상위함수 호출을 실제 렌더 결과와 연결","해당 원본 컨트롤의 노출 조건·클릭/필터/취소 결과를 Golden fixture로 검증","<button class=""mbadge blue"" style=""border:0;cursor:pointer;font-family:inherit;padding:7px 13px"" onclick=\'event.stopPropagation();drwInq('+JSON.stringify(JSON.stringify(q))+')\'>"
"C00444","UNRESOLVED_CONTROL","inqFeed: '+(open?'접기 ▴':L.length-5+'건 더 보기 ▾')+'","페이지 데이터/상태 경로: 정확한 runtime reachability 미확인","직접 literal write 발견 없음; 간접 호출은 미확인","golden/crm.html:6040","미확정: 원본 handler/template 추적 필요","TEST_MISSING","중복정의·동적 template·상위함수 호출을 실제 렌더 결과와 연결","해당 원본 컨트롤의 노출 조건·클릭/필터/취소 결과를 Golden fixture로 검증","<button class=""mmore"" data-g=""'+g[0]+'"" onclick=""feedMore(this.dataset.g)"">"
"C00445","UNRESOLVED_CONTROL","inqFeed: 30일 이전 '+old+'건 — 보드+콘솔에서 보기 →","페이지 데이터/상태 경로: 정확한 runtime reachability 미확인","직접 literal write 발견 없음; 간접 호출은 미확인","golden/crm.html:6043","미확정: 원본 handler/template 추적 필요","TEST_MISSING","중복정의·동적 template·상위함수 호출을 실제 렌더 결과와 연결","해당 원본 컨트롤의 노출 조건·클릭/필터/취소 결과를 Golden fixture로 검증","<button class=""mmore"" style=""margin-top:10px"" onclick=""G.inqView=\'console\';paint()"">"
"C00446","UNRESOLVED_CONTROL","inqConsole: '
    +'","페이지 데이터/상태 경로: 정확한 runtime reachability 미확인","직접 literal write 발견 없음; 간접 호출은 미확인","golden/crm.html:6091","미확정: 원본 handler/template 추적 필요","TEST_MISSING","중복정의·동적 template·상위함수 호출을 실제 렌더 결과와 연결","해당 원본 컨트롤의 노출 조건·클릭/필터/취소 결과를 Golden fixture로 검증","<button class=""iqc-card '+x[1]+(on?' on':'')+'"" data-p=""'+escAttr(x[0])+'"" onclick=""G.inqPhase=this.dataset.p===G.inqPhase?\'전체\':this.dataset.p;paint()"">"
"C00447","UNRESOLVED_CONTROL","inqConsole: '
    +'","페이지 데이터/상태 경로: 정확한 runtime reachability 미확인","직접 literal write 발견 없음; 간접 호출은 미확인","golden/crm.html:6100","미확정: 원본 handler/template 추적 필요","TEST_MISSING","중복정의·동적 template·상위함수 호출을 실제 렌더 결과와 연결","해당 원본 컨트롤의 노출 조건·클릭/필터/취소 결과를 Golden fixture로 검증","<div class=""iqc-row'+(sla?' sla':'')+'"" style=""'+cols+'"" onclick=""openSplitFrom('+i+')"">"
"C00448","UNRESOLVED_CONTROL","inqConsole: span","페이지 데이터/상태 경로: 정확한 runtime reachability 미확인","직접 literal write 발견 없음; 간접 호출은 미확인","golden/crm.html:6101","미확정: 원본 handler/template 추적 필요","TEST_MISSING","중복정의·동적 template·상위함수 호출을 실제 렌더 결과와 연결","해당 원본 컨트롤의 노출 조건·클릭/필터/취소 결과를 Golden fixture로 검증","<span onclick=""event.stopPropagation()"">"
"C00449","UNRESOLVED_CONTROL","inqConsole: input","페이지 데이터/상태 경로: 정확한 runtime reachability 미확인","직접 literal write 발견 없음; 간접 호출은 미확인","golden/crm.html:6101","미확정: 원본 handler/template 추적 필요","TEST_MISSING","중복정의·동적 template·상위함수 호출을 실제 렌더 결과와 연결","해당 원본 컨트롤의 노출 조건·클릭/필터/취소 결과를 Golden fixture로 검증","<input type=""checkbox"" data-k=""'+escAttr(k)+'"" '+(INQ_SEL[k]?'checked':'')+' onclick=""inqTick(this.dataset.k,this.checked)"">"
"C00450","UNRESOLVED_CONTROL","inqConsole: '+(un
        ?'","페이지 데이터/상태 경로: 정확한 runtime reachability 미확인","직접 literal write 발견 없음; 간접 호출은 미확인","golden/crm.html:6106","미확정: 원본 handler/template 추적 필요","TEST_MISSING","중복정의·동적 template·상위함수 호출을 실제 렌더 결과와 연결","해당 원본 컨트롤의 노출 조건·클릭/필터/취소 결과를 Golden fixture로 검증","<span onclick=""event.stopPropagation()"">"
"C00451","UNRESOLVED_CONTROL","inqConsole: select","페이지 데이터/상태 경로: 정확한 runtime reachability 미확인","직접 literal write 발견 없음; 간접 호출은 미확인","golden/crm.html:6107","미확정: 원본 handler/template 추적 필요","TEST_MISSING","중복정의·동적 template·상위함수 호출을 실제 렌더 결과와 연결","해당 원본 컨트롤의 노출 조건·클릭/필터/취소 결과를 Golden fixture로 검증","<select class=""un"" onchange=""quickAssign(this.dataset.k,this.value)"" data-k=""'+escAttr(k)+'"">"
"C00452","UNRESOLVED_CONTROL","inqConsole: 일괄 배정","페이지 데이터/상태 경로: 정확한 runtime reachability 미확인","직접 literal write 발견 없음; 간접 호출은 미확인","golden/crm.html:6115","미확정: 원본 handler/template 추적 필요","TEST_MISSING","중복정의·동적 template·상위함수 호출을 실제 렌더 결과와 연결","해당 원본 컨트롤의 노출 조건·클릭/필터/취소 결과를 Golden fixture로 검증","<button class=""'+(mode==='assign'?'on':'')+'"" onclick=""inqBulkMode(\'assign\')"">"
"C00453","UNRESOLVED_CONTROL","inqConsole: 🔔 잔디 쪼기","페이지 데이터/상태 경로: 정확한 runtime reachability 미확인","직접 literal write 발견 없음; 간접 호출은 미확인","golden/crm.html:6116","미확정: 원본 handler/template 추적 필요","TEST_MISSING","중복정의·동적 template·상위함수 호출을 실제 렌더 결과와 연결","해당 원본 컨트롤의 노출 조건·클릭/필터/취소 결과를 Golden fixture로 검증","<button onclick=""nudgeSelected()"">"
"C00454","UNRESOLVED_CONTROL","inqConsole: 다음 행동 등록","페이지 데이터/상태 경로: 정확한 runtime reachability 미확인","직접 literal write 발견 없음; 간접 호출은 미확인","golden/crm.html:6117","미확정: 원본 handler/template 추적 필요","TEST_MISSING","중복정의·동적 template·상위함수 호출을 실제 렌더 결과와 연결","해당 원본 컨트롤의 노출 조건·클릭/필터/취소 결과를 Golden fixture로 검증","<button class=""pri '+(mode==='action'?'on':'')+'"" onclick=""inqBulkMode(\'action\')"">"
"C00455","UNRESOLVED_CONTROL","inqConsole: select","페이지 데이터/상태 경로: 정확한 runtime reachability 미확인","직접 literal write 발견 없음; 간접 호출은 미확인","golden/crm.html:6118","미확정: 원본 handler/template 추적 필요","TEST_MISSING","중복정의·동적 template·상위함수 호출을 실제 렌더 결과와 연결","해당 원본 컨트롤의 노출 조건·클릭/필터/취소 결과를 Golden fixture로 검증","<select id=""inqBulkRep"">"
"C00456","UNRESOLVED_CONTROL","inqConsole: input","페이지 데이터/상태 경로: 정확한 runtime reachability 미확인","직접 literal write 발견 없음; 간접 호출은 미확인","golden/crm.html:6119","미확정: 원본 handler/template 추적 필요","TEST_MISSING","중복정의·동적 template·상위함수 호출을 실제 렌더 결과와 연결","해당 원본 컨트롤의 노출 조건·클릭/필터/취소 결과를 Golden fixture로 검증","<input id=""inqBulkReason"" placeholder=""배정 사유 (필수)"">"
"C00457","UNRESOLVED_CONTROL","inqConsole: 배정 실행","페이지 데이터/상태 경로: 정확한 runtime reachability 미확인","직접 literal write 발견 없음; 간접 호출은 미확인","golden/crm.html:6119","미확정: 원본 handler/template 추적 필요","TEST_MISSING","중복정의·동적 template·상위함수 호출을 실제 렌더 결과와 연결","해당 원본 컨트롤의 노출 조건·클릭/필터/취소 결과를 Golden fixture로 검증","<button class=""pri"" onclick=""applyInqBulk()"">"
"C00458","UNRESOLVED_CONTROL","inqConsole: input","페이지 데이터/상태 경로: 정확한 runtime reachability 미확인","직접 literal write 발견 없음; 간접 호출은 미확인","golden/crm.html:6121","미확정: 원본 handler/template 추적 필요","TEST_MISSING","중복정의·동적 template·상위함수 호출을 실제 렌더 결과와 연결","해당 원본 컨트롤의 노출 조건·클릭/필터/취소 결과를 Golden fixture로 검증","<input id=""inqActText"" placeholder=""다음 행동 (예: 확인 전화)"">"
"C00459","UNRESOLVED_CONTROL","inqConsole: '
     +'","페이지 데이터/상태 경로: 정확한 runtime reachability 미확인","직접 literal write 발견 없음; 간접 호출은 미확인","golden/crm.html:6121","미확정: 원본 handler/template 추적 필요","TEST_MISSING","중복정의·동적 template·상위함수 호출을 실제 렌더 결과와 연결","해당 원본 컨트롤의 노출 조건·클릭/필터/취소 결과를 Golden fixture로 검증","<input id=""inqActDue"" type=""date"">"
"C00460","UNRESOLVED_CONTROL","inqConsole: 등록 실행","페이지 데이터/상태 경로: 정확한 runtime reachability 미확인","직접 literal write 발견 없음; 간접 호출은 미확인","golden/crm.html:6122","미확정: 원본 handler/template 추적 필요","TEST_MISSING","중복정의·동적 template·상위함수 호출을 실제 렌더 결과와 연결","해당 원본 컨트롤의 노출 조건·클릭/필터/취소 결과를 Golden fixture로 검증","<button class=""pri"" onclick=""applyInqBulkAction()"">"
"C00461","UNRESOLVED_CONTROL","inqRegion: button","페이지 데이터/상태 경로: 정확한 runtime reachability 미확인","직접 literal write 발견 없음; 간접 호출은 미확인","golden/crm.html:6140","미확정: 원본 handler/template 추적 필요","TEST_MISSING","중복정의·동적 template·상위함수 호출을 실제 렌더 결과와 연결","해당 원본 컨트롤의 노출 조건·클릭/필터/취소 결과를 Golden fixture로 검증","<button data-r=""'+x.r+'"" onclick=""G.inqRegion=this.dataset.r;paint()"" style=""width:'+sz+'px;height:'+sz+'px;border-radius:50%;cursor:pointer;border:0;font-family:inherit;display:flex;flex-direction:column;align-items:center;justify-content:center;'+(on?'background:var(--blue);color:#fff;box-shadow:0 10px 24px -8px rgba(51,102,255,.5)':'background:var(--blue-100);color:var(--blue)')+'"">"
"C00462","UNRESOLVED_CONTROL","splitActForm: input","페이지 데이터/상태 경로: 정확한 runtime reachability 미확인","직접 literal write 발견 없음; 간접 호출은 미확인","golden/crm.html:6323","미확정: 원본 handler/template 추적 필요","TEST_MISSING","중복정의·동적 template·상위함수 호출을 실제 렌더 결과와 연결","해당 원본 컨트롤의 노출 조건·클릭/필터/취소 결과를 Golden fixture로 검증","<input id=""spNextText"" placeholder=""다음 행동 (예: 견적 확인 전화)"" autofocus>"
"C00463","UNRESOLVED_CONTROL","splitActForm: input","페이지 데이터/상태 경로: 정확한 runtime reachability 미확인","직접 literal write 발견 없음; 간접 호출은 미확인","golden/crm.html:6324","미확정: 원본 handler/template 추적 필요","TEST_MISSING","중복정의·동적 template·상위함수 호출을 실제 렌더 결과와 연결","해당 원본 컨트롤의 노출 조건·클릭/필터/취소 결과를 Golden fixture로 검증","<input id=""spNextDue"" type=""date"" required>"
"C00464","UNRESOLVED_CONTROL","splitActForm: 저장","페이지 데이터/상태 경로: 정확한 runtime reachability 미확인","직접 literal write 발견 없음; 간접 호출은 미확인","golden/crm.html:6324","미확정: 원본 handler/template 추적 필요","TEST_MISSING","중복정의·동적 template·상위함수 호출을 실제 렌더 결과와 연결","해당 원본 컨트롤의 노출 조건·클릭/필터/취소 결과를 Golden fixture로 검증","<button class=""pri"" onclick=""splitSaveNext()"">"
"C00465","UNRESOLVED_CONTROL","splitActForm: 취소","페이지 데이터/상태 경로: 정확한 runtime reachability 미확인","직접 literal write 발견 없음; 간접 호출은 미확인","golden/crm.html:6324","미확정: 원본 handler/template 추적 필요","TEST_MISSING","중복정의·동적 template·상위함수 호출을 실제 렌더 결과와 연결","해당 원본 컨트롤의 노출 조건·클릭/필터/취소 결과를 Golden fixture로 검증","<button onclick=""inqAct(null)"">"
"C00466","UNRESOLVED_CONTROL","splitActForm: '+INQ_STATUS_LIST.concat(CLOSED_INPUT_ST).map(function(s){return '","페이지 데이터/상태 경로: 정확한 runtime reachability 미확인","직접 literal write 발견 없음; 간접 호출은 미확인","golden/crm.html:6325","미확정: 원본 handler/template 추적 필요","TEST_MISSING","중복정의·동적 template·상위함수 호출을 실제 렌더 결과와 연결","해당 원본 컨트롤의 노출 조건·클릭/필터/취소 결과를 Golden fixture로 검증","<select id=""spStatus"">"
"C00467","UNRESOLVED_CONTROL","splitActForm: 변경","페이지 데이터/상태 경로: 정확한 runtime reachability 미확인","직접 literal write 발견 없음; 간접 호출은 미확인","golden/crm.html:6326","미확정: 원본 handler/template 추적 필요","TEST_MISSING","중복정의·동적 template·상위함수 호출을 실제 렌더 결과와 연결","해당 원본 컨트롤의 노출 조건·클릭/필터/취소 결과를 Golden fixture로 검증","<button class=""pri"" onclick=""splitSaveStatus()"">"
"C00468","UNRESOLVED_CONTROL","splitActForm: 취소","페이지 데이터/상태 경로: 정확한 runtime reachability 미확인","직접 literal write 발견 없음; 간접 호출은 미확인","golden/crm.html:6326","미확정: 원본 handler/template 추적 필요","TEST_MISSING","중복정의·동적 template·상위함수 호출을 실제 렌더 결과와 연결","해당 원본 컨트롤의 노출 조건·클릭/필터/취소 결과를 Golden fixture로 검증","<button onclick=""inqAct(null)"">"
"C00469","UNRESOLVED_CONTROL","splitActForm: 배정 창 열기","페이지 데이터/상태 경로: 정확한 runtime reachability 미확인","직접 literal write 발견 없음; 간접 호출은 미확인","golden/crm.html:6327","미확정: 원본 handler/template 추적 필요","TEST_MISSING","중복정의·동적 template·상위함수 호출을 실제 렌더 결과와 연결","해당 원본 컨트롤의 노출 조건·클릭/필터/취소 결과를 Golden fixture로 검증","<button class=""pri"" data-k=""'+escAttr(inqKey(q))+'"" data-mode=""'+(repN(q.assignee)==='미배정'?'assign':'reassign')+'"" onclick=""inqCtlOpenAssign(this.dataset.mode,this.dataset.k)"">"
"C00470","UNRESOLVED_CONTROL","splitActForm: 취소","페이지 데이터/상태 경로: 정확한 runtime reachability 미확인","직접 literal write 발견 없음; 간접 호출은 미확인","golden/crm.html:6327","미확정: 원본 handler/template 추적 필요","TEST_MISSING","중복정의·동적 template·상위함수 호출을 실제 렌더 결과와 연결","해당 원본 컨트롤의 노출 조건·클릭/필터/취소 결과를 Golden fixture로 검증","<button onclick=""inqAct(null)"">"
"C00471","UNRESOLVED_CONTROL","splitActForm: select","페이지 데이터/상태 경로: 정확한 runtime reachability 미확인","직접 literal write 발견 없음; 간접 호출은 미확인","golden/crm.html:6328","미확정: 원본 handler/template 추적 필요","TEST_MISSING","중복정의·동적 template·상위함수 호출을 실제 렌더 결과와 연결","해당 원본 컨트롤의 노출 조건·클릭/필터/취소 결과를 Golden fixture로 검증","<select id=""spLogType"">"
"C00472","UNRESOLVED_CONTROL","splitActForm: input","페이지 데이터/상태 경로: 정확한 runtime reachability 미확인","직접 literal write 발견 없음; 간접 호출은 미확인","golden/crm.html:6329","미확정: 원본 handler/template 추적 필요","TEST_MISSING","중복정의·동적 template·상위함수 호출을 실제 렌더 결과와 연결","해당 원본 컨트롤의 노출 조건·클릭/필터/취소 결과를 Golden fixture로 검증","<input id=""spLogNote"" placeholder=""한 줄 기록 (예: 관리소장 통화, 예산 확정 후 재연락)"">"
"C00473","UNRESOLVED_CONTROL","splitActForm: 기록","페이지 데이터/상태 경로: 정확한 runtime reachability 미확인","직접 literal write 발견 없음; 간접 호출은 미확인","golden/crm.html:6329","미확정: 원본 handler/template 추적 필요","TEST_MISSING","중복정의·동적 template·상위함수 호출을 실제 렌더 결과와 연결","해당 원본 컨트롤의 노출 조건·클릭/필터/취소 결과를 Golden fixture로 검증","<button class=""pri"" onclick=""splitSaveLog()"">"
"C00474","UNRESOLVED_CONTROL","splitActForm: 취소","페이지 데이터/상태 경로: 정확한 runtime reachability 미확인","직접 literal write 발견 없음; 간접 호출은 미확인","golden/crm.html:6329","미확정: 원본 handler/template 추적 필요","TEST_MISSING","중복정의·동적 template·상위함수 호출을 실제 렌더 결과와 연결","해당 원본 컨트롤의 노출 조건·클릭/필터/취소 결과를 Golden fixture로 검증","<button onclick=""inqAct(null)"">"
"C00475","UNRESOLVED_CONTROL","inqSplit: '+k+' ","페이지 데이터/상태 경로: 정확한 runtime reachability 미확인","직접 literal write 발견 없음; 간접 호출은 미확인","golden/crm.html:6336","미확정: 원본 handler/template 추적 필요","TEST_MISSING","중복정의·동적 template·상위함수 호출을 실제 렌더 결과와 연결","해당 원본 컨트롤의 노출 조건·클릭/필터/취소 결과를 Golden fixture로 검증","<button class=""c'+i+(pf===k?' on':'')+'"" onclick=""inqPhaseSetAt('+i+')"">"
"C00476","UNRESOLVED_CONTROL","inqSplit: '
     +'","페이지 데이터/상태 경로: 정확한 runtime reachability 미확인","직접 literal write 발견 없음; 간접 호출은 미확인","golden/crm.html:6352","미확정: 원본 handler/template 추적 필요","TEST_MISSING","중복정의·동적 template·상위함수 호출을 실제 렌더 결과와 연결","해당 원본 컨트롤의 노출 조건·클릭/필터/취소 결과를 Golden fixture로 검증","<0)sel=SPLIT_CACHE[0];
  G.inqSelKey=inqKey(sel);
  setCurDetail(sel);
  var pos=SPLIT_CACHE.map(inqKey).indexOf(inqKey(sel))+1;
  var list=SPLIT_CACHE.map(function(q,i){var on=inqKey(q)===G.inqSelKey,p=priorityInfo(q,'inq');
    return '<div class=""sp-row'+(on?' on':'')+((on&&G.inqPinned&&i===0)?' pinned':'')+'"" onclick=""splitPick('+i+')"">"
"C00477","UNRESOLVED_CONTROL","inqSplit: 📅 다음 행동","페이지 데이터/상태 경로: 정확한 runtime reachability 미확인","직접 literal write 발견 없음; 간접 호출은 미확인","golden/crm.html:6375","미확정: 원본 handler/template 추적 필요","TEST_MISSING","중복정의·동적 template·상위함수 호출을 실제 렌더 결과와 연결","해당 원본 컨트롤의 노출 조건·클릭/필터/취소 결과를 Golden fixture로 검증","<button class=""'+(G.inqAct==='next'?'on':'pri')+'"" onclick=""inqAct(\'next\')"">"
"C00478","UNRESOLVED_CONTROL","inqSplit: 🔄 상태 변경","페이지 데이터/상태 경로: 정확한 runtime reachability 미확인","직접 literal write 발견 없음; 간접 호출은 미확인","golden/crm.html:6376","미확정: 원본 handler/template 추적 필요","TEST_MISSING","중복정의·동적 template·상위함수 호출을 실제 렌더 결과와 연결","해당 원본 컨트롤의 노출 조건·클릭/필터/취소 결과를 Golden fixture로 검증","<button class=""'+(G.inqAct==='status'?'on':'')+'"" onclick=""inqAct(\'status\')"">"
"C00479","UNRESOLVED_CONTROL","inqSplit: 👤 담당자","페이지 데이터/상태 경로: 정확한 runtime reachability 미확인","직접 literal write 발견 없음; 간접 호출은 미확인","golden/crm.html:6377","미확정: 원본 handler/template 추적 필요","TEST_MISSING","중복정의·동적 template·상위함수 호출을 실제 렌더 결과와 연결","해당 원본 컨트롤의 노출 조건·클릭/필터/취소 결과를 Golden fixture로 검증","<button class=""'+(G.inqAct==='rep'?'on':'')+'"" onclick=""inqAct(\'rep\')"">"
"C00480","UNRESOLVED_CONTROL","inqSplit: 📞 활동 기록","페이지 데이터/상태 경로: 정확한 runtime reachability 미확인","직접 literal write 발견 없음; 간접 호출은 미확인","golden/crm.html:6378","미확정: 원본 handler/template 추적 필요","TEST_MISSING","중복정의·동적 template·상위함수 호출을 실제 렌더 결과와 연결","해당 원본 컨트롤의 노출 조건·클릭/필터/취소 결과를 Golden fixture로 검증","<button class=""'+(G.inqAct==='log'?'on':'')+'"" onclick=""inqAct(\'log\')"">"
"C00481","UNRESOLVED_CONTROL","inqSplit: ↑ 이전","페이지 데이터/상태 경로: 정확한 runtime reachability 미확인","직접 literal write 발견 없음; 간접 호출은 미확인","golden/crm.html:6393","미확정: 원본 handler/template 추적 필요","TEST_MISSING","중복정의·동적 template·상위함수 호출을 실제 렌더 결과와 연결","해당 원본 컨트롤의 노출 조건·클릭/필터/취소 결과를 Golden fixture로 검증","<button class=""mini"" onclick=""splitMove(-1)"">"
"C00482","UNRESOLVED_CONTROL","inqSplit: ↓ 다음","페이지 데이터/상태 경로: 정확한 runtime reachability 미확인","직접 literal write 발견 없음; 간접 호출은 미확인","golden/crm.html:6393","미확정: 원본 handler/template 추적 필요","TEST_MISSING","중복정의·동적 template·상위함수 호출을 실제 렌더 결과와 연결","해당 원본 컨트롤의 노출 조건·클릭/필터/취소 결과를 Golden fixture로 검증","<button class=""mini"" onclick=""splitMove(1)"">"
"C00483","UNRESOLVED_CONTROL","promoteBlock: 파이프라인에서 보기 →","페이지 데이터/상태 경로: 정확한 runtime reachability 미확인","직접 literal write 발견 없음; 간접 호출은 미확인","golden/crm.html:6522","미확정: 원본 handler/template 추적 필요","TEST_MISSING","중복정의·동적 template·상위함수 호출을 실제 렌더 결과와 연결","해당 원본 컨트롤의 노출 조건·클릭/필터/취소 결과를 Golden fixture로 검증","<button class=""pl-btn"" onclick=""openPromotedDeal()"">"
"C00484","UNRESOLVED_CONTROL","promoteBlock: '
      +'","페이지 데이터/상태 경로: 정확한 runtime reachability 미확인","직접 literal write 발견 없음; 간접 호출은 미확인","golden/crm.html:6526","미확정: 원본 handler/template 추적 필요","TEST_MISSING","중복정의·동적 template·상위함수 호출을 실제 렌더 결과와 연결","해당 원본 컨트롤의 노출 조건·클릭/필터/취소 결과를 Golden fixture로 검증","<input id=""'+promoteAmtId()+'"" type=""number"" min=""0"" step=""100"" placeholder=""예상금액 (만원)"">"
"C00485","UNRESOLVED_CONTROL","promoteBlock: 📤 파이프라인으로 넘기기","페이지 데이터/상태 경로: 정확한 runtime reachability 미확인","직접 literal write 발견 없음; 간접 호출은 미확인","golden/crm.html:6527","미확정: 원본 handler/template 추적 필요","TEST_MISSING","중복정의·동적 template·상위함수 호출을 실제 렌더 결과와 연결","해당 원본 컨트롤의 노출 조건·클릭/필터/취소 결과를 Golden fixture로 검증","<button class=""pl-btn pri"" onclick=""promoteToPipeline()"">"
"C00486","UNRESOLVED_CONTROL","histBlock: '+(open?'접기 ▴':'전체 보기 ▾')+'","페이지 데이터/상태 경로: 정확한 runtime reachability 미확인","직접 literal write 발견 없음; 간접 호출은 미확인","golden/crm.html:6561","미확정: 원본 handler/template 추적 필요","TEST_MISSING","중복정의·동적 template·상위함수 호출을 실제 렌더 결과와 연결","해당 원본 컨트롤의 노출 조건·클릭/필터/취소 결과를 Golden fixture로 검증","<button class=""hs-more"" onclick=""toggleHist()"">"
"C00487","UNRESOLVED_CONTROL","splitCheckBlock: input","페이지 데이터/상태 경로: 정확한 runtime reachability 미확인","직접 literal write 발견 없음; 간접 호출은 미확인","golden/crm.html:6604","미확정: 원본 handler/template 추적 필요","TEST_MISSING","중복정의·동적 template·상위함수 호출을 실제 렌더 결과와 연결","해당 원본 컨트롤의 노출 조건·클릭/필터/취소 결과를 Golden fixture로 검증","<input type=""checkbox"" '+(ch[i]?'checked':'')+' onchange=""splitCheck('+i+',this.checked)"">"
"C00488","UNRESOLVED_CONTROL","splitActionBar: ✓ 이 행동 완료","페이지 데이터/상태 경로: 정확한 runtime reachability 미확인","직접 literal write 발견 없음; 간접 호출은 미확인","golden/crm.html:6612","미확정: 원본 handler/template 추적 필요","TEST_MISSING","중복정의·동적 template·상위함수 호출을 실제 렌더 결과와 연결","해당 원본 컨트롤의 노출 조건·클릭/필터/취소 결과를 Golden fixture로 검증","<button class=""sp-ab done"" onclick=""splitDoneAction()"">"
"C00489","UNRESOLVED_CONTROL","splitActionBar: 다음: '+esc(next)+' →","페이지 데이터/상태 경로: 정확한 runtime reachability 미확인","직접 literal write 발견 없음; 간접 호출은 미확인","golden/crm.html:6613","미확정: 원본 handler/template 추적 필요","TEST_MISSING","중복정의·동적 template·상위함수 호출을 실제 렌더 결과와 연결","해당 원본 컨트롤의 노출 조건·클릭/필터/취소 결과를 Golden fixture로 검증","<button class=""sp-ab"" onclick=""iqForm(\'next\')"">"
"C00490","UNRESOLVED_CONTROL","splitActionBar: 단계 전환","페이지 데이터/상태 경로: 정확한 runtime reachability 미확인","직접 literal write 발견 없음; 간접 호출은 미확인","golden/crm.html:6614","미확정: 원본 handler/template 추적 필요","TEST_MISSING","중복정의·동적 template·상위함수 호출을 실제 렌더 결과와 연결","해당 원본 컨트롤의 노출 조건·클릭/필터/취소 결과를 Golden fixture로 검증","<button class=""sp-ab"" onclick=""iqForm(\'stage\')"">"
"C00491","UNRESOLVED_CONTROL","iqInlineForm: input","페이지 데이터/상태 경로: 정확한 runtime reachability 미확인","직접 literal write 발견 없음; 간접 호출은 미확인","golden/crm.html:6625","미확정: 원본 handler/template 추적 필요","TEST_MISSING","중복정의·동적 template·상위함수 호출을 실제 렌더 결과와 연결","해당 원본 컨트롤의 노출 조건·클릭/필터/취소 결과를 Golden fixture로 검증","<input id=""iq-did"" placeholder=""예: 관리소장 통화 — 현장방문 일정 확정"">"
"C00492","UNRESOLVED_CONTROL","iqInlineForm: input","페이지 데이터/상태 경로: 정확한 runtime reachability 미확인","직접 literal write 발견 없음; 간접 호출은 미확인","golden/crm.html:6626","미확정: 원본 handler/template 추적 필요","TEST_MISSING","중복정의·동적 template·상위함수 호출을 실제 렌더 결과와 연결","해당 원본 컨트롤의 노출 조건·클릭/필터/취소 결과를 Golden fixture로 검증","<input id=""iq-res"" placeholder=""예: 9/8 오전 방문 확정"">"
"C00493","UNRESOLVED_CONTROL","iqInlineForm: input","페이지 데이터/상태 경로: 정확한 runtime reachability 미확인","직접 literal write 발견 없음; 간접 호출은 미확인","golden/crm.html:6627","미확정: 원본 handler/template 추적 필요","TEST_MISSING","중복정의·동적 template·상위함수 호출을 실제 렌더 결과와 연결","해당 원본 컨트롤의 노출 조건·클릭/필터/취소 결과를 Golden fixture로 검증","<input id=""iq-next"" placeholder=""예: 방문 전 도면 요청"">"
"C00494","UNRESOLVED_CONTROL","iqInlineForm: input","페이지 데이터/상태 경로: 정확한 runtime reachability 미확인","직접 literal write 발견 없음; 간접 호출은 미확인","golden/crm.html:6628","미확정: 원본 handler/template 추적 필요","TEST_MISSING","중복정의·동적 template·상위함수 호출을 실제 렌더 결과와 연결","해당 원본 컨트롤의 노출 조건·클릭/필터/취소 결과를 Golden fixture로 검증","<input id=""iq-due"" type=""date"">"
"C00495","UNRESOLVED_CONTROL","iqInlineForm: 저장","페이지 데이터/상태 경로: 정확한 runtime reachability 미확인","직접 literal write 발견 없음; 간접 호출은 미확인","golden/crm.html:6629","미확정: 원본 handler/template 추적 필요","TEST_MISSING","중복정의·동적 template·상위함수 호출을 실제 렌더 결과와 연결","해당 원본 컨트롤의 노출 조건·클릭/필터/취소 결과를 Golden fixture로 검증","<button class=""dact pri"" onclick=""iqSaveStep('+idx+')"">"
"C00496","UNRESOLVED_CONTROL","iqInlineForm: 닫기","페이지 데이터/상태 경로: 정확한 runtime reachability 미확인","직접 literal write 발견 없음; 간접 호출은 미확인","golden/crm.html:6629","미확정: 원본 handler/template 추적 필요","TEST_MISSING","중복정의·동적 template·상위함수 호출을 실제 렌더 결과와 연결","해당 원본 컨트롤의 노출 조건·클릭/필터/취소 결과를 Golden fixture로 검증","<button class=""dact"" onclick=""iqForm(null)"">"
"C00497","UNRESOLVED_CONTROL","iqInlineForm: '+transitionOptions(idx,'inq')+'","페이지 데이터/상태 경로: 정확한 runtime reachability 미확인","직접 literal write 발견 없음; 간접 호출은 미확인","golden/crm.html:6631","미확정: 원본 handler/template 추적 필요","TEST_MISSING","중복정의·동적 template·상위함수 호출을 실제 렌더 결과와 연결","해당 원본 컨트롤의 노출 조건·클릭/필터/취소 결과를 Golden fixture로 검증","<select id=""iq-target"">"
"C00498","UNRESOLVED_CONTROL","iqInlineForm: input","페이지 데이터/상태 경로: 정확한 runtime reachability 미확인","직접 literal write 발견 없음; 간접 호출은 미확인","golden/crm.html:6632","미확정: 원본 handler/template 추적 필요","TEST_MISSING","중복정의·동적 template·상위함수 호출을 실제 렌더 결과와 연결","해당 원본 컨트롤의 노출 조건·클릭/필터/취소 결과를 Golden fixture로 검증","<input id=""iq-did"" placeholder=""무엇을 했는지"">"
"C00499","UNRESOLVED_CONTROL","iqInlineForm: input","페이지 데이터/상태 경로: 정확한 runtime reachability 미확인","직접 literal write 발견 없음; 간접 호출은 미확인","golden/crm.html:6633","미확정: 원본 handler/template 추적 필요","TEST_MISSING","중복정의·동적 template·상위함수 호출을 실제 렌더 결과와 연결","해당 원본 컨트롤의 노출 조건·클릭/필터/취소 결과를 Golden fixture로 검증","<input id=""iq-res"" placeholder=""결과 · 종료면 사유"">"
"C00500","UNRESOLVED_CONTROL","iqInlineForm: input","페이지 데이터/상태 경로: 정확한 runtime reachability 미확인","직접 literal write 발견 없음; 간접 호출은 미확인","golden/crm.html:6634","미확정: 원본 handler/template 추적 필요","TEST_MISSING","중복정의·동적 template·상위함수 호출을 실제 렌더 결과와 연결","해당 원본 컨트롤의 노출 조건·클릭/필터/취소 결과를 Golden fixture로 검증","<input id=""iq-next"" placeholder=""종료면 비워둡니다"">"
"C00501","UNRESOLVED_CONTROL","iqInlineForm: input","페이지 데이터/상태 경로: 정확한 runtime reachability 미확인","직접 literal write 발견 없음; 간접 호출은 미확인","golden/crm.html:6635","미확정: 원본 handler/template 추적 필요","TEST_MISSING","중복정의·동적 template·상위함수 호출을 실제 렌더 결과와 연결","해당 원본 컨트롤의 노출 조건·클릭/필터/취소 결과를 Golden fixture로 검증","<input id=""iq-due"" type=""date"">"
"C00502","UNRESOLVED_CONTROL","iqInlineForm: 전환 저장","페이지 데이터/상태 경로: 정확한 runtime reachability 미확인","직접 literal write 발견 없음; 간접 호출은 미확인","golden/crm.html:6636","미확정: 원본 handler/template 추적 필요","TEST_MISSING","중복정의·동적 template·상위함수 호출을 실제 렌더 결과와 연결","해당 원본 컨트롤의 노출 조건·클릭/필터/취소 결과를 Golden fixture로 검증","<button class=""dact pri"" onclick=""iqSaveStage()"">"
"C00503","UNRESOLVED_CONTROL","iqInlineForm: 닫기","페이지 데이터/상태 경로: 정확한 runtime reachability 미확인","직접 literal write 발견 없음; 간접 호출은 미확인","golden/crm.html:6636","미확정: 원본 handler/template 추적 필요","TEST_MISSING","중복정의·동적 template·상위함수 호출을 실제 렌더 결과와 연결","해당 원본 컨트롤의 노출 조건·클릭/필터/취소 결과를 Golden fixture로 검증","<button class=""dact"" onclick=""iqForm(null)"">"
"C00504","UNRESOLVED_CONTROL","reasonBlock: ⌨ 직접 입력","페이지 데이터/상태 경로: 정확한 runtime reachability 미확인","직접 literal write 발견 없음; 간접 호출은 미확인","golden/crm.html:6736","미확정: 원본 handler/template 추적 필요","TEST_MISSING","중복정의·동적 template·상위함수 호출을 실제 렌더 결과와 연결","해당 원본 컨트롤의 노출 조건·클릭/필터/취소 결과를 Golden fixture로 검증","<button type=""button"" class=""on"" data-m=""text"" onclick=""reasonMode(\''+id+'\',\'text\')"">"
"C00505","UNRESOLVED_CONTROL","reasonBlock: 🎙 음성 기록","페이지 데이터/상태 경로: 정확한 runtime reachability 미확인","직접 literal write 발견 없음; 간접 호출은 미확인","golden/crm.html:6737","미확정: 원본 handler/template 추적 필요","TEST_MISSING","중복정의·동적 template·상위함수 호출을 실제 렌더 결과와 연결","해당 원본 컨트롤의 노출 조건·클릭/필터/취소 결과를 Golden fixture로 검증","<button type=""button"" data-m=""voice"" onclick=""reasonMode(\''+id+'\',\'voice\')"">"
"C00506","UNRESOLVED_CONTROL","reasonBlock: textarea","페이지 데이터/상태 경로: 정확한 runtime reachability 미확인","직접 literal write 발견 없음; 간접 호출은 미확인","golden/crm.html:6738","미확정: 원본 handler/template 추적 필요","TEST_MISSING","중복정의·동적 template·상위함수 호출을 실제 렌더 결과와 연결","해당 원본 컨트롤의 노출 조건·클릭/필터/취소 결과를 Golden fixture로 검증","<textarea id=""'+id+'-text"" oninput=""reasonGate(\''+id+'\')"" placeholder=""'+escAttr(ph||'예: 시공사와 협의 결과 기술자문 계약으로 진행하기로 함')+'"">"
"C00507","UNRESOLVED_CONTROL","reasonBlock: 🎙 녹음 시작","페이지 데이터/상태 경로: 정확한 runtime reachability 미확인","직접 literal write 발견 없음; 간접 호출은 미확인","golden/crm.html:6739","미확정: 원본 handler/template 추적 필요","TEST_MISSING","중복정의·동적 template·상위함수 호출을 실제 렌더 결과와 연결","해당 원본 컨트롤의 노출 조건·클릭/필터/취소 결과를 Golden fixture로 검증","<button type=""button"" class=""recbtn"" id=""'+id+'-rec"" onclick=""reasonRec(\''+id+'\')"">"
"C00508","UNRESOLVED_CONTROL","openBizChange: '+BIZ_TYPES.filter(function(b){return b!==cur}).map(function(b){return '","페이지 데이터/상태 경로: 정확한 runtime reachability 미확인","직접 literal write 발견 없음; 간접 호출은 미확인","golden/crm.html:6801","미확정: 원본 handler/template 추적 필요","TEST_MISSING","중복정의·동적 template·상위함수 호출을 실제 렌더 결과와 연결","해당 원본 컨트롤의 노출 조건·클릭/필터/취소 결과를 Golden fixture로 검증","<select id=""bz-to"">"
"C00509","UNRESOLVED_CONTROL","openBizChange: input","페이지 데이터/상태 경로: 정확한 runtime reachability 미확인","직접 literal write 발견 없음; 간접 호출은 미확인","golden/crm.html:6803","미확정: 원본 handler/template 추적 필요","TEST_MISSING","중복정의·동적 template·상위함수 호출을 실제 렌더 결과와 연결","해당 원본 컨트롤의 노출 조건·클릭/필터/취소 결과를 Golden fixture로 검증","<input id=""bz-next"" placeholder=""예: 기술자문 계약서 작성"">"
"C00510","UNRESOLVED_CONTROL","openBizChange: input","페이지 데이터/상태 경로: 정확한 runtime reachability 미확인","직접 literal write 발견 없음; 간접 호출은 미확인","golden/crm.html:6804","미확정: 원본 handler/template 추적 필요","TEST_MISSING","중복정의·동적 template·상위함수 호출을 실제 렌더 결과와 연결","해당 원본 컨트롤의 노출 조건·클릭/필터/취소 결과를 Golden fixture로 검증","<input id=""bz-due"" type=""date"" value=""'+due+'"">"
"C00511","UNRESOLVED_CONTROL","openBizChange: 취소","페이지 데이터/상태 경로: 정확한 runtime reachability 미확인","직접 literal write 발견 없음; 간접 호출은 미확인","golden/crm.html:6805","미확정: 원본 handler/template 추적 필요","TEST_MISSING","중복정의·동적 template·상위함수 호출을 실제 렌더 결과와 연결","해당 원본 컨트롤의 노출 조건·클릭/필터/취소 결과를 Golden fixture로 검증","<button class=""dact"" onclick=""closeBiz()"">"
"C00512","UNRESOLVED_CONTROL","openBizChange: 변경 저장","페이지 데이터/상태 경로: 정확한 runtime reachability 미확인","직접 literal write 발견 없음; 간접 호출은 미확인","golden/crm.html:6806","미확정: 원본 handler/template 추적 필요","TEST_MISSING","중복정의·동적 template·상위함수 호출을 실제 렌더 결과와 연결","해당 원본 컨트롤의 노출 조건·클릭/필터/취소 결과를 Golden fixture로 검증","<button class=""dact pri"" data-gate=""rs-biz"" disabled onclick=""confirmBizChange()"">"
"C00513","UNRESOLVED_CONTROL","newDealWorkHTML: =0?'on':'')+'"" data-k=""'+escAttr(k)+'"" onclick=""toggleNewDealWork(this.dataset.k","페이지 데이터/상태 경로: 정확한 runtime reachability 미확인","직접 literal write 발견 없음; 간접 호출은 미확인","golden/crm.html:6835","미확정: 원본 handler/template 추적 필요","TEST_MISSING","중복정의·동적 template·상위함수 호출을 실제 렌더 결과와 연결","해당 원본 컨트롤의 노출 조건·클릭/필터/취소 결과를 Golden fixture로 검증","<button type=""button"" class=""work-option '+(NEW_DEAL_WORK.items.indexOf(k)>"
"C00514","UNRESOLVED_CONTROL","newDealWorkHTML: ':'')+'","페이지 데이터/상태 경로: 정확한 runtime reachability 미확인","직접 literal write 발견 없음; 간접 호출은 미확인","golden/crm.html:6835","미확정: 원본 handler/template 추적 필요","TEST_MISSING","중복정의·동적 template·상위함수 호출을 실제 렌더 결과와 연결","해당 원본 컨트롤의 노출 조건·클릭/필터/취소 결과를 Golden fixture로 검증","<input class=""work-other"" id=""nd-work-other"" value=""'+escAttr(NEW_DEAL_WORK.other)+'"" oninput=""NEW_DEAL_WORK.other=this.value;paintNewDealWorkSummary()"" placeholder=""기타 공종을 직접 입력해 주세요"">"
"C00515","UNRESOLVED_CONTROL","newDealWorkHTML: select","페이지 데이터/상태 경로: 정확한 runtime reachability 미확인","직접 literal write 발견 없음; 간접 호출은 미확인","golden/crm.html:6835","미확정: 원본 handler/template 추적 필요","TEST_MISSING","중복정의·동적 template·상위함수 호출을 실제 렌더 결과와 연결","해당 원본 컨트롤의 노출 조건·클릭/필터/취소 결과를 Golden fixture로 검증","<select id=""nd-primary-work"" onchange=""NEW_DEAL_WORK.primary=this.value;paintNewDealWorkSummary()"">"
"C00516","UNRESOLVED_CONTROL","openWorkEdit: 취소","페이지 데이터/상태 경로: 정확한 runtime reachability 미확인","직접 literal write 발견 없음; 간접 호출은 미확인","golden/crm.html:6844","미확정: 원본 handler/template 추적 필요","TEST_MISSING","중복정의·동적 template·상위함수 호출을 실제 렌더 결과와 연결","해당 원본 컨트롤의 노출 조건·클릭/필터/취소 결과를 Golden fixture로 검증","<button class=""dact"" onclick=""closeNewDeal()"">"
"C00517","UNRESOLVED_CONTROL","openWorkEdit: 공종 저장","페이지 데이터/상태 경로: 정확한 runtime reachability 미확인","직접 literal write 발견 없음; 간접 호출은 미확인","golden/crm.html:6844","미확정: 원본 handler/template 추적 필요","TEST_MISSING","중복정의·동적 template·상위함수 호출을 실제 렌더 결과와 연결","해당 원본 컨트롤의 노출 조건·클릭/필터/취소 결과를 Golden fixture로 검증","<button class=""dact pri"" data-gate=""rs-work"" disabled onclick=""saveWorkEdit()"">"
"C00518","F34","openNewDeal: input","사이트/연락처/사업유형/공종/담당자","직접 literal write 발견 없음; 간접 호출은 미확인","golden/crm.html:6857","create v2 없음","CONTRACT_MISSING","Site1:N·임시ID→서버UUID·origin/문의link·중복안내 부족","동일 Site의 다른공사·연도 새Deal·이중submit·기존Deal 불변","<input id=""nd-site"" placeholder=""예: 광교더리브아파트"">"
"C00519","F34","openNewDeal: input","사이트/연락처/사업유형/공종/담당자","직접 literal write 발견 없음; 간접 호출은 미확인","golden/crm.html:6858","create v2 없음","CONTRACT_MISSING","Site1:N·임시ID→서버UUID·origin/문의link·중복안내 부족","동일 Site의 다른공사·연도 새Deal·이중submit·기존Deal 불변","<input id=""nd-work"" placeholder=""예: 옥상 방수 재도장"">"
"C00520","F34","openNewDeal: '+BIZ_TYPES.map(function(b){return '","사이트/연락처/사업유형/공종/담당자","직접 literal write 발견 없음; 간접 호출은 미확인","golden/crm.html:6860","create v2 없음","CONTRACT_MISSING","Site1:N·임시ID→서버UUID·origin/문의link·중복안내 부족","동일 Site의 다른공사·연도 새Deal·이중submit·기존Deal 불변","<select id=""nd-biz"">"
"C00521","F34","openNewDeal: '+repOptions('')+'","사이트/연락처/사업유형/공종/담당자","직접 literal write 발견 없음; 간접 호출은 미확인","golden/crm.html:6861","create v2 없음","CONTRACT_MISSING","Site1:N·임시ID→서버UUID·origin/문의link·중복안내 부족","동일 Site의 다른공사·연도 새Deal·이중submit·기존Deal 불변","<select id=""nd-rep"">"
"C00522","F34","openNewDeal: input","사이트/연락처/사업유형/공종/담당자","직접 literal write 발견 없음; 간접 호출은 미확인","golden/crm.html:6862","create v2 없음","CONTRACT_MISSING","Site1:N·임시ID→서버UUID·origin/문의link·중복안내 부족","동일 Site의 다른공사·연도 새Deal·이중submit·기존Deal 불변","<input id=""nd-amt"" type=""number"" min=""0"" step=""1000000"" placeholder=""예: 150000000"">"
"C00523","F34","openNewDeal: input","사이트/연락처/사업유형/공종/담당자","직접 literal write 발견 없음; 간접 호출은 미확인","golden/crm.html:6863","create v2 없음","CONTRACT_MISSING","Site1:N·임시ID→서버UUID·origin/문의link·중복안내 부족","동일 Site의 다른공사·연도 새Deal·이중submit·기존Deal 불변","<input id=""nd-office-tel"" inputmode=""tel"" placeholder=""예: 031-123-4567"">"
"C00524","F34","openNewDeal: input","사이트/연락처/사업유형/공종/담당자","직접 literal write 발견 없음; 간접 호출은 미확인","golden/crm.html:6864","create v2 없음","CONTRACT_MISSING","Site1:N·임시ID→서버UUID·origin/문의link·중복안내 부족","동일 Site의 다른공사·연도 새Deal·이중submit·기존Deal 불변","<input id=""nd-manager-name"" placeholder=""예: 김OO"">"
"C00525","F34","openNewDeal: input","사이트/연락처/사업유형/공종/담당자","직접 literal write 발견 없음; 간접 호출은 미확인","golden/crm.html:6865","create v2 없음","CONTRACT_MISSING","Site1:N·임시ID→서버UUID·origin/문의link·중복안내 부족","동일 Site의 다른공사·연도 새Deal·이중submit·기존Deal 불변","<input id=""nd-manager-mobile"" inputmode=""tel"" placeholder=""예: 010-1234-5678"" oninput=""checkManagerHistory()"">"
"C00526","F34","openNewDeal: input","사이트/연락처/사업유형/공종/담당자","직접 literal write 발견 없음; 간접 호출은 미확인","golden/crm.html:6866","create v2 없음","CONTRACT_MISSING","Site1:N·임시ID→서버UUID·origin/문의link·중복안내 부족","동일 Site의 다른공사·연도 새Deal·이중submit·기존Deal 불변","<input id=""nd-office-email"" type=""email"" placeholder=""예: office@example.com"">"
"C00527","F34","openNewDeal: input","사이트/연락처/사업유형/공종/담당자","직접 literal write 발견 없음; 간접 호출은 미확인","golden/crm.html:6867","create v2 없음","CONTRACT_MISSING","Site1:N·임시ID→서버UUID·origin/문의link·중복안내 부족","동일 Site의 다른공사·연도 새Deal·이중submit·기존Deal 불변","<input id=""nd-address"" placeholder=""예: 경기 수원시 영통구 ..."" onkeydown=""if(event.key===\'Enter\'){event.preventDefault();openKakaoAddress()}"">"
"C00528","F34","openNewDeal: 📍 카카오맵 확인","사이트/연락처/사업유형/공종/담당자","직접 literal write 발견 없음; 간접 호출은 미확인","golden/crm.html:6867","create v2 없음","CONTRACT_MISSING","Site1:N·임시ID→서버UUID·origin/문의link·중복안내 부족","동일 Site의 다른공사·연도 새Deal·이중submit·기존Deal 불변","<button type=""button"" onclick=""openKakaoAddress()"">"
"C00529","F34","openNewDeal: 취소","사이트/연락처/사업유형/공종/담당자","직접 literal write 발견 없음; 간접 호출은 미확인","golden/crm.html:6870","create v2 없음","CONTRACT_MISSING","Site1:N·임시ID→서버UUID·origin/문의link·중복안내 부족","동일 Site의 다른공사·연도 새Deal·이중submit·기존Deal 불변","<button class=""dact"" onclick=""closeNewDeal()"">"
"C00530","F34","openNewDeal: 영업 등록","사이트/연락처/사업유형/공종/담당자","직접 literal write 발견 없음; 간접 호출은 미확인","golden/crm.html:6871","create v2 없음","CONTRACT_MISSING","Site1:N·임시ID→서버UUID·origin/문의link·중복안내 부족","동일 Site의 다른공사·연도 새Deal·이중submit·기존Deal 불변","<button class=""dact pri"" onclick=""saveNewDeal()"">"
"C00531","UNRESOLVED_CONTROL","relationshipFilterBar: 오늘 관계관리 '+total+'건","페이지 데이터/상태 경로: 정확한 runtime reachability 미확인","직접 literal write 발견 없음; 간접 호출은 미확인","golden/crm.html:7114","미확정: 원본 handler/template 추적 필요","TEST_MISSING","중복정의·동적 template·상위함수 호출을 실제 렌더 결과와 연결","해당 원본 컨트롤의 노출 조건·클릭/필터/취소 결과를 Golden fixture로 검증","<summary>"
"C00532","UNRESOLVED_CONTROL","relationshipFilterBar: '+esc(x[1])+' ","페이지 데이터/상태 경로: 정확한 runtime reachability 미확인","직접 literal write 발견 없음; 간접 호출은 미확인","golden/crm.html:7114","미확정: 원본 handler/template 추적 필요","TEST_MISSING","중복정의·동적 template·상위함수 호출을 실제 렌더 결과와 연결","해당 원본 컨트롤의 노출 조건·클릭/필터/취소 결과를 Golden fixture로 검증","<button class=""relfilter '+(G.relFilter===x[0]?'on':'')+'"" data-k=""'+escAttr(x[0])+'"" onclick=""setRelationshipFilter(this.dataset.k)"">"
"C00533","UNRESOLVED_CONTROL","kb5Card: 0","페이지 데이터/상태 경로: 정확한 runtime reachability 미확인","직접 literal write 발견 없음; 간접 호출은 미확인","golden/crm.html:7121","미확정: 원본 handler/template 추적 필요","TEST_MISSING","중복정의·동적 template·상위함수 호출을 실제 렌더 결과와 연결","해당 원본 컨트롤의 노출 조건·클릭/필터/취소 결과를 Golden fixture로 검증","<0?Math.abs(nextDue)+'일 초과':nextDue===0?'오늘 마감':'D-'+nextDue;
 return '<div class=""k5c"" onclick=""openKb5('+i+')"">"
"C00534","UNRESOLVED_CONTROL","kb5Card: 📞 전화","페이지 데이터/상태 경로: 정확한 runtime reachability 미확인","직접 literal write 발견 없음; 간접 호출은 미확인","golden/crm.html:7122","미확정: 원본 handler/template 추적 필요","TEST_MISSING","중복정의·동적 template·상위함수 호출을 실제 렌더 결과와 연결","해당 원본 컨트롤의 노출 조건·클릭/필터/취소 결과를 Golden fixture로 검증","<button '+(!c.mobile?'disabled':'')+' onclick=""event.stopPropagation();pipelineContact('+i+',\'call\')"">"
"C00535","UNRESOLVED_CONTROL","kb5Card: 💬 카카오","페이지 데이터/상태 경로: 정확한 runtime reachability 미확인","직접 literal write 발견 없음; 간접 호출은 미확인","golden/crm.html:7122","미확정: 원본 handler/template 추적 필요","TEST_MISSING","중복정의·동적 template·상위함수 호출을 실제 렌더 결과와 연결","해당 원본 컨트롤의 노출 조건·클릭/필터/취소 결과를 Golden fixture로 검증","<button '+(!c.mobile?'disabled':'')+' onclick=""event.stopPropagation();pipelineContact('+i+',\'kakao\')"">"
"C00536","UNRESOLVED_CONTROL","kb5Card: ✉ 문자","페이지 데이터/상태 경로: 정확한 runtime reachability 미확인","직접 literal write 발견 없음; 간접 호출은 미확인","golden/crm.html:7122","미확정: 원본 handler/template 추적 필요","TEST_MISSING","중복정의·동적 template·상위함수 호출을 실제 렌더 결과와 연결","해당 원본 컨트롤의 노출 조건·클릭/필터/취소 결과를 Golden fixture로 검증","<button '+(!c.mobile?'disabled':'')+' onclick=""event.stopPropagation();pipelineContact('+i+',\'sms\')"">"
"C00537","UNRESOLVED_CONTROL","kb5Card: ＋ 한 일","페이지 데이터/상태 경로: 정확한 runtime reachability 미확인","직접 literal write 발견 없음; 간접 호출은 미확인","golden/crm.html:7122","미확정: 원본 handler/template 추적 필요","TEST_MISSING","중복정의·동적 template·상위함수 호출을 실제 렌더 결과와 연결","해당 원본 컨트롤의 노출 조건·클릭/필터/취소 결과를 Golden fixture로 검증","<button onclick=""event.stopPropagation();pipelineQuick('+i+',\'act\')"">"
"C00538","UNRESOLVED_CONTROL","kb5Card: 📅 다음 행동","페이지 데이터/상태 경로: 정확한 runtime reachability 미확인","직접 literal write 발견 없음; 간접 호출은 미확인","golden/crm.html:7122","미확정: 원본 handler/template 추적 필요","TEST_MISSING","중복정의·동적 template·상위함수 호출을 실제 렌더 결과와 연결","해당 원본 컨트롤의 노출 조건·클릭/필터/취소 결과를 Golden fixture로 검증","<button onclick=""event.stopPropagation();pipelineQuick('+i+',\'next\')"">"
"C00539","F41","consentBadges: ＋ 연락처 추가","contacts/people/contact_assignment","contact_upsert","golden/crm.html:7141","contact-write v2 없음","CONTRACT_MISSING","직함/대표번호/개인휴대폰·재직기간·이동이력·동의 범위 보존","이름같음 자동병합금지·이동시 양쪽현장/history·UUID+권한","<button class=""dact pri"" onclick=""openQuickContact(\'new\')"">"
"C00540","F41","consentBadges: 문자","contacts/people/contact_assignment","contact_upsert","golden/crm.html:7141","contact-write v2 없음","CONTRACT_MISSING","직함/대표번호/개인휴대폰·재직기간·이동이력·동의 범위 보존","이름같음 자동병합금지·이동시 양쪽현장/history·UUID+권한","<button onclick=""openRelationshipMessage(\'sms\',\''+k+'\')"">"
"C00541","F41","consentBadges: 카카오","contacts/people/contact_assignment","contact_upsert","golden/crm.html:7141","contact-write v2 없음","CONTRACT_MISSING","직함/대표번호/개인휴대폰·재직기간·이동이력·동의 범위 보존","이름같음 자동병합금지·이동시 양쪽현장/history·UUID+권한","<button onclick=""openRelationshipMessage(\'kakao\',\''+k+'\')"">"
"C00542","F41","consentBadges: 설정","contacts/people/contact_assignment","contact_upsert","golden/crm.html:7141","contact-write v2 없음","CONTRACT_MISSING","직함/대표번호/개인휴대폰·재직기간·이동이력·동의 범위 보존","이름같음 자동병합금지·이동시 양쪽현장/history·UUID+권한","<button onclick=""openQuickContact(\'edit\',\''+k+'\')"">"
"C00543","F41","consentBadges: input","contacts/people/contact_assignment","contact_upsert","golden/crm.html:7146","contact-write v2 없음","CONTRACT_MISSING","직함/대표번호/개인휴대폰·재직기간·이동이력·동의 범위 보존","이름같음 자동병합금지·이동시 양쪽현장/history·UUID+권한","<input id=""qc-office"" inputmode=""tel"" value=""'+escAttr(c.officeTel)+'"" placeholder=""예: 02-1234-5678"">"
"C00544","F41","consentBadges: '+CONTACT_ROLES.map(function(r){return '","contacts/people/contact_assignment","contact_upsert","golden/crm.html:7146","contact-write v2 없음","CONTRACT_MISSING","직함/대표번호/개인휴대폰·재직기간·이동이력·동의 범위 보존","이름같음 자동병합금지·이동시 양쪽현장/history·UUID+권한","<select id=""qc-role"">"
"C00545","F41","consentBadges: input","contacts/people/contact_assignment","contact_upsert","golden/crm.html:7146","contact-write v2 없음","CONTRACT_MISSING","직함/대표번호/개인휴대폰·재직기간·이동이력·동의 범위 보존","이름같음 자동병합금지·이동시 양쪽현장/history·UUID+권한","<input id=""qc-name"" value=""'+escAttr(c.name)+'"">"
"C00546","F41","consentBadges: input","contacts/people/contact_assignment","contact_upsert","golden/crm.html:7146","contact-write v2 없음","CONTRACT_MISSING","직함/대표번호/개인휴대폰·재직기간·이동이력·동의 범위 보존","이름같음 자동병합금지·이동시 양쪽현장/history·UUID+권한","<input id=""qc-mobile"" inputmode=""tel"" value=""'+escAttr(c.mobile)+'"">"
"C00547","F41","consentBadges: input","contacts/people/contact_assignment","contact_upsert","golden/crm.html:7146","contact-write v2 없음","CONTRACT_MISSING","직함/대표번호/개인휴대폰·재직기간·이동이력·동의 범위 보존","이름같음 자동병합금지·이동시 양쪽현장/history·UUID+권한","<input id=""qc-email"" type=""email"" value=""'+escAttr(c.officeEmail)+'"">"
"C00548","F41","consentBadges:  문자 광고성 정보 수신 동의","contacts/people/contact_assignment","contact_upsert","golden/crm.html:7146","contact-write v2 없음","CONTRACT_MISSING","직함/대표번호/개인휴대폰·재직기간·이동이력·동의 범위 보존","이름같음 자동병합금지·이동시 양쪽현장/history·UUID+권한","<input id=""qc-sms"" type=""checkbox"" '+(c.smsConsent?'checked':'')+'>"
"C00549","F41","consentBadges:  카카오 광고성 정보 수신 동의","contacts/people/contact_assignment","contact_upsert","golden/crm.html:7146","contact-write v2 없음","CONTRACT_MISSING","직함/대표번호/개인휴대폰·재직기간·이동이력·동의 범위 보존","이름같음 자동병합금지·이동시 양쪽현장/history·UUID+권한","<input id=""qc-kakao"" type=""checkbox"" '+(c.kakaoConsent?'checked':'')+'>"
"C00550","F41","consentBadges:  수신거부·발송 차단","contacts/people/contact_assignment","contact_upsert","golden/crm.html:7146","contact-write v2 없음","CONTRACT_MISSING","직함/대표번호/개인휴대폰·재직기간·이동이력·동의 범위 보존","이름같음 자동병합금지·이동시 양쪽현장/history·UUID+권한","<input id=""qc-block"" type=""checkbox"" '+(c.sendBlocked?'checked':'')+'>"
"C00551","F41","consentBadges: input","contacts/people/contact_assignment","contact_upsert","golden/crm.html:7146","contact-write v2 없음","CONTRACT_MISSING","직함/대표번호/개인휴대폰·재직기간·이동이력·동의 범위 보존","이름같음 자동병합금지·이동시 양쪽현장/history·UUID+권한","<input id=""qc-consent-at"" type=""datetime-local"" value=""'+escAttr(c.consentAt?String(c.consentAt).slice(0,16):'')+'"">"
"C00552","F41","consentBadges: input","contacts/people/contact_assignment","contact_upsert","golden/crm.html:7146","contact-write v2 없음","CONTRACT_MISSING","직함/대표번호/개인휴대폰·재직기간·이동이력·동의 범위 보존","이름같음 자동병합금지·이동시 양쪽현장/history·UUID+권한","<input id=""qc-block-reason"" value=""'+escAttr(c.sendBlockedReason)+'"" placeholder=""예: 고객 수신거부 요청"">"
"C00553","F41","consentBadges: 취소","contacts/people/contact_assignment","contact_upsert","golden/crm.html:7146","contact-write v2 없음","CONTRACT_MISSING","직함/대표번호/개인휴대폰·재직기간·이동이력·동의 범위 보존","이름같음 자동병합금지·이동시 양쪽현장/history·UUID+권한","<button class=""dact"" onclick=""closeQuickContact()"">"
"C00554","F41","consentBadges: 연락처·동의 저장","contacts/people/contact_assignment","contact_upsert","golden/crm.html:7146","contact-write v2 없음","CONTRACT_MISSING","직함/대표번호/개인휴대폰·재직기간·이동이력·동의 범위 보존","이름같음 자동병합금지·이동시 양쪽현장/history·UUID+권한","<button class=""dact pri"" onclick=""saveQuickContact()"">"
"C00555","F43","openRelationshipMessage: button","stage/contact/work/Next/lastMeaningful/lastOutbound","직접 literal write 발견 없음; 간접 호출은 미확인","golden/crm.html:7202","messaging scoped read/write 없음","CONTRACT_MISSING","추천2~3개/내용편집/초안·실제발송확인·후속Next 유지","단계/계절/견적템플릿·개별Deal맥락·copy≠sent","<button class=""rm-template '+(i===idx?'on':'')+'"" onclick=""relationshipPick('+i+')"">"
"C00556","F43","openRelationshipMessage: textarea","stage/contact/work/Next/lastMeaningful/lastOutbound","직접 literal write 발견 없음; 간접 호출은 미확인","golden/crm.html:7202","messaging scoped read/write 없음","CONTRACT_MISSING","추천2~3개/내용편집/초안·실제발송확인·후속Next 유지","단계/계절/견적템플릿·개별Deal맥락·copy≠sent","<textarea id=""rm-body"" oninput=""this.dataset.edited=\'1\';renderRelationshipMessage()"">"
"C00557","F43","openRelationshipMessage: 💬 카카오","stage/contact/work/Next/lastMeaningful/lastOutbound","직접 literal write 발견 없음; 간접 호출은 미확인","golden/crm.html:7202","messaging scoped read/write 없음","CONTRACT_MISSING","추천2~3개/내용편집/초안·실제발송확인·후속Next 유지","단계/계절/견적템플릿·개별Deal맥락·copy≠sent","<button id=""rm-ch-kakao"" onclick=""relationshipSwitchChannel(\'kakao\')"">"
"C00558","F43","openRelationshipMessage: ✉ 문자","stage/contact/work/Next/lastMeaningful/lastOutbound","직접 literal write 발견 없음; 간접 호출은 미확인","golden/crm.html:7202","messaging scoped read/write 없음","CONTRACT_MISSING","추천2~3개/내용편집/초안·실제발송확인·후속Next 유지","단계/계절/견적템플릿·개별Deal맥락·copy≠sent","<button id=""rm-ch-sms"" onclick=""relationshipSwitchChannel(\'sms\')"">"
"C00559","F43","openRelationshipMessage:  지금 확인","stage/contact/work/Next/lastMeaningful/lastOutbound","직접 literal write 발견 없음; 간접 호출은 미확인","golden/crm.html:7202","messaging scoped read/write 없음","CONTRACT_MISSING","추천2~3개/내용편집/초안·실제발송확인·후속Next 유지","단계/계절/견적템플릿·개별Deal맥락·copy≠sent","<input type=""radio"" name=""rm-mode"" '+(REL_MSG.mode==='now'?'checked':'')+' onchange=""relationshipModeChanged(\'now\')"">"
"C00560","F43","openRelationshipMessage:  예약 알림","stage/contact/work/Next/lastMeaningful/lastOutbound","직접 literal write 발견 없음; 간접 호출은 미확인","golden/crm.html:7202","messaging scoped read/write 없음","CONTRACT_MISSING","추천2~3개/내용편집/초안·실제발송확인·후속Next 유지","단계/계절/견적템플릿·개별Deal맥락·copy≠sent","<input type=""radio"" name=""rm-mode"" '+(REL_MSG.mode==='schedule'?'checked':'')+' onchange=""relationshipModeChanged(\'schedule\')"">"
"C00561","F43","openRelationshipMessage: input","stage/contact/work/Next/lastMeaningful/lastOutbound","직접 literal write 발견 없음; 간접 호출은 미확인","golden/crm.html:7202","messaging scoped read/write 없음","CONTRACT_MISSING","추천2~3개/내용편집/초안·실제발송확인·후속Next 유지","단계/계절/견적템플릿·개별Deal맥락·copy≠sent","<input id=""rm-schedule-at"" type=""datetime-local"" value=""'+escAttr(REL_MSG.scheduleAt)+'"" min=""'+escAttr(relationshipDefaultSchedule())+'"" onchange=""relationshipScheduleChanged()"">"
"C00562","F43","openRelationshipMessage:  이 안내는 고객이 요청한 자료·일정 안내 또는 현재 계약 이행에 필요한 정보이며 광고·권유 내용을 섞지 않았습니다.","stage/contact/work/Next/lastMeaningful/lastOutbound","직접 literal write 발견 없음; 간접 호출은 미확인","golden/crm.html:7202","messaging scoped read/write 없음","CONTRACT_MISSING","추천2~3개/내용편집/초안·실제발송확인·후속Next 유지","단계/계절/견적템플릿·개별Deal맥락·copy≠sent","<input id=""rm-info-confirm"" type=""checkbox"" onchange=""renderRelationshipMessage()"">"
"C00563","F43","openRelationshipMessage:  발송 완료 확인 후 다음 확인을 ","stage/contact/work/Next/lastMeaningful/lastOutbound","직접 literal write 발견 없음; 간접 호출은 미확인","golden/crm.html:7202","messaging scoped read/write 없음","CONTRACT_MISSING","추천2~3개/내용편집/초안·실제발송확인·후속Next 유지","단계/계절/견적템플릿·개별Deal맥락·copy≠sent","<input id=""rm-next"" type=""checkbox"" checked>"
"C00564","F43","openRelationshipMessage: select","stage/contact/work/Next/lastMeaningful/lastOutbound","직접 literal write 발견 없음; 간접 호출은 미확인","golden/crm.html:7202","messaging scoped read/write 없음","CONTRACT_MISSING","추천2~3개/내용편집/초안·실제발송확인·후속Next 유지","단계/계절/견적템플릿·개별Deal맥락·copy≠sent","<select id=""rm-next-days"">"
"C00565","F43","openRelationshipMessage: 취소","stage/contact/work/Next/lastMeaningful/lastOutbound","직접 literal write 발견 없음; 간접 호출은 미확인","golden/crm.html:7202","messaging scoped read/write 없음","CONTRACT_MISSING","추천2~3개/내용편집/초안·실제발송확인·후속Next 유지","단계/계절/견적템플릿·개별Deal맥락·copy≠sent","<button class=""dact"" onclick=""closeKakaoModal()"">"
"C00566","F43","openRelationshipMessage: 문구 복사","stage/contact/work/Next/lastMeaningful/lastOutbound","직접 literal write 발견 없음; 간접 호출은 미확인","golden/crm.html:7202","messaging scoped read/write 없음","CONTRACT_MISSING","추천2~3개/내용편집/초안·실제발송확인·후속Next 유지","단계/계절/견적템플릿·개별Deal맥락·copy≠sent","<button class=""dact"" onclick=""relationshipCopy()"">"
"C00567","F43","openRelationshipMessage: '+(channel==='sms'?'문자 앱에서 확인':'카카오 1:1에서 확인')+'","stage/contact/work/Next/lastMeaningful/lastOutbound","직접 literal write 발견 없음; 간접 호출은 미확인","golden/crm.html:7202","messaging scoped read/write 없음","CONTRACT_MISSING","추천2~3개/내용편집/초안·실제발송확인·후속Next 유지","단계/계절/견적템플릿·개별Deal맥락·copy≠sent","<button class=""dact pri"" id=""rm-go"" onclick=""relationshipChannelHandoff()"">"
"C00568","F43","openRelationshipMessage: 실제 발송 완료","stage/contact/work/Next/lastMeaningful/lastOutbound","직접 literal write 발견 없음; 간접 호출은 미확인","golden/crm.html:7202","messaging scoped read/write 없음","CONTRACT_MISSING","추천2~3개/내용편집/초안·실제발송확인·후속Next 유지","단계/계절/견적템플릿·개별Deal맥락·copy≠sent","<button class=""dact pri"" onclick=""relationshipConfirm(\'sent\')"">"
"C00569","F43","openRelationshipMessage: 발송 실패","stage/contact/work/Next/lastMeaningful/lastOutbound","직접 literal write 발견 없음; 간접 호출은 미확인","golden/crm.html:7202","messaging scoped read/write 없음","CONTRACT_MISSING","추천2~3개/내용편집/초안·실제발송확인·후속Next 유지","단계/계절/견적템플릿·개별Deal맥락·copy≠sent","<button class=""dact warn"" onclick=""relationshipConfirm(\'failed\')"">"
"C00570","F43","openRelationshipMessage: 발송 안 함","stage/contact/work/Next/lastMeaningful/lastOutbound","직접 literal write 발견 없음; 간접 호출은 미확인","golden/crm.html:7202","messaging scoped read/write 없음","CONTRACT_MISSING","추천2~3개/내용편집/초안·실제발송확인·후속Next 유지","단계/계절/견적템플릿·개별Deal맥락·copy≠sent","<button class=""dact"" onclick=""relationshipConfirm(\'cancelled\')"">"
"C00571","UNRESOLVED_CONTROL","execGuideHTML: button","페이지 데이터/상태 경로: 정확한 runtime reachability 미확인","직접 literal write 발견 없음; 간접 호출은 미확인","golden/crm.html:7233","미확정: 원본 handler/template 추적 필요","TEST_MISSING","중복정의·동적 template·상위함수 호출을 실제 렌더 결과와 연결","해당 원본 컨트롤의 노출 조건·클릭/필터/취소 결과를 Golden fixture로 검증","<button class=""exec-guide-item '+(st[i]?'on':'')+'"" onclick=""toggleExecGuide('+i+')"">"
"C00572","F48","execRelationBadges: ＋ 연락처 추가","여러 연락처 decision_role/relationship_status","contact_relationship","golden/crm.html:7239","relationship-map v2 없음","CONTRACT_MISSING","contact 한명 축약금지·Deal/Contact 조합 권한 필요","의사결정자/영향자/관계상태·동일사람다른현장 분리","<button class=""dact pri"" onclick=""openQuickContact(\'new\')"">"
"C00573","F48","execRelationBadges: 문자","여러 연락처 decision_role/relationship_status","contact_relationship","golden/crm.html:7239","relationship-map v2 없음","CONTRACT_MISSING","contact 한명 축약금지·Deal/Contact 조합 권한 필요","의사결정자/영향자/관계상태·동일사람다른현장 분리","<button onclick=""openRelationshipMessage(\'sms\',\''+k+'\')"">"
"C00574","F48","execRelationBadges: 카카오","여러 연락처 decision_role/relationship_status","contact_relationship","golden/crm.html:7239","relationship-map v2 없음","CONTRACT_MISSING","contact 한명 축약금지·Deal/Contact 조합 권한 필요","의사결정자/영향자/관계상태·동일사람다른현장 분리","<button onclick=""openRelationshipMessage(\'kakao\',\''+k+'\')"">"
"C00575","F48","execRelationBadges: 관계·설정","여러 연락처 decision_role/relationship_status","contact_relationship","golden/crm.html:7239","relationship-map v2 없음","CONTRACT_MISSING","contact 한명 축약금지·Deal/Contact 조합 권한 필요","의사결정자/영향자/관계상태·동일사람다른현장 분리","<button onclick=""openQuickContact(\'edit\',\''+k+'\')"">"
"C00576","F48","execRelationBadges: '+['의사결정자','핵심담당자','실무자','영향자','정보제공자'].map(function(x){return '","여러 연락처 decision_role/relationship_status","contact_relationship","golden/crm.html:7241","relationship-map v2 없음","CONTRACT_MISSING","contact 한명 축약금지·Deal/Contact 조합 권한 필요","의사결정자/영향자/관계상태·동일사람다른현장 분리","<select id=""qc-decision-role"">"
"C00577","F48","execRelationBadges: '+['우호적','중립','부정적','미확인'].map(function(x){return '","여러 연락처 decision_role/relationship_status","contact_relationship","golden/crm.html:7241","relationship-map v2 없음","CONTRACT_MISSING","contact 한명 축약금지·Deal/Contact 조합 권한 필요","의사결정자/영향자/관계상태·동일사람다른현장 분리","<select id=""qc-relation-tone"">"
"C00578","F49","execQuotePanel: ＋ 새 버전","quote_versions/current_quote/won_amount","직접 literal write 발견 없음; 간접 호출은 미확인","golden/crm.html:7246","quote-version v2 없음","CONTRACT_MISSING","V1/V2/V3 append-only·발송시각·최종계약차액 보존","동시추가versionunique·과거불변·빈사유·권한·PC모바일","<button class=""dact pri"" onclick=""openExecQuoteForm()"">"
"C00579","UNRESOLVED_CONTROL","openExecQuoteForm: input","페이지 데이터/상태 경로: 정확한 runtime reachability 미확인","직접 literal write 발견 없음; 간접 호출은 미확인","golden/crm.html:7247","미확정: 원본 handler/template 추적 필요","TEST_MISSING","중복정의·동적 template·상위함수 호출을 실제 렌더 결과와 연결","해당 원본 컨트롤의 노출 조건·클릭/필터/취소 결과를 Golden fixture로 검증","<input id=""exec-qv-amt"" type=""number"" min=""0"" step=""10000"" value=""'+(last||'')+'"">"
"C00580","UNRESOLVED_CONTROL","openExecQuoteForm: input","페이지 데이터/상태 경로: 정확한 runtime reachability 미확인","직접 literal write 발견 없음; 간접 호출은 미확인","golden/crm.html:7247","미확정: 원본 handler/template 추적 필요","TEST_MISSING","중복정의·동적 template·상위함수 호출을 실제 렌더 결과와 연결","해당 원본 컨트롤의 노출 조건·클릭/필터/취소 결과를 Golden fixture로 검증","<input id=""exec-qv-reason"" placeholder=""예: 공사 범위 조정"">"
"C00581","UNRESOLVED_CONTROL","openExecQuoteForm: 취소","페이지 데이터/상태 경로: 정확한 runtime reachability 미확인","직접 literal write 발견 없음; 간접 호출은 미확인","golden/crm.html:7247","미확정: 원본 handler/template 추적 필요","TEST_MISSING","중복정의·동적 template·상위함수 호출을 실제 렌더 결과와 연결","해당 원본 컨트롤의 노출 조건·클릭/필터/취소 결과를 Golden fixture로 검증","<button class=""dact"" onclick=""this.closest(\'.exec-inline-form\').remove()"">"
"C00582","UNRESOLVED_CONTROL","openExecQuoteForm: 새 견적 저장","페이지 데이터/상태 경로: 정확한 runtime reachability 미확인","직접 literal write 발견 없음; 간접 호출은 미확인","golden/crm.html:7247","미확정: 원본 handler/template 추적 필요","TEST_MISSING","중복정의·동적 template·상위함수 호출을 실제 렌더 결과와 연결","해당 원본 컨트롤의 노출 조건·클릭/필터/취소 결과를 Golden fixture로 검증","<button class=""dact pri"" onclick=""saveExecQuoteVersion()"">"
"C00583","UNRESOLVED_CONTROL","execAskModal: input","페이지 데이터/상태 경로: 정확한 runtime reachability 미확인","직접 literal write 발견 없음; 간접 호출은 미확인","golden/crm.html:7264","미확정: 원본 handler/template 추적 필요","TEST_MISSING","중복정의·동적 template·상위함수 호출을 실제 렌더 결과와 연결","해당 원본 컨트롤의 노출 조건·클릭/필터/취소 결과를 Golden fixture로 검증","<input id=""execAskInput"" placeholder=""예: 이필선 담당 중 30일 넘게 연락 안 한 곳"" onkeydown=""if(event.key===\'Enter\')runExecAsk()"">"
"C00584","UNRESOLVED_CONTROL","execAskModal: 찾기","페이지 데이터/상태 경로: 정확한 runtime reachability 미확인","직접 literal write 발견 없음; 간접 호출은 미확인","golden/crm.html:7264","미확정: 원본 handler/template 추적 필요","TEST_MISSING","중복정의·동적 template·상위함수 호출을 실제 렌더 결과와 연결","해당 원본 컨트롤의 노출 조건·클릭/필터/취소 결과를 Golden fixture로 검증","<button onclick=""runExecAsk()"">"
"C00585","UNRESOLVED_CONTROL","execAskModal: 오늘 전화","페이지 데이터/상태 경로: 정확한 runtime reachability 미확인","직접 literal write 발견 없음; 간접 호출은 미확인","golden/crm.html:7264","미확정: 원본 handler/template 추적 필요","TEST_MISSING","중복정의·동적 template·상위함수 호출을 실제 렌더 결과와 연결","해당 원본 컨트롤의 노출 조건·클릭/필터/취소 결과를 Golden fixture로 검증","<button onclick=""execAskExample(\'내가 오늘 전화해야 하는 곳\')"">"
"C00586","UNRESOLVED_CONTROL","execAskModal: 30일 미접촉","페이지 데이터/상태 경로: 정확한 runtime reachability 미확인","직접 literal write 발견 없음; 간접 호출은 미확인","golden/crm.html:7264","미확정: 원본 handler/template 추적 필요","TEST_MISSING","중복정의·동적 template·상위함수 호출을 실제 렌더 결과와 연결","해당 원본 컨트롤의 노출 조건·클릭/필터/취소 결과를 Golden fixture로 검증","<button onclick=""execAskExample(\'이필선 담당 중 30일 넘게 연락 안 한 곳\')"">"
"C00587","UNRESOLVED_CONTROL","execAskModal: 이번 주 방문","페이지 데이터/상태 경로: 정확한 runtime reachability 미확인","직접 literal write 발견 없음; 간접 호출은 미확인","golden/crm.html:7264","미확정: 원본 handler/template 추적 필요","TEST_MISSING","중복정의·동적 template·상위함수 호출을 실제 렌더 결과와 연결","해당 원본 컨트롤의 노출 조건·클릭/필터/취소 결과를 Golden fixture로 검증","<button onclick=""execAskExample(\'이번 주 방문 예정 현장\')"">"
"C00588","UNRESOLVED_CONTROL","execAskModal: 1억·Next 없음","페이지 데이터/상태 경로: 정확한 runtime reachability 미확인","직접 literal write 발견 없음; 간접 호출은 미확인","golden/crm.html:7264","미확정: 원본 handler/template 추적 필요","TEST_MISSING","중복정의·동적 template·상위함수 호출을 실제 렌더 결과와 연결","해당 원본 컨트롤의 노출 조건·클릭/필터/취소 결과를 Golden fixture로 검증","<button onclick=""execAskExample(\'견적 1억 이상인데 다음 행동 없는 곳\')"">"
"C00589","UNRESOLVED_CONTROL","execAskModal: 기술자문 전환","페이지 데이터/상태 경로: 정확한 runtime reachability 미확인","직접 literal write 발견 없음; 간접 호출은 미확인","golden/crm.html:7264","미확정: 원본 handler/template 추적 필요","TEST_MISSING","중복정의·동적 template·상위함수 호출을 실제 렌더 결과와 연결","해당 원본 컨트롤의 노출 조건·클릭/필터/취소 결과를 Golden fixture로 검증","<button onclick=""execAskExample(\'기술자문으로 전환된 현장\')"">"
"C00590","UNRESOLVED_CONTROL","execAskModal: 닫기","페이지 데이터/상태 경로: 정확한 runtime reachability 미확인","직접 literal write 발견 없음; 간접 호출은 미확인","golden/crm.html:7264","미확정: 원본 handler/template 추적 필요","TEST_MISSING","중복정의·동적 template·상위함수 호출을 실제 렌더 결과와 연결","해당 원본 컨트롤의 노출 조건·클릭/필터/취소 결과를 Golden fixture로 검증","<button onclick=""closeExecAsk()"">"
"C00591","F54","runExecAsk: button","loaded deals/contact/activity/Next에 조건검색","직접 literal write 발견 없음; 간접 호출은 미확인","golden/crm.html:7268","scoped search/필수 read fields 없음","CONTRACT_MISSING","자연어조건/20행·7행표시/검색조건 설명 유지·전체번들fallback 금지","오늘전화/1억Next없음/이번주방문/미접촉/연락처누락/기술자문","<button class=""exec-ask-row"" onclick=""openExecAskResult('+i+')"">"
"C00592","F52","execAttachPanel: 📷 사진 추가","attachments/signed download URL","직접 literal write 발견 없음; 간접 호출은 미확인","golden/crm.html:7280","v2 metadata/download authorization 없음","CONTRACT_MISSING","gallery/원본/메모/태그·만료갱신·scope 필요; 공개URL 금지","다른기회 파일0·만료URL재발급·20MB/사진표시·PC모바일","<button onclick=""openExecAttachPicker(\'photo\')"">"
"C00593","F52","execAttachPanel: 📎 자료 추가","attachments/signed download URL","직접 literal write 발견 없음; 간접 호출은 미확인","golden/crm.html:7280","v2 metadata/download authorization 없음","CONTRACT_MISSING","gallery/원본/메모/태그·만료갱신·scope 필요; 공개URL 금지","다른기회 파일0·만료URL재발급·20MB/사진표시·PC모바일","<button onclick=""openExecAttachPicker(\'file\')"">"
"C00594","F52","execAttachPanel: '+(all?'최근 8개만':'전체보기')+'","attachments/signed download URL","직접 literal write 발견 없음; 간접 호출은 미확인","golden/crm.html:7280","v2 metadata/download authorization 없음","CONTRACT_MISSING","gallery/원본/메모/태그·만료갱신·scope 필요; 공개URL 금지","다른기회 파일0·만료URL재발급·20MB/사진표시·PC모바일","<button onclick=""toggleExecAttachmentGallery()"">"
"C00595","UNRESOLVED_CONTROL","installExecAttachInputs: input","페이지 데이터/상태 경로: 정확한 runtime reachability 미확인","직접 literal write 발견 없음; 간접 호출은 미확인","golden/crm.html:7282","미확정: 원본 handler/template 추적 필요","TEST_MISSING","중복정의·동적 template·상위함수 호출을 실제 렌더 결과와 연결","해당 원본 컨트롤의 노출 조건·클릭/필터/취소 결과를 Golden fixture로 검증","<input id=""exec-attach-photo"" type=""file"" accept=""image/*"" multiple>"
"C00596","UNRESOLVED_CONTROL","installExecAttachInputs: ';document.body.appendChild(box);document.getElementById('exec-attach-photo').on","페이지 데이터/상태 경로: 정확한 runtime reachability 미확인","직접 literal write 발견 없음; 간접 호출은 미확인","golden/crm.html:7282","미확정: 원본 handler/template 추적 필요","TEST_MISSING","중복정의·동적 template·상위함수 호출을 실제 렌더 결과와 연결","해당 원본 컨트롤의 노출 조건·클릭/필터/취소 결과를 Golden fixture로 검증","<input id=""exec-attach-file"" type=""file"" accept=""image/*,.pdf,.doc,.docx,.xls,.xlsx,.ppt,.pptx"" multiple>"
"C00597","UNRESOLVED_CONTROL","renderExecAttachForm: '+EXEC_ATTACH_CATEGORIES.map(function(x){return '","페이지 데이터/상태 경로: 정확한 runtime reachability 미확인","직접 literal write 발견 없음; 간접 호출은 미확인","golden/crm.html:7286","미확정: 원본 handler/template 추적 필요","TEST_MISSING","중복정의·동적 template·상위함수 호출을 실제 렌더 결과와 연결","해당 원본 컨트롤의 노출 조건·클릭/필터/취소 결과를 Golden fixture로 검증","<select id=""exec-attach-category"">"
"C00598","UNRESOLVED_CONTROL","renderExecAttachForm: =0?'on':'')+'"" data-tag=""'+esc(x)+'"" onclick=""toggleExecAttachTag(this.dataset.t","페이지 데이터/상태 경로: 정확한 runtime reachability 미확인","직접 literal write 발견 없음; 간접 호출은 미확인","golden/crm.html:7286","미확정: 원본 handler/template 추적 필요","TEST_MISSING","중복정의·동적 template·상위함수 호출을 실제 렌더 결과와 연결","해당 원본 컨트롤의 노출 조건·클릭/필터/취소 결과를 Golden fixture로 검증","<button class=""'+(EXEC_ATTACH_TAGS.indexOf(x)>"
"C00599","UNRESOLVED_CONTROL","renderExecAttachForm: '+esc(memo)+'","페이지 데이터/상태 경로: 정확한 runtime reachability 미확인","직접 literal write 발견 없음; 간접 호출은 미확인","golden/crm.html:7286","미확정: 원본 handler/template 추적 필요","TEST_MISSING","중복정의·동적 template·상위함수 호출을 실제 렌더 결과와 연결","해당 원본 컨트롤의 노출 조건·클릭/필터/취소 결과를 Golden fixture로 검증","<textarea id=""exec-attach-memo"" rows=""2"" placeholder=""예: 배수로 주변 들뜸 확인"">"
"C00600","UNRESOLVED_CONTROL","renderExecAttachForm: 취소","페이지 데이터/상태 경로: 정확한 runtime reachability 미확인","직접 literal write 발견 없음; 간접 호출은 미확인","golden/crm.html:7286","미확정: 원본 handler/template 추적 필요","TEST_MISSING","중복정의·동적 template·상위함수 호출을 실제 렌더 결과와 연결","해당 원본 컨트롤의 노출 조건·클릭/필터/취소 결과를 Golden fixture로 검증","<button class=""dact"" onclick=""EXEC_ATTACH_FILES=[];renderDetail()"">"
"C00601","UNRESOLVED_CONTROL","renderExecAttachForm: '+EXEC_ATTACH_FILES.length+'개 파일 등록","페이지 데이터/상태 경로: 정확한 runtime reachability 미확인","직접 literal write 발견 없음; 간접 호출은 미확인","golden/crm.html:7286","미확정: 원본 handler/template 추적 필요","TEST_MISSING","중복정의·동적 template·상위함수 호출을 실제 렌더 결과와 연결","해당 원본 컨트롤의 노출 조건·클릭/필터/취소 결과를 Golden fixture로 검증","<button class=""dact pri"" id=""exec-attach-save"" onclick=""saveExecAttachments()"">"
"C00602","F51","saveExecAttachments: '+(d.favorite?'★ 즐겨찾기':'☆ 즐겨찾기')+'","attachment metadata / selected files","activity","golden/crm.html:7291","v2 Storage 계약 없음; 이번 단계 미실행","CONTRACT_MISSING","20MB/분류/태그·privatebucket·사전권한/완료검증·부분실패필요","타ID/path변조거절·파일존재·실패정리·메타데이터만브라우저","<EXEC_ATTACH_FILES.length;i++)rows.push(FIELD_DEMO?demoExecAttachment(d,EXEC_ATTACH_FILES[i],cat,tags,memo):await uploadExecAttachment(d,EXEC_ATTACH_FILES[i],cat,tags,memo));p.attachments=d.attachments=(execAttachments(d)||[]).concat(rows);var note=(EXEC_ATTACH_KIND==='photo'?'현장사진 ':'자료 ')+rows.length+'개 등록 · '+cat+(tags.length?' · '+tags.join(', '):'');if(FIELD_DEMO){p.activities=p.activities||d.activities||[];p.activities.push({type:'파일첨부',note:note,result:memo,at:isoNow(),actor:(ME&&ME.name)||repN(d.assignee)});d.activities=p.activities}else{var row=logActivity('파일첨부',note,memo,isoNow());pushWrite('activity',{opportunity_id:d.id,type:'파일첨부',note:note,result:memo,occurred_at:row.at})}saveLocal();execTouch(d,'work',true);EXEC_ATTACH_FILES=[];EXEC_ATTACH_TAGS=[];renderDetail();detailTabFocus('현장·견적');showDetailErr(rows.length+'개 파일을 현장 이력에 등록했습니다.',true)}catch(e){btn.disabled=false;btn."
"C00603","UNRESOLVED_CONTROL","execGuideHTML: button","페이지 데이터/상태 경로: 정확한 runtime reachability 미확인","직접 literal write 발견 없음; 간접 호출은 미확인","golden/crm.html:7319","미확정: 원본 handler/template 추적 필요","TEST_MISSING","중복정의·동적 template·상위함수 호출을 실제 렌더 결과와 연결","해당 원본 컨트롤의 노출 조건·클릭/필터/취소 결과를 Golden fixture로 검증","<button class=""exec-guide-item '+(on?'on ':'')+(x.auto?'auto ':'')+(x.required?'required':'')+'"" onclick=""toggleExecGuide('+i+')"">"
"C00604","UNRESOLVED_CONTROL","execAskModal: input","페이지 데이터/상태 경로: 정확한 runtime reachability 미확인","직접 literal write 발견 없음; 간접 호출은 미확인","golden/crm.html:7327","미확정: 원본 handler/template 추적 필요","TEST_MISSING","중복정의·동적 template·상위함수 호출을 실제 렌더 결과와 연결","해당 원본 컨트롤의 노출 조건·클릭/필터/취소 결과를 Golden fixture로 검증","<input id=""execAskInput"" placeholder=""예: 이필선 담당 중 30일 넘게 연락 안 한 곳"" onkeydown=""if(event.key===\'Enter\')runExecAsk()"">"
"C00605","UNRESOLVED_CONTROL","execAskModal: 찾기","페이지 데이터/상태 경로: 정확한 runtime reachability 미확인","직접 literal write 발견 없음; 간접 호출은 미확인","golden/crm.html:7327","미확정: 원본 handler/template 추적 필요","TEST_MISSING","중복정의·동적 template·상위함수 호출을 실제 렌더 결과와 연결","해당 원본 컨트롤의 노출 조건·클릭/필터/취소 결과를 Golden fixture로 검증","<button onclick=""runExecAsk()"">"
"C00606","UNRESOLVED_CONTROL","execAskModal: 오늘 전화","페이지 데이터/상태 경로: 정확한 runtime reachability 미확인","직접 literal write 발견 없음; 간접 호출은 미확인","golden/crm.html:7327","미확정: 원본 handler/template 추적 필요","TEST_MISSING","중복정의·동적 template·상위함수 호출을 실제 렌더 결과와 연결","해당 원본 컨트롤의 노출 조건·클릭/필터/취소 결과를 Golden fixture로 검증","<button onclick=""execAskExample(\'내가 오늘 전화해야 하는 곳\')"">"
"C00607","UNRESOLVED_CONTROL","execAskModal: 30일 미접촉","페이지 데이터/상태 경로: 정확한 runtime reachability 미확인","직접 literal write 발견 없음; 간접 호출은 미확인","golden/crm.html:7327","미확정: 원본 handler/template 추적 필요","TEST_MISSING","중복정의·동적 template·상위함수 호출을 실제 렌더 결과와 연결","해당 원본 컨트롤의 노출 조건·클릭/필터/취소 결과를 Golden fixture로 검증","<button onclick=""execAskExample(\'이필선 담당 중 30일 넘게 연락 안 한 곳\')"">"
"C00608","UNRESOLVED_CONTROL","execAskModal: 1억·Next 없음","페이지 데이터/상태 경로: 정확한 runtime reachability 미확인","직접 literal write 발견 없음; 간접 호출은 미확인","golden/crm.html:7327","미확정: 원본 handler/template 추적 필요","TEST_MISSING","중복정의·동적 template·상위함수 호출을 실제 렌더 결과와 연결","해당 원본 컨트롤의 노출 조건·클릭/필터/취소 결과를 Golden fixture로 검증","<button onclick=""execAskExample(\'견적 1억 이상인데 다음 행동 없는 곳\')"">"
"C00609","UNRESOLVED_CONTROL","execAskModal: 소장 번호 없음","페이지 데이터/상태 경로: 정확한 runtime reachability 미확인","직접 literal write 발견 없음; 간접 호출은 미확인","golden/crm.html:7327","미확정: 원본 handler/template 추적 필요","TEST_MISSING","중복정의·동적 template·상위함수 호출을 실제 렌더 결과와 연결","해당 원본 컨트롤의 노출 조건·클릭/필터/취소 결과를 Golden fixture로 검증","<button onclick=""execAskExample(\'관리소장 휴대폰이 없는 현장\')"">"
"C00610","UNRESOLVED_CONTROL","execAskModal: 견적 후 정체","페이지 데이터/상태 경로: 정확한 runtime reachability 미확인","직접 literal write 발견 없음; 간접 호출은 미확인","golden/crm.html:7327","미확정: 원본 handler/template 추적 필요","TEST_MISSING","중복정의·동적 template·상위함수 호출을 실제 렌더 결과와 연결","해당 원본 컨트롤의 노출 조건·클릭/필터/취소 결과를 Golden fixture로 검증","<button onclick=""execAskExample(\'이번 달 견적 보냈는데 아직 경쟁단계로 안 간 곳\')"">"
"C00611","UNRESOLVED_CONTROL","execAskModal: 닫기","페이지 데이터/상태 경로: 정확한 runtime reachability 미확인","직접 literal write 발견 없음; 간접 호출은 미확인","golden/crm.html:7327","미확정: 원본 handler/template 추적 필요","TEST_MISSING","중복정의·동적 template·상위함수 호출을 실제 렌더 결과와 연결","해당 원본 컨트롤의 노출 조건·클릭/필터/취소 결과를 Golden fixture로 검증","<button onclick=""closeExecAsk()"">"
"C00612","F54","runExecAsk: button","loaded deals/contact/activity/Next에 조건검색","직접 literal write 발견 없음; 간접 호출은 미확인","golden/crm.html:7328","scoped search/필수 read fields 없음","CONTRACT_MISSING","자연어조건/20행·7행표시/검색조건 설명 유지·전체번들fallback 금지","오늘전화/1억Next없음/이번주방문/미접촉/연락처누락/기술자문","<button class=""exec-ask-row"" onclick=""openExecAskResult('+i+')"">"
"C00613","UNRESOLVED_CONTROL","relV8HTML: '+esc(i.nba)+'","페이지 데이터/상태 경로: 정확한 runtime reachability 미확인","직접 literal write 발견 없음; 간접 호출은 미확인","golden/crm.html:7367","미확정: 원본 handler/template 추적 필요","TEST_MISSING","중복정의·동적 template·상위함수 호출을 실제 렌더 결과와 연결","해당 원본 컨트롤의 노출 조건·클릭/필터/취소 결과를 Golden fixture로 검증","<button class=""primary"" onclick=""relV8Action(\''+send+'\')"">"
"C00614","UNRESOLVED_CONTROL","relV8HTML: 30일 접촉 보류","페이지 데이터/상태 경로: 정확한 runtime reachability 미확인","직접 literal write 발견 없음; 간접 호출은 미확인","golden/crm.html:7367","미확정: 원본 handler/template 추적 필요","TEST_MISSING","중복정의·동적 template·상위함수 호출을 실제 렌더 결과와 연결","해당 원본 컨트롤의 노출 조건·클릭/필터/취소 결과를 Golden fixture로 검증","<button onclick=""relV8Action(\'hold\')"">"
"C00615","F15","relV8PurposeChanged: '+REL_PURPOSES.map(function(x){return '","문의 담당/응대시각/활동","message_log, activity, next_action, relationship_response, message_stage_advanced","golden/crm.html:7379","crm_inquiry_response/status 초안 보류","CONTRACT_MISSING","응대결과·최초시각 보존·상담자와 영업자 분리·실제 기존 status 목록 필요","두번 응대 최초시각 불변·PC모바일 동일·권한 분리","<select id=""rm-purpose"" onchange=""relV8PurposeChanged()"">"
"C00616","F12","inqCtlRows: '+(BICON[b]?BICON[b][0]+' ':'')+esc(b)+' ","B.inquiries + trash/기술자문 분리 + LOCAL patches","직접 literal write 발견 없음; 간접 호출은 미확인","golden/crm.html:7461","crm_inquiries_scoped_v2 초안 보류","CONTRACT_MISSING","활성/휴지통/기술자문/미배정/SLA/체크박스 전체 계약 부족","각 탭·건수·선택행·필터 조합·기술문의와 휴지통 활성집계 제외","<button class=""'+(G.brand===b?'on':'')+'"" data-b=""'+escAttr(b)+'"" onclick=""G.brand=this.dataset.b;G.inqSelKey=null;paint()"">"
"C00617","F12","inqCtlCounts: '+t+' ","B.inquiries + trash/기술자문 분리 + LOCAL patches","직접 literal write 발견 없음; 간접 호출은 미확인","golden/crm.html:7468","crm_inquiries_scoped_v2 초안 보류","CONTRACT_MISSING","활성/휴지통/기술자문/미배정/SLA/체크박스 전체 계약 부족","각 탭·건수·선택행·필터 조합·기술문의와 휴지통 활성집계 제외","<button class=""'+(G.inqBucket===t?'on ':'')+(t==='휴지통'?'trash ':t===INQ_TECH_REVIEW_TAB?'tech-review ':'')+'"" data-t=""'+t+'"" onclick=""inqCtlSetTab(this.dataset.t)"">"
"C00618","F12","inqCtlCounts: '+x[1]+'","B.inquiries + trash/기술자문 분리 + LOCAL patches","직접 literal write 발견 없음; 간접 호출은 미확인","golden/crm.html:7469","crm_inquiries_scoped_v2 초안 보류","CONTRACT_MISSING","활성/휴지통/기술자문/미배정/SLA/체크박스 전체 계약 부족","각 탭·건수·선택행·필터 조합·기술문의와 휴지통 활성집계 제외","<button class=""'+(v===x[0]?'on':'')+'"" data-v=""'+x[0]+'"" onclick=""inqCtlSetView(this.dataset.v)"">"
"C00619","F12","inqCtlCounts: 필터 해제","B.inquiries + trash/기술자문 분리 + LOCAL patches","직접 literal write 발견 없음; 간접 호출은 미확인","golden/crm.html:7471","crm_inquiries_scoped_v2 초안 보류","CONTRACT_MISSING","활성/휴지통/기술자문/미배정/SLA/체크박스 전체 계약 부족","각 탭·건수·선택행·필터 조합·기술문의와 휴지통 활성집계 제외","<button class=""act"" onclick=""clearBriefInquiry()"">"
"C00620","F12","inqCtlCounts: 필터 해제","B.inquiries + trash/기술자문 분리 + LOCAL patches","직접 literal write 발견 없음; 간접 호출은 미확인","golden/crm.html:7471","crm_inquiries_scoped_v2 초안 보류","CONTRACT_MISSING","활성/휴지통/기술자문/미배정/SLA/체크박스 전체 계약 부족","각 탭·건수·선택행·필터 조합·기술문의와 휴지통 활성집계 제외","<button class=""act"" onclick=""clearInquiryIssue()"">"
"C00621","F25","inqTechReview: '+(d?'영업기회 열기':'분류 검토')+'","brand 기술자문 구별; legacy_review_status","직접 literal write 발견 없음; 간접 호출은 미확인","golden/crm.html:7475","v2 재분류/기술문의 scoped reader 없음","CONTRACT_MISSING","새 dashboard 초안에 기술문의 제외 규칙 없음","활성KPI 제외·전용탭에 원문유지·재분류 뒤 집계","<button class=""'+(d?'':'primary')+'"" data-i=""'+i+'"" onclick=""inqTechReviewAction(Number(this.dataset.i))"">"
"C00622","UNRESOLVED_CONTROL","inqTechReviewAction: '+opts+'","페이지 데이터/상태 경로: 정확한 runtime reachability 미확인","직접 literal write 발견 없음; 간접 호출은 미확인","golden/crm.html:7476","미확정: 원본 handler/template 추적 필요","TEST_MISSING","중복정의·동적 template·상위함수 호출을 실제 렌더 결과와 연결","해당 원본 컨트롤의 노출 조건·클릭/필터/취소 결과를 Golden fixture로 검증","<select id=""inq-tech-brand"">"
"C00623","UNRESOLVED_CONTROL","inqTechReviewAction: button","페이지 데이터/상태 경로: 정확한 runtime reachability 미확인","직접 literal write 발견 없음; 간접 호출은 미확인","golden/crm.html:7476","미확정: 원본 handler/template 추적 필요","TEST_MISSING","중복정의·동적 template·상위함수 호출을 실제 렌더 결과와 연결","해당 원본 컨트롤의 노출 조건·클릭/필터/취소 결과를 Golden fixture로 검증","<button onclick=""inqTechReclassify()"">"
"C00624","UNRESOLVED_CONTROL","inqTechReviewAction: button","페이지 데이터/상태 경로: 정확한 runtime reachability 미확인","직접 literal write 발견 없음; 간접 호출은 미확인","golden/crm.html:7476","미확정: 원본 handler/template 추적 필요","TEST_MISSING","중복정의·동적 template·상위함수 호출을 실제 렌더 결과와 연결","해당 원본 컨트롤의 노출 조건·클릭/필터/취소 결과를 Golden fixture로 검증","<button class=""primary"" onclick=""inqTechPromote()"">"
"C00625","UNRESOLVED_CONTROL","inqTechReviewAction: 취소","페이지 데이터/상태 경로: 정확한 runtime reachability 미확인","직접 literal write 발견 없음; 간접 호출은 미확인","golden/crm.html:7476","미확정: 원본 handler/template 추적 필요","TEST_MISSING","중복정의·동적 template·상위함수 호출을 실제 렌더 결과와 연결","해당 원본 컨트롤의 노출 조건·클릭/필터/취소 결과를 Golden fixture로 검증","<button onclick=""closeInquiryControlModal()"">"
"C00626","F12","inqCtlConsole: button","B.inquiries + trash/기술자문 분리 + LOCAL patches","직접 literal write 발견 없음; 간접 호출은 미확인","golden/crm.html:7484","crm_inquiries_scoped_v2 초안 보류","CONTRACT_MISSING","활성/휴지통/기술자문/미배정/SLA/체크박스 전체 계약 부족","각 탭·건수·선택행·필터 조합·기술문의와 휴지통 활성집계 제외","<button class=""'+(x[2]||'')+'"" onclick=""inqCtlSetTab(\''+x[0]+'\')"">"
"C00627","F12","inqCtlConsole: div","B.inquiries + trash/기술자문 분리 + LOCAL patches","직접 literal write 발견 없음; 간접 호출은 미확인","golden/crm.html:7486","crm_inquiries_scoped_v2 초안 보류","CONTRACT_MISSING","활성/휴지통/기술자문/미배정/SLA/체크박스 전체 계약 부족","각 탭·건수·선택행·필터 조합·기술문의와 휴지통 활성집계 제외","<div class=""inq-ctl-row '+(late||!assigned?'attn':'')+'"" onclick=""inqCtlOpenSingle(this.dataset.k)"" data-k=""'+escAttr(k)+'"">"
"C00628","F12","inqCtlConsole: span","B.inquiries + trash/기술자문 분리 + LOCAL patches","직접 literal write 발견 없음; 간접 호출은 미확인","golden/crm.html:7486","crm_inquiries_scoped_v2 초안 보류","CONTRACT_MISSING","활성/휴지통/기술자문/미배정/SLA/체크박스 전체 계약 부족","각 탭·건수·선택행·필터 조합·기술문의와 휴지통 활성집계 제외","<span onclick=""event.stopPropagation()"">"
"C00629","F12","inqCtlConsole: input","B.inquiries + trash/기술자문 분리 + LOCAL patches","직접 literal write 발견 없음; 간접 호출은 미확인","golden/crm.html:7486","crm_inquiries_scoped_v2 초안 보류","CONTRACT_MISSING","활성/휴지통/기술자문/미배정/SLA/체크박스 전체 계약 부족","각 탭·건수·선택행·필터 조합·기술문의와 휴지통 활성집계 제외","<input type=""checkbox"" data-k=""'+escAttr(k)+'"" '+(INQ_SEL[k]?'checked':'')+' onclick=""inqTick(this.dataset.k,this.checked)"">"
"C00630","F12","inqCtlConsole: span","B.inquiries + trash/기술자문 분리 + LOCAL patches","직접 literal write 발견 없음; 간접 호출은 미확인","golden/crm.html:7486","crm_inquiries_scoped_v2 초안 보류","CONTRACT_MISSING","활성/휴지통/기술자문/미배정/SLA/체크박스 전체 계약 부족","각 탭·건수·선택행·필터 조합·기술문의와 휴지통 활성집계 제외","<span onclick=""event.stopPropagation()"">"
"C00631","F12","inqCtlConsole: ⋯","B.inquiries + trash/기술자문 분리 + LOCAL patches","직접 literal write 발견 없음; 간접 호출은 미확인","golden/crm.html:7486","crm_inquiries_scoped_v2 초안 보류","CONTRACT_MISSING","활성/휴지통/기술자문/미배정/SLA/체크박스 전체 계약 부족","각 탭·건수·선택행·필터 조합·기술문의와 휴지통 활성집계 제외","<button class=""inq-ctl-more"" data-k=""'+escAttr(k)+'"" onclick=""inqCtlOpenMenu(this.dataset.k)"" aria-label=""문의 처리 메뉴"">"
"C00632","F12","inqCtlConsole: input","B.inquiries + trash/기술자문 분리 + LOCAL patches","직접 literal write 발견 없음; 간접 호출은 미확인","golden/crm.html:7487","crm_inquiries_scoped_v2 초안 보류","CONTRACT_MISSING","활성/휴지통/기술자문/미배정/SLA/체크박스 전체 계약 부족","각 탭·건수·선택행·필터 조합·기술문의와 휴지통 활성집계 제외","<input type=""checkbox"" '+(allChecked?'checked':'')+' onclick=""inqCtlTickAll(this.checked)"">"
"C00633","F12","inqCtlConsole: 담당자 배정","B.inquiries + trash/기술자문 분리 + LOCAL patches","직접 literal write 발견 없음; 간접 호출은 미확인","golden/crm.html:7487","crm_inquiries_scoped_v2 초안 보류","CONTRACT_MISSING","활성/휴지통/기술자문/미배정/SLA/체크박스 전체 계약 부족","각 탭·건수·선택행·필터 조합·기술문의와 휴지통 활성집계 제외","<button class=""primary"" onclick=""inqCtlOpenAssign(\'assign\')"">"
"C00634","F12","inqCtlConsole: 재배정","B.inquiries + trash/기술자문 분리 + LOCAL patches","직접 literal write 발견 없음; 간접 호출은 미확인","golden/crm.html:7487","crm_inquiries_scoped_v2 초안 보류","CONTRACT_MISSING","활성/휴지통/기술자문/미배정/SLA/체크박스 전체 계약 부족","각 탭·건수·선택행·필터 조합·기술문의와 휴지통 활성집계 제외","<button onclick=""inqCtlOpenAssign(\'reassign\')"">"
"C00635","F12","inqCtlConsole: 미배정 회수","B.inquiries + trash/기술자문 분리 + LOCAL patches","직접 literal write 발견 없음; 간접 호출은 미확인","golden/crm.html:7487","crm_inquiries_scoped_v2 초안 보류","CONTRACT_MISSING","활성/휴지통/기술자문/미배정/SLA/체크박스 전체 계약 부족","각 탭·건수·선택행·필터 조합·기술문의와 휴지통 활성집계 제외","<button onclick=""inqCtlOpenReason(\'unassign\')"">"
"C00636","F12","inqCtlConsole: 보류","B.inquiries + trash/기술자문 분리 + LOCAL patches","직접 literal write 발견 없음; 간접 호출은 미확인","golden/crm.html:7487","crm_inquiries_scoped_v2 초안 보류","CONTRACT_MISSING","활성/휴지통/기술자문/미배정/SLA/체크박스 전체 계약 부족","각 탭·건수·선택행·필터 조합·기술문의와 휴지통 활성집계 제외","<button onclick=""inqCtlOpenReason(\'hold\')"">"
"C00637","F12","inqCtlConsole: 휴지통","B.inquiries + trash/기술자문 분리 + LOCAL patches","직접 literal write 발견 없음; 간접 호출은 미확인","golden/crm.html:7487","crm_inquiries_scoped_v2 초안 보류","CONTRACT_MISSING","활성/휴지통/기술자문/미배정/SLA/체크박스 전체 계약 부족","각 탭·건수·선택행·필터 조합·기술문의와 휴지통 활성집계 제외","<button class=""danger"" onclick=""inqCtlOpenTrash()"">"
"C00638","UNRESOLVED_CONTROL","inqCtlAssignGroup: button","페이지 데이터/상태 경로: 정확한 runtime reachability 미확인","직접 literal write 발견 없음; 간접 호출은 미확인","golden/crm.html:7497","미확정: 원본 handler/template 추적 필요","TEST_MISSING","중복정의·동적 template·상위함수 호출을 실제 렌더 결과와 연결","해당 원본 컨트롤의 노출 조건·클릭/필터/취소 결과를 Golden fixture로 검증","<button class=""inq-ctl-rep '+(s.score===min&&p.role!=='branch_pool'?'recommended':'')+'"" data-r=""'+escAttr(s.rep)+'"" onclick=""inqCtlChooseRep(this.dataset.r)"">"
"C00639","F13","inqCtlOpenAssign: button","sales_people inquiry_assignable + 업무부하","직접 literal write 발견 없음; 간접 호출은 미확인","golden/crm.html:7498","crm_assign/assignment_targets 초안 보류","CONTRACT_MISSING","6명 UUID Master·단일/일괄·부하점수·확인창을 보존해야 함; 현재 초안 target4명만","6명 목록/경남 제외·부하식·다건 실패·원 담당 이력","<button class=""inq-branch-handoff"" onclick=""inqCtlOpenBranchHandoffConfirm()"">"
"C00640","F13","inqCtlOpenAssign: input","sales_people inquiry_assignable + 업무부하","직접 literal write 발견 없음; 간접 호출은 미확인","golden/crm.html:7498","crm_assign/assignment_targets 초안 보류","CONTRACT_MISSING","6명 UUID Master·단일/일괄·부하점수·확인창을 보존해야 함; 현재 초안 target4명만","6명 목록/경남 제외·부하식·다건 실패·원 담당 이력","<input id=""inq-ctl-reason"" '+(reassign?'required ':'')+'oninput=""inqCtlUpdateAssignConfirm()"" placeholder=""예: 지역·공종·현재 업무량 기준"">"
"C00641","F13","inqCtlOpenAssign: 취소","sales_people inquiry_assignable + 업무부하","직접 literal write 발견 없음; 간접 호출은 미확인","golden/crm.html:7498","crm_assign/assignment_targets 초안 보류","CONTRACT_MISSING","6명 UUID Master·단일/일괄·부하점수·확인창을 보존해야 함; 현재 초안 target4명만","6명 목록/경남 제외·부하식·다건 실패·원 담당 이력","<button onclick=""closeInquiryControlModal()"">"
"C00642","F13","inqCtlOpenAssign: '+(reassign?'본사 담당자 재배정':'본사 담당자 배정')+'","sales_people inquiry_assignable + 업무부하","직접 literal write 발견 없음; 간접 호출은 미확인","golden/crm.html:7498","crm_assign/assignment_targets 초안 보류","CONTRACT_MISSING","6명 UUID Master·단일/일괄·부하점수·확인창을 보존해야 함; 현재 초안 target4명만","6명 목록/경남 제외·부하식·다건 실패·원 담당 이력","<button class=""primary"" id=""inq-ctl-confirm"" disabled onclick=""inqCtlConfirmAssign()"">"
"C00643","F22","inqCtlOpenBranchHandoffConfirm: input","본사 문의/sales_people team/reporting_group","직접 literal write 발견 없음; 간접 호출은 미확인","golden/crm.html:7499","지사인계 v2 없음","CONTRACT_MISSING","현 v2 branch는 명시 ID scope뿐; 미지정 Pool과 routing authority 없음","본사6명 배정창과 분리·인계후 지사 미지정·상담이력 보존","<input id=""inq-ctl-reason"" '+(M.reassign?'required ':'')+' placeholder=""예: 경남 권역 문의 지사 인계"">"
"C00644","F22","inqCtlOpenBranchHandoffConfirm: 취소","본사 문의/sales_people team/reporting_group","직접 literal write 발견 없음; 간접 호출은 미확인","golden/crm.html:7499","지사인계 v2 없음","CONTRACT_MISSING","현 v2 branch는 명시 ID scope뿐; 미지정 Pool과 routing authority 없음","본사6명 배정창과 분리·인계후 지사 미지정·상담이력 보존","<button onclick=""closeInquiryControlModal()"">"
"C00645","F22","inqCtlOpenBranchHandoffConfirm: 경남지사 인계","본사 문의/sales_people team/reporting_group","직접 literal write 발견 없음; 간접 호출은 미확인","golden/crm.html:7499","지사인계 v2 없음","CONTRACT_MISSING","현 v2 branch는 명시 ID scope뿐; 미지정 Pool과 routing authority 없음","본사6명 배정창과 분리·인계후 지사 미지정·상담이력 보존","<button class=""primary"" onclick=""inqCtlConfirmBranchHandoff()"">"
"C00646","F14","inqCtlOpenReason: textarea","문의 상태/배정/이력","직접 literal write 발견 없음; 간접 호출은 미확인","golden/crm.html:7505","목적별 v2 회수/보류 RPC 없음","CONTRACT_MISSING","단순 status UPDATE로 배정/보류 이력 전체 의미 대체 불가","회수 뒤 담당NULL·미배정카드, 보류사유 필수·활성통계","<textarea id=""inq-ctl-reason"" placeholder=""예: 고객 요청으로 다음 달 재검토"">"
"C00647","F14","inqCtlOpenReason: 취소","문의 상태/배정/이력","직접 literal write 발견 없음; 간접 호출은 미확인","golden/crm.html:7505","목적별 v2 회수/보류 RPC 없음","CONTRACT_MISSING","단순 status UPDATE로 배정/보류 이력 전체 의미 대체 불가","회수 뒤 담당NULL·미배정카드, 보류사유 필수·활성통계","<button onclick=""closeInquiryControlModal()"">"
"C00648","F14","inqCtlOpenReason: '+(hold?'보류 처리':'미배정 회수')+'","문의 상태/배정/이력","직접 literal write 발견 없음; 간접 호출은 미확인","golden/crm.html:7505","목적별 v2 회수/보류 RPC 없음","CONTRACT_MISSING","단순 status UPDATE로 배정/보류 이력 전체 의미 대체 불가","회수 뒤 담당NULL·미배정카드, 보류사유 필수·활성통계","<button class=""primary"" onclick=""inqCtlConfirmReason()"">"
"C00649","F18","inqCtlOpenTrash: '+INQ_DELETE_REASONS.map(function(x){return '","deleted_at/reason/by/purge_at/연결보호","직접 literal write 발견 없음; 간접 호출은 미확인","golden/crm.html:7507","v2 trash 없음","CONTRACT_MISSING","soft-delete 의미·30일 대상 표시·연결문의 보호 보존","집계제외/원문보존/사유/actor 서버확정","<select id=""inq-ctl-delete-reason"">"
"C00650","F18","inqCtlOpenTrash: textarea","deleted_at/reason/by/purge_at/연결보호","직접 literal write 발견 없음; 간접 호출은 미확인","golden/crm.html:7507","v2 trash 없음","CONTRACT_MISSING","soft-delete 의미·30일 대상 표시·연결문의 보호 보존","집계제외/원문보존/사유/actor 서버확정","<textarea id=""inq-ctl-delete-note"" placeholder=""기타 사유나 확인 내용을 남겨 주세요."">"
"C00651","F18","inqCtlOpenTrash: 취소","deleted_at/reason/by/purge_at/연결보호","직접 literal write 발견 없음; 간접 호출은 미확인","golden/crm.html:7507","v2 trash 없음","CONTRACT_MISSING","soft-delete 의미·30일 대상 표시·연결문의 보호 보존","집계제외/원문보존/사유/actor 서버확정","<button onclick=""closeInquiryControlModal()"">"
"C00652","F18","inqCtlOpenTrash: 휴지통으로 이동","deleted_at/reason/by/purge_at/연결보호","직접 literal write 발견 없음; 간접 호출은 미확인","golden/crm.html:7507","v2 trash 없음","CONTRACT_MISSING","soft-delete 의미·30일 대상 표시·연결문의 보호 보존","집계제외/원문보존/사유/actor 서버확정","<button class=""danger"" onclick=""inqCtlConfirmTrash()"">"
"C00653","F18","inqCtlTrash: div","deleted_at/reason/by/purge_at/연결보호","직접 literal write 발견 없음; 간접 호출은 미확인","golden/crm.html:7512","v2 trash 없음","CONTRACT_MISSING","soft-delete 의미·30일 대상 표시·연결문의 보호 보존","집계제외/원문보존/사유/actor 서버확정","<div class=""inq-ctl-row"" style=""grid-template-columns:70px minmax(180px,1.4fr) 110px 90px 110px 105px 155px"" onclick=""return false"">"
"C00654","F18","inqCtlTrash: 복원","deleted_at/reason/by/purge_at/연결보호","직접 literal write 발견 없음; 간접 호출은 미확인","golden/crm.html:7512","v2 trash 없음","CONTRACT_MISSING","soft-delete 의미·30일 대상 표시·연결문의 보호 보존","집계제외/원문보존/사유/actor 서버확정","<button class=""restore"" data-k=""'+escAttr(k)+'"" onclick=""inqCtlRestore(this.dataset.k)"">"
"C00655","F18","inqCtlTrash: 완전삭제","deleted_at/reason/by/purge_at/연결보호","직접 literal write 발견 없음; 간접 호출은 미확인","golden/crm.html:7512","v2 trash 없음","CONTRACT_MISSING","soft-delete 의미·30일 대상 표시·연결문의 보호 보존","집계제외/원문보존/사유/actor 서버확정","<button class=""purge"" data-k=""'+escAttr(k)+'"" '+(!admin||prot?'disabled title=""영업기회 연결 또는 권한으로 완전삭제 제한""':'')+' onclick=""inqCtlHardDelete(this.dataset.k)"">"
"C00656","UNRESOLVED_CONTROL","inqCtlOpenMenu: 상세 처리","페이지 데이터/상태 경로: 정확한 runtime reachability 미확인","직접 literal write 발견 없음; 간접 호출은 미확인","golden/crm.html:7513","미확정: 원본 handler/template 추적 필요","TEST_MISSING","중복정의·동적 template·상위함수 호출을 실제 렌더 결과와 연결","해당 원본 컨트롤의 노출 조건·클릭/필터/취소 결과를 Golden fixture로 검증","<button class=""dact"" onclick=""inqCtlMenuDo(\'detail\')"">"
"C00657","UNRESOLVED_CONTROL","inqCtlOpenMenu: '+(assigned?'담당자 재배정':'담당자 배정')+'","페이지 데이터/상태 경로: 정확한 runtime reachability 미확인","직접 literal write 발견 없음; 간접 호출은 미확인","golden/crm.html:7513","미확정: 원본 handler/template 추적 필요","TEST_MISSING","중복정의·동적 template·상위함수 호출을 실제 렌더 결과와 연결","해당 원본 컨트롤의 노출 조건·클릭/필터/취소 결과를 Golden fixture로 검증","<button class=""dact pri"" onclick=""inqCtlMenuDo(\''+(assigned?'reassign':'assign')+'\')"">"
"C00658","UNRESOLVED_CONTROL","inqCtlOpenMenu: 미배정으로 회수","페이지 데이터/상태 경로: 정확한 runtime reachability 미확인","직접 literal write 발견 없음; 간접 호출은 미확인","golden/crm.html:7513","미확정: 원본 handler/template 추적 필요","TEST_MISSING","중복정의·동적 template·상위함수 호출을 실제 렌더 결과와 연결","해당 원본 컨트롤의 노출 조건·클릭/필터/취소 결과를 Golden fixture로 검증","<button class=""dact"" onclick=""inqCtlMenuDo(\'unassign\')"">"
"C00659","UNRESOLVED_CONTROL","inqCtlOpenMenu: 보류","페이지 데이터/상태 경로: 정확한 runtime reachability 미확인","직접 literal write 발견 없음; 간접 호출은 미확인","golden/crm.html:7513","미확정: 원본 handler/template 추적 필요","TEST_MISSING","중복정의·동적 template·상위함수 호출을 실제 렌더 결과와 연결","해당 원본 컨트롤의 노출 조건·클릭/필터/취소 결과를 Golden fixture로 검증","<button class=""dact warn"" onclick=""inqCtlMenuDo(\'hold\')"">"
"C00660","UNRESOLVED_CONTROL","inqCtlOpenMenu: 중복 처리","페이지 데이터/상태 경로: 정확한 runtime reachability 미확인","직접 literal write 발견 없음; 간접 호출은 미확인","golden/crm.html:7513","미확정: 원본 handler/template 추적 필요","TEST_MISSING","중복정의·동적 template·상위함수 호출을 실제 렌더 결과와 연결","해당 원본 컨트롤의 노출 조건·클릭/필터/취소 결과를 Golden fixture로 검증","<button class=""dact"" onclick=""inqCtlMenuDo(\'duplicate\')"">"
"C00661","UNRESOLVED_CONTROL","inqCtlOpenMenu: 휴지통으로 이동","페이지 데이터/상태 경로: 정확한 runtime reachability 미확인","직접 literal write 발견 없음; 간접 호출은 미확인","golden/crm.html:7513","미확정: 원본 handler/template 추적 필요","TEST_MISSING","중복정의·동적 template·상위함수 호출을 실제 렌더 결과와 연결","해당 원본 컨트롤의 노출 조건·클릭/필터/취소 결과를 Golden fixture로 검증","<button class=""dact"" style=""color:var(--danger);border-color:var(--danger-bg)"" onclick=""inqCtlMenuDo(\'trash\')"">"
"C00662","F21","inqCtlOpenDuplicate: button","문의 후보/duplicate relation","직접 literal write 발견 없음; 간접 호출은 미확인","golden/crm.html:7515","v2 duplicate 없음","CONTRACT_MISSING","자동 병합 금지·원문 보존·같은 현장 다른기회 유지","link/keep/trash 각각·잘못된 ID·동시변경 거절","<button class=""inq-ctl-rep"" style=""grid-template-columns:40px 1fr 110px"" data-target=""'+escAttr(inqKey(x))+'"" onclick=""inqCtlResolveDuplicate(\'link\',this.dataset.target)"">"
"C00663","F21","inqCtlOpenDuplicate: 별도 문의로 유지","문의 후보/duplicate relation","직접 literal write 발견 없음; 간접 호출은 미확인","golden/crm.html:7515","v2 duplicate 없음","CONTRACT_MISSING","자동 병합 금지·원문 보존·같은 현장 다른기회 유지","link/keep/trash 각각·잘못된 ID·동시변경 거절","<button onclick=""inqCtlResolveDuplicate(\'keep\')"">"
"C00664","F21","inqCtlOpenDuplicate: 중복으로 휴지통","문의 후보/duplicate relation","직접 literal write 발견 없음; 간접 호출은 미확인","golden/crm.html:7515","v2 duplicate 없음","CONTRACT_MISSING","자동 병합 금지·원문 보존·같은 현장 다른기회 유지","link/keep/trash 각각·잘못된 ID·동시변경 거절","<button class=""danger"" onclick=""inqCtlResolveDuplicate(\'trash\')"">"
"C00665","UNRESOLVED_CONTROL","dccHeroHTML: '+dccActionLabel(x.key)+'","페이지 데이터/상태 경로: 정확한 runtime reachability 미확인","직접 literal write 발견 없음; 간접 호출은 미확인","golden/crm.html:7562","미확정: 원본 handler/template 추적 필요","TEST_MISSING","중복정의·동적 template·상위함수 호출을 실제 렌더 결과와 연결","해당 원본 컨트롤의 노출 조건·클릭/필터/취소 결과를 Golden fixture로 검증","<button onclick=""dccAction(\''+x.key+'\')"">"
"C00666","UNRESOLVED_CONTROL","dccHeroHTML: '+(scope==='unclassified'?'공종 입력':'공종 수정')+'","페이지 데이터/상태 경로: 정확한 runtime reachability 미확인","직접 literal write 발견 없음; 간접 호출은 미확인","golden/crm.html:7564","미확정: 원본 handler/template 추적 필요","TEST_MISSING","중복정의·동적 template·상위함수 호출을 실제 렌더 결과와 연결","해당 원본 컨트롤의 노출 조건·클릭/필터/취소 결과를 Golden fixture로 검증","<button class=""primary"" onclick=""openWorkEdit()"">"
"C00667","UNRESOLVED_CONTROL","dccHeroHTML: 사업유형 변경","페이지 데이터/상태 경로: 정확한 runtime reachability 미확인","직접 literal write 발견 없음; 간접 호출은 미확인","golden/crm.html:7564","미확정: 원본 handler/template 추적 필요","TEST_MISSING","중복정의·동적 template·상위함수 호출을 실제 렌더 결과와 연결","해당 원본 컨트롤의 노출 조건·클릭/필터/취소 결과를 Golden fixture로 검증","<button class=""primary"" onclick=""openBizChange()"">"
"C00668","UNRESOLVED_CONTROL","dccHeroHTML: 이력 보기","페이지 데이터/상태 경로: 정확한 runtime reachability 미확인","직접 literal write 발견 없음; 간접 호출은 미확인","golden/crm.html:7564","미확정: 원본 handler/template 추적 필요","TEST_MISSING","중복정의·동적 template·상위함수 호출을 실제 렌더 결과와 연결","해당 원본 컨트롤의 노출 조건·클릭/필터/취소 결과를 Golden fixture로 검증","<button onclick=""detailTabFocus(\'변경이력\')"">"
"C00669","UNRESOLVED_CONTROL","dccHeroHTML: 전화","페이지 데이터/상태 경로: 정확한 runtime reachability 미확인","직접 literal write 발견 없음; 간접 호출은 미확인","golden/crm.html:7564","미확정: 원본 handler/template 추적 필요","TEST_MISSING","중복정의·동적 template·상위함수 호출을 실제 렌더 결과와 연결","해당 원본 컨트롤의 노출 조건·클릭/필터/취소 결과를 Golden fixture로 검증","<button '+(!mobile?'disabled':'')+' onclick=""contactDial(\'mobile\')"">"
"C00670","UNRESOLVED_CONTROL","dccHeroHTML: 카카오","페이지 데이터/상태 경로: 정확한 runtime reachability 미확인","직접 literal write 발견 없음; 간접 호출은 미확인","golden/crm.html:7564","미확정: 원본 handler/template 추적 필요","TEST_MISSING","중복정의·동적 template·상위함수 호출을 실제 렌더 결과와 연결","해당 원본 컨트롤의 노출 조건·클릭/필터/취소 결과를 Golden fixture로 검증","<button '+(!mobile?'disabled':'')+' onclick=""contactKakao()"">"
"C00671","UNRESOLVED_CONTROL","dccHeroHTML: 문자","페이지 데이터/상태 경로: 정확한 runtime reachability 미확인","직접 literal write 발견 없음; 간접 호출은 미확인","golden/crm.html:7564","미확정: 원본 handler/template 추적 필요","TEST_MISSING","중복정의·동적 template·상위함수 호출을 실제 렌더 결과와 연결","해당 원본 컨트롤의 노출 조건·클릭/필터/취소 결과를 Golden fixture로 검증","<button '+(!mobile?'disabled':'')+' onclick=""contactSms()"">"
"C00672","UNRESOLVED_CONTROL","dccHeroHTML: 관리소장 등록","페이지 데이터/상태 경로: 정확한 runtime reachability 미확인","직접 literal write 발견 없음; 간접 호출은 미확인","golden/crm.html:7564","미확정: 원본 handler/template 추적 필요","TEST_MISSING","중복정의·동적 template·상위함수 호출을 실제 렌더 결과와 연결","해당 원본 컨트롤의 노출 조건·클릭/필터/취소 결과를 Golden fixture로 검증","<button class=""primary"" onclick=""openQuickContact(\'new\')"">"
"C00673","UNRESOLVED_CONTROL","dccHeroHTML: 이 발언으로 다음 행동 만들기","페이지 데이터/상태 경로: 정확한 runtime reachability 미확인","직접 literal write 발견 없음; 간접 호출은 미확인","golden/crm.html:7564","미확정: 원본 handler/template 추적 필요","TEST_MISSING","중복정의·동적 template·상위함수 호출을 실제 렌더 결과와 연결","해당 원본 컨트롤의 노출 조건·클릭/필터/취소 결과를 Golden fixture로 검증","<button class=""primary"" onclick=""dccVoiceToNext()"">"
"C00674","UNRESOLVED_CONTROL","dccHeroHTML: 📞 전화","페이지 데이터/상태 경로: 정확한 runtime reachability 미확인","직접 literal write 발견 없음; 간접 호출은 미확인","golden/crm.html:7564","미확정: 원본 handler/template 추적 필요","TEST_MISSING","중복정의·동적 template·상위함수 호출을 실제 렌더 결과와 연결","해당 원본 컨트롤의 노출 조건·클릭/필터/취소 결과를 Golden fixture로 검증","<button '+(!mobile?'disabled':'')+' onclick=""contactDial(\'mobile\')"">"
"C00675","UNRESOLVED_CONTROL","dccHeroHTML: 💬 카카오","페이지 데이터/상태 경로: 정확한 runtime reachability 미확인","직접 literal write 발견 없음; 간접 호출은 미확인","golden/crm.html:7564","미확정: 원본 handler/template 추적 필요","TEST_MISSING","중복정의·동적 template·상위함수 호출을 실제 렌더 결과와 연결","해당 원본 컨트롤의 노출 조건·클릭/필터/취소 결과를 Golden fixture로 검증","<button '+(!mobile?'disabled':'')+' onclick=""contactKakao()"">"
"C00676","UNRESOLVED_CONTROL","dccHeroHTML: ✉ 문자","페이지 데이터/상태 경로: 정확한 runtime reachability 미확인","직접 literal write 발견 없음; 간접 호출은 미확인","golden/crm.html:7564","미확정: 원본 handler/template 추적 필요","TEST_MISSING","중복정의·동적 template·상위함수 호출을 실제 렌더 결과와 연결","해당 원본 컨트롤의 노출 조건·클릭/필터/취소 결과를 Golden fixture로 검증","<button '+(!mobile?'disabled':'')+' onclick=""contactSms()"">"
"C00677","UNRESOLVED_CONTROL","dccWaitingEditorHTML: input","페이지 데이터/상태 경로: 정확한 runtime reachability 미확인","직접 literal write 발견 없음; 간접 호출은 미확인","golden/crm.html:7567","미확정: 원본 handler/template 추적 필요","TEST_MISSING","중복정의·동적 template·상위함수 호출을 실제 렌더 결과와 연결","해당 원본 컨트롤의 노출 조건·클릭/필터/취소 결과를 Golden fixture로 검증","<input id=""dcc-wait-reason"" value=""'+escAttr(w.reason)+'"" placeholder=""예: 장기수선충당금 의결 후 검토"">"
"C00678","UNRESOLVED_CONTROL","dccWaitingEditorHTML: input","페이지 데이터/상태 경로: 정확한 runtime reachability 미확인","직접 literal write 발견 없음; 간접 호출은 미확인","golden/crm.html:7567","미확정: 원본 handler/template 추적 필요","TEST_MISSING","중복정의·동적 template·상위함수 호출을 실제 렌더 결과와 연결","해당 원본 컨트롤의 노출 조건·클릭/필터/취소 결과를 Golden fixture로 검증","<input id=""dcc-wait-speaker"" value=""'+escAttr(w.speaker)+'"" placeholder=""예: 김OO 관리소장"">"
"C00679","UNRESOLVED_CONTROL","dccWaitingEditorHTML: '+esc(w.statement)+'","페이지 데이터/상태 경로: 정확한 runtime reachability 미확인","직접 literal write 발견 없음; 간접 호출은 미확인","golden/crm.html:7567","미확정: 원본 handler/template 추적 필요","TEST_MISSING","중복정의·동적 template·상위함수 호출을 실제 렌더 결과와 연결","해당 원본 컨트롤의 노출 조건·클릭/필터/취소 결과를 Golden fixture로 검증","<textarea id=""dcc-wait-statement"" placeholder=""예: 10월 입주자대표회의 이후 다시 연락주세요."">"
"C00680","UNRESOLVED_CONTROL","dccWaitingEditorHTML: input","페이지 데이터/상태 경로: 정확한 runtime reachability 미확인","직접 literal write 발견 없음; 간접 호출은 미확인","golden/crm.html:7567","미확정: 원본 handler/template 추적 필요","TEST_MISSING","중복정의·동적 template·상위함수 호출을 실제 렌더 결과와 연결","해당 원본 컨트롤의 노출 조건·클릭/필터/취소 결과를 Golden fixture로 검증","<input id=""dcc-wait-wake"" type=""date"" value=""'+escAttr(String(w.wake||'').slice(0,10))+'"">"
"C00681","UNRESOLVED_CONTROL","dccWaitingEditorHTML: input","페이지 데이터/상태 경로: 정확한 runtime reachability 미확인","직접 literal write 발견 없음; 간접 호출은 미확인","golden/crm.html:7567","미확정: 원본 handler/template 추적 필요","TEST_MISSING","중복정의·동적 template·상위함수 호출을 실제 렌더 결과와 연결","해당 원본 컨트롤의 노출 조건·클릭/필터/취소 결과를 Golden fixture로 검증","<input id=""dcc-wait-resume"" type=""date"" value=""'+escAttr(String(w.resume||'').slice(0,10))+'"">"
"C00682","UNRESOLVED_CONTROL","dccWaitingEditorHTML: input","페이지 데이터/상태 경로: 정확한 runtime reachability 미확인","직접 literal write 발견 없음; 간접 호출은 미확인","golden/crm.html:7567","미확정: 원본 handler/template 추적 필요","TEST_MISSING","중복정의·동적 template·상위함수 호출을 실제 렌더 결과와 연결","해당 원본 컨트롤의 노출 조건·클릭/필터/취소 결과를 Golden fixture로 검증","<input id=""dcc-wait-evidence"" value=""'+escAttr(w.evidence)+'"" placeholder=""예: 8/16 관리소장 전화 통화"">"
"C00683","UNRESOLVED_CONTROL","dccWaitingEditorHTML: 대기정보와 재접촉일 저장","페이지 데이터/상태 경로: 정확한 runtime reachability 미확인","직접 literal write 발견 없음; 간접 호출은 미확인","golden/crm.html:7567","미확정: 원본 handler/template 추적 필요","TEST_MISSING","중복정의·동적 template·상위함수 호출을 실제 렌더 결과와 연결","해당 원본 컨트롤의 노출 조건·클릭/필터/취소 결과를 Golden fixture로 검증","<button class=""dact pri"" onclick=""dccSaveWaitingContext()"">"
"C00684","UNRESOLVED_CONTROL","dccRecentHTML: 전체 활동 보기","페이지 데이터/상태 경로: 정확한 runtime reachability 미확인","직접 literal write 발견 없음; 간접 호출은 미확인","golden/crm.html:7569","미확정: 원본 handler/template 추적 필요","TEST_MISSING","중복정의·동적 template·상위함수 호출을 실제 렌더 결과와 연결","해당 원본 컨트롤의 노출 조건·클릭/필터/취소 결과를 Golden fixture로 검증","<button class=""dact"" onclick=""detailTabFocus(\'연락·활동\')"">"
"C00685","UNRESOLVED_CONTROL","dccRecentHTML: '+esc(dccActionLabel(x.key))+'","페이지 데이터/상태 경로: 정확한 runtime reachability 미확인","직접 literal write 발견 없음; 간접 호출은 미확인","golden/crm.html:7577","미확정: 원본 handler/template 추적 필요","TEST_MISSING","중복정의·동적 template·상위함수 호출을 실제 렌더 결과와 연결","해당 원본 컨트롤의 노출 조건·클릭/필터/취소 결과를 Golden fixture로 검증","<button onclick=""dccAction(\''+x.key+'\')"">"
"C00686","UNRESOLVED_CONTROL","dccRecentHTML: '+esc(risk.cls==='stable'?'활동 기록':'바로 해결')+'","페이지 데이터/상태 경로: 정확한 runtime reachability 미확인","직접 literal write 발견 없음; 간접 호출은 미확인","golden/crm.html:7592","미확정: 원본 handler/template 추적 필요","TEST_MISSING","중복정의·동적 template·상위함수 호출을 실제 렌더 결과와 연결","해당 원본 컨트롤의 노출 조건·클릭/필터/취소 결과를 Golden fixture로 검증","<button onclick=""dccAction(\''+(risk.cls==='stable'?'activity':primary.key)+'\')"">"
"C00687","UNRESOLVED_CONTROL","dccRecentHTML: 📞 전화","페이지 데이터/상태 경로: 정확한 runtime reachability 미확인","직접 literal write 발견 없음; 간접 호출은 미확인","golden/crm.html:7596","미확정: 원본 handler/template 추적 필요","TEST_MISSING","중복정의·동적 template·상위함수 호출을 실제 렌더 결과와 연결","해당 원본 컨트롤의 노출 조건·클릭/필터/취소 결과를 Golden fixture로 검증","<button class=""primary"" '+(!callable?'disabled':'')+' onclick=""contactDial(\''+callWhich+'\')"">"
"C00688","UNRESOLVED_CONTROL","dccRecentHTML: 💬 카카오","페이지 데이터/상태 경로: 정확한 runtime reachability 미확인","직접 literal write 발견 없음; 간접 호출은 미확인","golden/crm.html:7596","미확정: 원본 handler/template 추적 필요","TEST_MISSING","중복정의·동적 template·상위함수 호출을 실제 렌더 결과와 연결","해당 원본 컨트롤의 노출 조건·클릭/필터/취소 결과를 Golden fixture로 검증","<button '+(!mobile?'disabled':'')+' onclick=""contactKakao()"">"
"C00689","UNRESOLVED_CONTROL","dccRecentHTML: ✉ 문자","페이지 데이터/상태 경로: 정확한 runtime reachability 미확인","직접 literal write 발견 없음; 간접 호출은 미확인","golden/crm.html:7596","미확정: 원본 handler/template 추적 필요","TEST_MISSING","중복정의·동적 template·상위함수 호출을 실제 렌더 결과와 연결","해당 원본 컨트롤의 노출 조건·클릭/필터/취소 결과를 Golden fixture로 검증","<button '+(!mobile?'disabled':'')+' onclick=""contactSms()"">"
"C00690","UNRESOLVED_CONTROL","dccRecentHTML: 연락처 등록","페이지 데이터/상태 경로: 정확한 runtime reachability 미확인","직접 literal write 발견 없음; 간접 호출은 미확인","golden/crm.html:7596","미확정: 원본 handler/template 추적 필요","TEST_MISSING","중복정의·동적 template·상위함수 호출을 실제 렌더 결과와 연결","해당 원본 컨트롤의 노출 조건·클릭/필터/취소 결과를 Golden fixture로 검증","<button class=""primary"" onclick=""openQuickContact(\'new\')"">"
"C00691","UNRESOLVED_CONTROL","dccRecentHTML: 공종 · 사업유형 · 고객 발언 자세히 보기","페이지 데이터/상태 경로: 정확한 runtime reachability 미확인","직접 literal write 발견 없음; 간접 호출은 미확인","golden/crm.html:7599","미확정: 원본 handler/template 추적 필요","TEST_MISSING","중복정의·동적 template·상위함수 호출을 실제 렌더 결과와 연결","해당 원본 컨트롤의 노출 조건·클릭/필터/취소 결과를 Golden fixture로 검증","<summary>"
"C00692","UNRESOLVED_CONTROL","dccRecentHTML: '+(scope==='unclassified'?'공종 입력':'공종 수정')+'","페이지 데이터/상태 경로: 정확한 runtime reachability 미확인","직접 literal write 발견 없음; 간접 호출은 미확인","golden/crm.html:7600","미확정: 원본 handler/template 추적 필요","TEST_MISSING","중복정의·동적 template·상위함수 호출을 실제 렌더 결과와 연결","해당 원본 컨트롤의 노출 조건·클릭/필터/취소 결과를 Golden fixture로 검증","<button onclick=""openWorkEdit()"">"
"C00693","UNRESOLVED_CONTROL","dccRecentHTML: 사업유형 변경","페이지 데이터/상태 경로: 정확한 runtime reachability 미확인","직접 literal write 발견 없음; 간접 호출은 미확인","golden/crm.html:7601","미확정: 원본 handler/template 추적 필요","TEST_MISSING","중복정의·동적 template·상위함수 호출을 실제 렌더 결과와 연결","해당 원본 컨트롤의 노출 조건·클릭/필터/취소 결과를 Golden fixture로 검증","<button onclick=""openBizChange()"">"
"C00694","UNRESOLVED_CONTROL","dccRecentHTML: 다음 행동으로 연결","페이지 데이터/상태 경로: 정확한 runtime reachability 미확인","직접 literal write 발견 없음; 간접 호출은 미확인","golden/crm.html:7602","미확정: 원본 handler/template 추적 필요","TEST_MISSING","중복정의·동적 template·상위함수 호출을 실제 렌더 결과와 연결","해당 원본 컨트롤의 노출 조건·클릭/필터/취소 결과를 Golden fixture로 검증","<button onclick=""dccVoiceToNext()"">"
"C00695","UNRESOLVED_CONTROL","dccRecentHTML: '+t+'","페이지 데이터/상태 경로: 정확한 runtime reachability 미확인","직접 literal write 발견 없음; 간접 호출은 미확인","golden/crm.html:7606","미확정: 원본 handler/template 추적 필요","TEST_MISSING","중복정의·동적 template·상위함수 호출을 실제 렌더 결과와 연결","해당 원본 컨트롤의 노출 조건·클릭/필터/취소 결과를 Golden fixture로 검증","<0)t='개요';G.detailTab=t;$$('#detailView .detailtabs button').forEach(function(b){b.classList.toggle('on',b.dataset.tab===t)});$$('#dv-body .dsec').forEach(function(s){s.style.display=s.dataset.sec===t?'':'none'});var dv=$('#detailView');if(dv)dv.scrollTop=0};
function dccDecorateDetail(){if(!CUR_DETAIL||CUR_DETAIL.kind!=='deal')return;var d=CUR_DETAIL.item,p=currentPatch(),body=$('#dv-body');if(!body)return;var brief=body.querySelector('.brief');if(brief)brief.outerHTML=dccHeroHTML(d,p);var journey=body.querySelector('.journey-wrap');if(journey)journey.outerHTML=dccJourneyHTML(d,p);var why=body.querySelector('.whywait');if(why)why.remove();var tabs=body.querySelector('.detailtabs');if(tabs)tabs.innerHTML=DCC_TABS.map(function(t){return '<button class=""'+(dccTabName(G.detailTab)===t?'on':'')+'"" data-tab=""'+escAttr(t)+'"" onclick=""detailTabFocus(this.dataset.tab)"">"
"C00696","F39","dccDecorateDetail: ＋ 활동기록","waiting_reason/recontact/입대의일정·최근접촉·이슈","waiting_context","golden/crm.html:7607","v2 command-center projection/context 없음","CONTRACT_MISSING","핵심상세 탭/카드·입력·위험해소 근거 보존","무활동/Next없음/기한초과 카드→기존동작·저장후실제해소만","<button class=""dact"" onclick=""dccGoActivity()"">"
"C00697","F39","dccDecorateDetail: '+(needsWake?'재접촉일 지정':'다음 행동 관리')+'","waiting_reason/recontact/입대의일정·최근접촉·이슈","waiting_context","golden/crm.html:7607","v2 command-center projection/context 없음","CONTRACT_MISSING","핵심상세 탭/카드·입력·위험해소 근거 보존","무활동/Next없음/기한초과 카드→기존동작·저장후실제해소만","<button class=""dact dcc-context-action"" onclick=""'+(needsWake?'dccFocusWaiting()':'dccGoNext()')+'"">"
"C00698","F39","dccDecorateDetail: 단계 전환 →","waiting_reason/recontact/입대의일정·최근접촉·이슈","waiting_context","golden/crm.html:7607","v2 command-center projection/context 없음","CONTRACT_MISSING","핵심상세 탭/카드·입력·위험해소 근거 보존","무활동/Next없음/기한초과 카드→기존동작·저장후실제해소만","<button class=""dact dcc-main-action"" onclick=""openTransition()"">"
"C00699","F39","dccDecorateDetail: input","waiting_reason/recontact/입대의일정·최근접촉·이슈","waiting_context","golden/crm.html:7611","v2 command-center projection/context 없음","CONTRACT_MISSING","핵심상세 탭/카드·입력·위험해소 근거 보존","무활동/Next없음/기한초과 카드→기존동작·저장후실제해소만","<input id=""dcc-tr-speaker"" value=""'+escAttr(w.speaker||'')+'"" placeholder=""예: 김OO 관리소장"">"
"C00700","F39","dccDecorateDetail: input","waiting_reason/recontact/입대의일정·최근접촉·이슈","waiting_context","golden/crm.html:7611","v2 command-center projection/context 없음","CONTRACT_MISSING","핵심상세 탭/카드·입력·위험해소 근거 보존","무활동/Next없음/기한초과 카드→기존동작·저장후실제해소만","<input id=""dcc-tr-resume"" type=""date"" value=""'+escAttr(String(w.resume||'').slice(0,10))+'"">"
"C00701","F39","dccDecorateDetail: '+esc(w.statement||'')+'","waiting_reason/recontact/입대의일정·최근접촉·이슈","waiting_context","golden/crm.html:7611","v2 command-center projection/context 없음","CONTRACT_MISSING","핵심상세 탭/카드·입력·위험해소 근거 보존","무활동/Next없음/기한초과 카드→기존동작·저장후실제해소만","<textarea id=""dcc-tr-statement"" placeholder=""예: 10월 입대의 이후 다시 연락주세요."">"
"C00702","F39","dccDecorateDetail: input","waiting_reason/recontact/입대의일정·최근접촉·이슈","waiting_context","golden/crm.html:7611","v2 command-center projection/context 없음","CONTRACT_MISSING","핵심상세 탭/카드·입력·위험해소 근거 보존","무활동/Next없음/기한초과 카드→기존동작·저장후실제해소만","<input id=""dcc-tr-evidence"" value=""'+escAttr(w.evidence||'')+'"" placeholder=""예: 관리소장 전화 통화"">"
"C00703","F68","paintToggle: PC","UI state/cache/demo flags","직접 literal write 발견 없음; 간접 호출은 미확인","golden/index.html:157","정확한 기존key 이관·격리설계 필요","TEST_MISSING","디자인/데모 화면은 실제업무 PASS에서 분리; existingcache/queue 노출금지","?demo/preview/debug와실계정 구분·강제prodURL거절·계정별namespace","<button class=""' + (view === 'pc' ? 'on' : '') + '"" onclick=""mount(\'pc\')"">"
"C00704","F68","paintToggle: 모바일","UI state/cache/demo flags","직접 literal write 발견 없음; 간접 호출은 미확인","golden/index.html:158","정확한 기존key 이관·격리설계 필요","TEST_MISSING","디자인/데모 화면은 실제업무 PASS에서 분리; existingcache/queue 노출금지","?demo/preview/debug와실계정 구분·강제prodURL거절·계정별namespace","<button class=""' + (view === 'mobile' ? 'on' : '') + '"" onclick=""mount(\'mobile\')"">"
"C00705","UNRESOLVED_CONTROL","(top-level/template): 흐름도","페이지 데이터/상태 경로: 정확한 runtime reachability 미확인","직접 literal write 발견 없음; 간접 호출은 미확인","golden/mobile.html:380","미확정: 원본 handler/template 추적 필요","TEST_MISSING","중복정의·동적 template·상위함수 호출을 실제 렌더 결과와 연결","해당 원본 컨트롤의 노출 조건·클릭/필터/취소 결과를 Golden fixture로 검증","<button data-v=""flow"" onclick=""nav('flow')"">"
"C00706","UNRESOLVED_CONTROL","(top-level/template): 1 로그인","페이지 데이터/상태 경로: 정확한 runtime reachability 미확인","직접 literal write 발견 없음; 간접 호출은 미확인","golden/mobile.html:382","미확정: 원본 handler/template 추적 필요","TEST_MISSING","중복정의·동적 template·상위함수 호출을 실제 렌더 결과와 연결","해당 원본 컨트롤의 노출 조건·클릭/필터/취소 결과를 Golden fixture로 검증","<button data-v=""login"" onclick=""nav('login')"">"
"C00707","UNRESOLVED_CONTROL","(top-level/template): 2 오늘","페이지 데이터/상태 경로: 정확한 runtime reachability 미확인","직접 literal write 발견 없음; 간접 호출은 미확인","golden/mobile.html:383","미확정: 원본 handler/template 추적 필요","TEST_MISSING","중복정의·동적 template·상위함수 호출을 실제 렌더 결과와 연결","해당 원본 컨트롤의 노출 조건·클릭/필터/취소 결과를 Golden fixture로 검증","<button data-v=""today"" onclick=""nav('today')"">"
"C00708","UNRESOLVED_CONTROL","(top-level/template): 3 결과 기재","페이지 데이터/상태 경로: 정확한 runtime reachability 미확인","직접 literal write 발견 없음; 간접 호출은 미확인","golden/mobile.html:384","미확정: 원본 handler/template 추적 필요","TEST_MISSING","중복정의·동적 template·상위함수 호출을 실제 렌더 결과와 연결","해당 원본 컨트롤의 노출 조건·클릭/필터/취소 결과를 Golden fixture로 검증","<button data-v=""sheet"" onclick=""nav('sheet')"">"
"C00709","UNRESOLVED_CONTROL","(top-level/template): 4 내 건","페이지 데이터/상태 경로: 정확한 runtime reachability 미확인","직접 literal write 발견 없음; 간접 호출은 미확인","golden/mobile.html:385","미확정: 원본 handler/template 추적 필요","TEST_MISSING","중복정의·동적 template·상위함수 호출을 실제 렌더 결과와 연결","해당 원본 컨트롤의 노출 조건·클릭/필터/취소 결과를 Golden fixture로 검증","<button data-v=""mine"" onclick=""nav('mine')"">"
"C00710","UNRESOLVED_CONTROL","(top-level/template): 5 딜 상세","페이지 데이터/상태 경로: 정확한 runtime reachability 미확인","직접 literal write 발견 없음; 간접 호출은 미확인","golden/mobile.html:386","미확정: 원본 handler/template 추적 필요","TEST_MISSING","중복정의·동적 template·상위함수 호출을 실제 렌더 결과와 연결","해당 원본 컨트롤의 노출 조건·클릭/필터/취소 결과를 Golden fixture로 검증","<button data-v=""deal"" onclick=""nav('deal')"">"
"C00711","UNRESOLVED_CONTROL","(top-level/template): 6 수주 완료","페이지 데이터/상태 경로: 정확한 runtime reachability 미확인","직접 literal write 발견 없음; 간접 호출은 미확인","golden/mobile.html:387","미확정: 원본 handler/template 추적 필요","TEST_MISSING","중복정의·동적 template·상위함수 호출을 실제 렌더 결과와 연결","해당 원본 컨트롤의 노출 조건·클릭/필터/취소 결과를 Golden fixture로 검증","<button data-v=""won"" onclick=""nav('won')"">"
"C00712","UNRESOLVED_CONTROL","(top-level/template): 7 내 실적","페이지 데이터/상태 경로: 정확한 runtime reachability 미확인","직접 literal write 발견 없음; 간접 호출은 미확인","golden/mobile.html:388","미확정: 원본 handler/template 추적 필요","TEST_MISSING","중복정의·동적 template·상위함수 호출을 실제 렌더 결과와 연결","해당 원본 컨트롤의 노출 조건·클릭/필터/취소 결과를 Golden fixture로 검증","<button data-v=""my"" onclick=""nav('my')"">"
"C00713","UNRESOLVED_CONTROL","(top-level/template): 8 관제","페이지 데이터/상태 경로: 정확한 runtime reachability 미확인","직접 literal write 발견 없음; 간접 호출은 미확인","golden/mobile.html:391","미확정: 원본 handler/template 추적 필요","TEST_MISSING","중복정의·동적 template·상위함수 호출을 실제 렌더 결과와 연결","해당 원본 컨트롤의 노출 조건·클릭/필터/취소 결과를 Golden fixture로 검증","<button data-v=""ctrl"" onclick=""nav('ctrl')"">"
"C00714","UNRESOLVED_CONTROL","(top-level/template): 9 파이프라인","페이지 데이터/상태 경로: 정확한 runtime reachability 미확인","직접 literal write 발견 없음; 간접 호출은 미확인","golden/mobile.html:392","미확정: 원본 handler/template 추적 필요","TEST_MISSING","중복정의·동적 template·상위함수 호출을 실제 렌더 결과와 연결","해당 원본 컨트롤의 노출 조건·클릭/필터/취소 결과를 Golden fixture로 검증","<button data-v=""pipe"" onclick=""nav('pipe')"">"
"C00715","UNRESOLVED_CONTROL","(top-level/template): 10 실적","페이지 데이터/상태 경로: 정확한 runtime reachability 미확인","직접 literal write 발견 없음; 간접 호출은 미확인","golden/mobile.html:393","미확정: 원본 handler/template 추적 필요","TEST_MISSING","중복정의·동적 template·상위함수 호출을 실제 렌더 결과와 연결","해당 원본 컨트롤의 노출 조건·클릭/필터/취소 결과를 Golden fixture로 검증","<button data-v=""perf"" onclick=""nav('perf')"">"
"C00716","UNRESOLVED_CONTROL","(top-level/template): div","페이지 데이터/상태 경로: 정확한 runtime reachability 미확인","직접 literal write 발견 없음; 간접 호출은 미확인","golden/mobile.html:566","미확정: 원본 handler/template 추적 필요","TEST_MISSING","중복정의·동적 template·상위함수 호출을 실제 렌더 결과와 연결","해당 원본 컨트롤의 노출 조건·클릭/필터/취소 결과를 Golden fixture로 검증","<div class=""sheet-bg"" onclick=""closeSheet()"">"
"C00717","UNRESOLVED_CONTROL","rLogin: '
 +'","페이지 데이터/상태 경로: 정확한 runtime reachability 미확인","직접 literal write 발견 없음; 간접 호출은 미확인","golden/mobile.html:1283","미확정: 원본 handler/template 추적 필요","TEST_MISSING","중복정의·동적 template·상위함수 호출을 실제 렌더 결과와 연결","해당 원본 컨트롤의 노출 조건·클릭/필터/취소 결과를 Golden fixture로 검증","<input id=""lg-nm"" value=""'+escAttr(G.lgName||'')+'"" oninput=""G.lgName=this.value"" placeholder=""예: 황윤선"" autocomplete=""username""'
 +' style=""width:100%;border:1px solid var(--line-2);border-radius:12px;padding:14px;font:inherit;font-size:16px;outline:none;box-sizing:border-box"">"
"C00718","UNRESOLVED_CONTROL","rLogin: input","페이지 데이터/상태 경로: 정확한 runtime reachability 미확인","직접 literal write 발견 없음; 간접 호출은 미확인","golden/mobile.html:1286","미확정: 원본 handler/template 추적 필요","TEST_MISSING","중복정의·동적 template·상위함수 호출을 실제 렌더 결과와 연결","해당 원본 컨트롤의 노출 조건·클릭/필터/취소 결과를 Golden fixture로 검증","<input id=""lg-pw"" type=""password"" inputmode=""numeric"" value=""'+escAttr(G.lgPw||'')+'"" oninput=""G.lgPw=this.value""'
 +' onkeydown=""if(event.key===\'Enter\')doSignIn()"" placeholder=""01012345678"" autocomplete=""current-password""'
 +' style=""width:100%;border:1px solid var(--line-2);border-radius:12px;padding:14px;font:inherit;font-size:16px;outline:none;box-sizing:border-box"">"
"C00719","UNRESOLVED_CONTROL","rLogin: '+(G.lgBusy?'확인 중…':'로그인하기')+'","페이지 데이터/상태 경로: 정확한 runtime reachability 미확인","직접 literal write 발견 없음; 간접 호출은 미확인","golden/mobile.html:1290","미확정: 원본 handler/template 추적 필요","TEST_MISSING","중복정의·동적 template·상위함수 호출을 실제 렌더 결과와 연결","해당 원본 컨트롤의 노출 조건·클릭/필터/취소 결과를 Golden fixture로 검증","<button class=""btn btn-primary"" style=""margin-top:16px""'+busy+' onclick=""doSignIn()"">"
"C00720","F04","rLocked: 다시 시도","ME.role / G.user.role; 화면 역할 선택","직접 literal write 발견 없음; 간접 호출은 미확인","golden/mobile.html:1329","server source_role + permission_role + allowed_modes; mobile original mode controls","TEST_MISSING","6계정 실제 JWT 매핑 및 JSDOM 관리/내 영업 전환 PASS. dual 실제 계정 없음; PC 역할별 홈/브라우저 회귀 미완료. 모드는 서버 scope를 확대하지 않음.","dual 내 영업↔관리·consult/branch 허용 화면, 모드 전환으로 scope 확장 불가","<button class=""btn btn-primary"" style=""margin-top:16px"" onclick=""LOAD_ERR=null;loadLive();toast(\'다시 시도 중…\')"">"
"C00721","UNRESOLVED_CONTROL","render: '+t[1]+'","페이지 데이터/상태 경로: 정확한 runtime reachability 미확인","직접 literal write 발견 없음; 간접 호출은 미확인","golden/mobile.html:1338","미확정: 원본 handler/template 추적 필요","TEST_MISSING","중복정의·동적 template·상위함수 호출을 실제 렌더 결과와 연결","해당 원본 컨트롤의 노출 조건·클릭/필터/취소 결과를 Golden fixture로 검증","<button class=""'+(G.tab===t[0]?'on':'')+'"" onclick=""G.tab=\''+t[0]+'\';G.deal=null;G.drill=null;G.stage=null;G.sub=null;render()"">"
"C00722","UNRESOLVED_CONTROL","render: '+IC.bell+'","페이지 데이터/상태 경로: 정확한 runtime reachability 미확인","직접 literal write 발견 없음; 간접 호출은 미확인","golden/mobile.html:1340","미확정: 원본 handler/template 추적 필요","TEST_MISSING","중복정의·동적 template·상위함수 호출을 실제 렌더 결과와 연결","해당 원본 컨트롤의 노출 조건·클릭/필터/취소 결과를 Golden fixture로 검증","<button class=""iconbtn"" style=""width:34px;height:34px"" aria-label=""알림함"" onclick=""G.sub={t:\'noti\'};render()"">"
"C00723","UNRESOLVED_CONTROL","render: 내 영업","페이지 데이터/상태 경로: 정확한 runtime reachability 미확인","직접 literal write 발견 없음; 간접 호출은 미확인","golden/mobile.html:1341","미확정: 원본 handler/template 추적 필요","TEST_MISSING","중복정의·동적 template·상위함수 호출을 실제 렌더 결과와 연결","해당 원본 컨트롤의 노출 조건·클릭/필터/취소 결과를 Golden fixture로 검증","<button class=""'+(G.mode==='rep'?'on':'')+'"" style=""padding:5px 11px;font-size:11.5px"" onclick=""switchMode(\'rep\')"">"
"C00724","UNRESOLVED_CONTROL","render: 관리","페이지 데이터/상태 경로: 정확한 runtime reachability 미확인","직접 literal write 발견 없음; 간접 호출은 미확인","golden/mobile.html:1341","미확정: 원본 handler/template 추적 필요","TEST_MISSING","중복정의·동적 template·상위함수 호출을 실제 렌더 결과와 연결","해당 원본 컨트롤의 노출 조건·클릭/필터/취소 결과를 Golden fixture로 검증","<button class=""'+(G.mode==='admin'?'on':'')+'"" style=""padding:5px 11px;font-size:11.5px"" onclick=""switchMode(\'admin\')"">"
"C00725","UNRESOLVED_CONTROL","render: '+esc(G.user.nm)+' ⏻","페이지 데이터/상태 경로: 정확한 runtime reachability 미확인","직접 literal write 발견 없음; 간접 호출은 미확인","golden/mobile.html:1342","미확정: 원본 handler/template 추적 필요","TEST_MISSING","중복정의·동적 template·상위함수 호출을 실제 렌더 결과와 연결","해당 원본 컨트롤의 노출 조건·클릭/필터/취소 결과를 Golden fixture로 검증","<button class=""badge badge-gray"" onclick=""askSignOut()"">"
"C00726","F62","rToday: '+IC.phone+'","myDeals/myInquiries→new/overdue/visit/today 우선순위","직접 literal write 발견 없음; 간접 호출은 미확인","golden/mobile.html:1364","crm_today_scoped_v2 초안 보류","CONTRACT_MISSING","초안tasks due bucket만; 신규배정/이번주방문/Next없음/정체규칙 누락","new/overdue/visit/today 각 fixture·정렬60한도·문의Deal 분리","<button class=""callbtn"" onclick=""event.stopPropagation();startTodayCall('+i+')"" aria-label=""전화"">"
"C00727","F62","rToday: 확인","myDeals/myInquiries→new/overdue/visit/today 우선순위","직접 literal write 발견 없음; 간접 호출은 미확인","golden/mobile.html:1365","crm_today_scoped_v2 초안 보류","CONTRACT_MISSING","초안tasks due bucket만; 신규배정/이번주방문/Next없음/정체규칙 누락","new/overdue/visit/today 각 fixture·정렬60한도·문의Deal 분리","<button class=""mini ok"" onclick=""event.stopPropagation();quick('+i+',\'확인 완료\')"">"
"C00728","F62","rToday: 넘기기","myDeals/myInquiries→new/overdue/visit/today 우선순위","직접 literal write 발견 없음; 간접 호출은 미확인","golden/mobile.html:1365","crm_today_scoped_v2 초안 보류","CONTRACT_MISSING","초안tasks due bucket만; 신규배정/이번주방문/Next없음/정체규칙 누락","new/overdue/visit/today 각 fixture·정렬60한도·문의Deal 분리","<button class=""mini skip"" onclick=""event.stopPropagation();skipSheet('+i+')"">"
"C00729","F62","rToday: '+tl
   +'","myDeals/myInquiries→new/overdue/visit/today 우선순위","직접 literal write 발견 없음; 간접 호출은 미확인","golden/mobile.html:1366","crm_today_scoped_v2 초안 보류","CONTRACT_MISSING","초안tasks due bucket만; 신규배정/이번주방문/Next없음/정체규칙 누락","new/overdue/visit/today 각 fixture·정렬60한도·문의Deal 분리","<div class=""lrow '+(done?'dim':'')+'"" onclick=""openTodayItem('+i+')"">"
"C00730","F62","rToday: button","myDeals/myInquiries→new/overdue/visit/today 우선순위","직접 literal write 발견 없음; 간접 호출은 미확인","golden/mobile.html:1371","crm_today_scoped_v2 초안 보류","CONTRACT_MISSING","초안tasks due bucket만; 신규배정/이번주방문/Next없음/정체규칙 누락","new/overdue/visit/today 각 fixture·정렬60한도·문의Deal 분리","<button class=""pri"" onclick=""G.tab=\'mine\';render()"">"
"C00731","F62","rToday: button","myDeals/myInquiries→new/overdue/visit/today 우선순위","직접 literal write 발견 없음; 간접 호출은 미확인","golden/mobile.html:1371","crm_today_scoped_v2 초안 보류","CONTRACT_MISSING","초안tasks due bucket만; 신규배정/이번주방문/Next없음/정체규칙 누락","new/overdue/visit/today 각 fixture·정렬60한도·문의Deal 분리","<button onclick=""G.tab=\'find\';render()"">"
"C00732","UNRESOLVED_CONTROL","callFlow: button","페이지 데이터/상태 경로: 정확한 runtime reachability 미확인","직접 literal write 발견 없음; 간접 호출은 미확인","golden/mobile.html:1402","미확정: 원본 handler/template 추적 필요","TEST_MISSING","중복정의·동적 template·상위함수 호출을 실제 렌더 결과와 연결","해당 원본 컨트롤의 노출 조건·클릭/필터/취소 결과를 Golden fixture로 검증","<button class=""cchip '+c[0]+'"" onclick=""pickToday('+i+',\''+c[2]+'\')"">"
"C00733","F65","rMine: '+tile(IC.folder,'var(--blue)','var(--blue-50)')
   +'","DEALS/ADMIN + role/mode/state filters","직접 literal write 발견 없음; 간접 호출은 미확인","golden/mobile.html:1439","기존 mobile 어댑터 없음","CONTRACT_MISSING","축약 mobile.html은 기존하단탭/Sheet/관리 drilldown과 다름","rep/admin/dual·전체탭·분류·뒤로가기·같은ID 상세","<button class=""lrow"" onclick=""tgGrp(\''+key+'\')"">"
"C00734","F65","rMine: button","DEALS/ADMIN + role/mode/state filters","직접 literal write 발견 없음; 간접 호출은 미확인","golden/mobile.html:1441","기존 mobile 어댑터 없음","CONTRACT_MISSING","축약 mobile.html은 기존하단탭/Sheet/관리 drilldown과 다름","rep/admin/dual·전체탭·분류·뒤로가기·같은ID 상세","<button class=""lrow"" style=""padding-left:14px"" data-id=""'+escAttr(d.id)+'"" onclick=""G.deal=this.dataset.id;render()"">"
"C00735","F65","rMine: '+tile(IC.check,'var(--ok)','var(--ok-bg)')
   +'","DEALS/ADMIN + role/mode/state filters","직접 literal write 발견 없음; 간접 호출은 미확인","golden/mobile.html:1446","기존 mobile 어댑터 없음","CONTRACT_MISSING","축약 mobile.html은 기존하단탭/Sheet/관리 drilldown과 다름","rep/admin/dual·전체탭·분류·뒤로가기·같은ID 상세","<button class=""lrow"" onclick=""tgGrp(\'deliv\')"">"
"C00736","F65","rMine: button","DEALS/ADMIN + role/mode/state filters","직접 literal write 발견 없음; 간접 호출은 미확인","golden/mobile.html:1448","기존 mobile 어댑터 없음","CONTRACT_MISSING","축약 mobile.html은 기존하단탭/Sheet/관리 drilldown과 다름","rep/admin/dual·전체탭·분류·뒤로가기·같은ID 상세","<button class=""lrow"" style=""padding-left:14px"" data-id=""'+escAttr(d.id)+'"" onclick=""G.deal=this.dataset.id;render()"">"
"C00737","F65","rMine: 종료 '+closedN+'건 (수주·실주·배드핏·연락두절) →","DEALS/ADMIN + role/mode/state filters","직접 literal write 발견 없음; 간접 호출은 미확인","golden/mobile.html:1452","기존 mobile 어댑터 없음","CONTRACT_MISSING","축약 mobile.html은 기존하단탭/Sheet/관리 drilldown과 다름","rep/admin/dual·전체탭·분류·뒤로가기·같은ID 상세","<button class=""mmore card tight"" style=""padding:12px 16px;width:100%;text-align:left"" onclick=""G.sub={t:\'closed\'};render()"">"
"C00738","F65","rMine: '+IC.back+'","DEALS/ADMIN + role/mode/state filters","직접 literal write 발견 없음; 간접 호출은 미확인","golden/mobile.html:1454","기존 mobile 어댑터 없음","CONTRACT_MISSING","축약 mobile.html은 기존하단탭/Sheet/관리 drilldown과 다름","rep/admin/dual·전체탭·분류·뒤로가기·같은ID 상세","<button class=""iconbtn"" onclick=""G.drill=null;render()"">"
"C00739","F65","rMine: 검색","DEALS/ADMIN + role/mode/state filters","직접 literal write 발견 없음; 간접 호출은 미확인","golden/mobile.html:1457","기존 mobile 어댑터 없음","CONTRACT_MISSING","축약 mobile.html은 기존하단탭/Sheet/관리 drilldown과 다름","rep/admin/dual·전체탭·분류·뒤로가기·같은ID 상세","<button onclick=""G.sub={t:\'search\'};render()"" style=""color:var(--blue);font-weight:700;font-size:12.5px"">"
"C00740","F65","rMine: '+esc(bizShort(b))+' '+c+'","DEALS/ADMIN + role/mode/state filters","직접 literal write 발견 없음; 간접 호출은 미확인","golden/mobile.html:1460","기존 mobile 어댑터 없음","CONTRACT_MISSING","축약 mobile.html은 기존하단탭/Sheet/관리 drilldown과 다름","rep/admin/dual·전체탭·분류·뒤로가기·같은ID 상세","<button class=""cchip '+((G.bizF||'전체')===b?'b':'gr')+'"" style=""font-size:12px;padding:10px 4px"" data-b=""'+escAttr(b)+'"" onclick=""G.bizF=this.dataset.b;render()"">"
"C00741","F65","rMine: '+f[1]+'","DEALS/ADMIN + role/mode/state filters","직접 literal write 발견 없음; 간접 호출은 미확인","golden/mobile.html:1461","기존 mobile 어댑터 없음","CONTRACT_MISSING","축약 mobile.html은 기존하단탭/Sheet/관리 drilldown과 다름","rep/admin/dual·전체탭·분류·뒤로가기·같은ID 상세","<button class=""'+(G.filt===f[0]?'on':'')+'"" onclick=""G.filt=\''+f[0]+'\';render()"">"
"C00742","UNRESOLVED_CONTROL","contactCardM: button","페이지 데이터/상태 경로: 정확한 runtime reachability 미확인","직접 literal write 발견 없음; 간접 호출은 미확인","golden/mobile.html:1488","미확정: 원본 handler/template 추적 필요","TEST_MISSING","중복정의·동적 template·상위함수 호출을 실제 렌더 결과와 연결","해당 원본 컨트롤의 노출 조건·클릭/필터/취소 결과를 Golden fixture로 검증","<button '+(!c.officeTel?'disabled':'')+' onclick=""callContactM(\'office\')"">"
"C00743","UNRESOLVED_CONTROL","contactCardM: button","페이지 데이터/상태 경로: 정확한 runtime reachability 미확인","직접 literal write 발견 없음; 간접 호출은 미확인","golden/mobile.html:1488","미확정: 원본 handler/template 추적 필요","TEST_MISSING","중복정의·동적 template·상위함수 호출을 실제 렌더 결과와 연결","해당 원본 컨트롤의 노출 조건·클릭/필터/취소 결과를 Golden fixture로 검증","<button '+(!c.mobile?'disabled':'')+' onclick=""callContactM(\'mobile\')"">"
"C00744","UNRESOLVED_CONTROL","contactCardM: 📞 관리사무소","페이지 데이터/상태 경로: 정확한 runtime reachability 미확인","직접 literal write 발견 없음; 간접 호출은 미확인","golden/mobile.html:1489","미확정: 원본 handler/template 추적 필요","TEST_MISSING","중복정의·동적 template·상위함수 호출을 실제 렌더 결과와 연결","해당 원본 컨트롤의 노출 조건·클릭/필터/취소 결과를 Golden fixture로 검증","<button '+(!c.officeTel?'disabled':'')+' onclick=""callContactM(\'office\')"">"
"C00745","UNRESOLVED_CONTROL","contactCardM: 📱 소장 전화","페이지 데이터/상태 경로: 정확한 runtime reachability 미확인","직접 literal write 발견 없음; 간접 호출은 미확인","golden/mobile.html:1489","미확정: 원본 handler/template 추적 필요","TEST_MISSING","중복정의·동적 template·상위함수 호출을 실제 렌더 결과와 연결","해당 원본 컨트롤의 노출 조건·클릭/필터/취소 결과를 Golden fixture로 검증","<button class=""pri"" '+(!c.mobile?'disabled':'')+' onclick=""callContactM(\'mobile\')"">"
"C00746","UNRESOLVED_CONTROL","contactCardM: ✉ 문자","페이지 데이터/상태 경로: 정확한 runtime reachability 미확인","직접 literal write 발견 없음; 간접 호출은 미확인","golden/mobile.html:1489","미확정: 원본 handler/template 추적 필요","TEST_MISSING","중복정의·동적 template·상위함수 호출을 실제 렌더 결과와 연결","해당 원본 컨트롤의 노출 조건·클릭/필터/취소 결과를 Golden fixture로 검증","<button '+(!c.mobile?'disabled':'')+' onclick=""smsContactM()"">"
"C00747","UNRESOLVED_CONTROL","contactCardM: 💬 카카오 열기","페이지 데이터/상태 경로: 정확한 runtime reachability 미확인","직접 literal write 발견 없음; 간접 호출은 미확인","golden/mobile.html:1489","미확정: 원본 handler/template 추적 필요","TEST_MISSING","중복정의·동적 template·상위함수 호출을 실제 렌더 결과와 연결","해당 원본 컨트롤의 노출 조건·클릭/필터/취소 결과를 Golden fixture로 검증","<button '+(!c.mobile?'disabled':'')+' onclick=""kakaoContactM()"">"
"C00748","UNRESOLVED_CONTROL","contactCardM: 🎙 통화 완료 → 내용 말하기","페이지 데이터/상태 경로: 정확한 runtime reachability 미확인","직접 literal write 발견 없음; 간접 호출은 미확인","golden/mobile.html:1490","미확정: 원본 handler/template 추적 필요","TEST_MISSING","중복정의·동적 template·상위함수 호출을 실제 렌더 결과와 연결","해당 원본 컨트롤의 노출 조건·클릭/필터/취소 결과를 Golden fixture로 검증","<button class=""mcontact-voice"" '+(!c.mobile?'disabled':'')+' onclick=""callMemoSheetM()"">"
"C00749","UNRESOLVED_CONTROL","contactCardM: 연락처 수정","페이지 데이터/상태 경로: 정확한 runtime reachability 미확인","직접 literal write 발견 없음; 간접 호출은 미확인","golden/mobile.html:1491","미확정: 원본 handler/template 추적 필요","TEST_MISSING","중복정의·동적 template·상위함수 호출을 실제 렌더 결과와 연결","해당 원본 컨트롤의 노출 조건·클릭/필터/취소 결과를 Golden fixture로 검증","<button onclick=""contactEditSheetM()"">"
"C00750","UNRESOLVED_CONTROL","contactCardM: 근무지 이동","페이지 데이터/상태 경로: 정확한 runtime reachability 미확인","직접 literal write 발견 없음; 간접 호출은 미확인","golden/mobile.html:1491","미확정: 원본 handler/template 추적 필요","TEST_MISSING","중복정의·동적 template·상위함수 호출을 실제 렌더 결과와 연결","해당 원본 컨트롤의 노출 조건·클릭/필터/취소 결과를 Golden fixture로 검증","<button onclick=""managerMoveSheetM()"">"
"C00751","UNRESOLVED_CONTROL","contactCardM: 이력 '+H.length+'건","페이지 데이터/상태 경로: 정확한 runtime reachability 미확인","직접 literal write 발견 없음; 간접 호출은 미확인","golden/mobile.html:1491","미확정: 원본 handler/template 추적 필요","TEST_MISSING","중복정의·동적 template·상위함수 호출을 실제 렌더 결과와 연결","해당 원본 컨트롤의 노출 조건·클릭/필터/취소 결과를 Golden fixture로 검증","<button onclick=""historySheetM()"">"
"C00752","UNRESOLVED_CONTROL","contactEditSheetM: '
 +'","페이지 데이터/상태 경로: 정확한 runtime reachability 미확인","직접 literal write 발견 없음; 간접 호출은 미확인","golden/mobile.html:1496","미확정: 원본 handler/template 추적 필요","TEST_MISSING","중복정의·동적 template·상위함수 호출을 실제 렌더 결과와 연결","해당 원본 컨트롤의 노출 조건·클릭/필터/취소 결과를 Golden fixture로 검증","<input id=""ce-office"" inputmode=""tel"" value=""'+escAttr(c.officeTel)+'"" style=""width:100%;margin:6px 0 10px;border:1px solid var(--line-2);border-radius:11px;padding:12px;font:inherit"">"
"C00753","UNRESOLVED_CONTROL","contactEditSheetM: '
 +'","페이지 데이터/상태 경로: 정확한 runtime reachability 미확인","직접 literal write 발견 없음; 간접 호출은 미확인","golden/mobile.html:1497","미확정: 원본 handler/template 추적 필요","TEST_MISSING","중복정의·동적 template·상위함수 호출을 실제 렌더 결과와 연결","해당 원본 컨트롤의 노출 조건·클릭/필터/취소 결과를 Golden fixture로 검증","<input id=""ce-name"" value=""'+escAttr(c.name)+'"" style=""width:100%;margin:6px 0 10px;border:1px solid var(--line-2);border-radius:11px;padding:12px;font:inherit"">"
"C00754","UNRESOLVED_CONTROL","contactEditSheetM: '
 +'","페이지 데이터/상태 경로: 정확한 runtime reachability 미확인","직접 literal write 발견 없음; 간접 호출은 미확인","golden/mobile.html:1498","미확정: 원본 handler/template 추적 필요","TEST_MISSING","중복정의·동적 template·상위함수 호출을 실제 렌더 결과와 연결","해당 원본 컨트롤의 노출 조건·클릭/필터/취소 결과를 Golden fixture로 검증","<input id=""ce-mobile"" inputmode=""tel"" value=""'+escAttr(c.mobile)+'"" style=""width:100%;margin:6px 0 10px;border:1px solid var(--line-2);border-radius:11px;padding:12px;font:inherit"">"
"C00755","UNRESOLVED_CONTROL","contactEditSheetM: '
 +'","페이지 데이터/상태 경로: 정확한 runtime reachability 미확인","직접 literal write 발견 없음; 간접 호출은 미확인","golden/mobile.html:1499","미확정: 원본 handler/template 추적 필요","TEST_MISSING","중복정의·동적 template·상위함수 호출을 실제 렌더 결과와 연결","해당 원본 컨트롤의 노출 조건·클릭/필터/취소 결과를 Golden fixture로 검증","<input id=""ce-email"" type=""email"" value=""'+escAttr(c.officeEmail)+'"" style=""width:100%;margin:6px 0 10px;border:1px solid var(--line-2);border-radius:11px;padding:12px;font:inherit"">"
"C00756","UNRESOLVED_CONTROL","contactEditSheetM: 연락처 저장","페이지 데이터/상태 경로: 정확한 runtime reachability 미확인","직접 literal write 발견 없음; 간접 호출은 미확인","golden/mobile.html:1500","미확정: 원본 handler/template 추적 필요","TEST_MISSING","중복정의·동적 template·상위함수 호출을 실제 렌더 결과와 연결","해당 원본 컨트롤의 노출 조건·클릭/필터/취소 결과를 Golden fixture로 검증","<button class=""btn btn-primary"" onclick=""saveContactM()"">"
"C00757","UNRESOLVED_CONTROL","contactCardM: ＋ 연락처 추가","페이지 데이터/상태 경로: 정확한 runtime reachability 미확인","직접 literal write 발견 없음; 간접 호출은 미확인","golden/mobile.html:1503","미확정: 원본 handler/template 추적 필요","TEST_MISSING","중복정의·동적 template·상위함수 호출을 실제 렌더 결과와 연결","해당 원본 컨트롤의 노출 조건·클릭/필터/취소 결과를 Golden fixture로 검증","<button class=""btn btn-primary"" onclick=""contactEditSheetM(\'\')"">"
"C00758","UNRESOLVED_CONTROL","contactCardM: ＋ 추가","페이지 데이터/상태 경로: 정확한 runtime reachability 미확인","직접 literal write 발견 없음; 간접 호출은 미확인","golden/mobile.html:1503","미확정: 원본 handler/template 추적 필요","TEST_MISSING","중복정의·동적 template·상위함수 호출을 실제 렌더 결과와 연결","해당 원본 컨트롤의 노출 조건·클릭/필터/취소 결과를 Golden fixture로 검증","<button onclick=""contactEditSheetM(\'\')"" style=""color:var(--blue);font-weight:800"">"
"C00759","UNRESOLVED_CONTROL","contactCardM: button","페이지 데이터/상태 경로: 정확한 runtime reachability 미확인","직접 literal write 발견 없음; 간접 호출은 미확인","golden/mobile.html:1503","미확정: 원본 handler/template 추적 필요","TEST_MISSING","중복정의·동적 template·상위함수 호출을 실제 렌더 결과와 연결","해당 원본 컨트롤의 노출 조건·클릭/필터/취소 결과를 Golden fixture로 검증","<button '+(!c.officeTel?'disabled':'')+' onclick=""callContactM(\'office\',\''+key+'\')"">"
"C00760","UNRESOLVED_CONTROL","contactCardM: button","페이지 데이터/상태 경로: 정확한 runtime reachability 미확인","직접 literal write 발견 없음; 간접 호출은 미확인","golden/mobile.html:1503","미확정: 원본 handler/template 추적 필요","TEST_MISSING","중복정의·동적 template·상위함수 호출을 실제 렌더 결과와 연결","해당 원본 컨트롤의 노출 조건·클릭/필터/취소 결과를 Golden fixture로 검증","<button '+(!c.mobile?'disabled':'')+' onclick=""callContactM(\'mobile\',\''+key+'\')"">"
"C00761","UNRESOLVED_CONTROL","contactCardM: 📞 사무소","페이지 데이터/상태 경로: 정확한 runtime reachability 미확인","직접 literal write 발견 없음; 간접 호출은 미확인","golden/mobile.html:1503","미확정: 원본 handler/template 추적 필요","TEST_MISSING","중복정의·동적 template·상위함수 호출을 실제 렌더 결과와 연결","해당 원본 컨트롤의 노출 조건·클릭/필터/취소 결과를 Golden fixture로 검증","<button '+(!c.officeTel?'disabled':'')+' onclick=""callContactM(\'office\',\''+key+'\')"">"
"C00762","UNRESOLVED_CONTROL","contactCardM: 📱 전화","페이지 데이터/상태 경로: 정확한 runtime reachability 미확인","직접 literal write 발견 없음; 간접 호출은 미확인","golden/mobile.html:1503","미확정: 원본 handler/template 추적 필요","TEST_MISSING","중복정의·동적 template·상위함수 호출을 실제 렌더 결과와 연결","해당 원본 컨트롤의 노출 조건·클릭/필터/취소 결과를 Golden fixture로 검증","<button class=""pri"" '+(!c.mobile?'disabled':'')+' onclick=""callContactM(\'mobile\',\''+key+'\')"">"
"C00763","UNRESOLVED_CONTROL","contactCardM: ✉ 문자","페이지 데이터/상태 경로: 정확한 runtime reachability 미확인","직접 literal write 발견 없음; 간접 호출은 미확인","golden/mobile.html:1503","미확정: 원본 handler/template 추적 필요","TEST_MISSING","중복정의·동적 template·상위함수 호출을 실제 렌더 결과와 연결","해당 원본 컨트롤의 노출 조건·클릭/필터/취소 결과를 Golden fixture로 검증","<button '+(!c.mobile?'disabled':'')+' onclick=""smsContactM(\''+key+'\')"">"
"C00764","UNRESOLVED_CONTROL","contactCardM: 💬 카카오","페이지 데이터/상태 경로: 정확한 runtime reachability 미확인","직접 literal write 발견 없음; 간접 호출은 미확인","golden/mobile.html:1503","미확정: 원본 handler/template 추적 필요","TEST_MISSING","중복정의·동적 template·상위함수 호출을 실제 렌더 결과와 연결","해당 원본 컨트롤의 노출 조건·클릭/필터/취소 결과를 Golden fixture로 검증","<button '+(!c.mobile?'disabled':'')+' onclick=""kakaoContactM(\''+key+'\')"">"
"C00765","UNRESOLVED_CONTROL","contactCardM: 연락처 수정","페이지 데이터/상태 경로: 정확한 runtime reachability 미확인","직접 literal write 발견 없음; 간접 호출은 미확인","golden/mobile.html:1503","미확정: 원본 handler/template 추적 필요","TEST_MISSING","중복정의·동적 template·상위함수 호출을 실제 렌더 결과와 연결","해당 원본 컨트롤의 노출 조건·클릭/필터/취소 결과를 Golden fixture로 검증","<button onclick=""contactEditSheetM(\''+key+'\')"">"
"C00766","UNRESOLVED_CONTROL","contactEditSheetM: input","페이지 데이터/상태 경로: 정확한 runtime reachability 미확인","직접 literal write 발견 없음; 간접 호출은 미확인","golden/mobile.html:1507","미확정: 원본 handler/template 추적 필요","TEST_MISSING","중복정의·동적 template·상위함수 호출을 실제 렌더 결과와 연결","해당 원본 컨트롤의 노출 조건·클릭/필터/취소 결과를 Golden fixture로 검증","<input id=""ce-office"" inputmode=""tel"" value=""'+escAttr(c.officeTel)+'"" style=""width:100%;margin:6px 0 10px;border:1px solid var(--line-2);border-radius:11px;padding:12px;font:inherit"">"
"C00767","UNRESOLVED_CONTROL","contactEditSheetM: '+CONTACT_ROLES.map(function(r){return '","페이지 데이터/상태 경로: 정확한 runtime reachability 미확인","직접 literal write 발견 없음; 간접 호출은 미확인","golden/mobile.html:1507","미확정: 원본 handler/template 추적 필요","TEST_MISSING","중복정의·동적 template·상위함수 호출을 실제 렌더 결과와 연결","해당 원본 컨트롤의 노출 조건·클릭/필터/취소 결과를 Golden fixture로 검증","<select id=""ce-role"" style=""width:100%;margin:6px 0 10px;border:1px solid var(--line-2);border-radius:11px;padding:12px;font:inherit"">"
"C00768","UNRESOLVED_CONTROL","contactEditSheetM: input","페이지 데이터/상태 경로: 정확한 runtime reachability 미확인","직접 literal write 발견 없음; 간접 호출은 미확인","golden/mobile.html:1507","미확정: 원본 handler/template 추적 필요","TEST_MISSING","중복정의·동적 template·상위함수 호출을 실제 렌더 결과와 연결","해당 원본 컨트롤의 노출 조건·클릭/필터/취소 결과를 Golden fixture로 검증","<input id=""ce-name"" value=""'+escAttr(c.name)+'"" style=""width:100%;margin:6px 0 10px;border:1px solid var(--line-2);border-radius:11px;padding:12px;font:inherit"">"
"C00769","UNRESOLVED_CONTROL","contactEditSheetM: input","페이지 데이터/상태 경로: 정확한 runtime reachability 미확인","직접 literal write 발견 없음; 간접 호출은 미확인","golden/mobile.html:1507","미확정: 원본 handler/template 추적 필요","TEST_MISSING","중복정의·동적 template·상위함수 호출을 실제 렌더 결과와 연결","해당 원본 컨트롤의 노출 조건·클릭/필터/취소 결과를 Golden fixture로 검증","<input id=""ce-mobile"" inputmode=""tel"" value=""'+escAttr(c.mobile)+'"" style=""width:100%;margin:6px 0 10px;border:1px solid var(--line-2);border-radius:11px;padding:12px;font:inherit"">"
"C00770","UNRESOLVED_CONTROL","contactEditSheetM: input","페이지 데이터/상태 경로: 정확한 runtime reachability 미확인","직접 literal write 발견 없음; 간접 호출은 미확인","golden/mobile.html:1507","미확정: 원본 handler/template 추적 필요","TEST_MISSING","중복정의·동적 template·상위함수 호출을 실제 렌더 결과와 연결","해당 원본 컨트롤의 노출 조건·클릭/필터/취소 결과를 Golden fixture로 검증","<input id=""ce-email"" type=""email"" value=""'+escAttr(c.officeEmail)+'"" style=""width:100%;margin:6px 0 10px;border:1px solid var(--line-2);border-radius:11px;padding:12px;font:inherit"">"
"C00771","UNRESOLVED_CONTROL","contactEditSheetM: 연락처 저장","페이지 데이터/상태 경로: 정확한 runtime reachability 미확인","직접 literal write 발견 없음; 간접 호출은 미확인","golden/mobile.html:1507","미확정: 원본 handler/template 추적 필요","TEST_MISSING","중복정의·동적 template·상위함수 호출을 실제 렌더 결과와 연결","해당 원본 컨트롤의 노출 조건·클릭/필터/취소 결과를 Golden fixture로 검증","<button class=""btn btn-primary"" onclick=""saveContactM()"">"
"C00772","UNRESOLVED_CONTROL","callMemoSheetM: 통화 내용 저장","페이지 데이터/상태 경로: 정확한 runtime reachability 미확인","직접 literal write 발견 없음; 간접 호출은 미확인","golden/mobile.html:1509","미확정: 원본 handler/template 추적 필요","TEST_MISSING","중복정의·동적 template·상위함수 호출을 실제 렌더 결과와 연결","해당 원본 컨트롤의 노출 조건·클릭/필터/취소 결과를 Golden fixture로 검증","<button class=""btn btn-primary"" style=""margin-top:12px"" data-gate=""cm"" disabled onclick=""saveCallMemoM()"">"
"C00773","UNRESOLVED_CONTROL","managerMoveSheetM: '
 +'","페이지 데이터/상태 경로: 정확한 runtime reachability 미확인","직접 literal write 발견 없음; 간접 호출은 미확인","golden/mobile.html:1513","미확정: 원본 handler/template 추적 필요","TEST_MISSING","중복정의·동적 template·상위함수 호출을 실제 렌더 결과와 연결","해당 원본 컨트롤의 노출 조건·클릭/필터/취소 결과를 Golden fixture로 검증","<input id=""mm-site"" placeholder=""예: 매탄임광아파트"" style=""width:100%;margin:6px 0 10px;border:1px solid var(--line-2);border-radius:11px;padding:12px;font:inherit"">"
"C00774","UNRESOLVED_CONTROL","managerMoveSheetM: '
 +'","페이지 데이터/상태 경로: 정확한 runtime reachability 미확인","직접 literal write 발견 없음; 간접 호출은 미확인","golden/mobile.html:1514","미확정: 원본 handler/template 추적 필요","TEST_MISSING","중복정의·동적 template·상위함수 호출을 실제 렌더 결과와 연결","해당 원본 컨트롤의 노출 조건·클릭/필터/취소 결과를 Golden fixture로 검증","<input id=""mm-office"" inputmode=""tel"" placeholder=""예: 031-123-4567"" style=""width:100%;margin:6px 0 10px;border:1px solid var(--line-2);border-radius:11px;padding:12px;font:inherit"">"
"C00775","UNRESOLVED_CONTROL","managerMoveSheetM: '
 +mReason('mm','예: 관리소장님 통화로 9월부터 매탄임광아파트로 이동 확인')+'","페이지 데이터/상태 경로: 정확한 runtime reachability 미확인","직접 literal write 발견 없음; 간접 호출은 미확인","golden/mobile.html:1515","미확정: 원본 handler/template 추적 필요","TEST_MISSING","중복정의·동적 template·상위함수 호출을 실제 렌더 결과와 연결","해당 원본 컨트롤의 노출 조건·클릭/필터/취소 결과를 Golden fixture로 검증","<input id=""mm-date"" type=""date"" value=""'+today+'"" style=""width:100%;margin:6px 0 10px;border:1px solid var(--line-2);border-radius:11px;padding:12px;font:inherit"">"
"C00776","UNRESOLVED_CONTROL","managerMoveSheetM: 근무지 이동 저장","페이지 데이터/상태 경로: 정확한 runtime reachability 미확인","직접 literal write 발견 없음; 간접 호출은 미확인","golden/mobile.html:1516","미확정: 원본 handler/template 추적 필요","TEST_MISSING","중복정의·동적 template·상위함수 호출을 실제 렌더 결과와 연결","해당 원본 컨트롤의 노출 조건·클릭/필터/취소 결과를 Golden fixture로 검증","<button class=""btn btn-primary"" style=""margin-top:12px"" data-gate=""mm"" disabled onclick=""saveManagerMoveM()"">"
"C00777","UNRESOLVED_CONTROL","rDeal: '+IC.back+'","페이지 데이터/상태 경로: 정확한 runtime reachability 미확인","직접 literal write 발견 없음; 간접 호출은 미확인","golden/mobile.html:1531","미확정: 원본 handler/template 추적 필요","TEST_MISSING","중복정의·동적 template·상위함수 호출을 실제 렌더 결과와 연결","해당 원본 컨트롤의 노출 조건·클릭/필터/취소 결과를 Golden fixture로 검증","<button class=""iconbtn"" onclick=""G.deal=null;render()"">"
"C00778","UNRESOLVED_CONTROL","rDeal: 재배정","페이지 데이터/상태 경로: 정확한 runtime reachability 미확인","직접 literal write 발견 없음; 간접 호출은 미확인","golden/mobile.html:1531","미확정: 원본 handler/template 추적 필요","TEST_MISSING","중복정의·동적 template·상위함수 호출을 실제 렌더 결과와 연결","해당 원본 컨트롤의 노출 조건·클릭/필터/취소 결과를 Golden fixture로 검증","<button style=""color:var(--violet);font-weight:700;font-size:13px;padding:0 6px"" onclick=""reassignSheet()"">"
"C00779","UNRESOLVED_CONTROL","rDeal: '+(workItemsM(d).length?'공종 수정':'공종 분류')+'","페이지 데이터/상태 경로: 정확한 runtime reachability 미확인","직접 literal write 발견 없음; 간접 호출은 미확인","golden/mobile.html:1534","미확정: 원본 handler/template 추적 필요","TEST_MISSING","중복정의·동적 template·상위함수 호출을 실제 렌더 결과와 연결","해당 원본 컨트롤의 노출 조건·클릭/필터/취소 결과를 Golden fixture로 검증","<button class=""badge badge-gray"" onclick=""workSheetM()"">"
"C00780","UNRESOLVED_CONTROL","rDeal: 이력 '+d.businessHistory.length+'","페이지 데이터/상태 경로: 정확한 runtime reachability 미확인","직접 literal write 발견 없음; 간접 호출은 미확인","golden/mobile.html:1541","미확정: 원본 handler/template 추적 필요","TEST_MISSING","중복정의·동적 template·상위함수 호출을 실제 렌더 결과와 연결","해당 원본 컨트롤의 노출 조건·클릭/필터/취소 결과를 Golden fixture로 검증","<button onclick=""bizHistSheet()"">"
"C00781","UNRESOLVED_CONTROL","rDeal: 변경","페이지 데이터/상태 경로: 정확한 runtime reachability 미확인","직접 literal write 발견 없음; 간접 호출은 미확인","golden/mobile.html:1541","미확정: 원본 handler/template 추적 필요","TEST_MISSING","중복정의·동적 template·상위함수 호출을 실제 렌더 결과와 연결","해당 원본 컨트롤의 노출 조건·클릭/필터/취소 결과를 Golden fixture로 검증","<button class=""primary"" onclick=""bizSheet()"">"
"C00782","UNRESOLVED_CONTROL","rDeal: '+IC.mic+'음성","페이지 데이터/상태 경로: 정확한 runtime reachability 미확인","직접 literal write 발견 없음; 간접 호출은 미확인","golden/mobile.html:1545","미확정: 원본 handler/template 추적 필요","TEST_MISSING","중복정의·동적 template·상위함수 호출을 실제 렌더 결과와 연결","해당 원본 컨트롤의 노출 조건·클릭/필터/취소 결과를 Golden fixture로 검증","<button onclick=""voiceMemo()"" style=""color:var(--blue);font-weight:700;font-size:12.5px;display:flex;align-items:center;gap:4px"">"
"C00783","UNRESOLVED_CONTROL","rDeal: '+IC.camera+'사진","페이지 데이터/상태 경로: 정확한 runtime reachability 미확인","직접 literal write 발견 없음; 간접 호출은 미확인","golden/mobile.html:1545","미확정: 원본 handler/template 추적 필요","TEST_MISSING","중복정의·동적 template·상위함수 호출을 실제 렌더 결과와 연결","해당 원본 컨트롤의 노출 조건·클릭/필터/취소 결과를 Golden fixture로 검증","<button onclick=""photoSheet()"" style=""color:var(--sub);font-weight:700;font-size:12.5px;display:flex;align-items:center;gap:4px"">"
"C00784","UNRESOLVED_CONTROL","rDeal: '+IC.msg+'템플릿","페이지 데이터/상태 경로: 정확한 runtime reachability 미확인","직접 literal write 발견 없음; 간접 호출은 미확인","golden/mobile.html:1545","미확정: 원본 handler/template 추적 필요","TEST_MISSING","중복정의·동적 template·상위함수 호출을 실제 렌더 결과와 연결","해당 원본 컨트롤의 노출 조건·클릭/필터/취소 결과를 Golden fixture로 검증","<button onclick=""tmplSheet()"" style=""color:var(--violet);font-weight:700;font-size:12.5px;display:flex;align-items:center;gap:4px"">"
"C00785","UNRESOLVED_CONTROL","rDeal: '+(d.outcome==='won'?'시공 단계 진행 →':'다음 단계로 →')+'","페이지 데이터/상태 경로: 정확한 runtime reachability 미확인","직접 literal write 발견 없음; 간접 호출은 미확인","golden/mobile.html:1548","미확정: 원본 handler/template 추적 필요","TEST_MISSING","중복정의·동적 template·상위함수 호출을 실제 렌더 결과와 연결","해당 원본 컨트롤의 노출 조건·클릭/필터/취소 결과를 Golden fixture로 검증","<button class=""btn btn-primary"" onclick=""nextSheet()"">"
"C00786","UNRESOLVED_CONTROL","rDeal: 사업유형 변경","페이지 데이터/상태 경로: 정확한 runtime reachability 미확인","직접 literal write 발견 없음; 간접 호출은 미확인","golden/mobile.html:1548","미확정: 원본 handler/template 추적 필요","TEST_MISSING","중복정의·동적 template·상위함수 호출을 실제 렌더 결과와 연결","해당 원본 컨트롤의 노출 조건·클릭/필터/취소 결과를 Golden fixture로 검증","<button class=""btn btn-line"" style=""margin-top:7px"" onclick=""bizSheet()"">"
"C00787","UNRESOLVED_CONTROL","rDeal: 예외 이동 · 종료 처리 — 전체 단계에서 선택 (사유 필수)","페이지 데이터/상태 경로: 정확한 runtime reachability 미확인","직접 literal write 발견 없음; 간접 호출은 미확인","golden/mobile.html:1548","미확정: 원본 handler/template 추적 필요","TEST_MISSING","중복정의·동적 template·상위함수 호출을 실제 렌더 결과와 연결","해당 원본 컨트롤의 노출 조건·클릭/필터/취소 결과를 Golden fixture로 검증","<button class=""hint"" style=""display:block;width:100%;text-align:center;margin-top:7px"" onclick=""exSheet()"">"
"C00788","UNRESOLVED_CONTROL","workSheetM: 공종 저장","페이지 데이터/상태 경로: 정확한 runtime reachability 미확인","직접 literal write 발견 없음; 간접 호출은 미확인","golden/mobile.html:1554","미확정: 원본 handler/template 추적 필요","TEST_MISSING","중복정의·동적 template·상위함수 호출을 실제 렌더 결과와 연결","해당 원본 컨트롤의 노출 조건·클릭/필터/취소 결과를 Golden fixture로 검증","<button class=""btn btn-primary"" style=""margin-top:12px"" data-gate=""workedit"" disabled onclick=""saveWorkSheetM()"">"
"C00789","UNRESOLVED_CONTROL","workSheetM: 취소","페이지 데이터/상태 경로: 정확한 runtime reachability 미확인","직접 literal write 발견 없음; 간접 호출은 미확인","golden/mobile.html:1554","미확정: 원본 handler/template 추적 필요","TEST_MISSING","중복정의·동적 template·상위함수 호출을 실제 렌더 결과와 연결","해당 원본 컨트롤의 노출 조건·클릭/필터/취소 결과를 Golden fixture로 검증","<button class=""btn btn-line"" style=""margin-top:8px"" onclick=""closeSheet()"">"
"C00790","UNRESOLVED_CONTROL","respCardM: 응대 전체보기 ('+R.length+')","페이지 데이터/상태 경로: 정확한 runtime reachability 미확인","직접 literal write 발견 없음; 간접 호출은 미확인","golden/mobile.html:1579","미확정: 원본 handler/template 추적 필요","TEST_MISSING","중복정의·동적 template·상위함수 호출을 실제 렌더 결과와 연결","해당 원본 컨트롤의 노출 조건·클릭/필터/취소 결과를 Golden fixture로 검증","<button onclick=""respSheet()"" style=""color:var(--blue);font-weight:700;font-size:12.5px"">"
"C00791","F35","nextSheet: button","nextActionObj/type/text/due/owner","직접 literal write 발견 없음; 간접 호출은 미확인","golden/mobile.html:1603","crm_next_add_scoped_v2 초안 보류","CONTRACT_MISSING","현재 초안4유형만; 기존 상세유형/담당/추천/기간과 다름","기존유형 전수·빈기한·타담당·UTC/KST 경계·기존 예약 유지","<button class=""cchip '+(win?'g':'b')+'"" onclick=""moveTo('+i+')"">"
"C00792","F35","nextSheet: '+OUTCOMES[o].nm+'","nextActionObj/type/text/due/owner","직접 literal write 발견 없음; 간접 호출은 미확인","golden/mobile.html:1606","crm_next_add_scoped_v2 초안 보류","CONTRACT_MISSING","현재 초안4유형만; 기존 상세유형/담당/추천/기간과 다름","기존유형 전수·빈기한·타담당·UTC/KST 경계·기존 예약 유지","<button class=""cchip '+OUTCOMES[o].color+'"" onclick=""closeSheetFlow(\''+o+'\')"">"
"C00793","F35","nextSheet: button","nextActionObj/type/text/due/owner","직접 literal write 발견 없음; 간접 호출은 미확인","golden/mobile.html:1607","crm_next_add_scoped_v2 초안 보류","CONTRACT_MISSING","현재 초안4유형만; 기존 상세유형/담당/추천/기간과 다름","기존유형 전수·빈기한·타담당·UTC/KST 경계·기존 예약 유지","<button class=""cchip b"" onclick=""spawnExpansion()"">"
"C00794","UNRESOLVED_CONTROL","moveTo: 다음 단계로 저장","페이지 데이터/상태 경로: 정확한 runtime reachability 미확인","직접 literal write 발견 없음; 간접 호출은 미확인","golden/mobile.html:1617","미확정: 원본 handler/template 추적 필요","TEST_MISSING","중복정의·동적 template·상위함수 호출을 실제 렌더 결과와 연결","해당 원본 컨트롤의 노출 조건·클릭/필터/취소 결과를 Golden fixture로 검증","<button class=""btn btn-primary"" style=""margin-top:14px"" data-gate=""mv"" disabled onclick=""commitMoveWithReason()"">"
"C00795","UNRESOLVED_CONTROL","closeSheetFlow: '+r+'","페이지 데이터/상태 경로: 정확한 runtime reachability 미확인","직접 literal write 발견 없음; 간접 호출은 미확인","golden/mobile.html:1637","미확정: 원본 handler/template 추적 필요","TEST_MISSING","중복정의·동적 template·상위함수 호출을 실제 렌더 결과와 연결","해당 원본 컨트롤의 노출 조건·클릭/필터/취소 결과를 Golden fixture로 검증","<button class=""cchip '+(G.clKind===r?'b':'gr')+'"" data-r=""'+escAttr(r)+'"" onclick=""G.clKind=this.dataset.r;closeSheetFlow(\''+o+'\')"">"
"C00796","UNRESOLVED_CONTROL","closeSheetFlow: 종료 저장","페이지 데이터/상태 경로: 정확한 runtime reachability 미확인","직접 literal write 발견 없음; 간접 호출은 미확인","golden/mobile.html:1640","미확정: 원본 handler/template 추적 필요","TEST_MISSING","중복정의·동적 template·상위함수 호출을 실제 렌더 결과와 연결","해당 원본 컨트롤의 노출 조건·클릭/필터/취소 결과를 Golden fixture로 검증","<button class=""btn btn-primary"" style=""margin-top:14px"" data-gate=""cl"" disabled onclick=""commitCloseR(\''+o+'\')"">"
"C00797","UNRESOLVED_CONTROL","amtSheet: '+n+'","페이지 데이터/상태 경로: 정확한 runtime reachability 미확인","직접 literal write 발견 없음; 간접 호출은 미확인","golden/mobile.html:1661","미확정: 원본 handler/template 추적 필요","TEST_MISSING","중복정의·동적 template·상위함수 호출을 실제 렌더 결과와 연결","해당 원본 컨트롤의 노출 조건·클릭/필터/취소 결과를 Golden fixture로 검증","<button onclick=""amtKey(\''+n+'\',\''+to+'\')"">"
"C00798","UNRESOLVED_CONTROL","amtSheet: 🎉 수주 확정","페이지 데이터/상태 경로: 정확한 runtime reachability 미확인","직접 literal write 발견 없음; 간접 호출은 미확인","golden/mobile.html:1662","미확정: 원본 handler/template 추적 필요","TEST_MISSING","중복정의·동적 template·상위함수 호출을 실제 렌더 결과와 연결","해당 원본 컨트롤의 노출 조건·클릭/필터/취소 결과를 Golden fixture로 검증","<button class=""btn btn-primary"" style=""margin-top:12px"" '+(num?'':'disabled')+' onclick=""amtOk(\''+to+'\')"">"
"C00799","UNRESOLVED_CONTROL","renderWon: 확인","페이지 데이터/상태 경로: 정확한 runtime reachability 미확인","직접 literal write 발견 없음; 간접 호출은 미확인","golden/mobile.html:1691","미확정: 원본 handler/template 추적 필요","TEST_MISSING","중복정의·동적 template·상위함수 호출을 실제 렌더 결과와 연결","해당 원본 컨트롤의 노출 조건·클릭/필터/취소 결과를 Golden fixture로 검증","<button class=""btn btn-primary"" style=""margin-top:16px"" onclick=""render()"">"
"C00800","UNRESOLVED_CONTROL","mReason: ⌨ 직접 입력","페이지 데이터/상태 경로: 정확한 runtime reachability 미확인","직접 literal write 발견 없음; 간접 호출은 미확인","golden/mobile.html:1725","미확정: 원본 handler/template 추적 필요","TEST_MISSING","중복정의·동적 template·상위함수 호출을 실제 렌더 결과와 연결","해당 원본 컨트롤의 노출 조건·클릭/필터/취소 결과를 Golden fixture로 검증","<button class=""on"" data-m=""text"" onclick=""mrMode(\''+id+'\',\'text\')"">"
"C00801","UNRESOLVED_CONTROL","mReason: '+IC.mic+' 음성 입력","페이지 데이터/상태 경로: 정확한 runtime reachability 미확인","직접 literal write 발견 없음; 간접 호출은 미확인","golden/mobile.html:1726","미확정: 원본 handler/template 추적 필요","TEST_MISSING","중복정의·동적 template·상위함수 호출을 실제 렌더 결과와 연결","해당 원본 컨트롤의 노출 조건·클릭/필터/취소 결과를 Golden fixture로 검증","<button data-m=""voice"" onclick=""mrMode(\''+id+'\',\'voice\')"">"
"C00802","UNRESOLVED_CONTROL","mReason: textarea","페이지 데이터/상태 경로: 정확한 runtime reachability 미확인","직접 literal write 발견 없음; 간접 호출은 미확인","golden/mobile.html:1727","미확정: 원본 handler/template 추적 필요","TEST_MISSING","중복정의·동적 template·상위함수 호출을 실제 렌더 결과와 연결","해당 원본 컨트롤의 노출 조건·클릭/필터/취소 결과를 Golden fixture로 검증","<textarea id=""'+id+'-t"" oninput=""mrGate(\''+id+'\')"" placeholder=""'+escAttr(ph||'무엇을 확인했고 왜 바꾸는지 적어주세요')+'"">"
"C00803","UNRESOLVED_CONTROL","mReason: '+IC.mic+' 녹음 시작","페이지 데이터/상태 경로: 정확한 runtime reachability 미확인","직접 literal write 발견 없음; 간접 호출은 미확인","golden/mobile.html:1728","미확정: 원본 handler/template 추적 필요","TEST_MISSING","중복정의·동적 template·상위함수 호출을 실제 렌더 결과와 연결","해당 원본 컨트롤의 노출 조건·클릭/필터/취소 결과를 Golden fixture로 검증","<button class=""btn btn-line rrec"" id=""'+id+'-b"" onclick=""mrRec(\''+id+'\')"">"
"C00804","UNRESOLVED_CONTROL","bizSheet: '+esc(b)+'","페이지 데이터/상태 경로: 정확한 runtime reachability 미확인","직접 literal write 발견 없음; 간접 호출은 미확인","golden/mobile.html:1763","미확정: 원본 handler/template 추적 필요","TEST_MISSING","중복정의·동적 template·상위함수 호출을 실제 렌더 결과와 연결","해당 원본 컨트롤의 노출 조건·클릭/필터/취소 결과를 Golden fixture로 검증","<button class=""cchip '+(G.bzTo===b?'b':'gr')+'"" data-b=""'+escAttr(b)+'"" onclick=""G.bzTo=this.dataset.b;bizSheet()"">"
"C00805","UNRESOLVED_CONTROL","bizSheet: '
  +'","페이지 데이터/상태 경로: 정확한 runtime reachability 미확인","직접 literal write 발견 없음; 간접 호출은 미확인","golden/mobile.html:1767","미확정: 원본 handler/template 추적 필요","TEST_MISSING","중복정의·동적 template·상위함수 호출을 실제 렌더 결과와 연결","해당 원본 컨트롤의 노출 조건·클릭/필터/취소 결과를 Golden fixture로 검증","<input id=""bz-na"" value=""'+escAttr(G.bzNa||'')+'"" oninput=""G.bzNa=this.value"" placeholder=""예: 기술자문 계약서 작성"" style=""width:100%;border:1px solid var(--line-2);border-radius:12px;padding:13px;font:inherit;font-size:15px;outline:none;box-sizing:border-box"">"
"C00806","UNRESOLVED_CONTROL","bizSheet: 변경 저장","페이지 데이터/상태 경로: 정확한 runtime reachability 미확인","직접 literal write 발견 없음; 간접 호출은 미확인","golden/mobile.html:1768","미확정: 원본 handler/template 추적 필요","TEST_MISSING","중복정의·동적 template·상위함수 호출을 실제 렌더 결과와 연결","해당 원본 컨트롤의 노출 조건·클릭/필터/취소 결과를 Golden fixture로 검증","<button class=""btn btn-primary"" style=""margin-top:14px"" data-gate=""bz"" disabled onclick=""commitBiz()"">"
"C00807","F65","rMy: button","DEALS/ADMIN + role/mode/state filters","직접 literal write 발견 없음; 간접 호출은 미확인","golden/mobile.html:1821","기존 mobile 어댑터 없음","CONTRACT_MISSING","축약 mobile.html은 기존하단탭/Sheet/관리 drilldown과 다름","rep/admin/dual·전체탭·분류·뒤로가기·같은ID 상세","<button>"
"C00808","F65","rMy: button","DEALS/ADMIN + role/mode/state filters","직접 literal write 발견 없음; 간접 호출은 미확인","golden/mobile.html:1822","기존 mobile 어댑터 없음","CONTRACT_MISSING","축약 mobile.html은 기존하단탭/Sheet/관리 drilldown과 다름","rep/admin/dual·전체탭·분류·뒤로가기·같은ID 상세","<button>"
"C00809","F65","rMy: button","DEALS/ADMIN + role/mode/state filters","직접 literal write 발견 없음; 간접 호출은 미확인","golden/mobile.html:1823","기존 mobile 어댑터 없음","CONTRACT_MISSING","축약 mobile.html은 기존하단탭/Sheet/관리 drilldown과 다름","rep/admin/dual·전체탭·분류·뒤로가기·같은ID 상세","<button onclick=""G.sub={t:\'hyg\'};render()"">"
"C00810","F65","rCtrl: button","DEALS/ADMIN + role/mode/state filters","직접 literal write 발견 없음; 간접 호출은 미확인","golden/mobile.html:1831","기존 mobile 어댑터 없음","CONTRACT_MISSING","축약 mobile.html은 기존하단탭/Sheet/관리 drilldown과 다름","rep/admin/dual·전체탭·분류·뒤로가기·같은ID 상세","<button class=""'+(G.sigK===s.k?'on':'')+'"" onclick=""G.sigK=\''+s.k+'\';render()"">"
"C00811","F65","rCtrl: '+x[1]+' '+n+'","DEALS/ADMIN + role/mode/state filters","직접 literal write 발견 없음; 간접 호출은 미확인","golden/mobile.html:1832","기존 mobile 어댑터 없음","CONTRACT_MISSING","축약 mobile.html은 기존하단탭/Sheet/관리 drilldown과 다름","rep/admin/dual·전체탭·분류·뒤로가기·같은ID 상세","<button class=""'+(G.inqState===x[0]?'on':'')+'"" onclick=""G.inqState=\''+x[0]+'\';render()"">"
"C00812","F65","rCtrl: 배정","DEALS/ADMIN + role/mode/state filters","직접 literal write 발견 없음; 간접 호출은 미확인","golden/mobile.html:1834","기존 mobile 어댑터 없음","CONTRACT_MISSING","축약 mobile.html은 기존하단탭/Sheet/관리 drilldown과 다름","rep/admin/dual·전체탭·분류·뒤로가기·같은ID 상세","<button class=""btn btn-primary btn-sm"" onclick=""assignSheet('+i+')"">"
"C00813","F65","rCtrl: 쪼기","DEALS/ADMIN + role/mode/state filters","직접 literal write 발견 없음; 간접 호출은 미확인","golden/mobile.html:1835","기존 mobile 어댑터 없음","CONTRACT_MISSING","축약 mobile.html은 기존하단탭/Sheet/관리 drilldown과 다름","rep/admin/dual·전체탭·분류·뒤로가기·같은ID 상세","<button class=""btn btn-line btn-sm"" onclick=""nudgeSheet(\''+r.nm+'\')"">"
"C00814","F65","rCtrl: 보기","DEALS/ADMIN + role/mode/state filters","직접 literal write 발견 없음; 간접 호출은 미확인","golden/mobile.html:1836","기존 mobile 어댑터 없음","CONTRACT_MISSING","축약 mobile.html은 기존하단탭/Sheet/관리 drilldown과 다름","rep/admin/dual·전체탭·분류·뒤로가기·같은ID 상세","<button class=""btn btn-line btn-sm"" onclick=""drill(\''+r.nm+'\')"">"
"C00815","F65","rCtrl: '+esc(r.nm)+'","DEALS/ADMIN + role/mode/state filters","직접 literal write 발견 없음; 간접 호출은 미확인","golden/mobile.html:1841","기존 mobile 어댑터 없음","CONTRACT_MISSING","축약 mobile.html은 기존하단탭/Sheet/관리 drilldown과 다름","rep/admin/dual·전체탭·분류·뒤로가기·같은ID 상세","<span class=""pn"" style=""cursor:pointer"" onclick=""'+go+'"">"
"C00816","F65","rPipe: '+tile(IC.chart,'var(--blue)','var(--blue-50)')+'","DEALS/ADMIN + role/mode/state filters","직접 literal write 발견 없음; 간접 호출은 미확인","golden/mobile.html:1854","기존 mobile 어댑터 없음","CONTRACT_MISSING","축약 mobile.html은 기존하단탭/Sheet/관리 drilldown과 다름","rep/admin/dual·전체탭·분류·뒤로가기·같은ID 상세","<button class=""krow"" onclick=""G.stage=\''+MACRO5[i].k+'\';G.ssf=null;G.alf=null;render()"">"
"C00817","UNRESOLVED_CONTROL","band: '+tile(c[0]==='won'?IC.check:IC.alert,col[0],col[1])+'","페이지 데이터/상태 경로: 정확한 runtime reachability 미확인","직접 literal write 발견 없음; 간접 호출은 미확인","golden/mobile.html:1867","미확정: 원본 handler/template 추적 필요","TEST_MISSING","중복정의·동적 template·상위함수 호출을 실제 렌더 결과와 연결","해당 원본 컨트롤의 노출 조건·클릭/필터/취소 결과를 Golden fixture로 검증","<button class=""krow"" onclick=""G.cl=\''+c[0]+'\';G.sub={t:\'closed\'};render()"">"
"C00818","UNRESOLVED_CONTROL","band: 조치 필요 보기","페이지 데이터/상태 경로: 정확한 runtime reachability 미확인","직접 literal write 발견 없음; 간접 호출은 미확인","golden/mobile.html:1869","미확정: 원본 handler/template 추적 필요","TEST_MISSING","중복정의·동적 template·상위함수 호출을 실제 렌더 결과와 연결","해당 원본 컨트롤의 노출 조건·클릭/필터/취소 결과를 Golden fixture로 검증","<button class=""badge badge-danger"" onclick=""G.sub={t:\'stale\'};render()"">"
"C00819","UNRESOLVED_CONTROL","band: '+v[1]+'","페이지 데이터/상태 경로: 정확한 runtime reachability 미확인","직접 literal write 발견 없음; 간접 호출은 미확인","golden/mobile.html:1871","미확정: 원본 handler/template 추적 필요","TEST_MISSING","중복정의·동적 template·상위함수 호출을 실제 렌더 결과와 연결","해당 원본 컨트롤의 노출 조건·클릭/필터/취소 결과를 Golden fixture로 검증","<button class=""'+((G.pv||'st')===v[0]?'on':'')+'"" onclick=""G.pv=\''+v[0]+'\';render()"">"
"C00820","UNRESOLVED_CONTROL","band: '+tile(IC.user,'var(--violet)','var(--violet-bg)')+'","페이지 데이터/상태 경로: 정확한 runtime reachability 미확인","직접 literal write 발견 없음; 간접 호출은 미확인","golden/mobile.html:1874","미확정: 원본 handler/template 추적 필요","TEST_MISSING","중복정의·동적 template·상위함수 호출을 실제 렌더 결과와 연결","해당 원본 컨트롤의 노출 조건·클릭/필터/취소 결과를 Golden fixture로 검증","<button class=""krow"" onclick=""drill(\''+r[0]+'\')"">"
"C00821","UNRESOLVED_CONTROL","rStageList: 전체 '+all.length+'","페이지 데이터/상태 경로: 정확한 runtime reachability 미확인","직접 literal write 발견 없음; 간접 호출은 미확인","golden/mobile.html:1889","미확정: 원본 handler/template 추적 필요","TEST_MISSING","중복정의·동적 template·상위함수 호출을 실제 렌더 결과와 연결","해당 원본 컨트롤의 노출 조건·클릭/필터/취소 결과를 Golden fixture로 검증","<button class=""'+(!G.ssf&&!G.alf?'on':'')+'"" onclick=""G.ssf=null;G.alf=null;render()"">"
"C00822","UNRESOLVED_CONTROL","rStageList: '+s+' '+all.filter(function(d){return stageLabel(d.code)===s}).length+'","페이지 데이터/상태 경로: 정확한 runtime reachability 미확인","직접 literal write 발견 없음; 간접 호출은 미확인","golden/mobile.html:1890","미확정: 원본 handler/template 추적 필요","TEST_MISSING","중복정의·동적 template·상위함수 호출을 실제 렌더 결과와 연결","해당 원본 컨트롤의 노출 조건·클릭/필터/취소 결과를 Golden fixture로 검증","<button class=""'+(G.ssf===s?'on':'')+'"" onclick=""G.ssf=\''+s+'\';G.alf=null;render()"">"
"C00823","UNRESOLVED_CONTROL","rStageList: '+AL.label+' '+alerts.length+'","페이지 데이터/상태 경로: 정확한 runtime reachability 미확인","직접 literal write 발견 없음; 간접 호출은 미확인","golden/mobile.html:1891","미확정: 원본 handler/template 추적 필요","TEST_MISSING","중복정의·동적 template·상위함수 호출을 실제 렌더 결과와 연결","해당 원본 컨트롤의 노출 조건·클릭/필터/취소 결과를 Golden fixture로 검증","<button class=""'+(G.alf?'on':'')+'"" style=""color:var(--danger)"" onclick=""G.alf=!G.alf;render()"">"
"C00824","UNRESOLVED_CONTROL","rStageList: '+IC.back+'","페이지 데이터/상태 경로: 정확한 runtime reachability 미확인","직접 literal write 발견 없음; 간접 호출은 미확인","golden/mobile.html:1894","미확정: 원본 handler/template 추적 필요","TEST_MISSING","중복정의·동적 template·상위함수 호출을 실제 렌더 결과와 연결","해당 원본 컨트롤의 노출 조건·클릭/필터/취소 결과를 Golden fixture로 검증","<button class=""iconbtn"" onclick=""G.stage=null;G.ssf=null;G.alf=null;render()"">"
"C00825","UNRESOLVED_CONTROL","rStageList: '+meta[3]+(G.alf?' ✕':' — 보기')+'","페이지 데이터/상태 경로: 정확한 runtime reachability 미확인","직접 literal write 발견 없음; 간접 호출은 미확인","golden/mobile.html:1896","미확정: 원본 handler/template 추적 필요","TEST_MISSING","중복정의·동적 template·상위함수 호출을 실제 렌더 결과와 연결","해당 원본 컨트롤의 노출 조건·클릭/필터/취소 결과를 Golden fixture로 검증","<button class=""badge badge-danger"" onclick=""G.alf=!G.alf;render()"">"
"C00826","UNRESOLVED_CONTROL","rStageList: '+tile(IC.folder,'var(--blue)','var(--blue-50)')
   +'","페이지 데이터/상태 경로: 정확한 runtime reachability 미확인","직접 literal write 발견 없음; 간접 호출은 미확인","golden/mobile.html:1899","미확정: 원본 handler/template 추적 필요","TEST_MISSING","중복정의·동적 template·상위함수 호출을 실제 렌더 결과와 연결","해당 원본 컨트롤의 노출 조건·클릭/필터/취소 결과를 Golden fixture로 검증","<div class=""lrow"" data-id=""'+escAttr(d.id)+'"" onclick=""G.deal=this.dataset.id;render()"">"
"C00827","UNRESOLVED_CONTROL","rStageList: '+IC.bell+' 이 목록 담당자 쪼기","페이지 데이터/상태 경로: 정확한 runtime reachability 미확인","직접 literal write 발견 없음; 간접 호출은 미확인","golden/mobile.html:1904","미확정: 원본 handler/template 추적 필요","TEST_MISSING","중복정의·동적 template·상위함수 호출을 실제 렌더 결과와 연결","해당 원본 컨트롤의 노출 조건·클릭/필터/취소 결과를 Golden fixture로 검증","<button class=""btn btn-line"" onclick=""nudgeSheet(\''+(function(){var r=[];list.forEach(function(d){if(r.indexOf(d.rep)<0)r.push(d.rep)});return r.join(', ')})()+'\',\''+macroNm(st)+' '+AL.label+' '+list.length+'건\')"">"
"C00828","UNRESOLVED_CONTROL","appbarS: '+IC.back+'","페이지 데이터/상태 경로: 정확한 runtime reachability 미확인","직접 literal write 발견 없음; 간접 호출은 미확인","golden/mobile.html:1915","미확정: 원본 handler/template 추적 필요","TEST_MISSING","중복정의·동적 template·상위함수 호출을 실제 렌더 결과와 연결","해당 원본 컨트롤의 노출 조건·클릭/필터/취소 결과를 Golden fixture로 검증","<button class=""iconbtn"" onclick=""subBack()"">"
"C00829","UNRESOLVED_CONTROL","dealRow: '+tile(IC.folder,'var(--blue)','var(--blue-50)')
 +'","페이지 데이터/상태 경로: 정확한 runtime reachability 미확인","직접 literal write 발견 없음; 간접 호출은 미확인","golden/mobile.html:1916","미확정: 원본 handler/template 추적 필요","TEST_MISSING","중복정의·동적 template·상위함수 호출을 실제 렌더 결과와 연결","해당 원본 컨트롤의 노출 조건·클릭/필터/취소 결과를 Golden fixture로 검증","<div class=""lrow"" data-id=""'+escAttr(d.id)+'"" onclick=""G.deal=this.dataset.id;render()"">"
"C00830","F54","rSearch: '
 +'","loaded deals/contact/activity/Next에 조건검색","직접 literal write 발견 없음; 간접 호출은 미확인","golden/mobile.html:1923","scoped search/필수 read fields 없음","CONTRACT_MISSING","자연어조건/20행·7행표시/검색조건 설명 유지·전체번들fallback 금지","오늘전화/1억Next없음/이번주방문/미접촉/연락처누락/기술자문","<input id=""srch"" placeholder=""현장명·담당자 검색"" style=""width:100%;border:1.5px solid var(--blue);background:#fff;border-radius:13px;padding:14px;font:inherit;font-size:15px;outline:none"" oninput=""srchDo(this.value)"">"
"C00831","UNRESOLVED_CONTROL","rInq: 기존 건에 연결","페이지 데이터/상태 경로: 정확한 runtime reachability 미확인","직접 literal write 발견 없음; 간접 호출은 미확인","golden/mobile.html:1945","미확정: 원본 handler/template 추적 필요","TEST_MISSING","중복정의·동적 template·상위함수 호출을 실제 렌더 결과와 연결","해당 원본 컨트롤의 노출 조건·클릭/필터/취소 결과를 Golden fixture로 검증","<button class=""btn btn-line btn-sm"" style=""flex:1"" onclick=""toast(\'기존 건에 이어붙이기 — 과거 노트 포함 배정 (목업)\')"">"
"C00832","UNRESOLVED_CONTROL","rInq: 별개 현장","페이지 데이터/상태 경로: 정확한 runtime reachability 미확인","직접 literal write 발견 없음; 간접 호출은 미확인","golden/mobile.html:1945","미확정: 원본 handler/template 추적 필요","TEST_MISSING","중복정의·동적 template·상위함수 호출을 실제 렌더 결과와 연결","해당 원본 컨트롤의 노출 조건·클릭/필터/취소 결과를 Golden fixture로 검증","<button class=""btn btn-line btn-sm"" style=""flex:1"" onclick=""toast(\'별개 현장으로 처리 — 사유 기록 (목업)\')"">"
"C00833","UNRESOLVED_CONTROL","rInq: '+IC.phone+' 전화","페이지 데이터/상태 경로: 정확한 runtime reachability 미확인","직접 literal write 발견 없음; 간접 호출은 미확인","golden/mobile.html:1946","미확정: 원본 handler/template 추적 필요","TEST_MISSING","중복정의·동적 template·상위함수 호출을 실제 렌더 결과와 연결","해당 원본 컨트롤의 노출 조건·클릭/필터/취소 결과를 Golden fixture로 검증","<button class=""btn btn-line"" style=""flex:1"" onclick=""callInquiry('+s.i+')"">"
"C00834","UNRESOLVED_CONTROL","rInq: '+(q.rep==='미배정'?'배정하기':'재배정')+'","페이지 데이터/상태 경로: 정확한 runtime reachability 미확인","직접 literal write 발견 없음; 간접 호출은 미확인","golden/mobile.html:1946","미확정: 원본 handler/template 추적 필요","TEST_MISSING","중복정의·동적 template·상위함수 호출을 실제 렌더 결과와 연결","해당 원본 컨트롤의 노출 조건·클릭/필터/취소 결과를 Golden fixture로 검증","<button class=""btn btn-primary"" style=""flex:1"" onclick=""assignSheet('+s.i+')"">"
"C00835","UNRESOLVED_CONTROL","rInqAssigned: '+esc(phoneFmt(q.phone))+'","페이지 데이터/상태 경로: 정확한 runtime reachability 미확인","직접 literal write 발견 없음; 간접 호출은 미확인","golden/mobile.html:1949","미확정: 원본 handler/template 추적 필요","TEST_MISSING","중복정의·동적 template·상위함수 호출을 실제 렌더 결과와 연결","해당 원본 컨트롤의 노출 조건·클릭/필터/취소 결과를 Golden fixture로 검증","<button class=""v"" style=""color:var(--blue)"" onclick=""location.href=\'tel:'+phoneN(q.phone)+'\'"">"
"C00836","UNRESOLVED_CONTROL","rInqAssigned: '+IC.phone+' 전화하기","페이지 데이터/상태 경로: 정확한 runtime reachability 미확인","직접 literal write 발견 없음; 간접 호출은 미확인","golden/mobile.html:1949","미확정: 원본 handler/template 추적 필요","TEST_MISSING","중복정의·동적 template·상위함수 호출을 실제 렌더 결과와 연결","해당 원본 컨트롤의 노출 조건·클릭/필터/취소 결과를 Golden fixture로 검증","<button class=""btn btn-primary"" onclick=""location.href=\'tel:'+phoneN(q.phone)+'\'"">"
"C00837","UNRESOLVED_CONTROL","rInqAssigned: '+v+'","페이지 데이터/상태 경로: 정확한 runtime reachability 미확인","직접 literal write 발견 없음; 간접 호출은 미확인","golden/mobile.html:1949","미확정: 원본 handler/template 추적 필요","TEST_MISSING","중복정의·동적 template·상위함수 호출을 실제 렌더 결과와 연결","해당 원본 컨트롤의 노출 조건·클릭/필터/취소 결과를 Golden fixture로 검증","<button class=""cchip gr"" data-v=""'+escAttr(v)+'"" onclick=""recordInquiryResponse(\''+escAttr(q.key)+'\',this.dataset.v)"">"
"C00838","UNRESOLVED_CONTROL","assignSheet: button","페이지 데이터/상태 경로: 정확한 runtime reachability 미확인","직접 literal write 발견 없음; 간접 호출은 미확인","golden/mobile.html:1958","미확정: 원본 handler/template 추적 필요","TEST_MISSING","중복정의·동적 template·상위함수 호출을 실제 렌더 결과와 연결","해당 원본 컨트롤의 노출 조건·클릭/필터/취소 결과를 Golden fixture로 검증","<button class=""cchip '+(rec?'b':'gr')+'"" onclick=""pickAssign('+i+',\''+r+'\')"">"
"C00839","UNRESOLVED_CONTROL","rOverdue: 이 단계 쪼기","페이지 데이터/상태 경로: 정확한 runtime reachability 미확인","직접 literal write 발견 없음; 간접 호출은 미확인","golden/mobile.html:1968","미확정: 원본 handler/template 추적 필요","TEST_MISSING","중복정의·동적 template·상위함수 호출을 실제 렌더 결과와 연결","해당 원본 컨트롤의 노출 조건·클릭/필터/취소 결과를 Golden fixture로 검증","<button class=""btn btn-line btn-sm"" onclick=""nudgeSheet(\''+s.nm+'\',\''+macroNm(st)+' '+lbl+' '+L.length+'건\')"">"
"C00840","UNRESOLVED_CONTROL","rOverdue: 이 단계 쪼기","페이지 데이터/상태 경로: 정확한 runtime reachability 미확인","직접 literal write 발견 없음; 간접 호출은 미확인","golden/mobile.html:1974","미확정: 원본 handler/template 추적 필요","TEST_MISSING","중복정의·동적 template·상위함수 호출을 실제 렌더 결과와 연결","해당 원본 컨트롤의 노출 조건·클릭/필터/취소 결과를 Golden fixture로 검증","<button class=""btn btn-line btn-sm"" onclick=""nudgeSheet(\''+s.nm+'\',\'견적문의 응대 초과 '+iq.length+'건\')"">"
"C00841","UNRESOLVED_CONTROL","rOverdue: '+tile(IC.phone,'var(--warn)','var(--warn-bg)')
      +'","페이지 데이터/상태 경로: 정확한 runtime reachability 미확인","직접 literal write 발견 없음; 간접 호출은 미확인","golden/mobile.html:1976","미확정: 원본 handler/template 추적 필요","TEST_MISSING","중복정의·동적 template·상위함수 호출을 실제 렌더 결과와 연결","해당 원본 컨트롤의 노출 조건·클릭/필터/취소 결과를 Golden fixture로 검증","<div class=""lrow"" onclick=""toast(\'문의 상세 — 원문·연락처·이력 (목업 생략)\')"">"
"C00842","UNRESOLVED_CONTROL","rOverdue: '+IC.bell+' 전체 쪼기","페이지 데이터/상태 경로: 정확한 runtime reachability 미확인","직접 literal write 발견 없음; 간접 호출은 미확인","golden/mobile.html:1986","미확정: 원본 handler/template 추적 필요","TEST_MISSING","중복정의·동적 template·상위함수 호출을 실제 렌더 결과와 연결","해당 원본 컨트롤의 노출 조건·클릭/필터/취소 결과를 Golden fixture로 검증","<button class=""btn btn-primary"" onclick=""nudgeSheet(\''+s.nm+'\',\'전체 '+total+'건\')"">"
"C00843","UNRESOLVED_CONTROL","nudgeSheet: 팀 채널로 발송","페이지 데이터/상태 경로: 정확한 runtime reachability 미확인","직접 literal write 발견 없음; 간접 호출은 미확인","golden/mobile.html:1994","미확정: 원본 handler/template 추적 필요","TEST_MISSING","중복정의·동적 template·상위함수 호출을 실제 렌더 결과와 연결","해당 원본 컨트롤의 노출 조건·클릭/필터/취소 결과를 Golden fixture로 검증","<button class=""btn btn-primary"" onclick=""closeSheet();toast(\'쪼기 발송 완료 — 팀 채널 + 이행률 기록\')"">"
"C00844","UNRESOLVED_CONTROL","skipSheet: '+r+'","페이지 데이터/상태 경로: 정확한 runtime reachability 미확인","직접 literal write 발견 없음; 간접 호출은 미확인","golden/mobile.html:2035","미확정: 원본 handler/template 추적 필요","TEST_MISSING","중복정의·동적 template·상위함수 호출을 실제 렌더 결과와 연결","해당 원본 컨트롤의 노출 조건·클릭/필터/취소 결과를 Golden fixture로 검증","<button class=""cchip gr"" onclick=""pickSkip('+i+',\''+r+'\')"">"
"C00845","UNRESOLVED_CONTROL","exSheet: '+stageLabel(s)+'","페이지 데이터/상태 경로: 정확한 runtime reachability 미확인","직접 literal write 발견 없음; 간접 호출은 미확인","golden/mobile.html:2047","미확정: 원본 handler/template 추적 필요","TEST_MISSING","중복정의·동적 template·상위함수 호출을 실제 렌더 결과와 연결","해당 원본 컨트롤의 노출 조건·클릭/필터/취소 결과를 Golden fixture로 검증","<button class=""cchip gr"" onclick=""exReason(\''+s+'\')"">"
"C00846","UNRESOLVED_CONTROL","exReason: '+r+'","페이지 데이터/상태 경로: 정확한 runtime reachability 미확인","직접 literal write 발견 없음; 간접 호출은 미확인","golden/mobile.html:2051","미확정: 원본 handler/template 추적 필요","TEST_MISSING","중복정의·동적 template·상위함수 호출을 실제 렌더 결과와 연결","해당 원본 컨트롤의 노출 조건·클릭/필터/취소 결과를 Golden fixture로 검증","<button class=""cchip gr"" onclick=""commitMoveR(\''+to+'\',\'예외: '+r+'\')"">"
"C00847","UNRESOLVED_CONTROL","reassignSheet: button","페이지 데이터/상태 경로: 정확한 runtime reachability 미확인","직접 literal write 발견 없음; 간접 호출은 미확인","golden/mobile.html:2059","미확정: 원본 handler/template 추적 필요","TEST_MISSING","중복정의·동적 template·상위함수 호출을 실제 렌더 결과와 연결","해당 원본 컨트롤의 노출 조건·클릭/필터/취소 결과를 Golden fixture로 검증","<button class=""cchip '+(ri===0?'b':'gr')+'"" onclick=""pickReassign(\''+r+'\')"">"
"C00848","UNRESOLVED_CONTROL","prospectWorkHTML: =0?'on':'')+'"" data-k=""'+escAttr(k)+'"" onclick=""toggleProspectWork(this.dataset.","페이지 데이터/상태 경로: 정확한 runtime reachability 미확인","직접 literal write 발견 없음; 간접 호출은 미확인","golden/mobile.html:2082","미확정: 원본 handler/template 추적 필요","TEST_MISSING","중복정의·동적 template·상위함수 호출을 실제 렌더 결과와 연결","해당 원본 컨트롤의 노출 조건·클릭/필터/취소 결과를 Golden fixture로 검증","<button type=""button"" class=""m-workopt '+(G.pWorkItems.indexOf(k)>"
"C00849","UNRESOLVED_CONTROL","prospectWorkHTML: ':'')+'","페이지 데이터/상태 경로: 정확한 runtime reachability 미확인","직접 literal write 발견 없음; 간접 호출은 미확인","golden/mobile.html:2082","미확정: 원본 handler/template 추적 필요","TEST_MISSING","중복정의·동적 template·상위함수 호출을 실제 렌더 결과와 연결","해당 원본 컨트롤의 노출 조건·클릭/필터/취소 결과를 Golden fixture로 검증","<input id=""pworkother"" class=""m-workother"" value=""'+escAttr(G.pWorkOther||'')+'"" oninput=""G.pWorkOther=this.value;paintProspectWorkSummary()"" placeholder=""기타 공종 직접 입력"">"
"C00850","UNRESOLVED_CONTROL","prospectWorkHTML: select","페이지 데이터/상태 경로: 정확한 runtime reachability 미확인","직접 literal write 발견 없음; 간접 호출은 미확인","golden/mobile.html:2082","미확정: 원본 handler/template 추적 필요","TEST_MISSING","중복정의·동적 template·상위함수 호출을 실제 렌더 결과와 연결","해당 원본 컨트롤의 노출 조건·클릭/필터/취소 결과를 Golden fixture로 검증","<select id=""pworkprimary"" class=""m-workprimary"" onchange=""G.pPrimaryWork=this.value;paintProspectWorkSummary()"">"
"C00851","F66","rProspect: '
 +'","로컬 G/공지/검색/담당 Master","직접 literal write 발견 없음; 간접 호출은 미확인","golden/mobile.html:2090","v2 신규/알림/설정계약 미완성","CONTRACT_MISSING","보이는버튼과 demo/placeholder 기능 구별필요; 숨겨서완료금지","모든탭·신규저장·중복안내·명함/음성미지원·권한","<input id=""pname"" value=""'+escAttr(G.pnm||'')+'"" oninput=""G.pnm=this.value"" placeholder=""예: [수원] 광교더리브아파트"" style=""width:100%;border:1px solid var(--line-2);border-radius:12px;padding:13px;font:inherit;font-size:15px;outline:none;box-sizing:border-box"">"
"C00852","F66","rProspect: '+IC.camera+' 명함·현수막 촬영으로 자동 인식","로컬 G/공지/검색/담당 Master","직접 literal write 발견 없음; 간접 호출은 미확인","golden/mobile.html:2091","v2 신규/알림/설정계약 미완성","CONTRACT_MISSING","보이는버튼과 demo/placeholder 기능 구별필요; 숨겨서완료금지","모든탭·신규저장·중복안내·명함/음성미지원·권한","<button class=""btn btn-line"" style=""margin-top:10px"" onclick=""scanCard()"">"
"C00853","F66","rProspect: '
 +'","로컬 G/공지/검색/담당 Master","직접 literal write 발견 없음; 간접 호출은 미확인","golden/mobile.html:2092","v2 신규/알림/설정계약 미완성","CONTRACT_MISSING","보이는버튼과 demo/placeholder 기능 구별필요; 숨겨서완료금지","모든탭·신규저장·중복안내·명함/음성미지원·권한","<input id=""pwork"" value=""'+escAttr(G.pwork||'')+'"" oninput=""G.pwork=this.value"" placeholder=""예: 옥상 방수 재도장공사"" style=""width:100%;border:1px solid var(--line-2);border-radius:12px;padding:13px;font:inherit;font-size:15px;outline:none;box-sizing:border-box"">"
"C00854","F66","rProspect: '+esc(b)+'","로컬 G/공지/검색/담당 Master","직접 literal write 발견 없음; 간접 호출은 미확인","golden/mobile.html:2094","v2 신규/알림/설정계약 미완성","CONTRACT_MISSING","보이는버튼과 demo/placeholder 기능 구별필요; 숨겨서완료금지","모든탭·신규저장·중복안내·명함/음성미지원·권한","<button class=""cchip '+(biz===b?'b':'gr')+'"" data-b=""'+escAttr(b)+'"" onclick=""G.pbiz=this.dataset.b;render()"">"
"C00855","F66","rProspect: '
 +'","로컬 G/공지/검색/담당 Master","직접 literal write 발견 없음; 간접 호출은 미확인","golden/mobile.html:2096","v2 신규/알림/설정계약 미완성","CONTRACT_MISSING","보이는버튼과 demo/placeholder 기능 구별필요; 숨겨서완료금지","모든탭·신규저장·중복안내·명함/음성미지원·권한","<input id=""pamt"" type=""number"" min=""0"" step=""1000000"" value=""'+escAttr(G.pamt||'')+'"" oninput=""G.pamt=this.value"" placeholder=""예: 150000000"" style=""width:100%;border:1px solid var(--line-2);border-radius:12px;padding:13px;font:inherit;font-size:15px;outline:none;box-sizing:border-box"">"
"C00856","F66","rProspect: '
 +'","로컬 G/공지/검색/담당 Master","직접 literal write 발견 없음; 간접 호출은 미확인","golden/mobile.html:2097","v2 신규/알림/설정계약 미완성","CONTRACT_MISSING","보이는버튼과 demo/placeholder 기능 구별필요; 숨겨서완료금지","모든탭·신규저장·중복안내·명함/음성미지원·권한","<input id=""paddr"" value=""'+escAttr(G.paddr||'')+'"" oninput=""G.paddr=this.value"" placeholder=""예: 경기 수원시 영통구 ..."" style=""width:100%;border:1px solid var(--line-2);border-radius:12px;padding:13px;font:inherit;font-size:15px;outline:none;box-sizing:border-box"">"
"C00857","F66","rProspect: '
 +'","로컬 G/공지/검색/담당 Master","직접 literal write 발견 없음; 간접 호출은 미확인","golden/mobile.html:2098","v2 신규/알림/설정계약 미완성","CONTRACT_MISSING","보이는버튼과 demo/placeholder 기능 구별필요; 숨겨서완료금지","모든탭·신규저장·중복안내·명함/음성미지원·권한","<input id=""poffice"" inputmode=""tel"" value=""'+escAttr(G.poffice||'')+'"" oninput=""G.poffice=this.value"" placeholder=""예: 031-123-4567"" style=""width:100%;border:1px solid var(--line-2);border-radius:12px;padding:13px;font:inherit;font-size:15px;outline:none;box-sizing:border-box"">"
"C00858","F66","rProspect: '
 +'","로컬 G/공지/검색/담당 Master","직접 literal write 발견 없음; 간접 호출은 미확인","golden/mobile.html:2099","v2 신규/알림/설정계약 미완성","CONTRACT_MISSING","보이는버튼과 demo/placeholder 기능 구별필요; 숨겨서완료금지","모든탭·신규저장·중복안내·명함/음성미지원·권한","<input id=""pmanager"" value=""'+escAttr(G.pmanager||'')+'"" oninput=""G.pmanager=this.value"" placeholder=""예: 김민수"" style=""width:100%;border:1px solid var(--line-2);border-radius:12px;padding:13px;font:inherit;font-size:15px;outline:none;box-sizing:border-box"">"
"C00859","F66","rProspect: input","로컬 G/공지/검색/담당 Master","직접 literal write 발견 없음; 간접 호출은 미확인","golden/mobile.html:2100","v2 신규/알림/설정계약 미완성","CONTRACT_MISSING","보이는버튼과 demo/placeholder 기능 구별필요; 숨겨서완료금지","모든탭·신규저장·중복안내·명함/음성미지원·권한","<input id=""pmobile"" inputmode=""tel"" value=""'+escAttr(G.pmobile||'')+'"" oninput=""G.pmobile=this.value;managerHintM()"" placeholder=""예: 010-1234-5678"" style=""width:100%;border:1px solid var(--line-2);border-radius:12px;padding:13px;font:inherit;font-size:15px;outline:none;box-sizing:border-box"">"
"C00860","F66","rProspect: '
 +'","로컬 G/공지/검색/담당 Master","직접 literal write 발견 없음; 간접 호출은 미확인","golden/mobile.html:2101","v2 신규/알림/설정계약 미완성","CONTRACT_MISSING","보이는버튼과 demo/placeholder 기능 구별필요; 숨겨서완료금지","모든탭·신규저장·중복안내·명함/음성미지원·권한","<input id=""pemail"" type=""email"" value=""'+escAttr(G.pemail||'')+'"" oninput=""G.pemail=this.value"" placeholder=""예: office@example.com"" style=""width:100%;border:1px solid var(--line-2);border-radius:12px;padding:13px;font:inherit;font-size:15px;outline:none;box-sizing:border-box"">"
"C00861","F66","rProspect: 등록하기","로컬 G/공지/검색/담당 Master","직접 literal write 발견 없음; 간접 호출은 미확인","golden/mobile.html:2103","v2 신규/알림/설정계약 미완성","CONTRACT_MISSING","보이는버튼과 demo/placeholder 기능 구별필요; 숨겨서완료금지","모든탭·신규저장·중복안내·명함/음성미지원·권한","<button class=""btn btn-primary"" style=""margin-top:14px"" data-gate=""nd"" disabled onclick=""addProspect()"">"
"C00862","F56","dupSheet: button","B.dups / orgs/deals","직접 literal write 발견 없음; 간접 호출은 미확인","golden/mobile.html:2135","v2 duplicate-site reader/resolution 없음","CONTRACT_MISSING","Golden의 병합전상태와 로컬 데이터정리센터는 별개 구현","원본ID/이력/매출유지·같은site다른deal 자동병합0","<button class=""cchip b"" data-id=""'+escAttr(d.id)+'"" onclick=""closeSheet();G.deal=this.dataset.id;G.tab=\'mine\';render()"">"
"C00863","F66","rNoti: 열기","로컬 G/공지/검색/담당 Master","직접 literal write 발견 없음; 간접 호출은 미확인","golden/mobile.html:2143","v2 신규/알림/설정계약 미완성","CONTRACT_MISSING","보이는버튼과 demo/placeholder 기능 구별필요; 숨겨서완료금지","모든탭·신규저장·중복안내·명함/음성미지원·권한","<button class=""btn btn-line btn-sm"" onclick=""G.sub=null;G.tab=\'today\';render()"">"
"C00864","F66","rNoti: 보기","로컬 G/공지/검색/담당 Master","직접 literal write 발견 없음; 간접 호출은 미확인","golden/mobile.html:2144","v2 신규/알림/설정계약 미완성","CONTRACT_MISSING","보이는버튼과 demo/placeholder 기능 구별필요; 숨겨서완료금지","모든탭·신규저장·중복안내·명함/음성미지원·권한","<button class=""btn btn-line btn-sm"" onclick=""G.sub=null;G.deal=3;render()"">"
"C00865","F66","rNoti: 정리","로컬 G/공지/검색/담당 Master","직접 literal write 발견 없음; 간접 호출은 미확인","golden/mobile.html:2148","v2 신규/알림/설정계약 미완성","CONTRACT_MISSING","보이는버튼과 demo/placeholder 기능 구별필요; 숨겨서완료금지","모든탭·신규저장·중복안내·명함/음성미지원·권한","<button class=""btn btn-line btn-sm"" onclick=""G.sub={t:\'hyg\'};render()"">"
"C00866","F66","rNoti: 설정","로컬 G/공지/검색/담당 Master","직접 literal write 발견 없음; 간접 호출은 미확인","golden/mobile.html:2149","v2 신규/알림/설정계약 미완성","CONTRACT_MISSING","보이는버튼과 demo/placeholder 기능 구별필요; 숨겨서완료금지","모든탭·신규저장·중복안내·명함/음성미지원·권한","<button class=""btn btn-line btn-sm"" onclick=""G.sub={t:\'set\'};render()"">"
"C00867","F66","rSet: '+(s.quiet?'켜짐':'꺼짐')+'","로컬 G/공지/검색/담당 Master","직접 literal write 발견 없음; 간접 호출은 미확인","golden/mobile.html:2158","v2 신규/알림/설정계약 미완성","CONTRACT_MISSING","보이는버튼과 demo/placeholder 기능 구별필요; 숨겨서완료금지","모든탭·신규저장·중복안내·명함/음성미지원·권한","<button class=""badge '+(s.quiet?'badge-ok':'badge-gray')+'"" onclick=""G.set.quiet=!G.set.quiet;render()"">"
"C00868","F66","rSet: '+h+'","로컬 G/공지/검색/담당 Master","직접 literal write 발견 없음; 간접 호출은 미확인","golden/mobile.html:2159","v2 신규/알림/설정계약 미완성","CONTRACT_MISSING","보이는버튼과 demo/placeholder 기능 구별필요; 숨겨서완료금지","모든탭·신규저장·중복안내·명함/음성미지원·권한","<button class=""cchip '+(s.hour===h?'b':'gr')+'"" onclick=""G.set.hour=\''+h+'\';render()"">"
"C00869","F66","rSet: '+(s.vac?'사용 중':'꺼짐')+'","로컬 G/공지/검색/담당 Master","직접 literal write 발견 없음; 간접 호출은 미확인","golden/mobile.html:2160","v2 신규/알림/설정계약 미완성","CONTRACT_MISSING","보이는버튼과 demo/placeholder 기능 구별필요; 숨겨서완료금지","모든탭·신규저장·중복안내·명함/음성미지원·권한","<button class=""badge '+(s.vac?'badge-warn':'badge-gray')+'"" onclick=""G.set.vac=!G.set.vac;render()"">"
"C00870","F66","rSet: '+r+'","로컬 G/공지/검색/담당 Master","직접 literal write 발견 없음; 간접 호출은 미확인","golden/mobile.html:2161","v2 신규/알림/설정계약 미완성","CONTRACT_MISSING","보이는버튼과 demo/placeholder 기능 구별필요; 숨겨서완료금지","모든탭·신규저장·중복안내·명함/음성미지원·권한","<button class=""cchip '+(s.deleg===r?'b':'gr')+'"" onclick=""G.set.deleg=\''+r+'\';toast(\'휴가 중 알림이 '+r+'님에게 갑니다\');render()"">"
"C00871","F65","rClosed: '
   +tile(d.outcome==='won'?IC.check:IC.alert,d.outcome==='won'?'var(--ok)':'va","DEALS/ADMIN + role/mode/state filters","직접 literal write 발견 없음; 간접 호출은 미확인","golden/mobile.html:2174","기존 mobile 어댑터 없음","CONTRACT_MISSING","축약 mobile.html은 기존하단탭/Sheet/관리 drilldown과 다름","rep/admin/dual·전체탭·분류·뒤로가기·같은ID 상세","<div class=""lrow"" data-id=""'+escAttr(d.id)+'"" onclick=""G.deal=this.dataset.id;render()"">"
"C00872","F65","rClosed: '+OUTCOMES[o].nm+' '+cnt[o]+'","DEALS/ADMIN + role/mode/state filters","직접 literal write 발견 없음; 간접 호출은 미확인","golden/mobile.html:2181","기존 mobile 어댑터 없음","CONTRACT_MISSING","축약 mobile.html은 기존하단탭/Sheet/관리 drilldown과 다름","rep/admin/dual·전체탭·분류·뒤로가기·같은ID 상세","<button class=""'+(G.cl===o?'on':'')+'"" data-o=""'+o+'"" onclick=""G.cl=this.dataset.o;render()"">"
"C00873","UNRESOLVED_CONTROL","rAxis: 면담 안건 만들기","페이지 데이터/상태 경로: 정확한 runtime reachability 미확인","직접 literal write 발견 없음; 간접 호출은 미확인","golden/mobile.html:2193","미확정: 원본 handler/template 추적 필요","TEST_MISSING","중복정의·동적 template·상위함수 호출을 실제 렌더 결과와 연결","해당 원본 컨트롤의 노출 조건·클릭/필터/취소 결과를 Golden fixture로 검증","<button class=""btn btn-primary"" onclick=""coachSheet(\''+s.nm+'\')"">"
"C00874","UNRESOLVED_CONTROL","rCoach: 안건","페이지 데이터/상태 경로: 정확한 runtime reachability 미확인","직접 literal write 발견 없음; 간접 호출은 미확인","golden/mobile.html:2201","미확정: 원본 handler/template 추적 필요","TEST_MISSING","중복정의·동적 template·상위함수 호출을 실제 렌더 결과와 연결","해당 원본 컨트롤의 노출 조건·클릭/필터/취소 결과를 Golden fixture로 검증","<button class=""btn btn-line btn-sm"" onclick=""coachSheet(\''+r[0]+'\')"">"
"C00875","UNRESOLVED_CONTROL","coachSheet: 잔디로 보내기","페이지 데이터/상태 경로: 정확한 runtime reachability 미확인","직접 literal write 발견 없음; 간접 호출은 미확인","golden/mobile.html:2206","미확정: 원본 handler/template 추적 필요","TEST_MISSING","중복정의·동적 template·상위함수 호출을 실제 렌더 결과와 연결","해당 원본 컨트롤의 노출 조건·클릭/필터/취소 결과를 Golden fixture로 검증","<button class=""btn btn-primary"" onclick=""closeSheet();toast(\'면담 안건 저장 — 잔디 1:1로 발송 (목업)\')"">"
"C00876","F61","rMonthly: PDF 미리보기","주간 stage history/지난주진행/이번주Next","직접 literal write 발견 없음; 간접 호출은 미확인","golden/mobile.html:2224","brief aggregate + 외부자동화계약 없음","CONTRACT_MISSING","UI 자동생성 문구만으로 실제스케줄/발송 구현 확정 불가","월요일경계·이력부족·담당필터; 외부발송은별도스테이징승인","<button class=""btn btn-line"" style=""flex:1"" onclick=""toast(\'PDF 미리보기 생성 (목업)\')"">"
"C00877","F61","rMonthly: 잔디 발송","주간 stage history/지난주진행/이번주Next","직접 literal write 발견 없음; 간접 호출은 미확인","golden/mobile.html:2224","brief aggregate + 외부자동화계약 없음","CONTRACT_MISSING","UI 자동생성 문구만으로 실제스케줄/발송 구현 확정 불가","월요일경계·이력부족·담당필터; 외부발송은별도스테이징승인","<button class=""btn btn-primary"" style=""flex:1"" onclick=""toast(\'대표 보고 채널로 발송 (목업)\')"">"
"C00878","F56","rDups: '+tile(IC.folder,'var(--warn)','var(--warn-bg)')+'","B.dups / orgs/deals","직접 literal write 발견 없음; 간접 호출은 미확인","golden/mobile.html:2233","v2 duplicate-site reader/resolution 없음","CONTRACT_MISSING","Golden의 병합전상태와 로컬 데이터정리센터는 별개 구현","원본ID/이력/매출유지·같은site다른deal 자동병합0","<div class=""lrow"" onclick=""G._dg['+gi+']=!G._dg['+gi+'];render()"">"
"C00879","F56","rDups: 확인했어요 — 병합 요청","B.dups / orgs/deals","직접 literal write 발견 없음; 간접 호출은 미확인","golden/mobile.html:2234","v2 duplicate-site reader/resolution 없음","CONTRACT_MISSING","Golden의 병합전상태와 로컬 데이터정리센터는 별개 구현","원본ID/이력/매출유지·같은site다른deal 자동병합0","<button class=""btn btn-line btn-sm"" style=""margin:8px 0 10px"" onclick=""toast(\'병합 요청 기록 — 관리자 확인 후 처리 (목업)\')"">"
"C00880","UNRESOLVED_CONTROL","photoSheet: '+IC.camera+' 촬영·추가","페이지 데이터/상태 경로: 정확한 runtime reachability 미확인","직접 literal write 발견 없음; 간접 호출은 미확인","golden/mobile.html:2244","미확정: 원본 handler/template 추적 필요","TEST_MISSING","중복정의·동적 template·상위함수 호출을 실제 렌더 결과와 연결","해당 원본 컨트롤의 노출 조건·클릭/필터/취소 결과를 Golden fixture로 검증","<button class=""btn btn-primary"" onclick=""addPhoto()"">"
"C00881","UNRESOLVED_CONTROL","tmplSheet: button","페이지 데이터/상태 경로: 정확한 runtime reachability 미확인","직접 literal write 발견 없음; 간접 호출은 미확인","golden/mobile.html:2258","미확정: 원본 handler/template 추적 필요","TEST_MISSING","중복정의·동적 template·상위함수 호출을 실제 렌더 결과와 연결","해당 원본 컨트롤의 노출 조건·클릭/필터/취소 결과를 Golden fixture로 검증","<button class=""cchip '+(i===0?'b':'gr')+'"" onclick=""sendTmpl(\''+t[0]+'\')"">"
"C00882","F58","rPerf: '+tile('","본사 담당 Master+deal/inquiry/activities/stagehistory","직접 literal write 발견 없음; 간접 호출은 미확인","golden/mobile.html:2269","KPI scoped contract 없음","CONTRACT_MISSING","정본분모/목표/가중/수집중·branch제외·상담≠영업을 그대로","동일fixture로점수/수주/미래/위험/누락일치·partial전체표시금지","<div class=""prow"" style=""cursor:pointer"" onclick=""G.sub={t:\'axis\',nm:\''+r[0]+'\',amt:\''+r[1]+'\'};render()"">"
"C00883","F58","rPerf: 코칭 신호 3건 보기","본사 담당 Master+deal/inquiry/activities/stagehistory","직접 literal write 발견 없음; 간접 호출은 미확인","golden/mobile.html:2270","KPI scoped contract 없음","CONTRACT_MISSING","정본분모/목표/가중/수집중·branch제외·상담≠영업을 그대로","동일fixture로점수/수주/미래/위험/누락일치·partial전체표시금지","<button class=""btn btn-line btn-sm"" style=""margin-top:8px"" onclick=""G.sub={t:\'coach\'};render()"">"
"C00884","F60","rRpt: '+tile(IC.sun,'var(--blue)','var(--blue-50)')+'","실적/미래가능성/리스크/외부채널+기간","직접 literal write 발견 없음; 간접 호출은 미확인","golden/mobile.html:2277","executive report v2 없음","CONTRACT_MISSING","경남은회사전체포함/담당자외부분리·미확정숫자표시 필요","금액시점/수주수/고위험/대표결정 카드와원본일치","<div class=""prow"" style=""cursor:pointer"" onclick=""G.sub={t:\'brief\'};render()"">"
"C00885","F60","rRpt: '+tile(IC.doc,'var(--blue)','var(--blue-50)')+'","실적/미래가능성/리스크/외부채널+기간","직접 literal write 발견 없음; 간접 호출은 미확인","golden/mobile.html:2278","executive report v2 없음","CONTRACT_MISSING","경남은회사전체포함/담당자외부분리·미확정숫자표시 필요","금액시점/수주수/고위험/대표결정 카드와원본일치","<div class=""prow"" style=""cursor:pointer"" onclick=""G.sub={t:\'monthly\'};render()"">"
"C00886","F60","rRpt: '+tile(IC.alert,'var(--warn)','var(--warn-bg)')+'","실적/미래가능성/리스크/외부채널+기간","직접 literal write 발견 없음; 간접 호출은 미확인","golden/mobile.html:2279","executive report v2 없음","CONTRACT_MISSING","경남은회사전체포함/담당자외부분리·미확정숫자표시 필요","금액시점/수주수/고위험/대표결정 카드와원본일치","<div class=""prow"" style=""cursor:pointer"" onclick=""G.sub={t:\'dups\'};render()"">"
"C00887","F41","rmBadgesM: ＋ 연락처 추가","contacts/people/contact_assignment","contact_upsert","golden/mobile.html:2295","contact-write v2 없음","CONTRACT_MISSING","직함/대표번호/개인휴대폰·재직기간·이동이력·동의 범위 보존","이름같음 자동병합금지·이동시 양쪽현장/history·UUID+권한","<button class=""btn btn-primary"" onclick=""contactEditSheetM(\'\')"">"
"C00888","F41","rmBadgesM: ＋ 추가","contacts/people/contact_assignment","contact_upsert","golden/mobile.html:2295","contact-write v2 없음","CONTRACT_MISSING","직함/대표번호/개인휴대폰·재직기간·이동이력·동의 범위 보존","이름같음 자동병합금지·이동시 양쪽현장/history·UUID+권한","<button onclick=""contactEditSheetM(\'\')"" style=""color:var(--blue);font-weight:800"">"
"C00889","F41","rmBadgesM: button","contacts/people/contact_assignment","contact_upsert","golden/mobile.html:2295","contact-write v2 없음","CONTRACT_MISSING","직함/대표번호/개인휴대폰·재직기간·이동이력·동의 범위 보존","이름같음 자동병합금지·이동시 양쪽현장/history·UUID+권한","<button '+(!c.officeTel?'disabled':'')+' onclick=""callContactM(\'office\',\''+key+'\')"">"
"C00890","F41","rmBadgesM: button","contacts/people/contact_assignment","contact_upsert","golden/mobile.html:2295","contact-write v2 없음","CONTRACT_MISSING","직함/대표번호/개인휴대폰·재직기간·이동이력·동의 범위 보존","이름같음 자동병합금지·이동시 양쪽현장/history·UUID+권한","<button '+(!c.mobile?'disabled':'')+' onclick=""callContactM(\'mobile\',\''+key+'\')"">"
"C00891","F41","rmBadgesM: 📞 사무소","contacts/people/contact_assignment","contact_upsert","golden/mobile.html:2295","contact-write v2 없음","CONTRACT_MISSING","직함/대표번호/개인휴대폰·재직기간·이동이력·동의 범위 보존","이름같음 자동병합금지·이동시 양쪽현장/history·UUID+권한","<button '+(!c.officeTel?'disabled':'')+' onclick=""callContactM(\'office\',\''+key+'\')"">"
"C00892","F41","rmBadgesM: 📱 전화","contacts/people/contact_assignment","contact_upsert","golden/mobile.html:2295","contact-write v2 없음","CONTRACT_MISSING","직함/대표번호/개인휴대폰·재직기간·이동이력·동의 범위 보존","이름같음 자동병합금지·이동시 양쪽현장/history·UUID+권한","<button class=""pri"" '+(!c.mobile?'disabled':'')+' onclick=""callContactM(\'mobile\',\''+key+'\')"">"
"C00893","F41","rmBadgesM: ✉ 문자","contacts/people/contact_assignment","contact_upsert","golden/mobile.html:2295","contact-write v2 없음","CONTRACT_MISSING","직함/대표번호/개인휴대폰·재직기간·이동이력·동의 범위 보존","이름같음 자동병합금지·이동시 양쪽현장/history·UUID+권한","<button '+(!c.mobile?'disabled':'')+' onclick=""smsContactM(\''+key+'\')"">"
"C00894","F41","rmBadgesM: 💬 카카오","contacts/people/contact_assignment","contact_upsert","golden/mobile.html:2295","contact-write v2 없음","CONTRACT_MISSING","직함/대표번호/개인휴대폰·재직기간·이동이력·동의 범위 보존","이름같음 자동병합금지·이동시 양쪽현장/history·UUID+권한","<button '+(!c.mobile?'disabled':'')+' onclick=""kakaoContactM(\''+key+'\')"">"
"C00895","F41","rmBadgesM: 연락처·동의 수정","contacts/people/contact_assignment","contact_upsert","golden/mobile.html:2295","contact-write v2 없음","CONTRACT_MISSING","직함/대표번호/개인휴대폰·재직기간·이동이력·동의 범위 보존","이름같음 자동병합금지·이동시 양쪽현장/history·UUID+권한","<button onclick=""contactEditSheetM(\''+key+'\')"">"
"C00896","F41","rmBadgesM: input","contacts/people/contact_assignment","contact_upsert","golden/mobile.html:2296","contact-write v2 없음","CONTRACT_MISSING","직함/대표번호/개인휴대폰·재직기간·이동이력·동의 범위 보존","이름같음 자동병합금지·이동시 양쪽현장/history·UUID+권한","<input id=""ce-office"" inputmode=""tel"" value=""'+escAttr(c.officeTel)+'"" style=""width:100%;margin:6px 0 10px;border:1px solid var(--line-2);border-radius:11px;padding:12px;font:inherit"">"
"C00897","F41","rmBadgesM: '+CONTACT_ROLES.map(function(r){return '","contacts/people/contact_assignment","contact_upsert","golden/mobile.html:2296","contact-write v2 없음","CONTRACT_MISSING","직함/대표번호/개인휴대폰·재직기간·이동이력·동의 범위 보존","이름같음 자동병합금지·이동시 양쪽현장/history·UUID+권한","<select id=""ce-role"" style=""width:100%;margin:6px 0 10px;border:1px solid var(--line-2);border-radius:11px;padding:12px;font:inherit"">"
"C00898","F41","rmBadgesM: input","contacts/people/contact_assignment","contact_upsert","golden/mobile.html:2296","contact-write v2 없음","CONTRACT_MISSING","직함/대표번호/개인휴대폰·재직기간·이동이력·동의 범위 보존","이름같음 자동병합금지·이동시 양쪽현장/history·UUID+권한","<input id=""ce-name"" value=""'+escAttr(c.name)+'"" style=""width:100%;margin:6px 0 10px;border:1px solid var(--line-2);border-radius:11px;padding:12px;font:inherit"">"
"C00899","F41","rmBadgesM: input","contacts/people/contact_assignment","contact_upsert","golden/mobile.html:2296","contact-write v2 없음","CONTRACT_MISSING","직함/대표번호/개인휴대폰·재직기간·이동이력·동의 범위 보존","이름같음 자동병합금지·이동시 양쪽현장/history·UUID+권한","<input id=""ce-mobile"" inputmode=""tel"" value=""'+escAttr(c.mobile)+'"" style=""width:100%;margin:6px 0 10px;border:1px solid var(--line-2);border-radius:11px;padding:12px;font:inherit"">"
"C00900","F41","rmBadgesM: input","contacts/people/contact_assignment","contact_upsert","golden/mobile.html:2296","contact-write v2 없음","CONTRACT_MISSING","직함/대표번호/개인휴대폰·재직기간·이동이력·동의 범위 보존","이름같음 자동병합금지·이동시 양쪽현장/history·UUID+권한","<input id=""ce-email"" type=""email"" value=""'+escAttr(c.officeEmail)+'"" style=""width:100%;margin:6px 0 10px;border:1px solid var(--line-2);border-radius:11px;padding:12px;font:inherit"">"
"C00901","F41","rmBadgesM:  문자 광고성 정보 수신 동의","contacts/people/contact_assignment","contact_upsert","golden/mobile.html:2296","contact-write v2 없음","CONTRACT_MISSING","직함/대표번호/개인휴대폰·재직기간·이동이력·동의 범위 보존","이름같음 자동병합금지·이동시 양쪽현장/history·UUID+권한","<input id=""ce-sms"" type=""checkbox"" '+(c.smsConsent?'checked':'')+'>"
"C00902","F41","rmBadgesM:  카카오 광고성 정보 수신 동의","contacts/people/contact_assignment","contact_upsert","golden/mobile.html:2296","contact-write v2 없음","CONTRACT_MISSING","직함/대표번호/개인휴대폰·재직기간·이동이력·동의 범위 보존","이름같음 자동병합금지·이동시 양쪽현장/history·UUID+권한","<input id=""ce-kakao"" type=""checkbox"" '+(c.kakaoConsent?'checked':'')+'>"
"C00903","F41","rmBadgesM:  수신거부·발송 차단","contacts/people/contact_assignment","contact_upsert","golden/mobile.html:2296","contact-write v2 없음","CONTRACT_MISSING","직함/대표번호/개인휴대폰·재직기간·이동이력·동의 범위 보존","이름같음 자동병합금지·이동시 양쪽현장/history·UUID+권한","<input id=""ce-block"" type=""checkbox"" '+(c.sendBlocked?'checked':'')+'>"
"C00904","F41","rmBadgesM: input","contacts/people/contact_assignment","contact_upsert","golden/mobile.html:2296","contact-write v2 없음","CONTRACT_MISSING","직함/대표번호/개인휴대폰·재직기간·이동이력·동의 범위 보존","이름같음 자동병합금지·이동시 양쪽현장/history·UUID+권한","<input id=""ce-consent-at"" type=""datetime-local"" value=""'+escAttr(c.consentAt?String(c.consentAt).slice(0,16):'')+'"">"
"C00905","F41","rmBadgesM: input","contacts/people/contact_assignment","contact_upsert","golden/mobile.html:2296","contact-write v2 없음","CONTRACT_MISSING","직함/대표번호/개인휴대폰·재직기간·이동이력·동의 범위 보존","이름같음 자동병합금지·이동시 양쪽현장/history·UUID+권한","<input id=""ce-block-reason"" type=""text"" value=""'+escAttr(c.sendBlockedReason)+'"" placeholder=""예: 고객 수신거부 요청"">"
"C00906","F41","rmBadgesM: 연락처·동의 저장","contacts/people/contact_assignment","contact_upsert","golden/mobile.html:2296","contact-write v2 없음","CONTRACT_MISSING","직함/대표번호/개인휴대폰·재직기간·이동이력·동의 범위 보존","이름같음 자동병합금지·이동시 양쪽현장/history·UUID+권한","<button class=""btn btn-primary"" onclick=""saveContactM()"">"
"C00907","F43","messageSheetM: button","stage/contact/work/Next/lastMeaningful/lastOutbound","직접 literal write 발견 없음; 간접 호출은 미확인","golden/mobile.html:2331","messaging scoped read/write 없음","CONTRACT_MISSING","추천2~3개/내용편집/초안·실제발송확인·후속Next 유지","단계/계절/견적템플릿·개별Deal맥락·copy≠sent","<button class=""m-rmtemplate '+(i===idx?'on':'')+'"" onclick=""rmPickM('+i+')"">"
"C00908","F43","messageSheetM: '+esc(t.body)+'","stage/contact/work/Next/lastMeaningful/lastOutbound","직접 literal write 발견 없음; 간접 호출은 미확인","golden/mobile.html:2331","messaging scoped read/write 없음","CONTRACT_MISSING","추천2~3개/내용편집/초안·실제발송확인·후속Next 유지","단계/계절/견적템플릿·개별Deal맥락·copy≠sent","<textarea class=""m-rmbody"" id=""m-rmbody"" oninput=""rmRenderM()"">"
"C00909","F43","messageSheetM: 💬 카카오","stage/contact/work/Next/lastMeaningful/lastOutbound","직접 literal write 발견 없음; 간접 호출은 미확인","golden/mobile.html:2331","messaging scoped read/write 없음","CONTRACT_MISSING","추천2~3개/내용편집/초안·실제발송확인·후속Next 유지","단계/계절/견적템플릿·개별Deal맥락·copy≠sent","<button id=""m-rmchkakao"" onclick=""rmSwitchChannelM(\'kakao\')"">"
"C00910","F43","messageSheetM: ✉ 문자","stage/contact/work/Next/lastMeaningful/lastOutbound","직접 literal write 발견 없음; 간접 호출은 미확인","golden/mobile.html:2331","messaging scoped read/write 없음","CONTRACT_MISSING","추천2~3개/내용편집/초안·실제발송확인·후속Next 유지","단계/계절/견적템플릿·개별Deal맥락·copy≠sent","<button id=""m-rmchsms"" onclick=""rmSwitchChannelM(\'sms\')"">"
"C00911","F43","messageSheetM:  지금 확인","stage/contact/work/Next/lastMeaningful/lastOutbound","직접 literal write 발견 없음; 간접 호출은 미확인","golden/mobile.html:2331","messaging scoped read/write 없음","CONTRACT_MISSING","추천2~3개/내용편집/초안·실제발송확인·후속Next 유지","단계/계절/견적템플릿·개별Deal맥락·copy≠sent","<input type=""radio"" name=""m-rmmode"" '+(RM_M.mode==='now'?'checked':'')+' onchange=""rmModeM(\'now\')"">"
"C00912","F43","messageSheetM:  예약 알림","stage/contact/work/Next/lastMeaningful/lastOutbound","직접 literal write 발견 없음; 간접 호출은 미확인","golden/mobile.html:2331","messaging scoped read/write 없음","CONTRACT_MISSING","추천2~3개/내용편집/초안·실제발송확인·후속Next 유지","단계/계절/견적템플릿·개별Deal맥락·copy≠sent","<input type=""radio"" name=""m-rmmode"" '+(RM_M.mode==='schedule'?'checked':'')+' onchange=""rmModeM(\'schedule\')"">"
"C00913","F43","messageSheetM: input","stage/contact/work/Next/lastMeaningful/lastOutbound","직접 literal write 발견 없음; 간접 호출은 미확인","golden/mobile.html:2331","messaging scoped read/write 없음","CONTRACT_MISSING","추천2~3개/내용편집/초안·실제발송확인·후속Next 유지","단계/계절/견적템플릿·개별Deal맥락·copy≠sent","<input id=""m-rmschedule"" type=""datetime-local"" value=""'+escAttr(RM_M.scheduleAt)+'"" min=""'+escAttr(rmDefaultScheduleM())+'"" onchange=""rmScheduleChangedM()"">"
"C00914","F43","messageSheetM:  고객 요청 자료·일정 안내 또는 계약 이행에 필요한 정보이며 광고 문구를 섞지 않았습니다.","stage/contact/work/Next/lastMeaningful/lastOutbound","직접 literal write 발견 없음; 간접 호출은 미확인","golden/mobile.html:2331","messaging scoped read/write 없음","CONTRACT_MISSING","추천2~3개/내용편집/초안·실제발송확인·후속Next 유지","단계/계절/견적템플릿·개별Deal맥락·copy≠sent","<input id=""m-rminfo"" type=""checkbox"" onchange=""rmRenderM()"">"
"C00915","F43","messageSheetM:  발송 후 ","stage/contact/work/Next/lastMeaningful/lastOutbound","직접 literal write 발견 없음; 간접 호출은 미확인","golden/mobile.html:2331","messaging scoped read/write 없음","CONTRACT_MISSING","추천2~3개/내용편집/초안·실제발송확인·후속Next 유지","단계/계절/견적템플릿·개별Deal맥락·copy≠sent","<input id=""m-rmnext"" type=""checkbox"" checked>"
"C00916","F43","messageSheetM: select","stage/contact/work/Next/lastMeaningful/lastOutbound","직접 literal write 발견 없음; 간접 호출은 미확인","golden/mobile.html:2331","messaging scoped read/write 없음","CONTRACT_MISSING","추천2~3개/내용편집/초안·실제발송확인·후속Next 유지","단계/계절/견적템플릿·개별Deal맥락·copy≠sent","<select id=""m-rmnextdays"">"
"C00917","F43","messageSheetM: '+(channel==='sms'?'문자 앱에서 확인':'카카오에서 확인')+'","stage/contact/work/Next/lastMeaningful/lastOutbound","직접 literal write 발견 없음; 간접 호출은 미확인","golden/mobile.html:2331","messaging scoped read/write 없음","CONTRACT_MISSING","추천2~3개/내용편집/초안·실제발송확인·후속Next 유지","단계/계절/견적템플릿·개별Deal맥락·copy≠sent","<button class=""btn btn-primary"" id=""m-rmgo"" onclick=""rmLaunchM()"">"
"C00918","F43","messageSheetM: 문구만 복사","stage/contact/work/Next/lastMeaningful/lastOutbound","직접 literal write 발견 없음; 간접 호출은 미확인","golden/mobile.html:2331","messaging scoped read/write 없음","CONTRACT_MISSING","추천2~3개/내용편집/초안·실제발송확인·후속Next 유지","단계/계절/견적템플릿·개별Deal맥락·copy≠sent","<button class=""btn btn-line"" style=""margin-top:7px"" onclick=""rmCopyM()"">"
"C00919","F43","messageSheetM: 발송 완료","stage/contact/work/Next/lastMeaningful/lastOutbound","직접 literal write 발견 없음; 간접 호출은 미확인","golden/mobile.html:2331","messaging scoped read/write 없음","CONTRACT_MISSING","추천2~3개/내용편집/초안·실제발송확인·후속Next 유지","단계/계절/견적템플릿·개별Deal맥락·copy≠sent","<button class=""btn btn-primary"" onclick=""rmConfirmM(\'sent\')"">"
"C00920","F43","messageSheetM: 발송 실패","stage/contact/work/Next/lastMeaningful/lastOutbound","직접 literal write 발견 없음; 간접 호출은 미확인","golden/mobile.html:2331","messaging scoped read/write 없음","CONTRACT_MISSING","추천2~3개/내용편집/초안·실제발송확인·후속Next 유지","단계/계절/견적템플릿·개별Deal맥락·copy≠sent","<button class=""btn btn-line"" onclick=""rmConfirmM(\'failed\')"">"
"C00921","F43","messageSheetM: 발송 안 함","stage/contact/work/Next/lastMeaningful/lastOutbound","직접 literal write 발견 없음; 간접 호출은 미확인","golden/mobile.html:2331","messaging scoped read/write 없음","CONTRACT_MISSING","추천2~3개/내용편집/초안·실제발송확인·후속Next 유지","단계/계절/견적템플릿·개별Deal맥락·copy≠sent","<button class=""btn btn-line"" style=""margin-top:7px"" onclick=""rmConfirmM(\'cancelled\')"">"
"C00922","F64","nearbyHTMLM: 같이 방문","실제 lat/lng + 거리10km","직접 literal write 발견 없음; 간접 호출은 미확인","golden/mobile.html:2366","scoped coordinates read 없음","CONTRACT_MISSING","좌표없을때가짜거리 금지·유효좌표 권한범위 유지","좌표없음/0/10km경계·타담당현장 미노출","<button data-id=""'+escAttr(x.d.id)+'"" onclick=""event.stopPropagation();G.deal=this.dataset.id;G.tab=\'mine\';render()"">"
"C00923","F62","execTaskRowM: div","myDeals/myInquiries→new/overdue/visit/today 우선순위","직접 literal write 발견 없음; 간접 호출은 미확인","golden/mobile.html:2367","crm_today_scoped_v2 초안 보류","CONTRACT_MISSING","초안tasks due bucket만; 신규배정/이번주방문/Next없음/정체규칙 누락","new/overdue/visit/today 각 fixture·정렬60한도·문의Deal 분리","<div class=""today-task-top"" onclick=""openTodayItem('+i+')"">"
"C00924","F62","execTaskRowM: 📞 전화하기","myDeals/myInquiries→new/overdue/visit/today 우선순위","직접 literal write 발견 없음; 간접 호출은 미확인","golden/mobile.html:2367","crm_today_scoped_v2 초안 보류","CONTRACT_MISSING","초안tasks due bucket만; 신규배정/이번주방문/Next없음/정체규칙 누락","new/overdue/visit/today 각 fixture·정렬60한도·문의Deal 분리","<button class=""call"" onclick=""startTodayCall('+i+')"">"
"C00925","F62","execTaskRowM: 상세 보기","myDeals/myInquiries→new/overdue/visit/today 우선순위","직접 literal write 발견 없음; 간접 호출은 미확인","golden/mobile.html:2367","crm_today_scoped_v2 초안 보류","CONTRACT_MISSING","초안tasks due bucket만; 신규배정/이번주방문/Next없음/정체규칙 누락","new/overdue/visit/today 각 fixture·정렬60한도·문의Deal 분리","<button onclick=""openTodayItem('+i+')"">"
"C00926","F62","execTaskRowM: ✓ 완료","myDeals/myInquiries→new/overdue/visit/today 우선순위","직접 literal write 발견 없음; 간접 호출은 미확인","golden/mobile.html:2367","crm_today_scoped_v2 초안 보류","CONTRACT_MISSING","초안tasks due bucket만; 신규배정/이번주방문/Next없음/정체규칙 누락","new/overdue/visit/today 각 fixture·정렬60한도·문의Deal 분리","<button class=""done"" '+(done?'disabled':'')+' onclick=""todayCompleteM('+i+')"">"
"C00927","F62","execTaskRowM: 연기","myDeals/myInquiries→new/overdue/visit/today 우선순위","직접 literal write 발견 없음; 간접 호출은 미확인","golden/mobile.html:2367","crm_today_scoped_v2 초안 보류","CONTRACT_MISSING","초안tasks due bucket만; 신규배정/이번주방문/Next없음/정체규칙 누락","new/overdue/visit/today 각 fixture·정렬60한도·문의Deal 분리","<button '+(done?'disabled':'')+' onclick=""todayPostponeM('+i+')"">"
"C00928","UNRESOLVED_CONTROL","reactivationHTMLM: button","페이지 데이터/상태 경로: 정확한 runtime reachability 미확인","직접 literal write 발견 없음; 간접 호출은 미확인","golden/mobile.html:2370","미확정: 원본 handler/template 추적 필요","TEST_MISSING","중복정의·동적 template·상위함수 호출을 실제 렌더 결과와 연결","해당 원본 컨트롤의 노출 조건·클릭/필터/취소 결과를 Golden fixture로 검증","<button class=""wake-row"" data-id=""'+escAttr(x.d.id)+'"" onclick=""G.deal=this.dataset.id;G.tab=\'mine\';render()"">"
"C00929","UNRESOLVED_CONTROL","askResultHTMLM: button","페이지 데이터/상태 경로: 정확한 runtime reachability 미확인","직접 literal write 발견 없음; 간접 호출은 미확인","golden/mobile.html:2372","미확정: 원본 handler/template 추적 필요","TEST_MISSING","중복정의·동적 template·상위함수 호출을 실제 렌더 결과와 연결","해당 원본 컨트롤의 노출 조건·클릭/필터/취소 결과를 Golden fixture로 검증","<button class=""lrow"" data-id=""'+escAttr(d.id)+'"" onclick=""G.deal=this.dataset.id;G.tab=\'mine\';render()"">"
"C00930","F62","rToday: button","myDeals/myInquiries→new/overdue/visit/today 우선순위","직접 literal write 발견 없음; 간접 호출은 미확인","golden/mobile.html:2376","crm_today_scoped_v2 초안 보류","CONTRACT_MISSING","초안tasks due bucket만; 신규배정/이번주방문/Next없음/정체규칙 누락","new/overdue/visit/today 각 fixture·정렬60한도·문의Deal 분리","<button>"
"C00931","F62","rToday: button","myDeals/myInquiries→new/overdue/visit/today 우선순위","직접 literal write 발견 없음; 간접 호출은 미확인","golden/mobile.html:2376","crm_today_scoped_v2 초안 보류","CONTRACT_MISSING","초안tasks due bucket만; 신규배정/이번주방문/Next없음/정체규칙 누락","new/overdue/visit/today 각 fixture·정렬60한도·문의Deal 분리","<button>"
"C00932","F62","rToday: button","myDeals/myInquiries→new/overdue/visit/today 우선순위","직접 literal write 발견 없음; 간접 호출은 미확인","golden/mobile.html:2376","crm_today_scoped_v2 초안 보류","CONTRACT_MISSING","초안tasks due bucket만; 신규배정/이번주방문/Next없음/정체규칙 누락","new/overdue/visit/today 각 fixture·정렬60한도·문의Deal 분리","<button>"
"C00933","F62","rToday: button","myDeals/myInquiries→new/overdue/visit/today 우선순위","직접 literal write 발견 없음; 간접 호출은 미확인","golden/mobile.html:2376","crm_today_scoped_v2 초안 보류","CONTRACT_MISSING","초안tasks due bucket만; 신규배정/이번주방문/Next없음/정체규칙 누락","new/overdue/visit/today 각 fixture·정렬60한도·문의Deal 분리","<button>"
"C00934","F62","rToday: input","myDeals/myInquiries→new/overdue/visit/today 우선순위","직접 literal write 발견 없음; 간접 호출은 미확인","golden/mobile.html:2376","crm_today_scoped_v2 초안 보류","CONTRACT_MISSING","초안tasks due bucket만; 신규배정/이번주방문/Next없음/정체규칙 누락","new/overdue/visit/today 각 fixture·정렬60한도·문의Deal 분리","<input id=""crm-ask-m"" value=""'+escAttr(G.crmAsk||'')+'"" placeholder=""CRM에게 물어보기"" onkeydown=""if(event.key===\'Enter\')askSubmitM()"">"
"C00935","F62","rToday: 찾기","myDeals/myInquiries→new/overdue/visit/today 우선순위","직접 literal write 발견 없음; 간접 호출은 미확인","golden/mobile.html:2376","crm_today_scoped_v2 초안 보류","CONTRACT_MISSING","초안tasks due bucket만; 신규배정/이번주방문/Next없음/정체규칙 누락","new/overdue/visit/today 각 fixture·정렬60한도·문의Deal 분리","<button onclick=""askSubmitM()"">"
"C00936","F62","rToday: 오늘 전화","myDeals/myInquiries→new/overdue/visit/today 우선순위","직접 literal write 발견 없음; 간접 호출은 미확인","golden/mobile.html:2376","crm_today_scoped_v2 초안 보류","CONTRACT_MISSING","초안tasks due bucket만; 신규배정/이번주방문/Next없음/정체규칙 누락","new/overdue/visit/today 각 fixture·정렬60한도·문의Deal 분리","<button onclick=""askExampleM(\'내가 오늘 전화해야 하는 곳\')"">"
"C00937","F62","rToday: 이번 주 방문","myDeals/myInquiries→new/overdue/visit/today 우선순위","직접 literal write 발견 없음; 간접 호출은 미확인","golden/mobile.html:2376","crm_today_scoped_v2 초안 보류","CONTRACT_MISSING","초안tasks due bucket만; 신규배정/이번주방문/Next없음/정체규칙 누락","new/overdue/visit/today 각 fixture·정렬60한도·문의Deal 분리","<button onclick=""askExampleM(\'이번 주 방문 예정 현장\')"">"
"C00938","F62","rToday: 30일 미접촉","myDeals/myInquiries→new/overdue/visit/today 우선순위","직접 literal write 발견 없음; 간접 호출은 미확인","golden/mobile.html:2376","crm_today_scoped_v2 초안 보류","CONTRACT_MISSING","초안tasks due bucket만; 신규배정/이번주방문/Next없음/정체규칙 누락","new/overdue/visit/today 각 fixture·정렬60한도·문의Deal 분리","<button onclick=""askExampleM(\'30일 넘게 연락 안 한 곳\')"">"
"C00939","F62","rToday: 1억·Next 없음","myDeals/myInquiries→new/overdue/visit/today 우선순위","직접 literal write 발견 없음; 간접 호출은 미확인","golden/mobile.html:2376","crm_today_scoped_v2 초안 보류","CONTRACT_MISSING","초안tasks due bucket만; 신규배정/이번주방문/Next없음/정체규칙 누락","new/overdue/visit/today 각 fixture·정렬60한도·문의Deal 분리","<button onclick=""askExampleM(\'견적 1억 이상인데 다음 행동 없는 곳\')"">"
"C00940","F62","rToday: button","myDeals/myInquiries→new/overdue/visit/today 우선순위","직접 literal write 발견 없음; 간접 호출은 미확인","golden/mobile.html:2376","crm_today_scoped_v2 초안 보류","CONTRACT_MISSING","초안tasks due bucket만; 신규배정/이번주방문/Next없음/정체규칙 누락","new/overdue/visit/today 각 fixture·정렬60한도·문의Deal 분리","<button class=""pri"" onclick=""G.tab=\'mine\';render()"">"
"C00941","F62","rToday: button","myDeals/myInquiries→new/overdue/visit/today 우선순위","직접 literal write 발견 없음; 간접 호출은 미확인","golden/mobile.html:2376","crm_today_scoped_v2 초안 보류","CONTRACT_MISSING","초안tasks due bucket만; 신규배정/이번주방문/Next없음/정체규칙 누락","new/overdue/visit/today 각 fixture·정렬60한도·문의Deal 분리","<button onclick=""G.tab=\'find\';render()"">"
"C00942","F36","todayPostponeM: '+x[0]+'","action ID/status/due/postpone history","직접 literal write 발견 없음; 간접 호출은 미확인","golden/mobile.html:2378","complete 초안; postpone 없음","CONTRACT_MISSING","반복연기 횟수·근거·완료activity·다음추천 유지","완료후재조회·두번완료·연기사유/날짜/관리카드·lost응답","<button class=""cchip gr"" onclick=""applyTodayPostponeM('+x[1]+')"">"
"C00943","UNRESOLVED_CONTROL","stageGuideHTMLM: button","페이지 데이터/상태 경로: 정확한 runtime reachability 미확인","직접 literal write 발견 없음; 간접 호출은 미확인","golden/mobile.html:2384","미확정: 원본 handler/template 추적 필요","TEST_MISSING","중복정의·동적 template·상위함수 호출을 실제 렌더 결과와 연결","해당 원본 컨트롤의 노출 조건·클릭/필터/취소 결과를 Golden fixture로 검증","<button class=""stage-guide-item '+(st[i]?'on':'')+'"" onclick=""toggleStageGuideM('+i+')"">"
"C00944","UNRESOLVED_CONTROL","relationshipMapHTMLM: 관계 설정","페이지 데이터/상태 경로: 정확한 runtime reachability 미확인","직접 literal write 발견 없음; 간접 호출은 미확인","golden/mobile.html:2390","미확정: 원본 handler/template 추적 필요","TEST_MISSING","중복정의·동적 template·상위함수 호출을 실제 렌더 결과와 연결","해당 원본 컨트롤의 노출 조건·클릭/필터/취소 결과를 Golden fixture로 검증","<button class=""hint"" style=""margin-top:7px;color:var(--blue)"" onclick=""relationshipEditSheetM(\''+k+'\')"">"
"C00945","F48","relationshipEditSheetM: '+['의사결정자','핵심담당자','실무자','영향자','정보제공자'].map(function(x){return '","여러 연락처 decision_role/relationship_status","직접 literal write 발견 없음; 간접 호출은 미확인","golden/mobile.html:2391","relationship-map v2 없음","CONTRACT_MISSING","contact 한명 축약금지·Deal/Contact 조합 권한 필요","의사결정자/영향자/관계상태·동일사람다른현장 분리","<select id=""rel-role-m"" style=""width:100%;margin:6px 0 12px;border:1px solid var(--line-2);border-radius:11px;padding:12px;font:inherit"">"
"C00946","F48","relationshipEditSheetM: '+['우호적','중립','부정적','미확인'].map(function(x){return '","여러 연락처 decision_role/relationship_status","직접 literal write 발견 없음; 간접 호출은 미확인","golden/mobile.html:2391","relationship-map v2 없음","CONTRACT_MISSING","contact 한명 축약금지·Deal/Contact 조합 권한 필요","의사결정자/영향자/관계상태·동일사람다른현장 분리","<select id=""rel-tone-m"" style=""width:100%;margin:6px 0 14px;border:1px solid var(--line-2);border-radius:11px;padding:12px;font:inherit"">"
"C00947","F48","relationshipEditSheetM: 관계 저장","여러 연락처 decision_role/relationship_status","직접 literal write 발견 없음; 간접 호출은 미확인","golden/mobile.html:2391","relationship-map v2 없음","CONTRACT_MISSING","contact 한명 축약금지·Deal/Contact 조합 권한 필요","의사결정자/영향자/관계상태·동일사람다른현장 분리","<button class=""btn btn-primary"" onclick=""saveRelationshipM()"">"
"C00948","UNRESOLVED_CONTROL","quoteHistoryHTMLM: ＋ 새 버전","페이지 데이터/상태 경로: 정확한 runtime reachability 미확인","직접 literal write 발견 없음; 간접 호출은 미확인","golden/mobile.html:2394","미확정: 원본 handler/template 추적 필요","TEST_MISSING","중복정의·동적 template·상위함수 호출을 실제 렌더 결과와 연결","해당 원본 컨트롤의 노출 조건·클릭/필터/취소 결과를 Golden fixture로 검증","<button onclick=""quoteSheetM()"" style=""color:var(--blue);font-weight:850"">"
"C00949","UNRESOLVED_CONTROL","quoteSheetM: input","페이지 데이터/상태 경로: 정확한 runtime reachability 미확인","직접 literal write 발견 없음; 간접 호출은 미확인","golden/mobile.html:2395","미확정: 원본 handler/template 추적 필요","TEST_MISSING","중복정의·동적 template·상위함수 호출을 실제 렌더 결과와 연결","해당 원본 컨트롤의 노출 조건·클릭/필터/취소 결과를 Golden fixture로 검증","<input id=""qv-amt-m"" type=""number"" min=""0"" step=""10000"" value=""'+(last||'')+'"" style=""width:100%;box-sizing:border-box;margin:6px 0 10px;border:1px solid var(--line-2);border-radius:11px;padding:12px;font:inherit"">"
"C00950","UNRESOLVED_CONTROL","quoteSheetM: textarea","페이지 데이터/상태 경로: 정확한 runtime reachability 미확인","직접 literal write 발견 없음; 간접 호출은 미확인","golden/mobile.html:2395","미확정: 원본 handler/template 추적 필요","TEST_MISSING","중복정의·동적 template·상위함수 호출을 실제 렌더 결과와 연결","해당 원본 컨트롤의 노출 조건·클릭/필터/취소 결과를 Golden fixture로 검증","<textarea id=""qv-reason-m"" rows=""3"" placeholder=""예: 공사 범위 조정"" style=""width:100%;box-sizing:border-box;margin:6px 0 12px;border:1px solid var(--line-2);border-radius:11px;padding:12px;font:inherit"">"
"C00951","UNRESOLVED_CONTROL","quoteSheetM: 새 견적 버전 저장","페이지 데이터/상태 경로: 정확한 runtime reachability 미확인","직접 literal write 발견 없음; 간접 호출은 미확인","golden/mobile.html:2395","미확정: 원본 handler/template 추적 필요","TEST_MISSING","중복정의·동적 template·상위함수 호출을 실제 렌더 결과와 연결","해당 원본 컨트롤의 노출 조건·클릭/필터/취소 결과를 Golden fixture로 검증","<button class=""btn btn-primary"" onclick=""saveQuoteVersionM()"">"
"C00952","UNRESOLVED_CONTROL","attachmentPanelHTMLM: 📷 사진 추가","페이지 데이터/상태 경로: 정확한 runtime reachability 미확인","직접 literal write 발견 없음; 간접 호출은 미확인","golden/mobile.html:2414","미확정: 원본 handler/template 추적 필요","TEST_MISSING","중복정의·동적 template·상위함수 호출을 실제 렌더 결과와 연결","해당 원본 컨트롤의 노출 조건·클릭/필터/취소 결과를 Golden fixture로 검증","<button onclick=""openAttachmentPickerM(\'photo\')"">"
"C00953","UNRESOLVED_CONTROL","attachmentPanelHTMLM: 📎 자료 추가","페이지 데이터/상태 경로: 정확한 runtime reachability 미확인","직접 literal write 발견 없음; 간접 호출은 미확인","golden/mobile.html:2414","미확정: 원본 handler/template 추적 필요","TEST_MISSING","중복정의·동적 template·상위함수 호출을 실제 렌더 결과와 연결","해당 원본 컨트롤의 노출 조건·클릭/필터/취소 결과를 Golden fixture로 검증","<button onclick=""openAttachmentPickerM(\'file\')"">"
"C00954","UNRESOLVED_CONTROL","attachmentPanelHTMLM: button","페이지 데이터/상태 경로: 정확한 runtime reachability 미확인","직접 literal write 발견 없음; 간접 호출은 미확인","golden/mobile.html:2414","미확정: 원본 handler/template 추적 필요","TEST_MISSING","중복정의·동적 template·상위함수 호출을 실제 렌더 결과와 연결","해당 원본 컨트롤의 노출 조건·클릭/필터/취소 결과를 Golden fixture로 검증","<button class=""attach-tile '+(/^image\//.test(x.mime_type||'')?'':'file')+'"" onclick=""openAttachmentGalleryM()"">"
"C00955","UNRESOLVED_CONTROL","attachmentPanelHTMLM: 최근 사진 '+photos.length+'장 · 전체보기 →","페이지 데이터/상태 경로: 정확한 runtime reachability 미확인","직접 literal write 발견 없음; 간접 호출은 미확인","golden/mobile.html:2414","미확정: 원본 handler/template 추적 필요","TEST_MISSING","중복정의·동적 template·상위함수 호출을 실제 렌더 결과와 연결","해당 원본 컨트롤의 노출 조건·클릭/필터/취소 결과를 Golden fixture로 검증","<button class=""hint"" style=""width:100%;margin-top:9px;text-align:right;color:var(--blue);font-weight:850"" onclick=""openAttachmentGalleryM()"">"
"C00956","UNRESOLVED_CONTROL","installAttachmentInputsM: input","페이지 데이터/상태 경로: 정확한 runtime reachability 미확인","직접 literal write 발견 없음; 간접 호출은 미확인","golden/mobile.html:2415","미확정: 원본 handler/template 추적 필요","TEST_MISSING","중복정의·동적 template·상위함수 호출을 실제 렌더 결과와 연결","해당 원본 컨트롤의 노출 조건·클릭/필터/취소 결과를 Golden fixture로 검증","<input id=""attach-photo-m"" type=""file"" accept=""image/*"" capture=""environment"" multiple>"
"C00957","UNRESOLVED_CONTROL","installAttachmentInputsM: ';document.body.appendChild(box);document.getElementById('attach-photo-m').oncha","페이지 데이터/상태 경로: 정확한 runtime reachability 미확인","직접 literal write 발견 없음; 간접 호출은 미확인","golden/mobile.html:2415","미확정: 원본 handler/template 추적 필요","TEST_MISSING","중복정의·동적 template·상위함수 호출을 실제 렌더 결과와 연결","해당 원본 컨트롤의 노출 조건·클릭/필터/취소 결과를 Golden fixture로 검증","<input id=""attach-file-m"" type=""file"" accept=""image/*,.pdf,.doc,.docx,.xls,.xlsx,.ppt,.pptx"" multiple>"
"C00958","UNRESOLVED_CONTROL","openAttachmentMetaM: '+ATTACH_CATEGORIES_M.map(function(x){return '","페이지 데이터/상태 경로: 정확한 runtime reachability 미확인","직접 literal write 발견 없음; 간접 호출은 미확인","golden/mobile.html:2419","미확정: 원본 handler/template 추적 필요","TEST_MISSING","중복정의·동적 template·상위함수 호출을 실제 렌더 결과와 연결","해당 원본 컨트롤의 노출 조건·클릭/필터/취소 결과를 Golden fixture로 검증","<select id=""attach-cat-m"">"
"C00959","UNRESOLVED_CONTROL","openAttachmentMetaM: =0?'on':'')+'"" data-tag=""'+escAttr(x)+'"" onclick=""toggleAttachTagM(this.dataset.","페이지 데이터/상태 경로: 정확한 runtime reachability 미확인","직접 literal write 발견 없음; 간접 호출은 미확인","golden/mobile.html:2419","미확정: 원본 handler/template 추적 필요","TEST_MISSING","중복정의·동적 template·상위함수 호출을 실제 렌더 결과와 연결","해당 원본 컨트롤의 노출 조건·클릭/필터/취소 결과를 Golden fixture로 검증","<button class=""'+((G.attachTags||[]).indexOf(x)>"
"C00960","UNRESOLVED_CONTROL","openAttachmentMetaM: '+esc(memo)+'","페이지 데이터/상태 경로: 정확한 runtime reachability 미확인","직접 literal write 발견 없음; 간접 호출은 미확인","golden/mobile.html:2419","미확정: 원본 handler/template 추적 필요","TEST_MISSING","중복정의·동적 template·상위함수 호출을 실제 렌더 결과와 연결","해당 원본 컨트롤의 노출 조건·클릭/필터/취소 결과를 Golden fixture로 검증","<textarea id=""attach-memo-m"" rows=""3"" placeholder=""예: 배수로 주변 들뜸 확인"">"
"C00961","UNRESOLVED_CONTROL","openAttachmentMetaM: '+files.length+'개 파일 등록","페이지 데이터/상태 경로: 정확한 runtime reachability 미확인","직접 literal write 발견 없음; 간접 호출은 미확인","golden/mobile.html:2419","미확정: 원본 handler/template 추적 필요","TEST_MISSING","중복정의·동적 template·상위함수 호출을 실제 렌더 결과와 연결","해당 원본 컨트롤의 노출 조건·클릭/필터/취소 결과를 Golden fixture로 검증","<button class=""btn btn-primary"" id=""attach-save-m"" onclick=""saveAttachmentsM()"">"
"C00962","F53","quickSitesHTMLM: '+x[1]+'","user_opportunity_states + favorite/last_viewed/worked","직접 literal write 발견 없음; 간접 호출은 미확인","golden/mobile.html:2431","AuthUID 기반 user-state v2 없음","CONTRACT_MISSING","client user_key 신뢰제거하면서 빠른현장 기능 유지","임의 user_key 거절·계정격리·PC모바일공유·타site혼입0","<button class=""'+(mode===x[0]?'on':'')+'"" onclick=""G.quickMode=\''+x[0]+'\';render()"">"
"C00963","F53","quickSitesHTMLM: button","user_opportunity_states + favorite/last_viewed/worked","직접 literal write 발견 없음; 간접 호출은 미확인","golden/mobile.html:2431","AuthUID 기반 user-state v2 없음","CONTRACT_MISSING","client user_key 신뢰제거하면서 빠른현장 기능 유지","임의 user_key 거절·계정격리·PC모바일공유·타site혼입0","<button class=""quick-row"" data-id=""'+escAttr(d.id)+'"" onclick=""G.deal=this.dataset.id;render()"">"
"C00964","F53","quickSitesHTMLM: '+(d.favorite?'★ 즐겨찾기':'☆ 즐겨찾기')+'","user_opportunity_states + favorite/last_viewed/worked","직접 literal write 발견 없음; 간접 호출은 미확인","golden/mobile.html:2435","AuthUID 기반 user-state v2 없음","CONTRACT_MISSING","client user_key 신뢰제거하면서 빠른현장 기능 유지","임의 user_key 거절·계정격리·PC모바일공유·타site혼입0","<button class=""favorite-btn-m '+(d.favorite?'on':'')+'"" onclick=""toggleFavoriteM()"">"
"C00965","UNRESOLVED_CONTROL","stageGuideHTMLM: button","페이지 데이터/상태 경로: 정확한 runtime reachability 미확인","직접 literal write 발견 없음; 간접 호출은 미확인","golden/mobile.html:2457","미확정: 원본 handler/template 추적 필요","TEST_MISSING","중복정의·동적 template·상위함수 호출을 실제 렌더 결과와 연결","해당 원본 컨트롤의 노출 조건·클릭/필터/취소 결과를 Golden fixture로 검증","<button class=""stage-guide-item '+(on?'on ':'')+(x.auto?'auto ':'')+(x.required?'required':'')+'"" onclick=""toggleStageGuideM('+i+')"">"
"C00966","UNRESOLVED_CONTROL","askResultHTMLM: button","페이지 데이터/상태 경로: 정확한 runtime reachability 미확인","직접 literal write 발견 없음; 간접 호출은 미확인","golden/mobile.html:2465","미확정: 원본 handler/template 추적 필요","TEST_MISSING","중복정의·동적 template·상위함수 호출을 실제 렌더 결과와 연결","해당 원본 컨트롤의 노출 조건·클릭/필터/취소 결과를 Golden fixture로 검증","<button class=""lrow"" data-id=""'+escAttr(d.id)+'"" onclick=""G.deal=this.dataset.id;G.tab=\'mine\';render()"">"
"C00967","UNRESOLVED_CONTROL","askResultHTMLM: 소장 번호 없음","페이지 데이터/상태 경로: 정확한 runtime reachability 미확인","직접 literal write 발견 없음; 간접 호출은 미확인","golden/mobile.html:2467","미확정: 원본 handler/template 추적 필요","TEST_MISSING","중복정의·동적 template·상위함수 호출을 실제 렌더 결과와 연결","해당 원본 컨트롤의 노출 조건·클릭/필터/취소 결과를 Golden fixture로 검증","<button data-field=""missing"" onclick=""askExampleM(\'관리소장 휴대폰이 없는 현장\')"">"
"C00968","UNRESOLVED_CONTROL","askResultHTMLM: 견적 후 정체","페이지 데이터/상태 경로: 정확한 runtime reachability 미확인","직접 literal write 발견 없음; 간접 호출은 미확인","golden/mobile.html:2467","미확정: 원본 handler/template 추적 필요","TEST_MISSING","중복정의·동적 template·상위함수 호출을 실제 렌더 결과와 연결","해당 원본 컨트롤의 노출 조건·클릭/필터/취소 결과를 Golden fixture로 검증","<button onclick=""askExampleM(\'이번 달 견적 보냈는데 아직 경쟁단계로 안 간 곳\')"">"
"C00969","UNRESOLVED_CONTROL","relCardM: '+esc(i.nba)+'","페이지 데이터/상태 경로: 정확한 runtime reachability 미확인","직접 literal write 발견 없음; 간접 호출은 미확인","golden/mobile.html:2498","미확정: 원본 handler/template 추적 필요","TEST_MISSING","중복정의·동적 template·상위함수 호출을 실제 렌더 결과와 연결","해당 원본 컨트롤의 노출 조건·클릭/필터/취소 결과를 Golden fixture로 검증","<button class=""primary"" onclick=""relActionM(\''+(i.channel==='call'?'call':'kakao')+'\')"">"
"C00970","UNRESOLVED_CONTROL","relCardM: 30일 접촉 보류","페이지 데이터/상태 경로: 정확한 runtime reachability 미확인","직접 literal write 발견 없음; 간접 호출은 미확인","golden/mobile.html:2498","미확정: 원본 handler/template 추적 필요","TEST_MISSING","중복정의·동적 template·상위함수 호출을 실제 렌더 결과와 연결","해당 원본 컨트롤의 노출 조건·클릭/필터/취소 결과를 Golden fixture로 검증","<button onclick=""relHoldM(30)"">"
"C00971","F43","relPurposeChangedM: '+REL_PURPOSES_M.map(function(x){return '","stage/contact/work/Next/lastMeaningful/lastOutbound","message_log, relationship_response, message_stage_advanced","golden/mobile.html:2510","messaging scoped read/write 없음","CONTRACT_MISSING","추천2~3개/내용편집/초안·실제발송확인·후속Next 유지","단계/계절/견적템플릿·개별Deal맥락·copy≠sent","<select id=""m-rmpurpose"" onchange=""relPurposeChangedM()"">"
"C00972","F43","relPurposeChangedM: button","stage/contact/work/Next/lastMeaningful/lastOutbound","message_log, relationship_response, message_stage_advanced","golden/mobile.html:2519","messaging scoped read/write 없음","CONTRACT_MISSING","추천2~3개/내용편집/초안·실제발송확인·후속Next 유지","단계/계절/견적템플릿·개별Deal맥락·copy≠sent","<button class=""wake-row"" data-id=""'+escAttr(x.d.id)+'"" onclick=""G.deal=this.dataset.id;G.tab=\'mine\';render()"">"
"C00973","UNRESOLVED_CONTROL","(top-level/template): div","페이지 데이터/상태 경로: 정확한 runtime reachability 미확인","직접 literal write 발견 없음; 간접 호출은 미확인","local/crm.html:1882","미확정: 원본 handler/template 추적 필요","TEST_MISSING","중복정의·동적 template·상위함수 호출을 실제 렌더 결과와 연결","해당 원본 컨트롤의 노출 조건·클릭/필터/취소 결과를 Golden fixture로 검증","<div class=""mi on clk"" data-p=""today"" onclick=""nav(this)"">"
"C00974","UNRESOLVED_CONTROL","(top-level/template): div","페이지 데이터/상태 경로: 정확한 runtime reachability 미확인","직접 literal write 발견 없음; 간접 호출은 미확인","local/crm.html:1884","미확정: 원본 handler/template 추적 필요","TEST_MISSING","중복정의·동적 template·상위함수 호출을 실제 렌더 결과와 연결","해당 원본 컨트롤의 노출 조건·클릭/필터/취소 결과를 Golden fixture로 검증","<div class=""mi clk"" data-p=""inq"" onclick=""nav(this)"">"
"C00975","UNRESOLVED_CONTROL","(top-level/template): div","페이지 데이터/상태 경로: 정확한 runtime reachability 미확인","직접 literal write 발견 없음; 간접 호출은 미확인","local/crm.html:1885","미확정: 원본 handler/template 추적 필요","TEST_MISSING","중복정의·동적 template·상위함수 호출을 실제 렌더 결과와 연결","해당 원본 컨트롤의 노출 조건·클릭/필터/취소 결과를 Golden fixture로 검증","<div class=""mi clk"" data-p=""pipe"" onclick=""nav(this)"">"
"C00976","UNRESOLVED_CONTROL","(top-level/template): div","페이지 데이터/상태 경로: 정확한 runtime reachability 미확인","직접 literal write 발견 없음; 간접 호출은 미확인","local/crm.html:1887","미확정: 원본 handler/template 추적 필요","TEST_MISSING","중복정의·동적 template·상위함수 호출을 실제 렌더 결과와 연결","해당 원본 컨트롤의 노출 조건·클릭/필터/취소 결과를 Golden fixture로 검증","<div class=""mi clk"" data-p=""sites"" onclick=""nav(this)"">"
"C00977","UNRESOLVED_CONTROL","(top-level/template): div","페이지 데이터/상태 경로: 정확한 runtime reachability 미확인","직접 literal write 발견 없음; 간접 호출은 미확인","local/crm.html:1888","미확정: 원본 handler/template 추적 필요","TEST_MISSING","중복정의·동적 template·상위함수 호출을 실제 렌더 결과와 연결","해당 원본 컨트롤의 노출 조건·클릭/필터/취소 결과를 Golden fixture로 검증","<div class=""mi clk"" data-p=""expansion"" onclick=""nav(this)"">"
"C00978","UNRESOLVED_CONTROL","(top-level/template): div","페이지 데이터/상태 경로: 정확한 runtime reachability 미확인","직접 literal write 발견 없음; 간접 호출은 미확인","local/crm.html:1889","미확정: 원본 handler/template 추적 필요","TEST_MISSING","중복정의·동적 template·상위함수 호출을 실제 렌더 결과와 연결","해당 원본 컨트롤의 노출 조건·클릭/필터/취소 결과를 Golden fixture로 검증","<div class=""mi clk"" data-p=""campaign"" onclick=""nav(this)"">"
"C00979","UNRESOLVED_CONTROL","(top-level/template): div","페이지 데이터/상태 경로: 정확한 runtime reachability 미확인","직접 literal write 발견 없음; 간접 호출은 미확인","local/crm.html:1891","미확정: 원본 handler/template 추적 필요","TEST_MISSING","중복정의·동적 template·상위함수 호출을 실제 렌더 결과와 연결","해당 원본 컨트롤의 노출 조건·클릭/필터/취소 결과를 Golden fixture로 검증","<div class=""mi clk"" data-p=""repmanage"" onclick=""nav(this)"">"
"C00980","UNRESOLVED_CONTROL","(top-level/template): div","페이지 데이터/상태 경로: 정확한 runtime reachability 미확인","직접 literal write 발견 없음; 간접 호출은 미확인","local/crm.html:1892","미확정: 원본 handler/template 추적 필요","TEST_MISSING","중복정의·동적 template·상위함수 호출을 실제 렌더 결과와 연결","해당 원본 컨트롤의 노출 조건·클릭/필터/취소 결과를 Golden fixture로 검증","<div class=""mi clk"" data-p=""mgmt"" onclick=""nav(this)"">"
"C00981","UNRESOLVED_CONTROL","(top-level/template): div","페이지 데이터/상태 경로: 정확한 runtime reachability 미확인","직접 literal write 발견 없음; 간접 호출은 미확인","local/crm.html:1893","미확정: 원본 handler/template 추적 필요","TEST_MISSING","중복정의·동적 template·상위함수 호출을 실제 렌더 결과와 연결","해당 원본 컨트롤의 노출 조건·클릭/필터/취소 결과를 Golden fixture로 검증","<div class=""mi clk"" data-p=""gyeongnam"" onclick=""nav(this)"">"
"C00982","UNRESOLVED_CONTROL","(top-level/template): div","페이지 데이터/상태 경로: 정확한 runtime reachability 미확인","직접 literal write 발견 없음; 간접 호출은 미확인","local/crm.html:1894","미확정: 원본 handler/template 추적 필요","TEST_MISSING","중복정의·동적 template·상위함수 호출을 실제 렌더 결과와 연결","해당 원본 컨트롤의 노출 조건·클릭/필터/취소 결과를 Golden fixture로 검증","<div class=""mi clk"" data-p=""brief"" onclick=""nav(this)"">"
"C00983","UNRESOLVED_CONTROL","(top-level/template): div","페이지 데이터/상태 경로: 정확한 runtime reachability 미확인","직접 literal write 발견 없음; 간접 호출은 미확인","local/crm.html:1896","미확정: 원본 handler/template 추적 필요","TEST_MISSING","중복정의·동적 template·상위함수 호출을 실제 렌더 결과와 연결","해당 원본 컨트롤의 노출 조건·클릭/필터/취소 결과를 Golden fixture로 검증","<div class=""mi clk"" data-p=""dash"" onclick=""nav(this)"">"
"C00984","UNRESOLVED_CONTROL","(top-level/template): div","페이지 데이터/상태 경로: 정확한 runtime reachability 미확인","직접 literal write 발견 없음; 간접 호출은 미확인","local/crm.html:1897","미확정: 원본 handler/template 추적 필요","TEST_MISSING","중복정의·동적 template·상위함수 호출을 실제 렌더 결과와 연결","해당 원본 컨트롤의 노출 조건·클릭/필터/취소 결과를 Golden fixture로 검증","<div class=""mi clk"" data-p=""perf"" onclick=""nav(this)"">"
"C00985","UNRESOLVED_CONTROL","(top-level/template): div","페이지 데이터/상태 경로: 정확한 runtime reachability 미확인","직접 literal write 발견 없음; 간접 호출은 미확인","local/crm.html:1898","미확정: 원본 handler/template 추적 필요","TEST_MISSING","중복정의·동적 template·상위함수 호출을 실제 렌더 결과와 연결","해당 원본 컨트롤의 노출 조건·클릭/필터/취소 결과를 Golden fixture로 검증","<div class=""mi clk"" data-p=""work"" onclick=""nav(this)"">"
"C00986","UNRESOLVED_CONTROL","(top-level/template): div","페이지 데이터/상태 경로: 정확한 runtime reachability 미확인","직접 literal write 발견 없음; 간접 호출은 미확인","local/crm.html:1899","미확정: 원본 handler/template 추적 필요","TEST_MISSING","중복정의·동적 template·상위함수 호출을 실제 렌더 결과와 연결","해당 원본 컨트롤의 노출 조건·클릭/필터/취소 결과를 Golden fixture로 검증","<div class=""mi clk"" data-p=""report"" onclick=""nav(this)"">"
"C00987","UNRESOLVED_CONTROL","(top-level/template): div","페이지 데이터/상태 경로: 정확한 runtime reachability 미확인","직접 literal write 발견 없음; 간접 호출은 미확인","local/crm.html:1901","미확정: 원본 handler/template 추적 필요","TEST_MISSING","중복정의·동적 template·상위함수 호출을 실제 렌더 결과와 연결","해당 원본 컨트롤의 노출 조건·클릭/필터/취소 결과를 Golden fixture로 검증","<div class=""mi clk"" data-p=""dup"" onclick=""nav(this)"">"
"C00988","UNRESOLVED_CONTROL","(top-level/template): input","페이지 데이터/상태 경로: 정확한 runtime reachability 미확인","직접 literal write 발견 없음; 간접 호출은 미확인","local/crm.html:1908","미확정: 원본 handler/template 추적 필요","TEST_MISSING","중복정의·동적 template·상위함수 호출을 실제 렌더 결과와 연결","해당 원본 컨트롤의 노출 조건·클릭/필터/취소 결과를 Golden fixture로 검증","<input id=""q"" placeholder=""현장·담당자 검색"" oninput=""G.q=this.value.trim();paint()"">"
"C00989","UNRESOLVED_CONTROL","(top-level/template): JSON","페이지 데이터/상태 경로: 정확한 runtime reachability 미확인","직접 literal write 발견 없음; 간접 호출은 미확인","local/crm.html:1914","미확정: 원본 handler/template 추적 필요","TEST_MISSING","중복정의·동적 template·상위함수 호출을 실제 렌더 결과와 연결","해당 원본 컨트롤의 노출 조건·클릭/필터/취소 결과를 Golden fixture로 검증","<button class=""rf clk"" onclick=""exportFullDataJSON()"" title=""관리자 MFA · 기간/사업유형 제한 내보내기"" style=""width:auto;padding:0 10px;background:#fff;border:1px solid var(--line2);color:var(--blue);font-size:12px;font-weight:900"">"
"C00990","UNRESOLVED_CONTROL","(top-level/template): 🔍","페이지 데이터/상태 경로: 정확한 runtime reachability 미확인","직접 literal write 발견 없음; 간접 호출은 미확인","local/crm.html:1914","미확정: 원본 handler/template 추적 필요","TEST_MISSING","중복정의·동적 template·상위함수 호출을 실제 렌더 결과와 연결","해당 원본 컨트롤의 노출 조건·클릭/필터/취소 결과를 Golden fixture로 검증","<button class=""rf clk"" onclick=""runDiag()"" title=""연결 점검 — 데이터가 안 뜰 때 원인 확인"" style=""background:#fff;border:1px solid var(--line2);color:var(--ink2);margin-right:-4px"">"
"C00991","UNRESOLVED_CONTROL","(top-level/template): ↻","페이지 데이터/상태 경로: 정확한 runtime reachability 미확인","직접 literal write 발견 없음; 간접 호출은 미확인","local/crm.html:1914","미확정: 원본 handler/template 추적 필요","TEST_MISSING","중복정의·동적 template·상위함수 호출을 실제 렌더 결과와 연결","해당 원본 컨트롤의 노출 조건·클릭/필터/취소 결과를 Golden fixture로 검증","<button class=""rf clk"" onclick=""loadData()"" title=""새로고침"">"
"C00992","UNRESOLVED_CONTROL","(top-level/template): 
    ","페이지 데이터/상태 경로: 정확한 runtime reachability 미확인","직접 literal write 발견 없음; 간접 호출은 미확인","local/crm.html:1924","미확정: 원본 handler/template 추적 필요","TEST_MISSING","중복정의·동적 template·상위함수 호출을 실제 렌더 결과와 연결","해당 원본 컨트롤의 노출 조건·클릭/필터/취소 결과를 Golden fixture로 검증","<form onsubmit=""authSignIn();return false"">"
"C00993","UNRESOLVED_CONTROL","(top-level/template): input","페이지 데이터/상태 경로: 정확한 runtime reachability 미확인","직접 literal write 발견 없음; 간접 호출은 미확인","local/crm.html:1926","미확정: 원본 handler/template 추적 필요","TEST_MISSING","중복정의·동적 template·상위함수 호출을 실제 렌더 결과와 연결","해당 원본 컨트롤의 노출 조건·클릭/필터/취소 결과를 Golden fixture로 검증","<input id=""au-name"" autocomplete=""username"" placeholder=""예: 황윤선"">"
"C00994","UNRESOLVED_CONTROL","(top-level/template): input","페이지 데이터/상태 경로: 정확한 runtime reachability 미확인","직접 literal write 발견 없음; 간접 호출은 미확인","local/crm.html:1928","미확정: 원본 handler/template 추적 필요","TEST_MISSING","중복정의·동적 template·상위함수 호출을 실제 렌더 결과와 연결","해당 원본 컨트롤의 노출 조건·클릭/필터/취소 결과를 Golden fixture로 검증","<input id=""au-pw"" type=""password"" inputmode=""numeric"" autocomplete=""current-password"" placeholder=""본인 핸드폰 번호"">"
"C00995","UNRESOLVED_CONTROL","(top-level/template): 로그인","페이지 데이터/상태 경로: 정확한 runtime reachability 미확인","직접 literal write 발견 없음; 간접 호출은 미확인","local/crm.html:1929","미확정: 원본 handler/template 추적 필요","TEST_MISSING","중복정의·동적 template·상위함수 호출을 실제 렌더 결과와 연결","해당 원본 컨트롤의 노출 조건·클릭/필터/취소 결과를 Golden fixture로 검증","<button class=""abtn"" id=""au-btn"" type=""submit"">"
"C00996","UNRESOLVED_CONTROL","(top-level/template): 
      ","페이지 데이터/상태 경로: 정확한 runtime reachability 미확인","직접 literal write 발견 없음; 간접 호출은 미확인","local/crm.html:1934","미확정: 원본 handler/template 추적 필요","TEST_MISSING","중복정의·동적 template·상위함수 호출을 실제 렌더 결과와 연결","해당 원본 컨트롤의 노출 조건·클릭/필터/취소 결과를 Golden fixture로 검증","<button class=""gbtn"" onclick=""authGoogle()"">"
"C00997","UNRESOLVED_CONTROL","(top-level/template): 담당자 상세 분석 펼치기","페이지 데이터/상태 경로: 정확한 runtime reachability 미확인","직접 literal write 발견 없음; 간접 호출은 미확인","local/crm.html:1951","미확정: 원본 handler/template 추적 필요","TEST_MISSING","중복정의·동적 template·상위함수 호출을 실제 렌더 결과와 연결","해당 원본 컨트롤의 노출 조건·클릭/필터/취소 결과를 Golden fixture로 검증","<summary>"
"C00998","UNRESOLVED_CONTROL","(top-level/template): 추가 분석 ","페이지 데이터/상태 경로: 정확한 runtime reachability 미확인","직접 literal write 발견 없음; 간접 호출은 미확인","local/crm.html:1958","미확정: 원본 handler/template 추적 필요","TEST_MISSING","중복정의·동적 template·상위함수 호출을 실제 렌더 결과와 연결","해당 원본 컨트롤의 노출 조건·클릭/필터/취소 결과를 Golden fixture로 검증","<summary>"
"C00999","UNRESOLVED_CONTROL","(top-level/template): 📱 모바일","페이지 데이터/상태 경로: 정확한 runtime reachability 미확인","직접 literal write 발견 없음; 간접 호출은 미확인","local/crm.html:2010","미확정: 원본 handler/template 추적 필요","TEST_MISSING","중복정의·동적 template·상위함수 호출을 실제 렌더 결과와 연결","해당 원본 컨트롤의 노출 조건·클릭/필터/취소 결과를 Golden fixture로 검증","<button id=""mv-app"" class=""on"" onclick=""setMobPanel(false)"">"
"C01000","UNRESOLVED_CONTROL","(top-level/template): 📋 관리 항목 · SLA 표","페이지 데이터/상태 경로: 정확한 runtime reachability 미확인","직접 literal write 발견 없음; 간접 호출은 미확인","local/crm.html:2011","미확정: 원본 handler/template 추적 필요","TEST_MISSING","중복정의·동적 template·상위함수 호출을 실제 렌더 결과와 연결","해당 원본 컨트롤의 노출 조건·클릭/필터/취소 결과를 Golden fixture로 검증","<button id=""mv-panel"" onclick=""setMobPanel(true)"">"
"C01001","UNRESOLVED_CONTROL","(top-level/template): div","페이지 데이터/상태 경로: 정확한 runtime reachability 미확인","직접 literal write 발견 없음; 간접 호출은 미확인","local/crm.html:2054","미확정: 원본 handler/template 추적 필요","TEST_MISSING","중복정의·동적 template·상위함수 호출을 실제 렌더 결과와 연결","해당 원본 컨트롤의 노출 조건·클릭/필터/취소 결과를 Golden fixture로 검증","<div id=""ovl"" onclick=""closeDrw()"">"
"C01002","UNRESOLVED_CONTROL","(top-level/template): ✕","페이지 데이터/상태 경로: 정확한 runtime reachability 미확인","직접 literal write 발견 없음; 간접 호출은 미확인","local/crm.html:2056","미확정: 원본 handler/template 추적 필요","TEST_MISSING","중복정의·동적 template·상위함수 호출을 실제 렌더 결과와 연결","해당 원본 컨트롤의 노출 조건·클릭/필터/취소 결과를 Golden fixture로 검증","<button class=""x"" onclick=""closeDrw()"">"
"C01003","UNRESOLVED_CONTROL","(top-level/template): ← 목록으로","페이지 데이터/상태 경로: 정확한 runtime reachability 미확인","직접 literal write 발견 없음; 간접 호출은 미확인","local/crm.html:2060","미확정: 원본 handler/template 추적 필요","TEST_MISSING","중복정의·동적 template·상위함수 호출을 실제 렌더 결과와 연결","해당 원본 컨트롤의 노출 조건·클릭/필터/취소 결과를 Golden fixture로 검증","<button class=""backbtn"" onclick=""closeDetail()"">"
"C01004","UNRESOLVED_CONTROL","(top-level/template): 
  ","페이지 데이터/상태 경로: 정확한 runtime reachability 미확인","직접 literal write 발견 없음; 간접 호출은 미확인","local/crm.html:2063","미확정: 원본 handler/template 추적 필요","TEST_MISSING","중복정의·동적 template·상위함수 호출을 실제 렌더 결과와 연결","해당 원본 컨트롤의 노출 조건·클릭/필터/취소 결과를 Golden fixture로 검증","<div class=""modalshade"" id=""transitionModal"" aria-hidden=""true"" onclick=""if(event.target===this)closeTransition()"">"
"C01005","UNRESOLVED_CONTROL","(top-level/template): ✕","페이지 데이터/상태 경로: 정확한 runtime reachability 미확인","직접 literal write 발견 없음; 간접 호출은 미확인","local/crm.html:2065","미확정: 원본 handler/template 추적 필요","TEST_MISSING","중복정의·동적 template·상위함수 호출을 실제 렌더 결과와 연결","해당 원본 컨트롤의 노출 조건·클릭/필터/취소 결과를 Golden fixture로 검증","<button class=""modalclose"" onclick=""closeTransition()"">"
"C01006","UNRESOLVED_CONTROL","(top-level/template): 
  ","페이지 데이터/상태 경로: 정확한 runtime reachability 미확인","직접 literal write 발견 없음; 간접 호출은 미확인","local/crm.html:2069","미확정: 원본 handler/template 추적 필요","TEST_MISSING","중복정의·동적 template·상위함수 호출을 실제 렌더 결과와 연결","해당 원본 컨트롤의 노출 조건·클릭/필터/취소 결과를 Golden fixture로 검증","<div class=""modalshade"" id=""bulkModal"" aria-hidden=""true"" onclick=""if(event.target===this)closeBulkDialog()"">"
"C01007","UNRESOLVED_CONTROL","(top-level/template): ✕","페이지 데이터/상태 경로: 정확한 runtime reachability 미확인","직접 literal write 발견 없음; 간접 호출은 미확인","local/crm.html:2071","미확정: 원본 handler/template 추적 필요","TEST_MISSING","중복정의·동적 template·상위함수 호출을 실제 렌더 결과와 연결","해당 원본 컨트롤의 노출 조건·클릭/필터/취소 결과를 Golden fixture로 검증","<button class=""modalclose"" onclick=""closeBulkDialog()"">"
"C01008","UNRESOLVED_CONTROL","(top-level/template): 
  ","페이지 데이터/상태 경로: 정확한 runtime reachability 미확인","직접 literal write 발견 없음; 간접 호출은 미확인","local/crm.html:2075","미확정: 원본 handler/template 추적 필요","TEST_MISSING","중복정의·동적 template·상위함수 호출을 실제 렌더 결과와 연결","해당 원본 컨트롤의 노출 조건·클릭/필터/취소 결과를 Golden fixture로 검증","<div class=""modalshade"" id=""quickContactModal"" aria-hidden=""true"" onclick=""if(event.target===this)closeQuickContact()"">"
"C01009","UNRESOLVED_CONTROL","(top-level/template): ✕","페이지 데이터/상태 경로: 정확한 runtime reachability 미확인","직접 literal write 발견 없음; 간접 호출은 미확인","local/crm.html:2077","미확정: 원본 handler/template 추적 필요","TEST_MISSING","중복정의·동적 template·상위함수 호출을 실제 렌더 결과와 연결","해당 원본 컨트롤의 노출 조건·클릭/필터/취소 결과를 Golden fixture로 검증","<button class=""modalclose"" onclick=""closeQuickContact()"" aria-label=""닫기"">"
"C01010","UNRESOLVED_CONTROL","(top-level/template): 
  ","페이지 데이터/상태 경로: 정확한 runtime reachability 미확인","직접 literal write 발견 없음; 간접 호출은 미확인","local/crm.html:2081","미확정: 원본 handler/template 추적 필요","TEST_MISSING","중복정의·동적 template·상위함수 호출을 실제 렌더 결과와 연결","해당 원본 컨트롤의 노출 조건·클릭/필터/취소 결과를 Golden fixture로 검증","<div class=""modalshade"" id=""kakaoModal"" aria-hidden=""true"" onclick=""if(event.target===this)closeKakaoModal()"">"
"C01011","UNRESOLVED_CONTROL","(top-level/template): ✕","페이지 데이터/상태 경로: 정확한 runtime reachability 미확인","직접 literal write 발견 없음; 간접 호출은 미확인","local/crm.html:2083","미확정: 원본 handler/template 추적 필요","TEST_MISSING","중복정의·동적 template·상위함수 호출을 실제 렌더 결과와 연결","해당 원본 컨트롤의 노출 조건·클릭/필터/취소 결과를 Golden fixture로 검증","<button class=""modalclose"" onclick=""closeKakaoModal()"" aria-label=""닫기"">"
"C01012","UNRESOLVED_CONTROL","(top-level/template): 
  ","페이지 데이터/상태 경로: 정확한 runtime reachability 미확인","직접 literal write 발견 없음; 간접 호출은 미확인","local/crm.html:2087","미확정: 원본 handler/template 추적 필요","TEST_MISSING","중복정의·동적 template·상위함수 호출을 실제 렌더 결과와 연결","해당 원본 컨트롤의 노출 조건·클릭/필터/취소 결과를 Golden fixture로 검증","<div class=""modalshade"" id=""splitEditModal"" aria-hidden=""true"" onclick=""if(event.target===this)splitForm(null)"">"
"C01013","UNRESOLVED_CONTROL","(top-level/template): ✕","페이지 데이터/상태 경로: 정확한 runtime reachability 미확인","직접 literal write 발견 없음; 간접 호출은 미확인","local/crm.html:2089","미확정: 원본 handler/template 추적 필요","TEST_MISSING","중복정의·동적 template·상위함수 호출을 실제 렌더 결과와 연결","해당 원본 컨트롤의 노출 조건·클릭/필터/취소 결과를 Golden fixture로 검증","<button class=""modalclose"" onclick=""splitForm(null)"" aria-label=""닫기"">"
"C01014","UNRESOLVED_CONTROL","(top-level/template): 
  ","페이지 데이터/상태 경로: 정확한 runtime reachability 미확인","직접 literal write 발견 없음; 간접 호출은 미확인","local/crm.html:2093","미확정: 원본 handler/template 추적 필요","TEST_MISSING","중복정의·동적 template·상위함수 호출을 실제 렌더 결과와 연결","해당 원본 컨트롤의 노출 조건·클릭/필터/취소 결과를 Golden fixture로 검증","<div class=""modalshade"" id=""newDealModal"" aria-hidden=""true"" onclick=""if(event.target===this)closeNewDeal()"">"
"C01015","UNRESOLVED_CONTROL","(top-level/template): ✕","페이지 데이터/상태 경로: 정확한 runtime reachability 미확인","직접 literal write 발견 없음; 간접 호출은 미확인","local/crm.html:2095","미확정: 원본 handler/template 추적 필요","TEST_MISSING","중복정의·동적 template·상위함수 호출을 실제 렌더 결과와 연결","해당 원본 컨트롤의 노출 조건·클릭/필터/취소 결과를 Golden fixture로 검증","<button class=""modalclose"" onclick=""closeNewDeal()"" aria-label=""닫기"">"
"C01016","UNRESOLVED_CONTROL","(top-level/template): 
  ","페이지 데이터/상태 경로: 정확한 runtime reachability 미확인","직접 literal write 발견 없음; 간접 호출은 미확인","local/crm.html:2099","미확정: 원본 handler/template 추적 필요","TEST_MISSING","중복정의·동적 template·상위함수 호출을 실제 렌더 결과와 연결","해당 원본 컨트롤의 노출 조건·클릭/필터/취소 결과를 Golden fixture로 검증","<div class=""modalshade perf-drawer"" id=""perfDrawer"" aria-hidden=""true"" onclick=""if(event.target===this)closePerfDrawer()"">"
"C01017","UNRESOLVED_CONTROL","(top-level/template): ✕","페이지 데이터/상태 경로: 정확한 runtime reachability 미확인","직접 literal write 발견 없음; 간접 호출은 미확인","local/crm.html:2101","미확정: 원본 handler/template 추적 필요","TEST_MISSING","중복정의·동적 template·상위함수 호출을 실제 렌더 결과와 연결","해당 원본 컨트롤의 노출 조건·클릭/필터/취소 결과를 Golden fixture로 검증","<button class=""modalclose"" onclick=""closePerfDrawer()"" aria-label=""닫기"">"
"C01018","UNRESOLVED_CONTROL","(top-level/template): 
  ","페이지 데이터/상태 경로: 정확한 runtime reachability 미확인","직접 literal write 발견 없음; 간접 호출은 미확인","local/crm.html:2105","미확정: 원본 handler/template 추적 필요","TEST_MISSING","중복정의·동적 template·상위함수 호출을 실제 렌더 결과와 연결","해당 원본 컨트롤의 노출 조건·클릭/필터/취소 결과를 Golden fixture로 검증","<div class=""modalshade report-drill"" id=""reportDrill"" aria-hidden=""true"" onclick=""if(event.target===this)closeReportDrill()"">"
"C01019","UNRESOLVED_CONTROL","(top-level/template): ✕","페이지 데이터/상태 경로: 정확한 runtime reachability 미확인","직접 literal write 발견 없음; 간접 호출은 미확인","local/crm.html:2107","미확정: 원본 handler/template 추적 필요","TEST_MISSING","중복정의·동적 template·상위함수 호출을 실제 렌더 결과와 연결","해당 원본 컨트롤의 노출 조건·클릭/필터/취소 결과를 Golden fixture로 검증","<button class=""modalclose"" onclick=""closeReportDrill()"" aria-label=""닫기"">"
"C01020","UNRESOLVED_CONTROL","(top-level/template): 
  ","페이지 데이터/상태 경로: 정확한 runtime reachability 미확인","직접 literal write 발견 없음; 간접 호출은 미확인","local/crm.html:2111","미확정: 원본 handler/template 추적 필요","TEST_MISSING","중복정의·동적 template·상위함수 호출을 실제 렌더 결과와 연결","해당 원본 컨트롤의 노출 조건·클릭/필터/취소 결과를 Golden fixture로 검증","<div class=""modalshade site-drawer"" id=""siteDrawer"" aria-hidden=""true"" onclick=""if(event.target===this)closeSiteDrawer()"">"
"C01021","UNRESOLVED_CONTROL","(top-level/template): ✕","페이지 데이터/상태 경로: 정확한 runtime reachability 미확인","직접 literal write 발견 없음; 간접 호출은 미확인","local/crm.html:2113","미확정: 원본 handler/template 추적 필요","TEST_MISSING","중복정의·동적 template·상위함수 호출을 실제 렌더 결과와 연결","해당 원본 컨트롤의 노출 조건·클릭/필터/취소 결과를 Golden fixture로 검증","<button class=""modalclose"" onclick=""closeSiteDrawer()"" aria-label=""닫기"">"
"C01022","UNRESOLVED_CONTROL","(top-level/template): 
  ","페이지 데이터/상태 경로: 정확한 runtime reachability 미확인","직접 literal write 발견 없음; 간접 호출은 미확인","local/crm.html:2117","미확정: 원본 handler/template 추적 필요","TEST_MISSING","중복정의·동적 template·상위함수 호출을 실제 렌더 결과와 연결","해당 원본 컨트롤의 노출 조건·클릭/필터/취소 결과를 Golden fixture로 검증","<div class=""modalshade"" id=""inquiryControlModal"" aria-hidden=""true"" onclick=""if(event.target===this)closeInquiryControlModal()"">"
"C01023","UNRESOLVED_CONTROL","(top-level/template): ✕","페이지 데이터/상태 경로: 정확한 runtime reachability 미확인","직접 literal write 발견 없음; 간접 호출은 미확인","local/crm.html:2119","미확정: 원본 handler/template 추적 필요","TEST_MISSING","중복정의·동적 template·상위함수 호출을 실제 렌더 결과와 연결","해당 원본 컨트롤의 노출 조건·클릭/필터/취소 결과를 Golden fixture로 검증","<button class=""modalclose"" onclick=""closeInquiryControlModal()"" aria-label=""닫기"">"
"C01024","UNRESOLVED_CONTROL","authBadge: 로그아웃","페이지 데이터/상태 경로: 정확한 runtime reachability 미확인","직접 literal write 발견 없음; 간접 호출은 미확인","local/crm.html:2243","미확정: 원본 handler/template 추적 필요","TEST_MISSING","중복정의·동적 template·상위함수 호출을 실제 렌더 결과와 연결","해당 원본 컨트롤의 노출 조건·클릭/필터/취소 결과를 Golden fixture로 검증","<span class=""out"" onclick=""authSignOut()"">"
"C01025","UNRESOLVED_CONTROL","runDiag: ↻ 다시 불러오기","페이지 데이터/상태 경로: 정확한 runtime reachability 미확인","직접 literal write 발견 없음; 간접 호출은 미확인","local/crm.html:2851","미확정: 원본 handler/template 추적 필요","TEST_MISSING","중복정의·동적 template·상위함수 호출을 실제 렌더 결과와 연결","해당 원본 컨트롤의 노출 조건·클릭/필터/취소 결과를 Golden fixture로 검증","<button onclick=""loadData()"">"
"C01026","UNRESOLVED_CONTROL","runDiag: 📋 결과 복사","페이지 데이터/상태 경로: 정확한 runtime reachability 미확인","직접 literal write 발견 없음; 간접 호출은 미확인","local/crm.html:2851","미확정: 원본 handler/template 추적 필요","TEST_MISSING","중복정의·동적 template·상위함수 호출을 실제 렌더 결과와 연결","해당 원본 컨트롤의 노출 조건·클릭/필터/취소 결과를 Golden fixture로 검증","<button onclick=""copyDiag()"">"
"C01027","UNRESOLVED_CONTROL","runDiag: 닫기","페이지 데이터/상태 경로: 정확한 runtime reachability 미확인","직접 literal write 발견 없음; 간접 호출은 미확인","local/crm.html:2851","미확정: 원본 handler/template 추적 필요","TEST_MISSING","중복정의·동적 template·상위함수 호출을 실제 렌더 결과와 연결","해당 원본 컨트롤의 노출 조건·클릭/필터/취소 결과를 Golden fixture로 검증","<button onclick=""document.getElementById(\'err\').style.display=\'none\'"">"
"C01028","L01","loadData: 🔍 연결 점검","crm_read_bundle/_crmRead.version1 actorId scope","직접 literal write 발견 없음; 간접 호출은 미확인","local/crm.html:2932","기존4 v2와 계약 불일치","CONTRACT_MISSING","Golden에는 파일없음; public v1candidate와 실제v2필드adapter 필요","v1검증기를v2완료로오인금지·두화면 동일소스·failclosed","<button class=""errbtn"" onclick=""runDiag()"">"
"C01029","L01","loadData: 🔍 연결 점검","crm_read_bundle/_crmRead.version1 actorId scope","직접 literal write 발견 없음; 간접 호출은 미확인","local/crm.html:2935","기존4 v2와 계약 불일치","CONTRACT_MISSING","Golden에는 파일없음; public v1candidate와 실제v2필드adapter 필요","v1검증기를v2완료로오인금지·두화면 동일소스·failclosed","<button class=""errbtn"" onclick=""runDiag()"">"
"C01030","UNRESOLVED_CONTROL","cnt: '+y+'","페이지 데이터/상태 경로: 정확한 runtime reachability 미확인","직접 literal write 발견 없음; 간접 호출은 미확인","local/crm.html:2978","미확정: 원본 handler/template 추적 필요","TEST_MISSING","중복정의·동적 template·상위함수 호출을 실제 렌더 결과와 연결","해당 원본 컨트롤의 노출 조건·클릭/필터/취소 결과를 Golden fixture로 검증","<span class=""yr clk '+(G.year===y?'on':'')+'"" onclick=""G.year=\''+y+'\';G.quarter=0;paint()"">"
"C01031","UNRESOLVED_CONTROL","cnt: '+q+'분기","페이지 데이터/상태 경로: 정확한 runtime reachability 미확인","직접 literal write 발견 없음; 간접 호출은 미확인","local/crm.html:2980","미확정: 원본 handler/template 추적 필요","TEST_MISSING","중복정의·동적 template·상위함수 호출을 실제 렌더 결과와 연결","해당 원본 컨트롤의 노출 조건·클릭/필터/취소 결과를 Golden fixture로 검증","<span class=""qbt clk '+(G.quarter===q?'on':'')+'"" onclick=""G.quarter=(G.quarter==='+q+'?0:'+q+');if(G.year===\'전체\')G.year=CUR_Y;paint()"">"
"C01032","UNRESOLVED_CONTROL","cnt: 연간","페이지 데이터/상태 경로: 정확한 runtime reachability 미확인","직접 literal write 발견 없음; 간접 호출은 미확인","local/crm.html:2981","미확정: 원본 handler/template 추적 필요","TEST_MISSING","중복정의·동적 template·상위함수 호출을 실제 렌더 결과와 연결","해당 원본 컨트롤의 노출 조건·클릭/필터/취소 결과를 Golden fixture로 검증","<span class=""qbt clk '+(!G.quarter&&G.year!=='전체'?'on':'')+'"" onclick=""G.quarter=0;paint()"">"
"C01033","UNRESOLVED_CONTROL","cnt: '+workFilterOptions(G.workFilter)+'","페이지 데이터/상태 경로: 정확한 runtime reachability 미확인","직접 literal write 발견 없음; 간접 호출은 미확인","local/crm.html:2982","미확정: 원본 handler/template 추적 필요","TEST_MISSING","중복정의·동적 template·상위함수 호출을 실제 렌더 결과와 연결","해당 원본 컨트롤의 노출 조건·클릭/필터/취소 결과를 Golden fixture로 검증","<select id=""global-work-filter"" onchange=""G.workFilter=this.value;G.splitKey=null;paint()"">"
"C01034","UNRESOLVED_CONTROL","ws: '
   +'","페이지 데이터/상태 경로: 정확한 runtime reachability 미확인","직접 literal write 발견 없음; 간접 호출은 미확인","local/crm.html:3091","미확정: 원본 handler/template 추적 필요","TEST_MISSING","중복정의·동적 template·상위함수 호출을 실제 렌더 결과와 연결","해당 원본 컨트롤의 노출 조건·클릭/필터/취소 결과를 Golden fixture로 검증","<div class=""mcard2 '+(c.bad?'risk ':'')+(G.towerDrill===c.k?'on':'')+'"" title=""'+escAttr(c.tip)+'"" data-k=""'+c.k+'"" onclick=""towerDrill(this.dataset.k)"">"
"C01035","UNRESOLVED_CONTROL","paintTowerDrill: 닫기","페이지 데이터/상태 경로: 정확한 runtime reachability 미확인","직접 literal write 발견 없음; 간접 호출은 미확인","local/crm.html:3132","미확정: 원본 handler/template 추적 필요","TEST_MISSING","중복정의·동적 template·상위함수 호출을 실제 렌더 결과와 연결","해당 원본 컨트롤의 노출 조건·클릭/필터/취소 결과를 Golden fixture로 검증","<button class=""dact"" onclick=""towerDrill(null)"">"
"C01036","UNRESOLVED_CONTROL","paintTowerDrill: '+r.n+'","페이지 데이터/상태 경로: 정확한 runtime reachability 미확인","직접 literal write 발견 없음; 간접 호출은 미확인","local/crm.html:3134","미확정: 원본 handler/template 추적 필요","TEST_MISSING","중복정의·동적 template·상위함수 호출을 실제 렌더 결과와 연결","해당 원본 컨트롤의 노출 조건·클릭/필터/취소 결과를 Golden fixture로 검증","<td class=""clk""'+(r.ci!=null?' onclick=""towerGoStage('+r.ci+')""':'')+'>"
"C01037","UNRESOLVED_CONTROL","paintTowerDrill: button","페이지 데이터/상태 경로: 정확한 runtime reachability 미확인","직접 literal write 발견 없음; 간접 호출은 미확인","local/crm.html:3138","미확정: 원본 handler/template 추적 필요","TEST_MISSING","중복정의·동적 template·상위함수 호출을 실제 렌더 결과와 연결","해당 원본 컨트롤의 노출 조건·클릭/필터/취소 결과를 Golden fixture로 검증","<button class=""hchip bad"" data-k=""'+r.k+'"" onclick=""'+IssueModal.bind('tower:risk:'+r.k,r.k,r.rows,r.nm)+'"">"
"C01038","UNRESOLVED_CONTROL","pipeBox: '
  +'","페이지 데이터/상태 경로: 정확한 runtime reachability 미확인","직접 literal write 발견 없음; 간접 호출은 미확인","local/crm.html:3165","미확정: 원본 handler/template 추적 필요","TEST_MISSING","중복정의·동적 template·상위함수 호출을 실제 렌더 결과와 연결","해당 원본 컨트롤의 노출 조건·클릭/필터/취소 결과를 Golden fixture로 검증","<div class=""pbox'+(o.cls?' '+o.cls:'')+(o.on?' on':'')+'""'
  +(o.go?' onclick=""'+o.go+'""':'')+(o.tip?' title=""'+escAttr(o.tip)+'""':'')+'>"
"C01039","UNRESOLVED_CONTROL","paintSalesPipe: ","페이지 데이터/상태 경로: 정확한 runtime reachability 미확인","직접 literal write 발견 없음; 간접 호출은 미확인","local/crm.html:3196","미확정: 원본 handler/template 추적 필요","TEST_MISSING","중복정의·동적 template·상위함수 호출을 실제 렌더 결과와 연결","해당 원본 컨트롤의 노출 조건·클릭/필터/취소 결과를 Golden fixture로 검증","<=made.length?pctOf(A.length,made.length)+'%':'직접·과거 포함',go:""towerGoRep(G.rep,null,null,'all')""},
  {nm:'경쟁·입찰',n:comp.length,amt:cAmt,conv:'기회 중 '+pctOf(comp.length,A.length)+'%',go:'towerGoRep(G.rep,2,null)'},
  {nm:'수주',n:wonP.length,amt:wonAmtPeriod,conv:'확정일 기준',go:'towerGoWon(G.rep)'}
 ];
 var fmax=Math.max.apply(null,funnel.map(function(x){return x.n}).concat([1]));
 var fhtml=funnel.map(function(x,i){return '<button class=""flow-step"" onclick=""'+x.go+'"">"
"C01040","UNRESOLVED_CONTROL","paintSalesPipe: button","페이지 데이터/상태 경로: 정확한 runtime reachability 미확인","직접 literal write 발견 없음; 간접 호출은 미확인","local/crm.html:3210","미확정: 원본 handler/template 추적 필요","TEST_MISSING","중복정의·동적 template·상위함수 호출을 실제 렌더 결과와 연결","해당 원본 컨트롤의 노출 조건·클릭/필터/취소 결과를 Golden fixture로 검증","<button class=""money-stage-row"" data-codes=""'+x.codes.join('|')+'"" data-label=""'+escAttr(x.nm)+'"" onclick=""dashboardGoStages(this.dataset.codes,this.dataset.label,true)"">"
"C01041","UNRESOLVED_CONTROL","paintTowerDiag: 닫기","페이지 데이터/상태 경로: 정확한 runtime reachability 미확인","직접 literal write 발견 없음; 간접 호출은 미확인","local/crm.html:3234","미확정: 원본 handler/template 추적 필요","TEST_MISSING","중복정의·동적 template·상위함수 호출을 실제 렌더 결과와 연결","해당 원본 컨트롤의 노출 조건·클릭/필터/취소 결과를 Golden fixture로 검증","<button class=""dact"" onclick=""towerDiag(null)"">"
"C01042","UNRESOLVED_CONTROL","paintTowerDiag: button","페이지 데이터/상태 경로: 정확한 runtime reachability 미확인","직접 literal write 발견 없음; 간접 호출은 미확인","local/crm.html:3240","미확정: 원본 handler/template 추적 필요","TEST_MISSING","중복정의·동적 template·상위함수 호출을 실제 렌더 결과와 연결","해당 원본 컨트롤의 노출 조건·클릭/필터/취소 결과를 Golden fixture로 검증","<button class=""drow"" data-k=""'+x.k+'"" data-c=""'+G.pipeDiag+'"" onclick=""towerGoNeck(Number(this.dataset.c),this.dataset.k)"">"
"C01043","UNRESOLVED_CONTROL","paintTowerDiag: button","페이지 데이터/상태 경로: 정확한 runtime reachability 미확인","직접 literal write 발견 없음; 간접 호출은 미확인","local/crm.html:3242","미확정: 원본 handler/template 추적 필요","TEST_MISSING","중복정의·동적 template·상위함수 호출을 실제 렌더 결과와 연결","해당 원본 컨트롤의 노출 조건·클릭/필터/취소 결과를 Golden fixture로 검증","<button class=""drow"" data-n=""'+escAttr(x.nm)+'"" data-c=""'+G.pipeDiag+'"" onclick=""towerGoRep(this.dataset.n,Number(this.dataset.c),null)"">"
"C01044","UNRESOLVED_CONTROL","paintTowerDiag: 해당 현장 '+L.length+'건 보기 →","페이지 데이터/상태 경로: 정확한 runtime reachability 미확인","직접 literal write 발견 없음; 간접 호출은 미확인","local/crm.html:3243","미확정: 원본 handler/template 추적 필요","TEST_MISSING","중복정의·동적 template·상위함수 호출을 실제 렌더 결과와 연결","해당 원본 컨트롤의 노출 조건·클릭/필터/취소 결과를 Golden fixture로 검증","<button class=""dact pri"" data-c=""'+G.pipeDiag+'"" onclick=""towerGoStage(Number(this.dataset.c))"">"
"C01045","UNRESOLVED_CONTROL","paintTowerToday: '
     +'","페이지 데이터/상태 경로: 정확한 runtime reachability 미확인","직접 literal write 발견 없음; 간접 호출은 미확인","local/crm.html:3258","미확정: 원본 handler/template 추적 필요","TEST_MISSING","중복정의·동적 template·상위함수 호출을 실제 렌더 결과와 연결","해당 원본 컨트롤의 노출 조건·클릭/필터/취소 결과를 Golden fixture로 검증","<div class=""neckrow"" data-id=""'+escAttr(dealKey(d))+'"" onclick=""towerOpen(this.dataset.id)"">"
"C01046","UNRESOLVED_CONTROL","path: '+m[1]+'","페이지 데이터/상태 경로: 정확한 runtime reachability 미확인","직접 literal write 발견 없음; 간접 호출은 미확인","local/crm.html:3370","미확정: 원본 handler/template 추적 필요","TEST_MISSING","중복정의·동적 template·상위함수 호출을 실제 렌더 결과와 연결","해당 원본 컨트롤의 노출 조건·클릭/필터/취소 결과를 Golden fixture로 검증","<button class=""'+(kind===m[0]?'on':'')+'"" data-k=""'+m[0]+'"" onclick=""G.yoyKind=this.dataset.k;paint()"">"
"C01047","UNRESOLVED_CONTROL","path: '+(goal?'목표 수정':'목표 설정')+'","페이지 데이터/상태 경로: 정확한 runtime reachability 미확인","직접 literal write 발견 없음; 간접 호출은 미확인","local/crm.html:3375","미확정: 원본 handler/template 추적 필요","TEST_MISSING","중복정의·동적 template·상위함수 호출을 실제 렌더 결과와 연결","해당 원본 컨트롤의 노출 조건·클릭/필터/취소 결과를 Golden fixture로 검증","<button onclick=""setYearGoal()"">"
"C01048","UNRESOLVED_CONTROL","nearbyHTML: '
     +'","페이지 데이터/상태 경로: 정확한 runtime reachability 미확인","직접 literal write 발견 없음; 간접 호출은 미확인","local/crm.html:3421","미확정: 원본 handler/template 추적 필요","TEST_MISSING","중복정의·동적 template·상위함수 호출을 실제 렌더 결과와 연결","해당 원본 컨트롤의 노출 조건·클릭/필터/취소 결과를 Golden fixture로 검증","<div class=""nbrow"" data-k=""'+escAttr(dealKey(x.d))+'"" onclick=""nearbyOpen(this.dataset.k)"">"
"C01049","UNRESOLVED_CONTROL","paintTowerMine: '
     +'","페이지 데이터/상태 경로: 정확한 runtime reachability 미확인","직접 literal write 발견 없음; 간접 호출은 미확인","local/crm.html:3477","미확정: 원본 handler/template 추적 필요","TEST_MISSING","중복정의·동적 template·상위함수 호출을 실제 렌더 결과와 연결","해당 원본 컨트롤의 노출 조건·클릭/필터/취소 결과를 Golden fixture로 검증","<button class=""'+(t.cls||'')+(tab===t.k?' on':'')+'"" data-k=""'+t.k+'"" onclick=""setTodoTab(this.dataset.k)"">"
"C01050","UNRESOLVED_CONTROL","paintTowerMine: '
      +esc(r.q.site||'현장명 없음')+'","페이지 데이터/상태 경로: 정확한 runtime reachability 미확인","직접 literal write 발견 없음; 간접 호출은 미확인","local/crm.html:3482","미확정: 원본 handler/template 추적 필요","TEST_MISSING","중복정의·동적 template·상위함수 호출을 실제 렌더 결과와 연결","해당 원본 컨트롤의 노출 조건·클릭/필터/취소 결과를 Golden fixture로 검증","<div class=""tsite"" data-k=""'+escAttr(inqKey(r.q))+'"" onclick=""todoOpenInq(this.dataset.k)"">"
"C01051","UNRESOLVED_CONTROL","paintTowerMine: 열기","페이지 데이터/상태 경로: 정확한 runtime reachability 미확인","직접 literal write 발견 없음; 간접 호출은 미확인","local/crm.html:3485","미확정: 원본 handler/template 추적 필요","TEST_MISSING","중복정의·동적 template·상위함수 호출을 실제 렌더 결과와 연결","해당 원본 컨트롤의 노출 조건·클릭/필터/취소 결과를 Golden fixture로 검증","<button class=""pri"" data-k=""'+escAttr(inqKey(r.q))+'"" onclick=""todoOpenInq(this.dataset.k)"">"
"C01052","UNRESOLVED_CONTROL","paintTowerMine: '+esc(r.d.site||'현장명 없음')+'","페이지 데이터/상태 경로: 정확한 runtime reachability 미확인","직접 literal write 발견 없음; 간접 호출은 미확인","local/crm.html:3493","미확정: 원본 handler/template 추적 필요","TEST_MISSING","중복정의·동적 template·상위함수 호출을 실제 렌더 결과와 연결","해당 원본 컨트롤의 노출 조건·클릭/필터/취소 결과를 Golden fixture로 검증","<div class=""tsite"" data-k=""'+escAttr(k)+'"" onclick=""todoOpen(this.dataset.k)"">"
"C01053","UNRESOLVED_CONTROL","paintTowerMine: 📍 같은 지역 '+r.nb+'곳","페이지 데이터/상태 경로: 정확한 runtime reachability 미확인","직접 literal write 발견 없음; 간접 호출은 미확인","local/crm.html:3495","미확정: 원본 handler/template 추적 필요","TEST_MISSING","중복정의·동적 template·상위함수 호출을 실제 렌더 결과와 연결","해당 원본 컨트롤의 노출 조건·클릭/필터/취소 결과를 Golden fixture로 검증","<button class=""tnb"" data-k=""'+escAttr(k)+'"" onclick=""event.stopPropagation();todoOpen(this.dataset.k)"">"
"C01054","UNRESOLVED_CONTROL","paintTowerMine: 📞 전화","페이지 데이터/상태 경로: 정확한 runtime reachability 미확인","직접 literal write 발견 없음; 간접 호출은 미확인","local/crm.html:3498","미확정: 원본 handler/template 추적 필요","TEST_MISSING","중복정의·동적 template·상위함수 호출을 실제 렌더 결과와 연결","해당 원본 컨트롤의 노출 조건·클릭/필터/취소 결과를 Golden fixture로 검증","<button class=""pri"" data-k=""'+escAttr(k)+'"" onclick=""todoCall(this.dataset.k)""'+(ph.tel?'':' disabled title=""연락처가 없습니다 — 견적문의와 연결하면 번호가 생깁니다""')+'>"
"C01055","UNRESOLVED_CONTROL","paintTowerMine: ✓ 완료","페이지 데이터/상태 경로: 정확한 runtime reachability 미확인","직접 literal write 발견 없음; 간접 호출은 미확인","local/crm.html:3499","미확정: 원본 handler/template 추적 필요","TEST_MISSING","중복정의·동적 template·상위함수 호출을 실제 렌더 결과와 연결","해당 원본 컨트롤의 노출 조건·클릭/필터/취소 결과를 Golden fixture로 검증","<button class=""ok"" data-k=""'+escAttr(k)+'"" onclick=""todoDone(this.dataset.k)"">"
"C01056","UNRESOLVED_CONTROL","paintTowerMine: 연기 +3일","페이지 데이터/상태 경로: 정확한 runtime reachability 미확인","직접 literal write 발견 없음; 간접 호출은 미확인","local/crm.html:3500","미확정: 원본 handler/template 추적 필요","TEST_MISSING","중복정의·동적 template·상위함수 호출을 실제 렌더 결과와 연결","해당 원본 컨트롤의 노출 조건·클릭/필터/취소 결과를 Golden fixture로 검증","<button data-k=""'+escAttr(k)+'"" onclick=""todoDelay(this.dataset.k)"">"
"C01057","UNRESOLVED_CONTROL","paintTowerMine: 잡으러 가기","페이지 데이터/상태 경로: 정확한 runtime reachability 미확인","직접 literal write 발견 없음; 간접 호출은 미확인","local/crm.html:3507","미확정: 원본 handler/template 추적 필요","TEST_MISSING","중복정의·동적 template·상위함수 호출을 실제 렌더 결과와 연결","해당 원본 컨트롤의 노출 조건·클릭/필터/취소 결과를 Golden fixture로 검증","<button class=""act"" onclick=""todoGoNone()"">"
"C01058","UNRESOLVED_CONTROL","paintTowerFunnel: '
     +'","페이지 데이터/상태 경로: 정확한 runtime reachability 미확인","직접 literal write 발견 없음; 간접 호출은 미확인","local/crm.html:3585","미확정: 원본 handler/template 추적 필요","TEST_MISSING","중복정의·동적 template·상위함수 호출을 실제 렌더 결과와 연결","해당 원본 컨트롤의 노출 조건·클릭/필터/취소 결과를 Golden fixture로 검증","<div class=""fstep '+(x.won?'won':'')+'"" onclick=""'+(x.won?'towerGoWon()':(x.ci!=null?'towerGoStage('+x.ci+')':'towerGoStage(null)'))+'"">"
"C01059","UNRESOLVED_CONTROL","paintTowerStageBrand: button","페이지 데이터/상태 경로: 정확한 runtime reachability 미확인","직접 literal write 발견 없음; 간접 호출은 미확인","local/crm.html:3712","미확정: 원본 handler/template 추적 필요","TEST_MISSING","중복정의·동적 template·상위함수 호출을 실제 렌더 결과와 연결","해당 원본 컨트롤의 노출 조건·클릭/필터/취소 결과를 Golden fixture로 검증","<button class=""velocity-row '+(bad?'alert':'')+'"" data-codes=""'+s.codes.join('|')+'"" data-label=""'+escAttr(s.nm)+'"" onclick=""dashboardGoStages(this.dataset.codes,this.dataset.label,true)"">"
"C01060","UNRESOLVED_CONTROL","paintTowerStageBrand: tr","페이지 데이터/상태 경로: 정확한 runtime reachability 미확인","직접 literal write 발견 없음; 간접 호출은 미확인","local/crm.html:3720","미확정: 원본 handler/template 추적 필요","TEST_MISSING","중복정의·동적 template·상위함수 호출을 실제 렌더 결과와 연결","해당 원본 컨트롤의 노출 조건·클릭/필터/취소 결과를 Golden fixture로 검증","<tr class=""'+(G.brand===r.nm?'on':'')+'"" data-b=""'+escAttr(r.nm)+'"" onclick=""G.brand=G.brand===this.dataset.b?\'전체\':this.dataset.b;paint()"">"
"C01061","UNRESOLVED_CONTROL","paintTowerStageBrand: button","페이지 데이터/상태 경로: 정확한 runtime reachability 미확인","직접 literal write 발견 없음; 간접 호출은 미확인","local/crm.html:3722","미확정: 원본 handler/template 추적 필요","TEST_MISSING","중복정의·동적 template·상위함수 호출을 실제 렌더 결과와 연결","해당 원본 컨트롤의 노출 조건·클릭/필터/취소 결과를 Golden fixture로 검증","<button '+(tracked.length?'onclick=""dashboardGoRisk(\'advanced\')""':'disabled')+'>"
"C01062","UNRESOLVED_CONTROL","paintTowerStageBrand: button","페이지 데이터/상태 경로: 정확한 runtime reachability 미확인","직접 literal write 발견 없음; 간접 호출은 미확인","local/crm.html:3722","미확정: 원본 handler/template 추적 필요","TEST_MISSING","중복정의·동적 template·상위함수 호출을 실제 렌더 결과와 연결","해당 원본 컨트롤의 노출 조건·클릭/필터/취소 결과를 Golden fixture로 검증","<button onclick=""dashboardGoSnapshot(\'active\')"">"
"C01063","UNRESOLVED_CONTROL","paintTowerStageBrand: button","페이지 데이터/상태 경로: 정확한 runtime reachability 미확인","직접 literal write 발견 없음; 간접 호출은 미확인","local/crm.html:3722","미확정: 원본 handler/template 추적 필요","TEST_MISSING","중복정의·동적 template·상위함수 호출을 실제 렌더 결과와 연결","해당 원본 컨트롤의 노출 조건·클릭/필터/취소 결과를 Golden fixture로 검증","<button class=""risk"" onclick=""'+IssueModal.bind('velocity:stageSla','stageSla',slaOver)+'"">"
"C01064","UNRESOLVED_CONTROL","paintTowerCharts: '+esc(r.nm)+'","페이지 데이터/상태 경로: 정확한 runtime reachability 미확인","직접 literal write 발견 없음; 간접 호출은 미확인","local/crm.html:3733","미확정: 원본 handler/template 추적 필요","TEST_MISSING","중복정의·동적 template·상위함수 호출을 실제 렌더 결과와 연결","해당 원본 컨트롤의 노출 조건·클릭/필터/취소 결과를 Golden fixture로 검증","<button class=""chart-rep"" data-n=""'+escAttr(r.nm)+'"" onclick=""towerGoRepMetric(this.dataset.n,\'active\')"">"
"C01065","UNRESOLVED_CONTROL","paintTowerCharts: button","페이지 데이터/상태 경로: 정확한 runtime reachability 미확인","직접 literal write 발견 없음; 간접 호출은 미확인","local/crm.html:3734","미확정: 원본 handler/template 추적 필요","TEST_MISSING","중복정의·동적 template·상위함수 호출을 실제 렌더 결과와 연결","해당 원본 컨트롤의 노출 조건·클릭/필터/취소 결과를 Golden fixture로 검증","<button class=""chart-track pipe'+(r.p?'':' zero')+'"" data-n=""'+escAttr(r.nm)+'"" onclick=""towerGoRepMetric(this.dataset.n,\'active\')"" aria-label=""'+escAttr(r.nm+' 진행 Pipeline '+eok(r.p))+'"">"
"C01066","UNRESOLVED_CONTROL","paintTowerCharts: button","페이지 데이터/상태 경로: 정확한 runtime reachability 미확인","직접 literal write 발견 없음; 간접 호출은 미확인","local/crm.html:3735","미확정: 원본 handler/template 추적 필요","TEST_MISSING","중복정의·동적 template·상위함수 호출을 실제 렌더 결과와 연결","해당 원본 컨트롤의 노출 조건·클릭/필터/취소 결과를 Golden fixture로 검증","<button class=""chart-track compete'+(r.c?'':' zero')+'"" data-n=""'+escAttr(r.nm)+'"" onclick=""dashboardGoRepStages(this.dataset.n,\'compete|imminent|bidding\',\'경쟁·입찰\')"" aria-label=""'+escAttr(r.nm+' 경쟁 입찰 '+eok(r.c))+'"">"
"C01067","UNRESOLVED_CONTROL","paintTowerCharts: button","페이지 데이터/상태 경로: 정확한 runtime reachability 미확인","직접 literal write 발견 없음; 간접 호출은 미확인","local/crm.html:3736","미확정: 원본 handler/template 추적 필요","TEST_MISSING","중복정의·동적 template·상위함수 호출을 실제 렌더 결과와 연결","해당 원본 컨트롤의 노출 조건·클릭/필터/취소 결과를 Golden fixture로 검증","<button class=""chart-track won'+(r.w?'':' zero')+'"" data-n=""'+escAttr(r.nm)+'"" onclick=""towerGoWon(this.dataset.n)"" aria-label=""'+escAttr(r.nm+' 수주 '+eok(r.w))+'"">"
"C01068","UNRESOLVED_CONTROL","paintTowerReps: '+esc(x[1])+'","페이지 데이터/상태 경로: 정확한 runtime reachability 미확인","직접 literal write 발견 없음; 간접 호출은 미확인","local/crm.html:3748","미확정: 원본 handler/template 추적 필요","TEST_MISSING","중복정의·동적 template·상위함수 호출을 실제 렌더 결과와 연결","해당 원본 컨트롤의 노출 조건·클릭/필터/취소 결과를 Golden fixture로 검증","<button class=""'+(scope===x[0]?'on':'')+'"" data-s=""'+x[0]+'"" onclick=""setRepScope(this.dataset.s)"">"
"C01069","UNRESOLVED_CONTROL","paintTowerReps: '+r.iq+'","페이지 데이터/상태 경로: 정확한 runtime reachability 미확인","직접 literal write 발견 없음; 간접 호출은 미확인","local/crm.html:3756","미확정: 원본 handler/template 추적 필요","TEST_MISSING","중복정의·동적 template·상위함수 호출을 실제 렌더 결과와 연결","해당 원본 컨트롤의 노출 조건·클릭/필터/취소 결과를 Golden fixture로 검증","<td class=""clk"" data-n=""'+escAttr(r.nm)+'"" onclick=""towerGoInq(this.dataset.n)"">"
"C01070","UNRESOLVED_CONTROL","paintTowerReps: '+(r.iq?r.made:'—')+(r.iwon?'","페이지 데이터/상태 경로: 정확한 runtime reachability 미확인","직접 literal write 발견 없음; 간접 호출은 미확인","local/crm.html:3757","미확정: 원본 handler/template 추적 필요","TEST_MISSING","중복정의·동적 template·상위함수 호출을 실제 렌더 결과와 연결","해당 원본 컨트롤의 노출 조건·클릭/필터/취소 결과를 Golden fixture로 검증","<td class=""clk"" title=""이 수치의 견적문의 근거 목록 열기"" data-n=""'+escAttr(r.nm)+'"" onclick=""towerGoRepMetric(this.dataset.n,\'inqMade\')"">"
"C01071","UNRESOLVED_CONTROL","paintTowerReps: '+(r.iq?r.mrate+'%':'—')+'","페이지 데이터/상태 경로: 정확한 runtime reachability 미확인","직접 literal write 발견 없음; 간접 호출은 미확인","local/crm.html:3758","미확정: 원본 handler/template 추적 필요","TEST_MISSING","중복정의·동적 template·상위함수 호출을 실제 렌더 결과와 연결","해당 원본 컨트롤의 노출 조건·클릭/필터/취소 결과를 Golden fixture로 검증","<td class=""clk conv '+mcls+'"" title=""메이드율의 전체 견적문의 근거 열기"" data-n=""'+escAttr(r.nm)+'"" onclick=""towerGoRepMetric(this.dataset.n,\'inqAll\')"">"
"C01072","UNRESOLVED_CONTROL","paintTowerReps: '+r.asg
       +'","페이지 데이터/상태 경로: 정확한 runtime reachability 미확인","직접 literal write 발견 없음; 간접 호출은 미확인","local/crm.html:3759","미확정: 원본 handler/template 추적 필요","TEST_MISSING","중복정의·동적 template·상위함수 호출을 실제 렌더 결과와 연결","해당 원본 컨트롤의 노출 조건·클릭/필터/취소 결과를 Golden fixture로 검증","<td class=""clk"" data-n=""'+escAttr(r.nm)+'"" onclick=""towerGoRepMetric(this.dataset.n,\'assigned\')"">"
"C01073","UNRESOLVED_CONTROL","paintTowerReps: '+r.self+(r.self?'","페이지 데이터/상태 경로: 정확한 runtime reachability 미확인","직접 literal write 발견 없음; 간접 호출은 미확인","local/crm.html:3761","미확정: 원본 handler/template 추적 필요","TEST_MISSING","중복정의·동적 template·상위함수 호출을 실제 렌더 결과와 연결","해당 원본 컨트롤의 노출 조건·클릭/필터/취소 결과를 Golden fixture로 검증","<td class=""clk"" title=""직접영업 근거 현장 열기"" data-n=""'+escAttr(r.nm)+'"" onclick=""towerGoRepMetric(this.dataset.n,\'self\')"">"
"C01074","UNRESOLVED_CONTROL","paintTowerReps: '+eok(r.q)+'","페이지 데이터/상태 경로: 정확한 runtime reachability 미확인","직접 literal write 발견 없음; 간접 호출은 미확인","local/crm.html:3762","미확정: 원본 handler/template 추적 필요","TEST_MISSING","중복정의·동적 template·상위함수 호출을 실제 렌더 결과와 연결","해당 원본 컨트롤의 노출 조건·클릭/필터/취소 결과를 Golden fixture로 검증","<td class=""clk"" title=""영업기회 금액의 현장 목록 열기"" data-n=""'+escAttr(r.nm)+'"" onclick=""towerGoRepMetric(this.dataset.n,\'all\')"">"
"C01075","UNRESOLVED_CONTROL","paintTowerReps: '+eok(r.p)+'","페이지 데이터/상태 경로: 정확한 runtime reachability 미확인","직접 literal write 발견 없음; 간접 호출은 미확인","local/crm.html:3763","미확정: 원본 handler/template 추적 필요","TEST_MISSING","중복정의·동적 template·상위함수 호출을 실제 렌더 결과와 연결","해당 원본 컨트롤의 노출 조건·클릭/필터/취소 결과를 Golden fixture로 검증","<td class=""clk"" data-n=""'+escAttr(r.nm)+'"" onclick=""towerGoRepMetric(this.dataset.n,\'active\')"">"
"C01076","UNRESOLVED_CONTROL","paintTowerReps: '+eok(r.c)+'","페이지 데이터/상태 경로: 정확한 runtime reachability 미확인","직접 literal write 발견 없음; 간접 호출은 미확인","local/crm.html:3764","미확정: 원본 handler/template 추적 필요","TEST_MISSING","중복정의·동적 template·상위함수 호출을 실제 렌더 결과와 연결","해당 원본 컨트롤의 노출 조건·클릭/필터/취소 결과를 Golden fixture로 검증","<td class=""clk"" data-n=""'+escAttr(r.nm)+'"" onclick=""dashboardGoRepStages(this.dataset.n,\'compete|imminent|bidding\',\'경쟁·입찰\')"">"
"C01077","UNRESOLVED_CONTROL","paintTowerReps: '+eok(r.w)+'","페이지 데이터/상태 경로: 정확한 runtime reachability 미확인","직접 literal write 발견 없음; 간접 호출은 미확인","local/crm.html:3765","미확정: 원본 handler/template 추적 필요","TEST_MISSING","중복정의·동적 template·상위함수 호출을 실제 렌더 결과와 연결","해당 원본 컨트롤의 노출 조건·클릭/필터/취소 결과를 Golden fixture로 검증","<td class=""clk"" data-n=""'+escAttr(r.nm)+'"" onclick=""towerGoWon(this.dataset.n)"">"
"C01078","UNRESOLVED_CONTROL","paintTowerReps: '+r.conv+'%","페이지 데이터/상태 경로: 정확한 runtime reachability 미확인","직접 literal write 발견 없음; 간접 호출은 미확인","local/crm.html:3766","미확정: 원본 handler/template 추적 필요","TEST_MISSING","중복정의·동적 template·상위함수 호출을 실제 렌더 결과와 연결","해당 원본 컨트롤의 노출 조건·클릭/필터/취소 결과를 Golden fixture로 검증","<td class=""clk conv '+cls+'"" title=""금액수주율의 전체 영업기회 근거 열기"" data-n=""'+escAttr(r.nm)+'"" onclick=""towerGoRepMetric(this.dataset.n,\'all\')"">"
"C01079","UNRESOLVED_CONTROL","paintTowerReps: '+(r.ql.resp==null?'—':r.ql.resp+'%')+'","페이지 데이터/상태 경로: 정확한 runtime reachability 미확인","직접 literal write 발견 없음; 간접 호출은 미확인","local/crm.html:3768","미확정: 원본 handler/template 추적 필요","TEST_MISSING","중복정의·동적 template·상위함수 호출을 실제 렌더 결과와 연결","해당 원본 컨트롤의 노출 조건·클릭/필터/취소 결과를 Golden fixture로 검증","<td class=""clk q'+(r.ql.resp!=null&&r.ql.resp<80?' lo':'')+'"" title=""응대율의 배정 견적문의 근거 열기"" data-n=""'+escAttr(r.nm)+'"" onclick=""towerGoRepMetric(this.dataset.n,\'inqAssigned\')"">"
"C01080","UNRESOLVED_CONTROL","paintTowerReps: '+(r.ql.next==null?'—':r.ql.next+'%')+'","페이지 데이터/상태 경로: 정확한 runtime reachability 미확인","직접 literal write 발견 없음; 간접 호출은 미확인","local/crm.html:3769","미확정: 원본 handler/template 추적 필요","TEST_MISSING","중복정의·동적 template·상위함수 호출을 실제 렌더 결과와 연결","해당 원본 컨트롤의 노출 조건·클릭/필터/취소 결과를 Golden fixture로 검증","<td class=""clk q'+(r.ql.next!=null&&r.ql.next<80?' lo':'')+'"" title=""Next 설정률의 진행 Pipeline 근거 열기"" data-n=""'+escAttr(r.nm)+'"" onclick=""towerGoRepMetric(this.dataset.n,\'active\')"">"
"C01081","UNRESOLVED_CONTROL","paintTowerReps: '+(r.ql.keep==null?'—':r.ql.keep+'%')+'","페이지 데이터/상태 경로: 정확한 runtime reachability 미확인","직접 literal write 발견 없음; 간접 호출은 미확인","local/crm.html:3770","미확정: 원본 handler/template 추적 필요","TEST_MISSING","중복정의·동적 template·상위함수 호출을 실제 렌더 결과와 연결","해당 원본 컨트롤의 노출 조건·클릭/필터/취소 결과를 Golden fixture로 검증","<td class=""clk q'+(r.ql.keep!=null&&r.ql.keep<80?' lo':'')+'"" title=""기한준수율의 기한 설정 현장 근거 열기"" data-n=""'+escAttr(r.nm)+'"" onclick=""towerGoRepMetric(this.dataset.n,\'due\')"">"
"C01082","UNRESOLVED_CONTROL","paintTowerReps: td","페이지 데이터/상태 경로: 정확한 runtime reachability 미확인","직접 literal write 발견 없음; 간접 호출은 미확인","local/crm.html:3771","미확정: 원본 handler/template 추적 필요","TEST_MISSING","중복정의·동적 template·상위함수 호출을 실제 렌더 결과와 연결","해당 원본 컨트롤의 노출 조건·클릭/필터/취소 결과를 Golden fixture로 검증","<td class=""clk"" data-n=""'+escAttr(r.nm)+'"" onclick=""towerGoRepMetric(this.dataset.n,\'risk\')"">"
"C01083","UNRESOLVED_CONTROL","paintTowerReps: td","페이지 데이터/상태 경로: 정확한 runtime reachability 미확인","직접 literal write 발견 없음; 간접 호출은 미확인","local/crm.html:3773","미확정: 원본 handler/template 추적 필요","TEST_MISSING","중복정의·동적 template·상위함수 호출을 실제 렌더 결과와 연결","해당 원본 컨트롤의 노출 조건·클릭/필터/취소 결과를 Golden fixture로 검증","<td class=""clk"" title=""진단의 진행 Pipeline 근거 열기"" data-n=""'+escAttr(r.nm)+'"" onclick=""towerGoRepMetric(this.dataset.n,\'active\')"">"
"C01084","UNRESOLVED_CONTROL","paintTowerReps: 연결 확인 열기","페이지 데이터/상태 경로: 정확한 runtime reachability 미확인","직접 literal write 발견 없음; 간접 호출은 미확인","local/crm.html:3779","미확정: 원본 handler/template 추적 필요","TEST_MISSING","중복정의·동적 template·상위함수 호출을 실제 렌더 결과와 연결","해당 원본 컨트롤의 노출 조건·클릭/필터/취소 결과를 Golden fixture로 검증","<button class=""act"" onclick=""G.inqView=String.fromCharCode(108,105,110,107);goPage(String.fromCharCode(105,110,113))"">"
"C01085","UNRESOLVED_CONTROL","paintRepFlow: '+esc(r.nm)+'","페이지 데이터/상태 경로: 정확한 runtime reachability 미확인","직접 literal write 발견 없음; 간접 호출은 미확인","local/crm.html:3814","미확정: 원본 handler/template 추적 필요","TEST_MISSING","중복정의·동적 template·상위함수 호출을 실제 렌더 결과와 연결","해당 원본 컨트롤의 노출 조건·클릭/필터/취소 결과를 Golden fixture로 검증","<button class=""rep-flow-name"" data-i=""'+i+'"" onclick=""openRepFlowDrawer(Number(this.dataset.i))"">"
"C01086","UNRESOLVED_CONTROL","paintRepFlow: '+(r.risk?'● '+r.risk+'건':'✓ 0건')+'","페이지 데이터/상태 경로: 정확한 runtime reachability 미확인","직접 literal write 발견 없음; 간접 호출은 미확인","local/crm.html:3814","미확정: 원본 handler/template 추적 필요","TEST_MISSING","중복정의·동적 template·상위함수 호출을 실제 렌더 결과와 연결","해당 원본 컨트롤의 노출 조건·클릭/필터/취소 결과를 Golden fixture로 검증","<button class=""rep-flow-risk '+riskCls+'"" data-i=""'+i+'"" onclick=""repFlowGoRisk(Number(this.dataset.i))"">"
"C01087","UNRESOLVED_CONTROL","openRepFlowDrawer: button","페이지 데이터/상태 경로: 정확한 runtime reachability 미확인","직접 literal write 발견 없음; 간접 호출은 미확인","local/crm.html:3820","미확정: 원본 handler/template 추적 필요","TEST_MISSING","중복정의·동적 template·상위함수 호출을 실제 렌더 결과와 연결","해당 원본 컨트롤의 노출 조건·클릭/필터/취소 결과를 Golden fixture로 검증","<button class=""rep-flow-bar"" data-i=""'+i+'"" data-codes=""'+escAttr(x.codes.join('|'))+'"" data-label=""'+escAttr(x.label)+'"" onclick=""repFlowGoStage(Number(this.dataset.i),this.dataset.codes,this.dataset.label)"">"
"C01088","UNRESOLVED_CONTROL","openRepFlowDrawer: button","페이지 데이터/상태 경로: 정확한 runtime reachability 미확인","직접 literal write 발견 없음; 간접 호출은 미확인","local/crm.html:3820","미확정: 원본 handler/template 추적 필요","TEST_MISSING","중복정의·동적 template·상위함수 호출을 실제 렌더 결과와 연결","해당 원본 컨트롤의 노출 조건·클릭/필터/취소 결과를 Golden fixture로 검증","<button class=""perf-focus-row perf-risk-row"" data-j=""'+j+'"" onclick=""openRepFlowRiskDeal(Number(this.dataset.j))"">"
"C01089","UNRESOLVED_CONTROL","openRepFlowDrawer: 문제 현장 전체보기","페이지 데이터/상태 경로: 정확한 runtime reachability 미확인","직접 literal write 발견 없음; 간접 호출은 미확인","local/crm.html:3821","미확정: 원본 handler/template 추적 필요","TEST_MISSING","중복정의·동적 template·상위함수 호출을 실제 렌더 결과와 연결","해당 원본 컨트롤의 노출 조건·클릭/필터/취소 결과를 Golden fixture로 검증","<button data-i=""'+i+'"" onclick=""repFlowGoRisk(Number(this.dataset.i))"">"
"C01090","UNRESOLVED_CONTROL","repManagerFlowRow: '+esc(r.nm)+'","페이지 데이터/상태 경로: 정확한 runtime reachability 미확인","직접 literal write 발견 없음; 간접 호출은 미확인","local/crm.html:3833","미확정: 원본 handler/template 추적 필요","TEST_MISSING","중복정의·동적 template·상위함수 호출을 실제 렌더 결과와 연결","해당 원본 컨트롤의 노출 조건·클릭/필터/취소 결과를 Golden fixture로 검증","<button class=""rep-flow-name"" data-i=""'+i+'"" onclick=""repManagerOpenDrawer(Number(this.dataset.i))"">"
"C01091","UNRESOLVED_CONTROL","repManagerFlowRow: '+r.risk+'건","페이지 데이터/상태 경로: 정확한 runtime reachability 미확인","직접 literal write 발견 없음; 간접 호출은 미확인","local/crm.html:3833","미확정: 원본 handler/template 추적 필요","TEST_MISSING","중복정의·동적 template·상위함수 호출을 실제 렌더 결과와 연결","해당 원본 컨트롤의 노출 조건·클릭/필터/취소 결과를 Golden fixture로 검증","<button class=""rm-risk-num '+riskCls+'"" data-i=""'+i+'"" onclick=""repManagerGo(Number(this.dataset.i),\'risk\')"">"
"C01092","UNRESOLVED_CONTROL","repManagerStageGrid: '+esc(r.nm)+'","페이지 데이터/상태 경로: 정확한 runtime reachability 미확인","직접 literal write 발견 없음; 간접 호출은 미확인","local/crm.html:3837","미확정: 원본 handler/template 추적 필요","TEST_MISSING","중복정의·동적 template·상위함수 호출을 실제 렌더 결과와 연결","해당 원본 컨트롤의 노출 조건·클릭/필터/취소 결과를 Golden fixture로 검증","<button class=""rep"" data-i=""'+i+'"" onclick=""repManagerOpenDrawer(Number(this.dataset.i))"">"
"C01093","UNRESOLVED_CONTROL","repManagerStageGrid: '+s.n+'건","페이지 데이터/상태 경로: 정확한 runtime reachability 미확인","직접 literal write 발견 없음; 간접 호출은 미확인","local/crm.html:3837","미확정: 원본 handler/template 추적 필요","TEST_MISSING","중복정의·동적 template·상위함수 호출을 실제 렌더 결과와 연결","해당 원본 컨트롤의 노출 조건·클릭/필터/취소 결과를 Golden fixture로 검증","<button data-i=""'+i+'"" data-codes=""'+escAttr(s.codes.join('|'))+'"" data-label=""'+escAttr(s.label)+'"" style=""--heat:'+(s.n?(.06+s.n/max*.42):.025)+'"" onclick=""repManagerStage(Number(this.dataset.i),this.dataset.codes,this.dataset.label)"">"
"C01094","UNRESOLVED_CONTROL","repManagerMovementTable: '+esc(r.nm)+'","페이지 데이터/상태 경로: 정확한 runtime reachability 미확인","직접 literal write 발견 없음; 간접 호출은 미확인","local/crm.html:3838","미확정: 원본 handler/template 추적 필요","TEST_MISSING","중복정의·동적 template·상위함수 호출을 실제 렌더 결과와 연결","해당 원본 컨트롤의 노출 조건·클릭/필터/취소 결과를 Golden fixture로 검증","<button data-i=""'+i+'"" onclick=""repManagerOpenDrawer(Number(this.dataset.i))"">"
"C01095","UNRESOLVED_CONTROL","repManagerExecutionTable: '+esc(r.nm)+'","페이지 데이터/상태 경로: 정확한 runtime reachability 미확인","직접 literal write 발견 없음; 간접 호출은 미확인","local/crm.html:3839","미확정: 원본 handler/template 추적 필요","TEST_MISSING","중복정의·동적 template·상위함수 호출을 실제 렌더 결과와 연결","해당 원본 컨트롤의 노출 조건·클릭/필터/취소 결과를 Golden fixture로 검증","<button data-i=""'+i+'"" onclick=""repManagerOpenDrawer(Number(this.dataset.i))"">"
"C01096","UNRESOLVED_CONTROL","repManagerLoadTable: '+esc(r.nm)+'","페이지 데이터/상태 경로: 정확한 runtime reachability 미확인","직접 literal write 발견 없음; 간접 호출은 미확인","local/crm.html:3840","미확정: 원본 handler/template 추적 필요","TEST_MISSING","중복정의·동적 template·상위함수 호출을 실제 렌더 결과와 연결","해당 원본 컨트롤의 노출 조건·클릭/필터/취소 결과를 Golden fixture로 검증","<button data-i=""'+i+'"" onclick=""repManagerOpenDrawer(Number(this.dataset.i))"">"
"C01097","UNRESOLVED_CONTROL","repManagerCommentsHtml: input","페이지 데이터/상태 경로: 정확한 runtime reachability 미확인","직접 literal write 발견 없음; 간접 호출은 미확인","local/crm.html:3841","미확정: 원본 handler/template 추적 필요","TEST_MISSING","중복정의·동적 template·상위함수 호출을 실제 렌더 결과와 연결","해당 원본 컨트롤의 노출 조건·클릭/필터/취소 결과를 Golden fixture로 검증","<input id=""rm-comment-'+i+'"" value=""'+escAttr(c&&c.comment||'')+'"" placeholder=""이번 주 확인할 약속을 한 줄로 남기세요"">"
"C01098","UNRESOLVED_CONTROL","repManagerCommentsHtml: '+(c&&c.status==='done'?'✓ 완료':'미완료')+'","페이지 데이터/상태 경로: 정확한 runtime reachability 미확인","직접 literal write 발견 없음; 간접 호출은 미확인","local/crm.html:3841","미확정: 원본 handler/template 추적 필요","TEST_MISSING","중복정의·동적 template·상위함수 호출을 실제 렌더 결과와 연결","해당 원본 컨트롤의 노출 조건·클릭/필터/취소 결과를 Golden fixture로 검증","<button class=""'+(c&&c.status==='done'?'done':'')+'"" '+(!c?'disabled':'')+' onclick=""repManagerToggleComment(\''+jsAttr(r.nm)+'\')"">"
"C01099","UNRESOLVED_CONTROL","repManagerCommentsHtml: 저장","페이지 데이터/상태 경로: 정확한 runtime reachability 미확인","직접 literal write 발견 없음; 간접 호출은 미확인","local/crm.html:3841","미확정: 원본 handler/template 추적 필요","TEST_MISSING","중복정의·동적 template·상위함수 호출을 실제 렌더 결과와 연결","해당 원본 컨트롤의 노출 조건·클릭/필터/취소 결과를 Golden fixture로 검증","<button class=""primary"" onclick=""repManagerSaveComment(\''+jsAttr(r.nm)+'\')"">"
"C01100","UNRESOLVED_CONTROL","repManagerOpenDrawer: input","페이지 데이터/상태 경로: 정확한 runtime reachability 미확인","직접 literal write 발견 없음; 간접 호출은 미확인","local/crm.html:3843","미확정: 원본 handler/template 추적 필요","TEST_MISSING","중복정의·동적 template·상위함수 호출을 실제 렌더 결과와 연결","해당 원본 컨트롤의 노출 조건·클릭/필터/취소 결과를 Golden fixture로 검증","<input id=""rm-drawer-comment"" value=""'+escAttr(c&&c.comment||'')+'"" placeholder=""예: 관계관리 30일+ 현장 금요일까지 3건 정리"">"
"C01101","UNRESOLVED_CONTROL","repManagerOpenDrawer: 저장","페이지 데이터/상태 경로: 정확한 runtime reachability 미확인","직접 literal write 발견 없음; 간접 호출은 미확인","local/crm.html:3843","미확정: 원본 handler/template 추적 필요","TEST_MISSING","중복정의·동적 template·상위함수 호출을 실제 렌더 결과와 연결","해당 원본 컨트롤의 노출 조건·클릭/필터/취소 결과를 Golden fixture로 검증","<button class=""primary"" onclick=""repManagerSaveComment(\''+jsAttr(r.nm)+'\',\'drawer\')"">"
"C01102","UNRESOLVED_CONTROL","repManagerOpenDrawer: 담당자 현장 전체보기","페이지 데이터/상태 경로: 정확한 runtime reachability 미확인","직접 literal write 발견 없음; 간접 호출은 미확인","local/crm.html:3843","미확정: 원본 handler/template 추적 필요","TEST_MISSING","중복정의·동적 template·상위함수 호출을 실제 렌더 결과와 연결","해당 원본 컨트롤의 노출 조건·클릭/필터/취소 결과를 Golden fixture로 검증","<button class=""dact"" data-i=""'+i+'"" onclick=""repManagerGo(Number(this.dataset.i),\'all\')"">"
"C01103","UNRESOLVED_CONTROL","repManagerOpenDrawer: 문제현장 보기","페이지 데이터/상태 경로: 정확한 runtime reachability 미확인","직접 literal write 발견 없음; 간접 호출은 미확인","local/crm.html:3843","미확정: 원본 handler/template 추적 필요","TEST_MISSING","중복정의·동적 template·상위함수 호출을 실제 렌더 결과와 연결","해당 원본 컨트롤의 노출 조건·클릭/필터/취소 결과를 Golden fixture로 검증","<button class=""dact"" data-i=""'+i+'"" onclick=""repManagerGo(Number(this.dataset.i),\'risk\')"">"
"C01104","UNRESOLVED_CONTROL","repManagerOpenDrawer: 이번주 일정","페이지 데이터/상태 경로: 정확한 runtime reachability 미확인","직접 literal write 발견 없음; 간접 호출은 미확인","local/crm.html:3843","미확정: 원본 handler/template 추적 필요","TEST_MISSING","중복정의·동적 template·상위함수 호출을 실제 렌더 결과와 연결","해당 원본 컨트롤의 노출 조건·클릭/필터/취소 결과를 Golden fixture로 검증","<button class=""dact pri"" data-i=""'+i+'"" onclick=""repManagerGo(Number(this.dataset.i),\'schedule\')"">"
"C01105","L03","paintRepManagement: button","본사6명 flow/부하/stage/댓글","직접 literal write 발견 없음; 간접 호출은 미확인","local/crm.html:3844","rep-management v2 없음","CONTRACT_MISSING","Golden에는관리센터미포함; 주차약속/코멘트점수제외 보존","주차저장·진행+신규×2+연체×3+(오늘+미응대)×2·branch제외","<button onclick=""dashboardGoSnapshot(\'active\')"">"
"C01106","L03","paintRepManagement: button","본사6명 flow/부하/stage/댓글","직접 literal write 발견 없음; 간접 호출은 미확인","local/crm.html:3844","rep-management v2 없음","CONTRACT_MISSING","Golden에는관리센터미포함; 주차약속/코멘트점수제외 보존","주차저장·진행+신규×2+연체×3+(오늘+미응대)×2·branch제외","<button onclick=""goPage(\'perf\')"">"
"C01107","L03","paintRepManagement: button","본사6명 flow/부하/stage/댓글","직접 literal write 발견 없음; 간접 호출은 미확인","local/crm.html:3844","rep-management v2 없음","CONTRACT_MISSING","Golden에는관리센터미포함; 주차약속/코멘트점수제외 보존","주차저장·진행+신규×2+연체×3+(오늘+미응대)×2·branch제외","<button class=""move"">"
"C01108","L03","paintRepManagement: button","본사6명 flow/부하/stage/댓글","직접 literal write 발견 없음; 간접 호출은 미확인","local/crm.html:3844","rep-management v2 없음","CONTRACT_MISSING","Golden에는관리센터미포함; 주차약속/코멘트점수제외 보존","주차저장·진행+신규×2+연체×3+(오늘+미응대)×2·branch제외","<button>"
"C01109","L03","paintRepManagement: button","본사6명 flow/부하/stage/댓글","직접 literal write 발견 없음; 간접 호출은 미확인","local/crm.html:3844","rep-management v2 없음","CONTRACT_MISSING","Golden에는관리센터미포함; 주차약속/코멘트점수제외 보존","주차저장·진행+신규×2+연체×3+(오늘+미응대)×2·branch제외","<button class=""danger"" onclick=""dashboardGoSnapshot(\'risk\')"">"
"C01110","L03","paintRepManagement: button","본사6명 flow/부하/stage/댓글","직접 literal write 발견 없음; 간접 호출은 미확인","local/crm.html:3844","rep-management v2 없음","CONTRACT_MISSING","Golden에는관리센터미포함; 주차약속/코멘트점수제외 보존","주차저장·진행+신규×2+연체×3+(오늘+미응대)×2·branch제외","<button class=""rm-intervention '+(x.r.diagnosis.k==='critical'?'':'watch')+'"" data-i=""'+x.i+'"" onclick=""repManagerOpenDrawer(Number(this.dataset.i))"">"
"C01111","UNRESOLVED_CONTROL","repSupportSeason: 응대 요청","페이지 데이터/상태 경로: 정확한 runtime reachability 미확인","직접 literal write 발견 없음; 간접 호출은 미확인","local/crm.html:3865","미확정: 원본 handler/template 추적 필요","TEST_MISSING","중복정의·동적 template·상위함수 호출을 실제 렌더 결과와 연결","해당 원본 컨트롤의 노출 조건·클릭/필터/취소 결과를 Golden fixture로 검증","<=9)?'chuseok':new Date().getMonth()===0?'lunar':'yearend';G.campaignTab='send';G.campaignStep=1;G.campaignRep='전체';CAMPAIGN_STATE={selected:{},templateKey:'',body:'',scheduleAt:'',notice:'시즌 인사 대상입니다. 담당자·동의·최근 발송 조건을 확인한 뒤 발송 대상을 선택하세요.'};goPage('campaign')}
function repSupportRecord(row,key,label){var at=isoNow(),client='support-'+Date.now()+'-'+Math.random().toString(36).slice(2,7),actor=(ME&&ME.name)||'관리자',record={client_ref:client,target_type:row.target,target_key:row.key,opportunity_id:row.target==='deal'?row.item.id:null,inquiry_id:row.target==='inq'?String(row.item.id||row.item.key||inqKey(row.item)):null,site_name:row.item.site||'',rep_name:row.owner,action_key:key,action_label:label,reason:row.reason,status:'requested',requested_by:actor,requested_at:at,completion_rule:row.done};var all=repSupportLocal();all.push(record);localStorage.setItem(REP_SUPPORT_KEY,JSON.stringify(all"
"C01112","UNRESOLVED_CONTROL","repSupportActions: 문의 상세","페이지 데이터/상태 경로: 정확한 runtime reachability 미확인","직접 literal write 발견 없음; 간접 호출은 미확인","local/crm.html:3870","미확정: 원본 handler/template 추적 필요","TEST_MISSING","중복정의·동적 template·상위함수 호출을 실제 렌더 결과와 연결","해당 원본 컨트롤의 노출 조건·클릭/필터/취소 결과를 Golden fixture로 검증","<button onclick=""repSupportOpen('+i+',\'inquiry_review\',\'문의 상세 확인\')"">"
"C01113","UNRESOLVED_CONTROL","repSupportActions: 전화하기","페이지 데이터/상태 경로: 정확한 runtime reachability 미확인","직접 literal write 발견 없음; 간접 호출은 미확인","local/crm.html:3870","미확정: 원본 handler/template 추적 필요","TEST_MISSING","중복정의·동적 template·상위함수 호출을 실제 렌더 결과와 연결","해당 원본 컨트롤의 노출 조건·클릭/필터/취소 결과를 Golden fixture로 검증","<button class=""primary"" '+(!row.mobile?'disabled':'')+' onclick=""repSupportCall('+i+')"">"
"C01114","UNRESOLVED_CONTROL","repSupportActions: 문자발송","페이지 데이터/상태 경로: 정확한 runtime reachability 미확인","직접 literal write 발견 없음; 간접 호출은 미확인","local/crm.html:3870","미확정: 원본 handler/template 추적 필요","TEST_MISSING","중복정의·동적 template·상위함수 호출을 실제 렌더 결과와 연결","해당 원본 컨트롤의 노출 조건·클릭/필터/취소 결과를 Golden fixture로 검증","<button class=""message"" onclick=""repSupportMessage('+i+',\'waiting\',\'대기고객 문자 추천\')"">"
"C01115","UNRESOLVED_CONTROL","repSupportActions: 결과 기록","페이지 데이터/상태 경로: 정확한 runtime reachability 미확인","직접 literal write 발견 없음; 간접 호출은 미확인","local/crm.html:3870","미확정: 원본 handler/template 추적 필요","TEST_MISSING","중복정의·동적 template·상위함수 호출을 실제 렌더 결과와 연결","해당 원본 컨트롤의 노출 조건·클릭/필터/취소 결과를 Golden fixture로 검증","<button onclick=""repSupportOpen('+i+',\'recontact_result\',\'재접촉 결과 기록\',\'activity\')"">"
"C01116","UNRESOLVED_CONTROL","repSupportActions: 보류사유","페이지 데이터/상태 경로: 정확한 runtime reachability 미확인","직접 literal write 발견 없음; 간접 호출은 미확인","local/crm.html:3870","미확정: 원본 handler/template 추적 필요","TEST_MISSING","중복정의·동적 template·상위함수 호출을 실제 렌더 결과와 연결","해당 원본 컨트롤의 노출 조건·클릭/필터/취소 결과를 Golden fixture로 검증","<button onclick=""repSupportOpen('+i+',\'waiting_context\',\'보류사유 입력 요청\',\'waiting\')"">"
"C01117","UNRESOLVED_CONTROL","repSupportActions: 1차 확인문자","페이지 데이터/상태 경로: 정확한 runtime reachability 미확인","직접 literal write 발견 없음; 간접 호출은 미확인","local/crm.html:3870","미확정: 원본 handler/template 추적 필요","TEST_MISSING","중복정의·동적 template·상위함수 호출을 실제 렌더 결과와 연결","해당 원본 컨트롤의 노출 조건·클릭/필터/취소 결과를 Golden fixture로 검증","<button class=""message"" onclick=""repSupportMessage('+i+',\'silent\',\'침묵고객 문자 추천\')"">"
"C01118","UNRESOLVED_CONTROL","repSupportActions: 관리자 상담","페이지 데이터/상태 경로: 정확한 runtime reachability 미확인","직접 literal write 발견 없음; 간접 호출은 미확인","local/crm.html:3870","미확정: 원본 handler/template 추적 필요","TEST_MISSING","중복정의·동적 template·상위함수 호출을 실제 렌더 결과와 연결","해당 원본 컨트롤의 노출 조건·클릭/필터/취소 결과를 Golden fixture로 검증","<button onclick=""repSupportOpen('+i+',\'manager_consult\',\'침묵고객 관리자 상담\',\'activity\')"">"
"C01119","UNRESOLVED_CONTROL","repSupportActions: 대기 전환 검토","페이지 데이터/상태 경로: 정확한 runtime reachability 미확인","직접 literal write 발견 없음; 간접 호출은 미확인","local/crm.html:3870","미확정: 원본 handler/template 추적 필요","TEST_MISSING","중복정의·동적 template·상위함수 호출을 실제 렌더 결과와 연결","해당 원본 컨트롤의 노출 조건·클릭/필터/취소 결과를 Golden fixture로 검증","<button onclick=""repSupportOpen('+i+',\'waiting_review\',\'대기 전환 검토\',\'waiting\')"">"
"C01120","UNRESOLVED_CONTROL","repSupportActions: 문자 추천","페이지 데이터/상태 경로: 정확한 runtime reachability 미확인","직접 literal write 발견 없음; 간접 호출은 미확인","local/crm.html:3870","미확정: 원본 handler/template 추적 필요","TEST_MISSING","중복정의·동적 template·상위함수 호출을 실제 렌더 결과와 연결","해당 원본 컨트롤의 노출 조건·클릭/필터/취소 결과를 Golden fixture로 검증","<button class=""message"" onclick=""repSupportMessage('+i+',\'rapport\',\'유대강화 문자 추천\')"">"
"C01121","UNRESOLVED_CONTROL","repSupportActions: 자료 보내기","페이지 데이터/상태 경로: 정확한 runtime reachability 미확인","직접 literal write 발견 없음; 간접 호출은 미확인","local/crm.html:3870","미확정: 원본 handler/template 추적 필요","TEST_MISSING","중복정의·동적 template·상위함수 호출을 실제 렌더 결과와 연결","해당 원본 컨트롤의 노출 조건·클릭/필터/취소 결과를 Golden fixture로 검증","<button onclick=""repSupportOpen('+i+',\'material_support\',\'관계유지 자료 보내기\',\'activity\')"">"
"C01122","UNRESOLVED_CONTROL","repSupportActions: 입대의 일정 확인","페이지 데이터/상태 경로: 정확한 runtime reachability 미확인","직접 literal write 발견 없음; 간접 호출은 미확인","local/crm.html:3870","미확정: 원본 handler/template 추적 필요","TEST_MISSING","중복정의·동적 template·상위함수 호출을 실제 렌더 결과와 연결","해당 원본 컨트롤의 노출 조건·클릭/필터/취소 결과를 Golden fixture로 검증","<button class=""primary"" onclick=""repSupportOpen('+i+',\'meeting_check\',\'입대의 일정 확인\',\'next\')"">"
"C01123","UNRESOLVED_CONTROL","repSupportActions: 담당자 확인","페이지 데이터/상태 경로: 정확한 runtime reachability 미확인","직접 literal write 발견 없음; 간접 호출은 미확인","local/crm.html:3870","미확정: 원본 handler/template 추적 필요","TEST_MISSING","중복정의·동적 template·상위함수 호출을 실제 렌더 결과와 연결","해당 원본 컨트롤의 노출 조건·클릭/필터/취소 결과를 Golden fixture로 검증","<button class=""primary"" onclick=""repSupportOpen('+i+',\'contact_check\',\'현재 고객 담당자 확인\',\'contact\')"">"
"C01124","UNRESOLVED_CONTROL","repSupportActions: 결과 기록","페이지 데이터/상태 경로: 정확한 runtime reachability 미확인","직접 literal write 발견 없음; 간접 호출은 미확인","local/crm.html:3870","미확정: 원본 handler/template 추적 필요","TEST_MISSING","중복정의·동적 template·상위함수 호출을 실제 렌더 결과와 연결","해당 원본 컨트롤의 노출 조건·클릭/필터/취소 결과를 Golden fixture로 검증","<button onclick=""repSupportOpen('+i+',\'contact_activity\',\'연락불가 결과 기록\',\'activity\')"">"
"C01125","UNRESOLVED_CONTROL","repSupportActions: 재활성 문자","페이지 데이터/상태 경로: 정확한 runtime reachability 미확인","직접 literal write 발견 없음; 간접 호출은 미확인","local/crm.html:3870","미확정: 원본 handler/template 추적 필요","TEST_MISSING","중복정의·동적 template·상위함수 호출을 실제 렌더 결과와 연결","해당 원본 컨트롤의 노출 조건·클릭/필터/취소 결과를 Golden fixture로 검증","<button class=""message"" onclick=""repSupportMessage('+i+',\'dormant\',\'장기휴면 재활성 문자\')"">"
"C01126","UNRESOLVED_CONTROL","repSupportActions: 재활성화","페이지 데이터/상태 경로: 정확한 runtime reachability 미확인","직접 literal write 발견 없음; 간접 호출은 미확인","local/crm.html:3870","미확정: 원본 handler/template 추적 필요","TEST_MISSING","중복정의·동적 template·상위함수 호출을 실제 렌더 결과와 연결","해당 원본 컨트롤의 노출 조건·클릭/필터/취소 결과를 Golden fixture로 검증","<button class=""primary"" onclick=""repSupportOpen('+i+',\'reactivate_review\',\'재활성화 검토\',\'activity\')"">"
"C01127","UNRESOLVED_CONTROL","repSupportActions: 휴면 검토","페이지 데이터/상태 경로: 정확한 runtime reachability 미확인","직접 literal write 발견 없음; 간접 호출은 미확인","local/crm.html:3870","미확정: 원본 handler/template 추적 필요","TEST_MISSING","중복정의·동적 template·상위함수 호출을 실제 렌더 결과와 연결","해당 원본 컨트롤의 노출 조건·클릭/필터/취소 결과를 Golden fixture로 검증","<button onclick=""repSupportOpen('+i+',\'dormant_review\',\'휴면 검토\',\'activity\')"">"
"C01128","UNRESOLVED_CONTROL","repSupportActions: 재접촉 지정","페이지 데이터/상태 경로: 정확한 runtime reachability 미확인","직접 literal write 발견 없음; 간접 호출은 미확인","local/crm.html:3870","미확정: 원본 handler/template 추적 필요","TEST_MISSING","중복정의·동적 template·상위함수 호출을 실제 렌더 결과와 연결","해당 원본 컨트롤의 노출 조건·클릭/필터/취소 결과를 Golden fixture로 검증","<button class=""primary"" onclick=""repSupportOpen('+i+',\'recontact_schedule\',\'재접촉 지정\',\'next\')"">"
"C01129","UNRESOLVED_CONTROL","repSupportActions: 현장 보기","페이지 데이터/상태 경로: 정확한 runtime reachability 미확인","직접 literal write 발견 없음; 간접 호출은 미확인","local/crm.html:3870","미확정: 원본 handler/template 추적 필요","TEST_MISSING","중복정의·동적 template·상위함수 호출을 실제 렌더 결과와 연결","해당 원본 컨트롤의 노출 조건·클릭/필터/취소 결과를 Golden fixture로 검증","<button onclick=""repSupportOpen('+i+',\'support_detail\',\'현장 확인\')"">"
"C01130","UNRESOLVED_CONTROL","repSupportHTML: '+g[1]+' ","페이지 데이터/상태 경로: 정확한 runtime reachability 미확인","직접 literal write 발견 없음; 간접 호출은 미확인","local/crm.html:3871","미확정: 원본 handler/template 추적 필요","TEST_MISSING","중복정의·동적 template·상위함수 호출을 실제 렌더 결과와 연결","해당 원본 컨트롤의 노출 조건·클릭/필터/취소 결과를 Golden fixture로 검증","<button class=""'+(REP_SUPPORT_FILTER===g[0]?'on':'')+'"" onclick=""repSupportSetFilter(\''+g[0]+'\')"">"
"C01131","UNRESOLVED_CONTROL","repSupportHTML: 명절·시즌 문자 →","페이지 데이터/상태 경로: 정확한 runtime reachability 미확인","직접 literal write 발견 없음; 간접 호출은 미확인","local/crm.html:3875","미확정: 원본 handler/template 추적 필요","TEST_MISSING","중복정의·동적 template·상위함수 호출을 실제 렌더 결과와 연결","해당 원본 컨트롤의 노출 조건·클릭/필터/취소 결과를 Golden fixture로 검증","<button onclick=""repSupportSeason()"">"
"C01132","UNRESOLVED_CONTROL","todaySignal: button","페이지 데이터/상태 경로: 정확한 runtime reachability 미확인","직접 literal write 발견 없음; 간접 호출은 미확인","local/crm.html:3907","미확정: 원본 handler/template 추적 필요","TEST_MISSING","중복정의·동적 template·상위함수 호출을 실제 렌더 결과와 연결","해당 원본 컨트롤의 노출 조건·클릭/필터/취소 결과를 Golden fixture로 검증","<button class=""today-signal '+tone+'"" onclick=""'+onclick+'"">"
"C01133","L02","paintTodayHome: button","미배정/지연/Next/관리개입/재접촉 data","직접 literal write 발견 없음; 간접 호출은 미확인","local/crm.html:3919","today-home scoped projection 없음","CONTRACT_MISSING","Golden 기본dash와 로컬home 차이; 요청UX동결목록에 별도보존","우선순위행→정확한상세·문제해결후카드·role별","<button class=""today-priority-row"" onclick=""todayOpenPriority('+TODAY_HOME_PRIORITY.indexOf(x)+')"">"
"C01134","L02","paintTodayHome: button","미배정/지연/Next/관리개입/재접촉 data","직접 literal write 발견 없음; 간접 호출은 미확인","local/crm.html:3920","today-home scoped projection 없음","CONTRACT_MISSING","Golden 기본dash와 로컬home 차이; 요청UX동결목록에 별도보존","우선순위행→정확한상세·문제해결후카드·role별","<button class=""today-support-mini"" onclick=""todayGoSupport()"">"
"C01135","L02","paintTodayHome: button","미배정/지연/Next/관리개입/재접촉 data","직접 literal write 발견 없음; 간접 호출은 미확인","local/crm.html:3921","today-home scoped projection 없음","CONTRACT_MISSING","Golden 기본dash와 로컬home 차이; 요청UX동결목록에 별도보존","우선순위행→정확한상세·문제해결후카드·role별","<button class=""critical"" onclick=""todaySetView(\'all\')"">"
"C01136","L02","paintTodayHome: button","미배정/지연/Next/관리개입/재접촉 data","직접 literal write 발견 없음; 간접 호출은 미확인","local/crm.html:3921","today-home scoped projection 없음","CONTRACT_MISSING","Golden 기본dash와 로컬home 차이; 요청UX동결목록에 별도보존","우선순위행→정확한상세·문제해결후카드·role별","<button onclick=""'+IssueModal.bind('today:inquiries','noResponse',X.unassigned.concat(X.delayed),'견적문의 확인','영업담당자 미배정 또는 최초응대 지연 문의입니다.')+'"">"
"C01137","L02","paintTodayHome: button","미배정/지연/Next/관리개입/재접촉 data","직접 literal write 발견 없음; 간접 호출은 미확인","local/crm.html:3921","today-home scoped projection 없음","CONTRACT_MISSING","Golden 기본dash와 로컬home 차이; 요청UX동결목록에 별도보존","우선순위행→정확한상세·문제해결후카드·role별","<button onclick=""'+IssueModal.bind('today:sales','salesIssues',X.noNext.concat(X.overdue),'영업 실행','다음 행동이 없거나 등록된 기한이 지난 현장입니다.')+'"">"
"C01138","L02","paintTodayHome: button","미배정/지연/Next/관리개입/재접촉 data","직접 literal write 발견 없음; 간접 호출은 미확인","local/crm.html:3921","today-home scoped projection 없음","CONTRACT_MISSING","Golden 기본dash와 로컬home 차이; 요청UX동결목록에 별도보존","우선순위행→정확한상세·문제해결후카드·role별","<button class=""support"" onclick=""todayGoSupport()"">"
"C01139","L02","paintTodayHome: button","미배정/지연/Next/관리개입/재접촉 data","직접 literal write 발견 없음; 간접 호출은 미확인","local/crm.html:3921","today-home scoped projection 없음","CONTRACT_MISSING","Golden 기본dash와 로컬home 차이; 요청UX동결목록에 별도보존","우선순위행→정확한상세·문제해결후카드·role별","<button class=""relation"" onclick=""todayRunCampaign(\'silent\')"">"
"C01140","L02","paintTodayHome: '+x[1]+' ","미배정/지연/Next/관리개입/재접촉 data","직접 literal write 발견 없음; 간접 호출은 미확인","local/crm.html:3921","today-home scoped projection 없음","CONTRACT_MISSING","Golden 기본dash와 로컬home 차이; 요청UX동결목록에 별도보존","우선순위행→정확한상세·문제해결후카드·role별","<button class=""'+(view===x[0]?'on':'')+'"" onclick=""todaySetView(\''+x[0]+'\')"">"
"C01141","UNRESOLVED_CONTROL","paintTowerNeck: '
     +'","페이지 데이터/상태 경로: 정확한 runtime reachability 미확인","직접 literal write 발견 없음; 간접 호출은 미확인","local/crm.html:3939","미확정: 원본 handler/template 추적 필요","TEST_MISSING","중복정의·동적 template·상위함수 호출을 실제 렌더 결과와 연결","해당 원본 컨트롤의 노출 조건·클릭/필터/취소 결과를 Golden fixture로 검증","<div class=""neckrow"" data-ci=""'+r.ci+'"" data-k=""'+(r.wk||'')+'"" onclick=""towerGoNeck(Number(this.dataset.ci),this.dataset.k)"">"
"C01142","UNRESOLVED_CONTROL","paintTowerAction: '
     +'","페이지 데이터/상태 경로: 정확한 runtime reachability 미확인","직접 literal write 발견 없음; 간접 호출은 미확인","local/crm.html:3965","미확정: 원본 handler/template 추적 필요","TEST_MISSING","중복정의·동적 template·상위함수 호출을 실제 렌더 결과와 연결","해당 원본 컨트롤의 노출 조건·클릭/필터/취소 결과를 Golden fixture로 검증","<div class=""neckrow"" data-ci=""'+r.ci+'"" data-k=""'+(r.wk||'')+'"" onclick=""towerGoNeck(Number(this.dataset.ci),this.dataset.k)"">"
"C01143","UNRESOLVED_CONTROL","paintTowerAction: '
     +'","페이지 데이터/상태 경로: 정확한 runtime reachability 미확인","직접 literal write 발견 없음; 간접 호출은 미확인","local/crm.html:3974","미확정: 원본 handler/template 추적 필요","TEST_MISSING","중복정의·동적 template·상위함수 호출을 실제 렌더 결과와 연결","해당 원본 컨트롤의 노출 조건·클릭/필터/취소 결과를 Golden fixture로 검증","<div class=""neckrow"" data-id=""'+escAttr(dealKey(d))+'"" onclick=""towerOpen(this.dataset.id)"">"
"C01144","UNRESOLVED_CONTROL","paintTowerHealth: button","페이지 데이터/상태 경로: 정확한 runtime reachability 미확인","직접 literal write 발견 없음; 간접 호출은 미확인","local/crm.html:4003","미확정: 원본 handler/template 추적 필요","TEST_MISSING","중복정의·동적 template·상위함수 호출을 실제 렌더 결과와 연결","해당 원본 컨트롤의 노출 조건·클릭/필터/취소 결과를 Golden fixture로 검증","<button class=""health-signal '+x.cls+'"" '+(disabled?'disabled':'onclick=""'+x.go+'""')+'>"
"C01145","UNRESOLVED_CONTROL","applyHomeRole: '+esc(x[1])+'","페이지 데이터/상태 경로: 정확한 runtime reachability 미확인","직접 literal write 발견 없음; 간접 호출은 미확인","local/crm.html:4040","미확정: 원본 handler/template 추적 필요","TEST_MISSING","중복정의·동적 template·상위함수 호출을 실제 렌더 결과와 연결","해당 원본 컨트롤의 노출 조건·클릭/필터/취소 결과를 Golden fixture로 검증","<button class=""'+(r===x[0]?'on':'')+'"" data-r=""'+x[0]+'"" onclick=""setHomeRole(this.dataset.r)"">"
"C01146","UNRESOLVED_CONTROL","paintHeadline: 지금 보기 →","페이지 데이터/상태 경로: 정확한 runtime reachability 미확인","직접 literal write 발견 없음; 간접 호출은 미확인","local/crm.html:4053","미확정: 원본 handler/template 추적 필요","TEST_MISSING","중복정의·동적 template·상위함수 호출을 실제 렌더 결과와 연결","해당 원본 컨트롤의 노출 조건·클릭/필터/취소 결과를 Golden fixture로 검증","<button class=""hlgo"" onclick=""dashboardGoSnapshot(\'risk\')"">"
"C01147","UNRESOLVED_CONTROL","paintRotList: '
    +'","페이지 데이터/상태 경로: 정확한 runtime reachability 미확인","직접 literal write 발견 없음; 간접 호출은 미확인","local/crm.html:4142","미확정: 원본 handler/template 추적 필요","TEST_MISSING","중복정의·동적 template·상위함수 호출을 실제 렌더 결과와 연결","해당 원본 컨트롤의 노출 조건·클릭/필터/취소 결과를 Golden fixture로 검증","<div class=""trow clk"" style=""grid-template-columns:90px 1.7fr 120px 120px 120px 110px"" onclick=\'drwDeal('+escAttr(JSON.stringify(JSON.stringify(d)))+')\'>"
"C01148","UNRESOLVED_CONTROL","cell: '
     +'","페이지 데이터/상태 경로: 정확한 runtime reachability 미확인","직접 literal write 발견 없음; 간접 호출은 미확인","local/crm.html:4163","미확정: 원본 handler/template 추적 필요","TEST_MISSING","중복정의·동적 template·상위함수 호출을 실제 렌더 결과와 연결","해당 원본 컨트롤의 노출 조건·클릭/필터/취소 결과를 Golden fixture로 검증","<button class=""lkcard '+cls+(G.lostKind===k?' on':'')+'"" data-k=""'+k+'"" onclick=""G.lostKind=(G.lostKind===this.dataset.k?null:this.dataset.k);paint()"">"
"C01149","UNRESOLVED_CONTROL","paintClosed: ← 칸반으로","페이지 데이터/상태 경로: 정확한 runtime reachability 미확인","직접 literal write 발견 없음; 간접 호출은 미확인","local/crm.html:4185","미확정: 원본 handler/template 추적 필요","TEST_MISSING","중복정의·동적 template·상위함수 호출을 실제 렌더 결과와 연결","해당 원본 컨트롤의 노출 조건·클릭/필터/취소 결과를 Golden fixture로 검증","<button class=""reset"" onclick=""G.pipeView=\'kb\';G.stageCol=null;G.consoleMacro=null;paint()"">"
"C01150","UNRESOLVED_CONTROL","paintClosed: '+x+'","페이지 데이터/상태 경로: 정확한 runtime reachability 미확인","직접 literal write 발견 없음; 간접 호출은 미확인","local/crm.html:4188","미확정: 원본 handler/template 추적 필요","TEST_MISSING","중복정의·동적 template·상위함수 호출을 실제 렌더 결과와 연결","해당 원본 컨트롤의 노출 조건·클릭/필터/취소 결과를 Golden fixture로 검증","<button class=""'+(t===x?'on':'')+'"" data-t=""'+x+'"" onclick=""setClosedTab(this.dataset.t)"">"
"C01151","UNRESOLVED_CONTROL","paintClosed: '
      +'","페이지 데이터/상태 경로: 정확한 runtime reachability 미확인","직접 literal write 발견 없음; 간접 호출은 미확인","local/crm.html:4193","미확정: 원본 handler/template 추적 필요","TEST_MISSING","중복정의·동적 template·상위함수 호출을 실제 렌더 결과와 연결","해당 원본 컨트롤의 노출 조건·클릭/필터/취소 결과를 Golden fixture로 검증","<div class=""trow clk"" style=""grid-template-columns:1.6fr 110px 90px 110px 100px"" onclick=\'drwDeal('+escAttr(JSON.stringify(JSON.stringify(d)))+')\'>"
"C01152","UNRESOLVED_CONTROL","top2: div","페이지 데이터/상태 경로: 정확한 runtime reachability 미확인","직접 literal write 발견 없음; 간접 호출은 미확인","local/crm.html:4230","미확정: 원본 handler/template 추적 필요","TEST_MISSING","중복정의·동적 template·상위함수 호출을 실제 렌더 결과와 연결","해당 원본 컨트롤의 노출 조건·클릭/필터/취소 결과를 Golden fixture로 검증","<div class=""fc-row"" style=""border-left:4px solid var(--ok)"" onclick=""alert(\'계약·시공 '+commit.length+'건 — 칸반에서 확인\')"">"
"C01153","UNRESOLVED_CONTROL","paintMobile: 7일 SLA","페이지 데이터/상태 경로: 정확한 runtime reachability 미확인","직접 literal write 발견 없음; 간접 호출은 미확인","local/crm.html:4304","미확정: 원본 handler/template 추적 필요","TEST_MISSING","중복정의·동적 template·상위함수 호출을 실제 렌더 결과와 연결","해당 원본 컨트롤의 노출 조건·클릭/필터/취소 결과를 Golden fixture로 검증","<button class=""'+(G.mobView==='week'?'on':'')+'"" onclick=""setMobView(\'week\')"">"
"C01154","UNRESOLVED_CONTROL","paintMobile: 30일 SLA","페이지 데이터/상태 경로: 정확한 runtime reachability 미확인","직접 literal write 발견 없음; 간접 호출은 미확인","local/crm.html:4304","미확정: 원본 handler/template 추적 필요","TEST_MISSING","중복정의·동적 template·상위함수 호출을 실제 렌더 결과와 연결","해당 원본 컨트롤의 노출 조건·클릭/필터/취소 결과를 Golden fixture로 검증","<button class=""'+(G.mobView==='month'?'on':'')+'"" onclick=""setMobView(\'month\')"">"
"C01155","UNRESOLVED_CONTROL","paintMobile: div","페이지 데이터/상태 경로: 정확한 runtime reachability 미확인","직접 literal write 발견 없음; 간접 호출은 미확인","local/crm.html:4306","미확정: 원본 handler/template 추적 필요","TEST_MISSING","중복정의·동적 template·상위함수 호출을 실제 렌더 결과와 연결","해당 원본 컨트롤의 노출 조건·클릭/필터/취소 결과를 Golden fixture로 검증","<div class=""mobrow '+(s.late?'bad':'')+'"" style=""cursor:pointer"" onclick=""openDealAt('+idx+')"">"
"C01156","UNRESOLVED_CONTROL","paintReport: div","페이지 데이터/상태 경로: 정확한 runtime reachability 미확인","직접 literal write 발견 없음; 간접 호출은 미확인","local/crm.html:4335","미확정: 원본 handler/template 추적 필요","TEST_MISSING","중복정의·동적 template·상위함수 호출을 실제 렌더 결과와 연결","해당 원본 컨트롤의 노출 조건·클릭/필터/취소 결과를 Golden fixture로 검증","<div class=""kpi clk"" onclick=""window.print()"">"
"C01157","UNRESOLVED_CONTROL","paintWorkAnalysis: button","페이지 데이터/상태 경로: 정확한 runtime reachability 미확인","직접 literal write 발견 없음; 간접 호출은 미확인","local/crm.html:4406","미확정: 원본 handler/template 추적 필요","TEST_MISSING","중복정의·동적 template·상위함수 호출을 실제 렌더 결과와 연결","해당 원본 컨트롤의 노출 조건·클릭/필터/취소 결과를 Golden fixture로 검증","<button class=""wa-bar-row"" onclick=""workAnalysisDrill(\'pipeline\','+i+')"">"
"C01158","UNRESOLVED_CONTROL","paintWorkAnalysis: button","페이지 데이터/상태 경로: 정확한 runtime reachability 미확인","직접 literal write 발견 없음; 간접 호출은 미확인","local/crm.html:4406","미확정: 원본 handler/template 추적 필요","TEST_MISSING","중복정의·동적 template·상위함수 호출을 실제 렌더 결과와 연결","해당 원본 컨트롤의 노출 조건·클릭/필터/취소 결과를 Golden fixture로 검증","<button class=""wa-combo"" onclick=""workAnalysisComboDrill('+i+')"">"
"C01159","UNRESOLVED_CONTROL","paintWorkAnalysis: '+r.opp.length+'건","페이지 데이터/상태 경로: 정확한 runtime reachability 미확인","직접 literal write 발견 없음; 간접 호출은 미확인","local/crm.html:4407","미확정: 원본 handler/template 추적 필요","TEST_MISSING","중복정의·동적 template·상위함수 호출을 실제 렌더 결과와 연결","해당 원본 컨트롤의 노출 조건·클릭/필터/취소 결과를 Golden fixture로 검증","<button class=""wa-cell"" onclick=""workAnalysisDrill(\'opp\','+i+')"">"
"C01160","UNRESOLVED_CONTROL","paintWorkAnalysis: '+reportAmount(r.pipeline)+'","페이지 데이터/상태 경로: 정확한 runtime reachability 미확인","직접 literal write 발견 없음; 간접 호출은 미확인","local/crm.html:4407","미확정: 원본 handler/template 추적 필요","TEST_MISSING","중복정의·동적 template·상위함수 호출을 실제 렌더 결과와 연결","해당 원본 컨트롤의 노출 조건·클릭/필터/취소 결과를 Golden fixture로 검증","<button class=""wa-cell"" onclick=""workAnalysisDrill(\'pipeline\','+i+')"">"
"C01161","UNRESOLVED_CONTROL","paintWorkAnalysis: '+r.comp.length+'건 · '+reportAmount(r.compete)+'","페이지 데이터/상태 경로: 정확한 runtime reachability 미확인","직접 literal write 발견 없음; 간접 호출은 미확인","local/crm.html:4407","미확정: 원본 handler/template 추적 필요","TEST_MISSING","중복정의·동적 template·상위함수 호출을 실제 렌더 결과와 연결","해당 원본 컨트롤의 노출 조건·클릭/필터/취소 결과를 Golden fixture로 검증","<button class=""wa-cell"" onclick=""workAnalysisDrill(\'compete\','+i+')"">"
"C01162","UNRESOLVED_CONTROL","paintWorkAnalysis: '+r.won.length+'건 · '+reportAmount(r.wonAmount)+'","페이지 데이터/상태 경로: 정확한 runtime reachability 미확인","직접 literal write 발견 없음; 간접 호출은 미확인","local/crm.html:4407","미확정: 원본 handler/template 추적 필요","TEST_MISSING","중복정의·동적 template·상위함수 호출을 실제 렌더 결과와 연결","해당 원본 컨트롤의 노출 조건·클릭/필터/취소 결과를 Golden fixture로 검증","<button class=""wa-cell"" onclick=""workAnalysisDrill(\'won\','+i+')"">"
"C01163","UNRESOLVED_CONTROL","paintWorkAnalysis: button","페이지 데이터/상태 경로: 정확한 runtime reachability 미확인","직접 literal write 발견 없음; 간접 호출은 미확인","local/crm.html:4408","미확정: 원본 handler/template 추적 필요","TEST_MISSING","중복정의·동적 template·상위함수 호출을 실제 렌더 결과와 연결","해당 원본 컨트롤의 노출 조건·클릭/필터/취소 결과를 Golden fixture로 검증","<button class=""wa-kpi"" onclick=""workAnalysisDrill(\'opp\')"">"
"C01164","UNRESOLVED_CONTROL","paintWorkAnalysis: button","페이지 데이터/상태 경로: 정확한 runtime reachability 미확인","직접 literal write 발견 없음; 간접 호출은 미확인","local/crm.html:4408","미확정: 원본 handler/template 추적 필요","TEST_MISSING","중복정의·동적 template·상위함수 호출을 실제 렌더 결과와 연결","해당 원본 컨트롤의 노출 조건·클릭/필터/취소 결과를 Golden fixture로 검증","<button class=""wa-kpi"" onclick=""workAnalysisDrill(\'pipeline\')"">"
"C01165","UNRESOLVED_CONTROL","paintWorkAnalysis: button","페이지 데이터/상태 경로: 정확한 runtime reachability 미확인","직접 literal write 발견 없음; 간접 호출은 미확인","local/crm.html:4408","미확정: 원본 handler/template 추적 필요","TEST_MISSING","중복정의·동적 template·상위함수 호출을 실제 렌더 결과와 연결","해당 원본 컨트롤의 노출 조건·클릭/필터/취소 결과를 Golden fixture로 검증","<button class=""wa-kpi"" onclick=""workAnalysisDrill(\'won\')"">"
"C01166","UNRESOLVED_CONTROL","paintWorkAnalysis: button","페이지 데이터/상태 경로: 정확한 runtime reachability 미확인","직접 literal write 발견 없음; 간접 호출은 미확인","local/crm.html:4408","미확정: 원본 handler/template 추적 필요","TEST_MISSING","중복정의·동적 template·상위함수 호출을 실제 렌더 결과와 연결","해당 원본 컨트롤의 노출 조건·클릭/필터/취소 결과를 Golden fixture로 검증","<button class=""wa-kpi warn"" onclick=""workAnalysisDrill(\'multi\')"">"
"C01167","UNRESOLVED_CONTROL","paintWorkAnalysis: button","페이지 데이터/상태 경로: 정확한 runtime reachability 미확인","직접 literal write 발견 없음; 간접 호출은 미확인","local/crm.html:4408","미확정: 원본 handler/template 추적 필요","TEST_MISSING","중복정의·동적 template·상위함수 호출을 실제 렌더 결과와 연결","해당 원본 컨트롤의 노출 조건·클릭/필터/취소 결과를 Golden fixture로 검증","<button class=""wa-kpi danger"" onclick=""workAnalysisDrill(\'unclassified\')"">"
"C01168","UNRESOLVED_CONTROL","paintWorkAnalysis: button","페이지 데이터/상태 경로: 정확한 runtime reachability 미확인","직접 literal write 발견 없음; 간접 호출은 미확인","local/crm.html:4409","미확정: 원본 handler/template 추적 필요","TEST_MISSING","중복정의·동적 template·상위함수 호출을 실제 렌더 결과와 연결","해당 원본 컨트롤의 노출 조건·클릭/필터/취소 결과를 Golden fixture로 검증","<button onclick=""workAnalysisDrill(\'singleWon\')"">"
"C01169","UNRESOLVED_CONTROL","paintWorkAnalysis: button","페이지 데이터/상태 경로: 정확한 runtime reachability 미확인","직접 literal write 발견 없음; 간접 호출은 미확인","local/crm.html:4409","미확정: 원본 handler/template 추적 필요","TEST_MISSING","중복정의·동적 template·상위함수 호출을 실제 렌더 결과와 연결","해당 원본 컨트롤의 노출 조건·클릭/필터/취소 결과를 Golden fixture로 검증","<button onclick=""workAnalysisDrill(\'multiWon\')"">"
"C01170","UNRESOLVED_CONTROL","paintWorkAnalysis: Pipeline순","페이지 데이터/상태 경로: 정확한 runtime reachability 미확인","직접 literal write 발견 없음; 간접 호출은 미확인","local/crm.html:4410","미확정: 원본 handler/template 추적 필요","TEST_MISSING","중복정의·동적 template·상위함수 호출을 실제 렌더 결과와 연결","해당 원본 컨트롤의 노출 조건·클릭/필터/취소 결과를 Golden fixture로 검증","<button class=""'+(G.workSort==='pipeline'?'on':'')+'"" onclick=""workAnalysisSetSort(\'pipeline\')"">"
"C01171","UNRESOLVED_CONTROL","paintWorkAnalysis: 수주순","페이지 데이터/상태 경로: 정확한 runtime reachability 미확인","직접 literal write 발견 없음; 간접 호출은 미확인","local/crm.html:4410","미확정: 원본 handler/template 추적 필요","TEST_MISSING","중복정의·동적 template·상위함수 호출을 실제 렌더 결과와 연결","해당 원본 컨트롤의 노출 조건·클릭/필터/취소 결과를 Golden fixture로 검증","<button class=""'+(G.workSort==='won'?'on':'')+'"" onclick=""workAnalysisSetSort(\'won\')"">"
"C01172","UNRESOLVED_CONTROL","paintWorkAnalysis: 건수순","페이지 데이터/상태 경로: 정확한 runtime reachability 미확인","직접 literal write 발견 없음; 간접 호출은 미확인","local/crm.html:4410","미확정: 원본 handler/template 추적 필요","TEST_MISSING","중복정의·동적 template·상위함수 호출을 실제 렌더 결과와 연결","해당 원본 컨트롤의 노출 조건·클릭/필터/취소 결과를 Golden fixture로 검증","<button class=""'+(G.workSort==='opp'?'on':'')+'"" onclick=""workAnalysisSetSort(\'opp\')"">"
"C01173","UNRESOLVED_CONTROL","paintSites: button","페이지 데이터/상태 경로: 정확한 runtime reachability 미확인","직접 literal write 발견 없음; 간접 호출은 미확인","local/crm.html:4431","미확정: 원본 handler/template 추적 필요","TEST_MISSING","중복정의·동적 template·상위함수 호출을 실제 렌더 결과와 연결","해당 원본 컨트롤의 노출 조건·클릭/필터/취소 결과를 Golden fixture로 검증","<button class=""site-health-card '+(G.siteStatus===x[0]?'on':'')+'"" onclick=""setSiteStatus(\''+x[0]+'\')"">"
"C01174","UNRESOLVED_CONTROL","paintSites: '+brandOpts+'","페이지 데이터/상태 경로: 정확한 runtime reachability 미확인","직접 literal write 발견 없음; 간접 호출은 미확인","local/crm.html:4432","미확정: 원본 handler/template 추적 필요","TEST_MISSING","중복정의·동적 template·상위함수 호출을 실제 렌더 결과와 연결","해당 원본 컨트롤의 노출 조건·클릭/필터/취소 결과를 Golden fixture로 검증","<select onchange=""G.siteBrand=this.value;G.siteStatus=\'전체\';paintSites()"">"
"C01175","UNRESOLVED_CONTROL","paintSites: '+ownerOpts+'","페이지 데이터/상태 경로: 정확한 runtime reachability 미확인","직접 literal write 발견 없음; 간접 호출은 미확인","local/crm.html:4432","미확정: 원본 handler/template 추적 필요","TEST_MISSING","중복정의·동적 template·상위함수 호출을 실제 렌더 결과와 연결","해당 원본 컨트롤의 노출 조건·클릭/필터/취소 결과를 Golden fixture로 검증","<select onchange=""G.siteOwner=this.value;G.siteStatus=\'전체\';paintSites()"">"
"C01176","UNRESOLVED_CONTROL","paintSites: '+workFilterOptions(G.workFilter)+'","페이지 데이터/상태 경로: 정확한 runtime reachability 미확인","직접 literal write 발견 없음; 간접 호출은 미확인","local/crm.html:4432","미확정: 원본 handler/template 추적 필요","TEST_MISSING","중복정의·동적 template·상위함수 호출을 실제 렌더 결과와 연결","해당 원본 컨트롤의 노출 조건·클릭/필터/취소 결과를 Golden fixture로 검증","<select onchange=""G.workFilter=this.value;G.siteStatus=\'전체\';paintSites()"">"
"C01177","UNRESOLVED_CONTROL","paintSites: '+['관계우선','최근접촉순','수주금액순','진행기회순'].map(function(x){return '","페이지 데이터/상태 경로: 정확한 runtime reachability 미확인","직접 literal write 발견 없음; 간접 호출은 미확인","local/crm.html:4432","미확정: 원본 handler/template 추적 필요","TEST_MISSING","중복정의·동적 template·상위함수 호출을 실제 렌더 결과와 연결","해당 원본 컨트롤의 노출 조건·클릭/필터/취소 결과를 Golden fixture로 검증","<select onchange=""G.siteSort=this.value;paintSites()"">"
"C01178","UNRESOLVED_CONTROL","paintSites: button","페이지 데이터/상태 경로: 정확한 runtime reachability 미확인","직접 literal write 발견 없음; 간접 호출은 미확인","local/crm.html:4432","미확정: 원본 handler/template 추적 필요","TEST_MISSING","중복정의·동적 template·상위함수 호출을 실제 렌더 결과와 연결","해당 원본 컨트롤의 노출 조건·클릭/필터/취소 결과를 Golden fixture로 검증","<button class=""site-table-row data"" onclick=""openSiteMaster('+i+')"">"
"C01179","UNRESOLVED_CONTROL","openSiteMaster: 전화","페이지 데이터/상태 경로: 정확한 runtime reachability 미확인","직접 literal write 발견 없음; 간접 호출은 미확인","local/crm.html:4462","미확정: 원본 handler/template 추적 필요","TEST_MISSING","중복정의·동적 template·상위함수 호출을 실제 렌더 결과와 연결","해당 원본 컨트롤의 노출 조건·클릭/필터/취소 결과를 Golden fixture로 검증","<a href=""tel:'+phoneN(c.mobile)+'"">"
"C01180","UNRESOLVED_CONTROL","openSiteMaster: 문자","페이지 데이터/상태 경로: 정확한 runtime reachability 미확인","직접 literal write 발견 없음; 간접 호출은 미확인","local/crm.html:4462","미확정: 원본 handler/template 추적 필요","TEST_MISSING","중복정의·동적 template·상위함수 호출을 실제 렌더 결과와 연결","해당 원본 컨트롤의 노출 조건·클릭/필터/취소 결과를 Golden fixture로 검증","<a href=""sms:'+phoneN(c.mobile)+'"">"
"C01181","UNRESOLVED_CONTROL","openSiteMaster: 현재 현장","페이지 데이터/상태 경로: 정확한 runtime reachability 미확인","직접 literal write 발견 없음; 간접 호출은 미확인","local/crm.html:4462","미확정: 원본 handler/template 추적 필요","TEST_MISSING","중복정의·동적 template·상위함수 호출을 실제 렌더 결과와 연결","해당 원본 컨트롤의 노출 조건·클릭/필터/취소 결과를 Golden fixture로 검증","<button data-site=""'+escAttr(c.currentSite)+'"" onclick=""openRelatedSite(this.dataset.site)"">"
"C01182","UNRESOLVED_CONTROL","openSiteMaster: button","페이지 데이터/상태 경로: 정확한 runtime reachability 미확인","직접 literal write 발견 없음; 간접 호출은 미확인","local/crm.html:4462","미확정: 원본 handler/template 추적 필요","TEST_MISSING","중복정의·동적 template·상위함수 호출을 실제 렌더 결과와 연결","해당 원본 컨트롤의 노출 조건·클릭/필터/취소 결과를 Golden fixture로 검증","<button class=""site-opp-row"" onclick=""openSiteDeal('+j+')"">"
"C01183","UNRESOLVED_CONTROL","detailChecks: input","페이지 데이터/상태 경로: 정확한 runtime reachability 미확인","직접 literal write 발견 없음; 간접 호출은 미확인","local/crm.html:4517","미확정: 원본 handler/template 추적 필요","TEST_MISSING","중복정의·동적 template·상위함수 호출을 실제 렌더 결과와 연결","해당 원본 컨트롤의 노출 조건·클릭/필터/취소 결과를 Golden fixture로 검증","<input type=""checkbox"" '+(ch[i]?'checked':'')+' onchange=""toggleDetailCheck('+i+',this.checked)"">"
"C01184","UNRESOLVED_CONTROL","nextActionHero: 이 행동 완료","페이지 데이터/상태 경로: 정확한 runtime reachability 미확인","직접 literal write 발견 없음; 간접 호출은 미확인","local/crm.html:4532","미확정: 원본 handler/template 추적 필요","TEST_MISSING","중복정의·동적 template·상위함수 호출을 실제 렌더 결과와 연결","해당 원본 컨트롤의 노출 조건·클릭/필터/취소 결과를 Golden fixture로 검증","<button class=""dact pri"" onclick=""completeNextAction()"">"
"C01185","UNRESOLVED_CONTROL","nextActionHero: 수정","페이지 데이터/상태 경로: 정확한 runtime reachability 미확인","직접 literal write 발견 없음; 간접 호출은 미확인","local/crm.html:4532","미확정: 원본 handler/template 추적 필요","TEST_MISSING","중복정의·동적 template·상위함수 호출을 실제 렌더 결과와 연결","해당 원본 컨트롤의 노출 조건·클릭/필터/취소 결과를 Golden fixture로 검증","<button class=""dact"" onclick=""document.getElementById(\'nextActionCard\').scrollIntoView({behavior:\'smooth\'})"">"
"C01186","UNRESOLVED_CONTROL","nextStepChip: 다음: '+esc(n)+' →","페이지 데이터/상태 경로: 정확한 runtime reachability 미확인","직접 literal write 발견 없음; 간접 호출은 미확인","local/crm.html:4534","미확정: 원본 handler/template 추적 필요","TEST_MISSING","중복정의·동적 template·상위함수 호출을 실제 렌더 결과와 연결","해당 원본 컨트롤의 노출 조건·클릭/필터/취소 결과를 Golden fixture로 검증","<5?'step:'+(idx+1):'won',n=idx<5?FLOW_STEPS[idx+1]:'수주 성공';return '<button class=""dact next"" onclick=""chipTransition(\''+v+'\')"">"
"C01187","UNRESOLVED_CONTROL","contactDirectoryHTML: ＋ 연락처 추가","페이지 데이터/상태 경로: 정확한 runtime reachability 미확인","직접 literal write 발견 없음; 간접 호출은 미확인","local/crm.html:4545","미확정: 원본 handler/template 추적 필요","TEST_MISSING","중복정의·동적 template·상위함수 호출을 실제 렌더 결과와 연결","해당 원본 컨트롤의 노출 조건·클릭/필터/취소 결과를 Golden fixture로 검증","<button class=""dact pri"" onclick=""openQuickContact(\'new\')"">"
"C01188","UNRESOLVED_CONTROL","contactCardHTML: 📞 관리사무소","페이지 데이터/상태 경로: 정확한 runtime reachability 미확인","직접 literal write 발견 없음; 간접 호출은 미확인","local/crm.html:4567","미확정: 원본 handler/template 추적 필요","TEST_MISSING","중복정의·동적 template·상위함수 호출을 실제 렌더 결과와 연결","해당 원본 컨트롤의 노출 조건·클릭/필터/취소 결과를 Golden fixture로 검증","<button '+(!c.officeTel?'disabled':'')+' onclick=""contactDial(\'office\')"">"
"C01189","UNRESOLVED_CONTROL","contactCardHTML: 📱 소장 전화","페이지 데이터/상태 경로: 정확한 runtime reachability 미확인","직접 literal write 발견 없음; 간접 호출은 미확인","local/crm.html:4567","미확정: 원본 handler/template 추적 필요","TEST_MISSING","중복정의·동적 template·상위함수 호출을 실제 렌더 결과와 연결","해당 원본 컨트롤의 노출 조건·클릭/필터/취소 결과를 Golden fixture로 검증","<button class=""pri"" '+(!c.mobile?'disabled':'')+' onclick=""contactDial(\'mobile\')"">"
"C01190","UNRESOLVED_CONTROL","contactCardHTML: ✉ 문자","페이지 데이터/상태 경로: 정확한 runtime reachability 미확인","직접 literal write 발견 없음; 간접 호출은 미확인","local/crm.html:4567","미확정: 원본 handler/template 추적 필요","TEST_MISSING","중복정의·동적 template·상위함수 호출을 실제 렌더 결과와 연결","해당 원본 컨트롤의 노출 조건·클릭/필터/취소 결과를 Golden fixture로 검증","<button '+(!c.mobile?'disabled':'')+' onclick=""contactSms()"">"
"C01191","UNRESOLVED_CONTROL","contactCardHTML: 💬 카카오","페이지 데이터/상태 경로: 정확한 runtime reachability 미확인","직접 literal write 발견 없음; 간접 호출은 미확인","local/crm.html:4567","미확정: 원본 handler/template 추적 필요","TEST_MISSING","중복정의·동적 template·상위함수 호출을 실제 렌더 결과와 연결","해당 원본 컨트롤의 노출 조건·클릭/필터/취소 결과를 Golden fixture로 검증","<button '+(!c.mobile?'disabled':'')+' onclick=""contactKakao()"">"
"C01192","UNRESOLVED_CONTROL","contactCardHTML: 🎙 통화 완료 → 내용 말하기","페이지 데이터/상태 경로: 정확한 runtime reachability 미확인","직접 literal write 발견 없음; 간접 호출은 미확인","local/crm.html:4568","미확정: 원본 handler/template 추적 필요","TEST_MISSING","중복정의·동적 template·상위함수 호출을 실제 렌더 결과와 연결","해당 원본 컨트롤의 노출 조건·클릭/필터/취소 결과를 Golden fixture로 검증","<button class=""contactvoice"" '+(!c.mobile?'disabled':'')+' onclick=""contactVoiceComplete()"">"
"C01193","UNRESOLVED_CONTROL","contactCardHTML: input","페이지 데이터/상태 경로: 정확한 runtime reachability 미확인","직접 literal write 발견 없음; 간접 호출은 미확인","local/crm.html:4569","미확정: 원본 handler/template 추적 필요","TEST_MISSING","중복정의·동적 template·상위함수 호출을 실제 렌더 결과와 연결","해당 원본 컨트롤의 노출 조건·클릭/필터/취소 결과를 Golden fixture로 검증","<input id=""ct-office"" inputmode=""tel"" value=""'+escAttr(c.officeTel)+'"">"
"C01194","UNRESOLVED_CONTROL","contactCardHTML: input","페이지 데이터/상태 경로: 정확한 runtime reachability 미확인","직접 literal write 발견 없음; 간접 호출은 미확인","local/crm.html:4569","미확정: 원본 handler/template 추적 필요","TEST_MISSING","중복정의·동적 template·상위함수 호출을 실제 렌더 결과와 연결","해당 원본 컨트롤의 노출 조건·클릭/필터/취소 결과를 Golden fixture로 검증","<input id=""ct-name"" value=""'+escAttr(c.name)+'"">"
"C01195","UNRESOLVED_CONTROL","contactCardHTML: input","페이지 데이터/상태 경로: 정확한 runtime reachability 미확인","직접 literal write 발견 없음; 간접 호출은 미확인","local/crm.html:4569","미확정: 원본 handler/template 추적 필요","TEST_MISSING","중복정의·동적 template·상위함수 호출을 실제 렌더 결과와 연결","해당 원본 컨트롤의 노출 조건·클릭/필터/취소 결과를 Golden fixture로 검증","<input id=""ct-mobile"" inputmode=""tel"" value=""'+escAttr(c.mobile)+'"">"
"C01196","UNRESOLVED_CONTROL","contactCardHTML: input","페이지 데이터/상태 경로: 정확한 runtime reachability 미확인","직접 literal write 발견 없음; 간접 호출은 미확인","local/crm.html:4569","미확정: 원본 handler/template 추적 필요","TEST_MISSING","중복정의·동적 template·상위함수 호출을 실제 렌더 결과와 연결","해당 원본 컨트롤의 노출 조건·클릭/필터/취소 결과를 Golden fixture로 검증","<input id=""ct-email"" type=""email"" value=""'+escAttr(c.officeEmail)+'"">"
"C01197","UNRESOLVED_CONTROL","contactCardHTML: 연락처 저장","페이지 데이터/상태 경로: 정확한 runtime reachability 미확인","직접 literal write 발견 없음; 간접 호출은 미확인","local/crm.html:4569","미확정: 원본 handler/template 추적 필요","TEST_MISSING","중복정의·동적 template·상위함수 호출을 실제 렌더 결과와 연결","해당 원본 컨트롤의 노출 조건·클릭/필터/취소 결과를 Golden fixture로 검증","<button class=""dact"" onclick=""saveContactInfo()"">"
"C01198","UNRESOLVED_CONTROL","contactCardHTML: 관리소장 근무지 이동","페이지 데이터/상태 경로: 정확한 runtime reachability 미확인","직접 literal write 발견 없음; 간접 호출은 미확인","local/crm.html:4569","미확정: 원본 handler/template 추적 필요","TEST_MISSING","중복정의·동적 template·상위함수 호출을 실제 렌더 결과와 연결","해당 원본 컨트롤의 노출 조건·클릭/필터/취소 결과를 Golden fixture로 검증","<button class=""dact warn"" onclick=""openManagerMove()"">"
"C01199","UNRESOLVED_CONTROL","contactCardHTML: 📅 일정 잡기","페이지 데이터/상태 경로: 정확한 runtime reachability 미확인","직접 literal write 발견 없음; 간접 호출은 미확인","local/crm.html:4569","미확정: 원본 handler/template 추적 필요","TEST_MISSING","중복정의·동적 template·상위함수 호출을 실제 렌더 결과와 연결","해당 원본 컨트롤의 노출 조건·클릭/필터/취소 결과를 Golden fixture로 검증","<button class=""dact"" onclick=""contactSchedule()"">"
"C01200","UNRESOLVED_CONTROL","openQuickContact: input","페이지 데이터/상태 경로: 정확한 runtime reachability 미확인","직접 literal write 발견 없음; 간접 호출은 미확인","local/crm.html:4581","미확정: 원본 handler/template 추적 필요","TEST_MISSING","중복정의·동적 template·상위함수 호출을 실제 렌더 결과와 연결","해당 원본 컨트롤의 노출 조건·클릭/필터/취소 결과를 Golden fixture로 검증","<input id=""qc-office"" inputmode=""tel"" autocomplete=""tel"" value=""'+escAttr(c.officeTel)+'"" placeholder=""예: 02-1234-5678"">"
"C01201","UNRESOLVED_CONTROL","openQuickContact: '+CONTACT_ROLES.map(function(r){return '","페이지 데이터/상태 경로: 정확한 runtime reachability 미확인","직접 literal write 발견 없음; 간접 호출은 미확인","local/crm.html:4582","미확정: 원본 handler/template 추적 필요","TEST_MISSING","중복정의·동적 template·상위함수 호출을 실제 렌더 결과와 연결","해당 원본 컨트롤의 노출 조건·클릭/필터/취소 결과를 Golden fixture로 검증","<select id=""qc-role"">"
"C01202","UNRESOLVED_CONTROL","openQuickContact: input","페이지 데이터/상태 경로: 정확한 runtime reachability 미확인","직접 literal write 발견 없음; 간접 호출은 미확인","local/crm.html:4583","미확정: 원본 handler/template 추적 필요","TEST_MISSING","중복정의·동적 template·상위함수 호출을 실제 렌더 결과와 연결","해당 원본 컨트롤의 노출 조건·클릭/필터/취소 결과를 Golden fixture로 검증","<input id=""qc-name"" value=""'+escAttr(c.name)+'"" placeholder=""예: 홍길동"">"
"C01203","UNRESOLVED_CONTROL","openQuickContact: input","페이지 데이터/상태 경로: 정확한 runtime reachability 미확인","직접 literal write 발견 없음; 간접 호출은 미확인","local/crm.html:4584","미확정: 원본 handler/template 추적 필요","TEST_MISSING","중복정의·동적 template·상위함수 호출을 실제 렌더 결과와 연결","해당 원본 컨트롤의 노출 조건·클릭/필터/취소 결과를 Golden fixture로 검증","<input id=""qc-mobile"" inputmode=""tel"" autocomplete=""tel"" value=""'+escAttr(c.mobile)+'"" placeholder=""예: 010-1234-5678"">"
"C01204","UNRESOLVED_CONTROL","openQuickContact: input","페이지 데이터/상태 경로: 정확한 runtime reachability 미확인","직접 literal write 발견 없음; 간접 호출은 미확인","local/crm.html:4585","미확정: 원본 handler/template 추적 필요","TEST_MISSING","중복정의·동적 template·상위함수 호출을 실제 렌더 결과와 연결","해당 원본 컨트롤의 노출 조건·클릭/필터/취소 결과를 Golden fixture로 검증","<input id=""qc-email"" type=""email"" value=""'+escAttr(c.officeEmail)+'"" placeholder=""선택 입력"">"
"C01205","UNRESOLVED_CONTROL","openQuickContact: 취소","페이지 데이터/상태 경로: 정확한 runtime reachability 미확인","직접 literal write 발견 없음; 간접 호출은 미확인","local/crm.html:4586","미확정: 원본 handler/template 추적 필요","TEST_MISSING","중복정의·동적 template·상위함수 호출을 실제 렌더 결과와 연결","해당 원본 컨트롤의 노출 조건·클릭/필터/취소 결과를 Golden fixture로 검증","<button class=""dact"" onclick=""closeQuickContact()"">"
"C01206","UNRESOLVED_CONTROL","openQuickContact: 연락처 저장","페이지 데이터/상태 경로: 정확한 runtime reachability 미확인","직접 literal write 발견 없음; 간접 호출은 미확인","local/crm.html:4586","미확정: 원본 handler/template 추적 필요","TEST_MISSING","중복정의·동적 template·상위함수 호출을 실제 렌더 결과와 연결","해당 원본 컨트롤의 노출 조건·클릭/필터/취소 결과를 Golden fixture로 검증","<button class=""dact pri"" onclick=""saveQuickContact()"">"
"C01207","UNRESOLVED_CONTROL","openKakaoModal: select","페이지 데이터/상태 경로: 정확한 runtime reachability 미확인","직접 literal write 발견 없음; 간접 호출은 미확인","local/crm.html:4605","미확정: 원본 handler/template 추적 필요","TEST_MISSING","중복정의·동적 template·상위함수 호출을 실제 렌더 결과와 연결","해당 원본 컨트롤의 노출 조건·클릭/필터/취소 결과를 Golden fixture로 검증","<select id=""kk-type"" onchange=""renderKakaoDraft()"">"
"C01208","UNRESOLVED_CONTROL","openKakaoModal: input","페이지 데이터/상태 경로: 정확한 runtime reachability 미확인","직접 literal write 발견 없음; 간접 호출은 미확인","local/crm.html:4605","미확정: 원본 handler/template 추적 필요","TEST_MISSING","중복정의·동적 template·상위함수 호출을 실제 렌더 결과와 연결","해당 원본 컨트롤의 노출 조건·클릭/필터/취소 결과를 Golden fixture로 검증","<input id=""kk-customer"" value=""'+escAttr(c.name||'')+'"" oninput=""renderKakaoDraft()"">"
"C01209","UNRESOLVED_CONTROL","openKakaoModal: input","페이지 데이터/상태 경로: 정확한 runtime reachability 미확인","직접 literal write 발견 없음; 간접 호출은 미확인","local/crm.html:4605","미확정: 원본 handler/template 추적 필요","TEST_MISSING","중복정의·동적 template·상위함수 호출을 실제 렌더 결과와 연결","해당 원본 컨트롤의 노출 조건·클릭/필터/취소 결과를 Golden fixture로 검증","<input id=""kk-site"" value=""'+escAttr(item.site||'')+'"" oninput=""renderKakaoDraft()"">"
"C01210","UNRESOLVED_CONTROL","openKakaoModal: input","페이지 데이터/상태 경로: 정확한 runtime reachability 미확인","직접 literal write 발견 없음; 간접 호출은 미확인","local/crm.html:4605","미확정: 원본 handler/template 추적 필요","TEST_MISSING","중복정의·동적 template·상위함수 호출을 실제 렌더 결과와 연결","해당 원본 컨트롤의 노출 조건·클릭/필터/취소 결과를 Golden fixture로 검증","<input id=""kk-visit"" placeholder=""예: 9월 10일 오후 2시"" oninput=""renderKakaoDraft()"">"
"C01211","UNRESOLVED_CONTROL","openKakaoModal:  브랜드명 포함(선택)","페이지 데이터/상태 경로: 정확한 runtime reachability 미확인","직접 literal write 발견 없음; 간접 호출은 미확인","local/crm.html:4605","미확정: 원본 handler/template 추적 필요","TEST_MISSING","중복정의·동적 template·상위함수 호출을 실제 렌더 결과와 연결","해당 원본 컨트롤의 노출 조건·클릭/필터/취소 결과를 Golden fixture로 검증","<input type=""checkbox"" id=""kk-use-brand"" onchange=""renderKakaoDraft()"">"
"C01212","UNRESOLVED_CONTROL","openKakaoModal: input","페이지 데이터/상태 경로: 정확한 runtime reachability 미확인","직접 literal write 발견 없음; 간접 호출은 미확인","local/crm.html:4605","미확정: 원본 handler/template 추적 필요","TEST_MISSING","중복정의·동적 template·상위함수 호출을 실제 렌더 결과와 연결","해당 원본 컨트롤의 노출 조건·클릭/필터/취소 결과를 Golden fixture로 검증","<input id=""kk-brand"" style=""display:none;margin-top:8px"" placeholder=""브랜드명 입력"" oninput=""renderKakaoDraft()"">"
"C01213","UNRESOLVED_CONTROL","openKakaoModal: 취소","페이지 데이터/상태 경로: 정확한 runtime reachability 미확인","직접 literal write 발견 없음; 간접 호출은 미확인","local/crm.html:4605","미확정: 원본 handler/template 추적 필요","TEST_MISSING","중복정의·동적 template·상위함수 호출을 실제 렌더 결과와 연결","해당 원본 컨트롤의 노출 조건·클릭/필터/취소 결과를 Golden fixture로 검증","<button class=""dact"" onclick=""closeKakaoModal()"">"
"C01214","UNRESOLVED_CONTROL","openKakaoModal: 검수 승인 후 발송 가능","페이지 데이터/상태 경로: 정확한 runtime reachability 미확인","직접 literal write 발견 없음; 간접 호출은 미확인","local/crm.html:4605","미확정: 원본 handler/template 추적 필요","TEST_MISSING","중복정의·동적 template·상위함수 호출을 실제 렌더 결과와 연결","해당 원본 컨트롤의 노출 조건·클릭/필터/취소 결과를 Golden fixture로 검증","<button class=""dact pri"" id=""kk-send"" disabled>"
"C01215","UNRESOLVED_CONTROL","openManagerMove: input","페이지 데이터/상태 경로: 정확한 runtime reachability 미확인","직접 literal write 발견 없음; 간접 호출은 미확인","local/crm.html:4610","미확정: 원본 handler/template 추적 필요","TEST_MISSING","중복정의·동적 template·상위함수 호출을 실제 렌더 결과와 연결","해당 원본 컨트롤의 노출 조건·클릭/필터/취소 결과를 Golden fixture로 검증","<input id=""mv-site"" placeholder=""예: 매탄임광아파트"">"
"C01216","UNRESOLVED_CONTROL","openManagerMove: input","페이지 데이터/상태 경로: 정확한 runtime reachability 미확인","직접 literal write 발견 없음; 간접 호출은 미확인","local/crm.html:4610","미확정: 원본 handler/template 추적 필요","TEST_MISSING","중복정의·동적 template·상위함수 호출을 실제 렌더 결과와 연결","해당 원본 컨트롤의 노출 조건·클릭/필터/취소 결과를 Golden fixture로 검증","<input id=""mv-office"" inputmode=""tel"" placeholder=""예: 031-000-0000"">"
"C01217","UNRESOLVED_CONTROL","openManagerMove: input","페이지 데이터/상태 경로: 정확한 runtime reachability 미확인","직접 literal write 발견 없음; 간접 호출은 미확인","local/crm.html:4610","미확정: 원본 handler/template 추적 필요","TEST_MISSING","중복정의·동적 template·상위함수 호출을 실제 렌더 결과와 연결","해당 원본 컨트롤의 노출 조건·클릭/필터/취소 결과를 Golden fixture로 검증","<input id=""mv-date"" type=""date"" value=""'+today+'"">"
"C01218","UNRESOLVED_CONTROL","openManagerMove: input","페이지 데이터/상태 경로: 정확한 runtime reachability 미확인","직접 literal write 발견 없음; 간접 호출은 미확인","local/crm.html:4610","미확정: 원본 handler/template 추적 필요","TEST_MISSING","중복정의·동적 template·상위함수 호출을 실제 렌더 결과와 연결","해당 원본 컨트롤의 노출 조건·클릭/필터/취소 결과를 Golden fixture로 검증","<input id=""mv-reason"" placeholder=""예: 관리소장 통화로 근무지 이동 확인"">"
"C01219","UNRESOLVED_CONTROL","openManagerMove: 이동 이력 저장","페이지 데이터/상태 경로: 정확한 runtime reachability 미확인","직접 literal write 발견 없음; 간접 호출은 미확인","local/crm.html:4610","미확정: 원본 handler/template 추적 필요","TEST_MISSING","중복정의·동적 template·상위함수 호출을 실제 렌더 결과와 연결","해당 원본 컨트롤의 노출 조건·클릭/필터/취소 결과를 Golden fixture로 검증","<button class=""dact pri"" onclick=""saveManagerMove()"">"
"C01220","UNRESOLVED_CONTROL","openManagerMove: 취소","페이지 데이터/상태 경로: 정확한 runtime reachability 미확인","직접 literal write 발견 없음; 간접 호출은 미확인","local/crm.html:4610","미확정: 원본 handler/template 추적 필요","TEST_MISSING","중복정의·동적 template·상위함수 호출을 실제 렌더 결과와 연결","해당 원본 컨트롤의 노출 조건·클릭/필터/취소 결과를 Golden fixture로 검증","<button class=""dact"" onclick=""openManagerMove()"">"
"C01221","UNRESOLVED_CONTROL","detailAssigneeControlHTML: '+repOptions(item.assignee,'pipeline',item)+'","페이지 데이터/상태 경로: 정확한 runtime reachability 미확인","직접 literal write 발견 없음; 간접 호출은 미확인","local/crm.html:4621","미확정: 원본 handler/template 추적 필요","TEST_MISSING","중복정의·동적 template·상위함수 호출을 실제 렌더 결과와 연결","해당 원본 컨트롤의 노출 조건·클릭/필터/취소 결과를 Golden fixture로 검증","<select id=""dv-assignee"">"
"C01222","UNRESOLVED_CONTROL","detailAssigneeControlHTML: 담당자 변경 저장","페이지 데이터/상태 경로: 정확한 runtime reachability 미확인","직접 literal write 발견 없음; 간접 호출은 미확인","local/crm.html:4621","미확정: 원본 handler/template 추적 필요","TEST_MISSING","중복정의·동적 template·상위함수 호출을 실제 렌더 결과와 연결","해당 원본 컨트롤의 노출 조건·클릭/필터/취소 결과를 Golden fixture로 검증","<button class=""dact"" onclick=""saveAssigneeChange()"">"
"C01223","UNRESOLVED_CONTROL","detailAssigneeControlHTML: 확인함으로 이동","페이지 데이터/상태 경로: 정확한 runtime reachability 미확인","직접 literal write 발견 없음; 간접 호출은 미확인","local/crm.html:4622","미확정: 원본 handler/template 추적 필요","TEST_MISSING","중복정의·동적 template·상위함수 호출을 실제 렌더 결과와 연결","해당 원본 컨트롤의 노출 조건·클릭/필터/취소 결과를 Golden fixture로 검증","<button class=""dact pri"" onclick=""G.inqBucket=INQ_TECH_REVIEW_TAB;paint()"">"
"C01224","UNRESOLVED_CONTROL","detailAssigneeControlHTML: 연결된 영업기회 열기","페이지 데이터/상태 경로: 정확한 runtime reachability 미확인","직접 literal write 발견 없음; 간접 호출은 미확인","local/crm.html:4622","미확정: 원본 handler/template 추적 필요","TEST_MISSING","중복정의·동적 template·상위함수 호출을 실제 렌더 결과와 연결","해당 원본 컨트롤의 노출 조건·클릭/필터/취소 결과를 Golden fixture로 검증","<button class=""dact"" onclick=""G.page=\'pipe\';G.brand=\'기술자문\';setCurDetail(inqTechLinkedDeal(CUR_DETAIL.item));paint()"">"
"C01225","UNRESOLVED_CONTROL","detailAssigneeControlHTML: '+(assigned?'배정 변경':'담당자 배정')+'","페이지 데이터/상태 경로: 정확한 runtime reachability 미확인","직접 literal write 발견 없음; 간접 호출은 미확인","local/crm.html:4624","미확정: 원본 handler/template 추적 필요","TEST_MISSING","중복정의·동적 template·상위함수 호출을 실제 렌더 결과와 연결","해당 원본 컨트롤의 노출 조건·클릭/필터/취소 결과를 Golden fixture로 검증","<button class=""dact pri"" data-k=""'+escAttr(inqKey(item))+'"" data-mode=""'+(assigned?'reassign':'assign')+'"" onclick=""inqCtlOpenAssign(this.dataset.mode,this.dataset.k)"">"
"C01226","UNRESOLVED_CONTROL","transitionAssigneeFieldHTML: '+repOptions(item.assignee,'pipeline',item)+'","페이지 데이터/상태 경로: 정확한 runtime reachability 미확인","직접 literal write 발견 없음; 간접 호출은 미확인","local/crm.html:4627","미확정: 원본 handler/template 추적 필요","TEST_MISSING","중복정의·동적 template·상위함수 호출을 실제 렌더 결과와 연결","해당 원본 컨트롤의 노출 조건·클릭/필터/취소 결과를 Golden fixture로 검증","<select id=""tr-assignee"">"
"C01227","UNRESOLVED_CONTROL","transitionAssigneeFieldHTML: input","페이지 데이터/상태 경로: 정확한 runtime reachability 미확인","직접 literal write 발견 없음; 간접 호출은 미확인","local/crm.html:4628","미확정: 원본 handler/template 추적 필요","TEST_MISSING","중복정의·동적 template·상위함수 호출을 실제 렌더 결과와 연결","해당 원본 컨트롤의 노출 조건·클릭/필터/취소 결과를 Golden fixture로 검증","<input id=""tr-assignee"" type=""hidden"" value=""'+escAttr(repN(item.assignee))+'"">"
"C01228","UNRESOLVED_CONTROL","nextActionAssigneeFieldHTML: '+repOptions(na&&na.assignee||item.assignee,'sales_action',item)+'","페이지 데이터/상태 경로: 정확한 runtime reachability 미확인","직접 literal write 발견 없음; 간접 호출은 미확인","local/crm.html:4631","미확정: 원본 handler/template 추적 필요","TEST_MISSING","중복정의·동적 template·상위함수 호출을 실제 렌더 결과와 연결","해당 원본 컨트롤의 노출 조건·클릭/필터/취소 결과를 Golden fixture로 검증","<select id=""dv-na-assignee"">"
"C01229","UNRESOLVED_CONTROL","nextActionAssigneeFieldHTML: input","페이지 데이터/상태 경로: 정확한 runtime reachability 미확인","직접 literal write 발견 없음; 간접 호출은 미확인","local/crm.html:4632","미확정: 원본 handler/template 추적 필요","TEST_MISSING","중복정의·동적 template·상위함수 호출을 실제 렌더 결과와 연결","해당 원본 컨트롤의 노출 조건·클릭/필터/취소 결과를 Golden fixture로 검증","<input id=""dv-na-assignee"" type=""hidden"" value=""'+escAttr(repN(item.assignee))+'"">"
"C01230","UNRESOLVED_CONTROL","renderDetailBase: '+(workScopeOf(item)==='unclassified'?'공종 분류':'공종 수정')+'","페이지 데이터/상태 경로: 정확한 runtime reachability 미확인","직접 literal write 발견 없음; 간접 호출은 미확인","local/crm.html:4648","미확정: 원본 handler/template 추적 필요","TEST_MISSING","중복정의·동적 template·상위함수 호출을 실제 렌더 결과와 연결","해당 원본 컨트롤의 노출 조건·클릭/필터/취소 결과를 Golden fixture로 검증","<button class=""dact"" style=""margin-top:8px"" onclick=""openWorkEdit()"">"
"C01231","UNRESOLVED_CONTROL","renderDetailBase: input","페이지 데이터/상태 경로: 정확한 runtime reachability 미확인","직접 literal write 발견 없음; 간접 호출은 미확인","local/crm.html:4648","미확정: 원본 handler/template 추적 필요","TEST_MISSING","중복정의·동적 template·상위함수 호출을 실제 렌더 결과와 연결","해당 원본 컨트롤의 노출 조건·클릭/필터/취소 결과를 Golden fixture로 검증","<input id=""dv-qamt"" type=""text"" inputmode=""decimal"" data-money min=""0"" step=""10000"" value=""'+(quoteAmt(item)||'')+'"" placeholder=""견적준비 시 영업대상 금액"">"
"C01232","UNRESOLVED_CONTROL","renderDetailBase: input","페이지 데이터/상태 경로: 정확한 runtime reachability 미확인","직접 literal write 발견 없음; 간접 호출은 미확인","local/crm.html:4648","미확정: 원본 handler/template 추적 필요","TEST_MISSING","중복정의·동적 template·상위함수 호출을 실제 렌더 결과와 연결","해당 원본 컨트롤의 노출 조건·클릭/필터/취소 결과를 Golden fixture로 검증","<input id=""dv-amt"" type=""text"" inputmode=""decimal"" data-money min=""0"" step=""10000"" value=""'+(amt||'')+'"" placeholder=""예: 150,000,000"">"
"C01233","UNRESOLVED_CONTROL","renderDetailBase: input","페이지 데이터/상태 경로: 정확한 runtime reachability 미확인","직접 literal write 발견 없음; 간접 호출은 미확인","local/crm.html:4648","미확정: 원본 handler/template 추적 필요","TEST_MISSING","중복정의·동적 template·상위함수 호출을 실제 렌더 결과와 연결","해당 원본 컨트롤의 노출 조건·클릭/필터/취소 결과를 Golden fixture로 검증","<input id=""dv-wamt"" type=""text"" inputmode=""decimal"" data-money min=""0"" step=""10000"" value=""'+(wonAmt(item)||'')+'"" placeholder=""계약 확정 금액"">"
"C01234","UNRESOLVED_CONTROL","renderDetailBase: 금액 저장","페이지 데이터/상태 경로: 정확한 runtime reachability 미확인","직접 literal write 발견 없음; 간접 호출은 미확인","local/crm.html:4648","미확정: 원본 handler/template 추적 필요","TEST_MISSING","중복정의·동적 template·상위함수 호출을 실제 렌더 결과와 연결","해당 원본 컨트롤의 노출 조건·클릭/필터/취소 결과를 Golden fixture로 검증","<button class=""dact"" style=""width:100%"" onclick=""saveBasics()"">"
"C01235","UNRESOLVED_CONTROL","renderDetailBase: '+ACTIVITY_TYPES.map(function(t){return '","페이지 데이터/상태 경로: 정확한 runtime reachability 미확인","직접 literal write 발견 없음; 간접 호출은 미확인","local/crm.html:4650","미확정: 원본 handler/template 추적 필요","TEST_MISSING","중복정의·동적 template·상위함수 호출을 실제 렌더 결과와 연결","해당 원본 컨트롤의 노출 조건·클릭/필터/취소 결과를 Golden fixture로 검증","<select id=""dv-act-type"">"
"C01236","UNRESOLVED_CONTROL","renderDetailBase: input","페이지 데이터/상태 경로: 정확한 runtime reachability 미확인","직접 literal write 발견 없음; 간접 호출은 미확인","local/crm.html:4650","미확정: 원본 handler/template 추적 필요","TEST_MISSING","중복정의·동적 template·상위함수 호출을 실제 렌더 결과와 연결","해당 원본 컨트롤의 노출 조건·클릭/필터/취소 결과를 Golden fixture로 검증","<input id=""dv-act-at"" type=""datetime-local"" value=""'+localDateTimeValue()+'"">"
"C01237","UNRESOLVED_CONTROL","renderDetailBase: textarea","페이지 데이터/상태 경로: 정확한 runtime reachability 미확인","직접 literal write 발견 없음; 간접 호출은 미확인","local/crm.html:4650","미확정: 원본 handler/template 추적 필요","TEST_MISSING","중복정의·동적 template·상위함수 호출을 실제 렌더 결과와 연결","해당 원본 컨트롤의 노출 조건·클릭/필터/취소 결과를 Golden fixture로 검증","<textarea id=""dv-act-note"" placeholder=""예: 관리소장과 통화해 옥상 방수 범위 확인"">"
"C01238","UNRESOLVED_CONTROL","renderDetailBase: textarea","페이지 데이터/상태 경로: 정확한 runtime reachability 미확인","직접 literal write 발견 없음; 간접 호출은 미확인","local/crm.html:4650","미확정: 원본 handler/template 추적 필요","TEST_MISSING","중복정의·동적 template·상위함수 호출을 실제 렌더 결과와 연결","해당 원본 컨트롤의 노출 조건·클릭/필터/취소 결과를 Golden fixture로 검증","<textarea id=""dv-act-result"" placeholder=""예: 도면 수신 후 견적 요청, 9/2 재통화"">"
"C01239","UNRESOLVED_CONTROL","renderDetailBase: 활동 저장","페이지 데이터/상태 경로: 정확한 runtime reachability 미확인","직접 literal write 발견 없음; 간접 호출은 미확인","local/crm.html:4650","미확정: 원본 handler/template 추적 필요","TEST_MISSING","중복정의·동적 template·상위함수 호출을 실제 렌더 결과와 연결","해당 원본 컨트롤의 노출 조건·클릭/필터/취소 결과를 Golden fixture로 검증","<button class=""dact pri"" onclick=""addDetailActivity()"">"
"C01240","UNRESOLVED_CONTROL","renderDetailBase: input","페이지 데이터/상태 경로: 정확한 runtime reachability 미확인","직접 literal write 발견 없음; 간접 호출은 미확인","local/crm.html:4652","미확정: 원본 handler/template 추적 필요","TEST_MISSING","중복정의·동적 template·상위함수 호출을 실제 렌더 결과와 연결","해당 원본 컨트롤의 노출 조건·클릭/필터/취소 결과를 Golden fixture로 검증","<input id=""dv-na-date"" type=""date"" value=""'+escAttr(na&&na.due||'')+'"">"
"C01241","UNRESOLVED_CONTROL","renderDetailBase: input","페이지 데이터/상태 경로: 정확한 runtime reachability 미확인","직접 literal write 발견 없음; 간접 호출은 미확인","local/crm.html:4652","미확정: 원본 handler/template 추적 필요","TEST_MISSING","중복정의·동적 template·상위함수 호출을 실제 렌더 결과와 연결","해당 원본 컨트롤의 노출 조건·클릭/필터/취소 결과를 Golden fixture로 검증","<input id=""dv-na-text"" value=""'+escAttr(na&&na.text||'')+'"" placeholder=""예: 견적서 검토 여부 확인 전화"">"
"C01242","UNRESOLVED_CONTROL","renderDetailBase: 다음 행동 저장","페이지 데이터/상태 경로: 정확한 runtime reachability 미확인","직접 literal write 발견 없음; 간접 호출은 미확인","local/crm.html:4652","미확정: 원본 handler/template 추적 필요","TEST_MISSING","중복정의·동적 template·상위함수 호출을 실제 렌더 결과와 연결","해당 원본 컨트롤의 노출 조건·클릭/필터/취소 결과를 Golden fixture로 검증","<button class=""dact pri"" onclick=""saveNextAction()"">"
"C01243","UNRESOLVED_CONTROL","renderDetailBase: 7일 재접촉 자동입력","페이지 데이터/상태 경로: 정확한 runtime reachability 미확인","직접 literal write 발견 없음; 간접 호출은 미확인","local/crm.html:4652","미확정: 원본 handler/template 추적 필요","TEST_MISSING","중복정의·동적 template·상위함수 호출을 실제 렌더 결과와 연결","해당 원본 컨트롤의 노출 조건·클릭/필터/취소 결과를 Golden fixture로 검증","<button class=""dact warn"" onclick=""scheduleFocus()"">"
"C01244","UNRESOLVED_CONTROL","renderDetailBase: ＋ 활동 기록","페이지 데이터/상태 경로: 정확한 runtime reachability 미확인","직접 literal write 발견 없음; 간접 호출은 미확인","local/crm.html:4654","미확정: 원본 handler/template 추적 필요","TEST_MISSING","중복정의·동적 template·상위함수 호출을 실제 렌더 결과와 연결","해당 원본 컨트롤의 노출 조건·클릭/필터/취소 결과를 Golden fixture로 검증","<button class=""dact"" onclick=""detailTabFocus(\'영업활동\')"">"
"C01245","UNRESOLVED_CONTROL","renderDetailBase: 🔀 사업유형 전환","페이지 데이터/상태 경로: 정확한 runtime reachability 미확인","직접 literal write 발견 없음; 간접 호출은 미확인","local/crm.html:4654","미확정: 원본 handler/template 추적 필요","TEST_MISSING","중복정의·동적 template·상위함수 호출을 실제 렌더 결과와 연결","해당 원본 컨트롤의 노출 조건·클릭/필터/취소 결과를 Golden fixture로 검증","<button class=""dact warn"" onclick=""openBizChange()"">"
"C01246","UNRESOLVED_CONTROL","renderDetailBase: 단계 전환 →","페이지 데이터/상태 경로: 정확한 runtime reachability 미확인","직접 literal write 발견 없음; 간접 호출은 미확인","local/crm.html:4654","미확정: 원본 handler/template 추적 필요","TEST_MISSING","중복정의·동적 template·상위함수 호출을 실제 렌더 결과와 연결","해당 원본 컨트롤의 노출 조건·클릭/필터/취소 결과를 Golden fixture로 검증","<button class=""dact pri"" onclick=""openTransition()"">"
"C01247","UNRESOLVED_CONTROL","openTransition: '+transitionOptions(idx,CUR_DETAIL.kind)+'","페이지 데이터/상태 경로: 정확한 runtime reachability 미확인","직접 literal write 발견 없음; 간접 호출은 미확인","local/crm.html:4698","미확정: 원본 handler/template 추적 필요","TEST_MISSING","중복정의·동적 template·상위함수 호출을 실제 렌더 결과와 연결","해당 원본 컨트롤의 노출 조건·클릭/필터/취소 결과를 Golden fixture로 검증","<select id=""tr-target"" onchange=""transitionTargetChanged()"">"
"C01248","UNRESOLVED_CONTROL","openTransition: textarea","페이지 데이터/상태 경로: 정확한 runtime reachability 미확인","직접 literal write 발견 없음; 간접 호출은 미확인","local/crm.html:4698","미확정: 원본 handler/template 추적 필요","TEST_MISSING","중복정의·동적 template·상위함수 호출을 실제 렌더 결과와 연결","해당 원본 컨트롤의 노출 조건·클릭/필터/취소 결과를 Golden fixture로 검증","<textarea id=""tr-did"" placeholder=""예: 현장 실측과 관리소장 요구사항 확인 완료"">"
"C01249","UNRESOLVED_CONTROL","openTransition: textarea","페이지 데이터/상태 경로: 정확한 runtime reachability 미확인","직접 literal write 발견 없음; 간접 호출은 미확인","local/crm.html:4698","미확정: 원본 handler/template 추적 필요","TEST_MISSING","중복정의·동적 template·상위함수 호출을 실제 렌더 결과와 연결","해당 원본 컨트롤의 노출 조건·클릭/필터/취소 결과를 Golden fixture로 검증","<textarea id=""tr-result"" placeholder=""예: 견적 산출 가능, 경쟁사 2곳과 비교 예정"">"
"C01250","UNRESOLVED_CONTROL","openTransition: '+reasonOptionsFor($('#tr-target')?$('#tr-target').value:'')+'","페이지 데이터/상태 경로: 정확한 runtime reachability 미확인","직접 literal write 발견 없음; 간접 호출은 미확인","local/crm.html:4698","미확정: 원본 handler/template 추적 필요","TEST_MISSING","중복정의·동적 template·상위함수 호출을 실제 렌더 결과와 연결","해당 원본 컨트롤의 노출 조건·클릭/필터/취소 결과를 Golden fixture로 검증","<select id=""tr-reason"">"
"C01251","UNRESOLVED_CONTROL","openTransition: input","페이지 데이터/상태 경로: 정확한 runtime reachability 미확인","직접 literal write 발견 없음; 간접 호출은 미확인","local/crm.html:4698","미확정: 원본 handler/template 추적 필요","TEST_MISSING","중복정의·동적 template·상위함수 호출을 실제 렌더 결과와 연결","해당 원본 컨트롤의 노출 조건·클릭/필터/취소 결과를 Golden fixture로 검증","<input id=""tr-next"" placeholder=""예: 견적서 발송 후 확인 전화"">"
"C01252","UNRESOLVED_CONTROL","openTransition: input","페이지 데이터/상태 경로: 정확한 runtime reachability 미확인","직접 literal write 발견 없음; 간접 호출은 미확인","local/crm.html:4698","미확정: 원본 handler/template 추적 필요","TEST_MISSING","중복정의·동적 template·상위함수 호출을 실제 렌더 결과와 연결","해당 원본 컨트롤의 노출 조건·클릭/필터/취소 결과를 Golden fixture로 검증","<input id=""tr-due"" type=""date"">"
"C01253","UNRESOLVED_CONTROL","openTransition: 취소","페이지 데이터/상태 경로: 정확한 runtime reachability 미확인","직접 literal write 발견 없음; 간접 호출은 미확인","local/crm.html:4698","미확정: 원본 handler/template 추적 필요","TEST_MISSING","중복정의·동적 template·상위함수 호출을 실제 렌더 결과와 연결","해당 원본 컨트롤의 노출 조건·클릭/필터/취소 결과를 Golden fixture로 검증","<button class=""dact"" onclick=""closeTransition()"">"
"C01254","UNRESOLVED_CONTROL","openTransition: 전환 내용 저장","페이지 데이터/상태 경로: 정확한 runtime reachability 미확인","직접 literal write 발견 없음; 간접 호출은 미확인","local/crm.html:4698","미확정: 원본 handler/template 추적 필요","TEST_MISSING","중복정의·동적 template·상위함수 호출을 실제 렌더 결과와 연결","해당 원본 컨트롤의 노출 조건·클릭/필터/취소 결과를 Golden fixture로 검증","<button class=""dact pri"" onclick=""confirmTransition()"">"
"C01255","UNRESOLVED_CONTROL","trStageQuick: '+esc(stageNoLabel(c))+'","페이지 데이터/상태 경로: 정확한 runtime reachability 미확인","직접 literal write 발견 없음; 간접 호출은 미확인","local/crm.html:4704","미확정: 원본 handler/template 추적 필요","TEST_MISSING","중복정의·동적 template·상위함수 호출을 실제 렌더 결과와 연결","해당 원본 컨트롤의 노출 조건·클릭/필터/취소 결과를 Golden fixture로 검증","<button type=""button"" class=""trq next"" onclick=""trPick(\''+c+'\')"">"
"C01256","UNRESOLVED_CONTROL","trStageQuick: '+esc(x[1])+'","페이지 데이터/상태 경로: 정확한 runtime reachability 미확인","직접 literal write 발견 없음; 간접 호출은 미확인","local/crm.html:4706","미확정: 원본 handler/template 추적 필요","TEST_MISSING","중복정의·동적 template·상위함수 호출을 실제 렌더 결과와 연결","해당 원본 컨트롤의 노출 조건·클릭/필터/취소 결과를 Golden fixture로 검증","<button type=""button"" class=""trq end"" onclick=""trPick(\''+x[0]+'\')"">"
"C01257","UNRESOLVED_CONTROL","sharedFilterBar: '+reps.map(function(r){return '","페이지 데이터/상태 경로: 정확한 runtime reachability 미확인","직접 literal write 발견 없음; 간접 호출은 미확인","local/crm.html:4901","미확정: 원본 handler/template 추적 필요","TEST_MISSING","중복정의·동적 template·상위함수 호출을 실제 렌더 결과와 연결","해당 원본 컨트롤의 노출 조건·클릭/필터/취소 결과를 Golden fixture로 검증","<select onchange=""G.rep=this.value;G.stageCol=null;paint()"">"
"C01258","UNRESOLVED_CONTROL","sharedFilterBar: '+subs.map(function(s){return '","페이지 데이터/상태 경로: 정확한 runtime reachability 미확인","직접 literal write 발견 없음; 간접 호출은 미확인","local/crm.html:4901","미확정: 원본 handler/template 추적 필요","TEST_MISSING","중복정의·동적 template·상위함수 호출을 실제 렌더 결과와 연결","해당 원본 컨트롤의 노출 조건·클릭/필터/취소 결과를 Golden fixture로 검증","<select onchange=""G.pipeSub=this.value;paint()"">"
"C01259","UNRESOLVED_CONTROL","sharedFilterBar: '+['전체','기한초과','미응대','무행동','장기정체','다음행동없음','오늘','정상','미래대기'].map(function(s){ret","페이지 데이터/상태 경로: 정확한 runtime reachability 미확인","직접 literal write 발견 없음; 간접 호출은 미확인","local/crm.html:4901","미확정: 원본 handler/template 추적 필요","TEST_MISSING","중복정의·동적 template·상위함수 호출을 실제 렌더 결과와 연결","해당 원본 컨트롤의 노출 조건·클릭/필터/취소 결과를 Golden fixture로 검증","<select onchange=""G.pipeStatus=this.value;paint()"">"
"C01260","UNRESOLVED_CONTROL","sharedFilterBar: '+[['전체','전체'],['30','30일+'],['90','90일+'],['180','180일+'],['365','365일+']].map(","페이지 데이터/상태 경로: 정확한 runtime reachability 미확인","직접 literal write 발견 없음; 간접 호출은 미확인","local/crm.html:4901","미확정: 원본 handler/template 추적 필요","TEST_MISSING","중복정의·동적 template·상위함수 호출을 실제 렌더 결과와 연결","해당 원본 컨트롤의 노출 조건·클릭/필터/취소 결과를 Golden fixture로 검증","<select onchange=""G.pipeAge=this.value;paint()"">"
"C01261","UNRESOLVED_CONTROL","sharedFilterBar: '+['우선순위','최근 활동','오래된 활동','금액 큰순','담당자'].map(function(s){return '","페이지 데이터/상태 경로: 정확한 runtime reachability 미확인","직접 literal write 발견 없음; 간접 호출은 미확인","local/crm.html:4901","미확정: 원본 handler/template 추적 필요","TEST_MISSING","중복정의·동적 template·상위함수 호출을 실제 렌더 결과와 연결","해당 원본 컨트롤의 노출 조건·클릭/필터/취소 결과를 Golden fixture로 검증","<select onchange=""G.pipeSort=this.value;paint()"">"
"C01262","UNRESOLVED_CONTROL","sharedFilterBar: 필터 초기화","페이지 데이터/상태 경로: 정확한 runtime reachability 미확인","직접 literal write 발견 없음; 간접 호출은 미확인","local/crm.html:4901","미확정: 원본 handler/template 추적 필요","TEST_MISSING","중복정의·동적 template·상위함수 호출을 실제 렌더 결과와 연결","해당 원본 컨트롤의 노출 조건·클릭/필터/취소 결과를 Golden fixture로 검증","<button class=""reset"" onclick=""G.rep=&quot;전체&quot;;G.pipeSub=&quot;전체&quot;;G.pipeStatus=&quot;전체&quot;;G.pipeAge=&quot;전체&quot;;G.pipeSort=&quot;우선순위&quot;;G.stageCol=null;paint()"">"
"C01263","UNRESOLVED_CONTROL","pipelineMatrix: ","페이지 데이터/상태 경로: 정확한 runtime reachability 미확인","직접 literal write 발견 없음; 간접 호출은 미확인","local/crm.html:4902","미확정: 원본 handler/template 추적 필요","TEST_MISSING","중복정의·동적 template·상위함수 호출을 실제 렌더 결과와 연결","해당 원본 컨트롤의 노출 조건·클릭/필터/취소 결과를 Golden fixture로 검증","<=5}).length;h+='<div class=""mc"" data-rep=""'+esc(r)+'"" data-stage=""'+ci+'"" onclick=""matrixFilter(this.dataset.rep,Number(this.dataset.stage))"">"
"C01264","UNRESOLVED_CONTROL","denseCard: div","페이지 데이터/상태 경로: 정확한 runtime reachability 미확인","직접 literal write 발견 없음; 간접 호출은 미확인","local/crm.html:4904","미확정: 원본 handler/template 추적 필요","TEST_MISSING","중복정의·동적 template·상위함수 호출을 실제 렌더 결과와 연결","해당 원본 컨트롤의 노출 조건·클릭/필터/취소 결과를 Golden fixture로 검증","<div class=""dense-card '+p.cls+'"" onclick=\'drwDeal('+escAttr(JSON.stringify(JSON.stringify(d)))+')\'>"
"C01265","UNRESOLVED_CONTROL","paintStageList: ← 칸반","페이지 데이터/상태 경로: 정확한 runtime reachability 미확인","직접 literal write 발견 없음; 간접 호출은 미확인","local/crm.html:4907","미확정: 원본 handler/template 추적 필요","TEST_MISSING","중복정의·동적 template·상위함수 호출을 실제 렌더 결과와 연결","해당 원본 컨트롤의 노출 조건·클릭/필터/취소 결과를 Golden fixture로 검증","<button class=""reset"" onclick=""G.stageCol=null;G.pipeView=\'kb\';paint()"">"
"C01266","UNRESOLVED_CONTROL","paintStageList: select","페이지 데이터/상태 경로: 정확한 runtime reachability 미확인","직접 literal write 발견 없음; 간접 호출은 미확인","local/crm.html:4907","미확정: 원본 handler/template 추적 필요","TEST_MISSING","중복정의·동적 template·상위함수 호출을 실제 렌더 결과와 연결","해당 원본 컨트롤의 노출 조건·클릭/필터/취소 결과를 Golden fixture로 검증","<select id=""bulkAssignee"">"
"C01267","UNRESOLVED_CONTROL","paintStageList: select","페이지 데이터/상태 경로: 정확한 runtime reachability 미확인","직접 literal write 발견 없음; 간접 호출은 미확인","local/crm.html:4907","미확정: 원본 handler/template 추적 필요","TEST_MISSING","중복정의·동적 template·상위함수 호출을 실제 렌더 결과와 연결","해당 원본 컨트롤의 노출 조건·클릭/필터/취소 결과를 Golden fixture로 검증","<select id=""bulkStage"">"
"C01268","UNRESOLVED_CONTROL","paintStageList: input","페이지 데이터/상태 경로: 정확한 runtime reachability 미확인","직접 literal write 발견 없음; 간접 호출은 미확인","local/crm.html:4907","미확정: 원본 handler/template 추적 필요","TEST_MISSING","중복정의·동적 template·상위함수 호출을 실제 렌더 결과와 연결","해당 원본 컨트롤의 노출 조건·클릭/필터/취소 결과를 Golden fixture로 검증","<input id=""bulkNext"" placeholder=""공통 다음 행동"">"
"C01269","UNRESOLVED_CONTROL","paintStageList: input","페이지 데이터/상태 경로: 정확한 runtime reachability 미확인","직접 literal write 발견 없음; 간접 호출은 미확인","local/crm.html:4907","미확정: 원본 handler/template 추적 필요","TEST_MISSING","중복정의·동적 template·상위함수 호출을 실제 렌더 결과와 연결","해당 원본 컨트롤의 노출 조건·클릭/필터/취소 결과를 Golden fixture로 검증","<input id=""bulkReason"" placeholder=""변경 사유(필수)"">"
"C01270","UNRESOLVED_CONTROL","paintStageList: 선택 건 적용","페이지 데이터/상태 경로: 정확한 runtime reachability 미확인","직접 literal write 발견 없음; 간접 호출은 미확인","local/crm.html:4907","미확정: 원본 handler/template 추적 필요","TEST_MISSING","중복정의·동적 template·상위함수 호출을 실제 렌더 결과와 연결","해당 원본 컨트롤의 노출 조건·클릭/필터/취소 결과를 Golden fixture로 검증","<button onclick=""applyBulk()"">"
"C01271","UNRESOLVED_CONTROL","paintStageList: div","페이지 데이터/상태 경로: 정확한 runtime reachability 미확인","직접 literal write 발견 없음; 간접 호출은 미확인","local/crm.html:4907","미확정: 원본 handler/template 추적 필요","TEST_MISSING","중복정의·동적 template·상위함수 호출을 실제 렌더 결과와 연결","해당 원본 컨트롤의 노출 조건·클릭/필터/취소 결과를 Golden fixture로 검증","<div class=""stage-list-row"" onclick=\'drwDeal('+escAttr(JSON.stringify(JSON.stringify(d)))+')\'>"
"C01272","UNRESOLVED_CONTROL","paintStageList: input","페이지 데이터/상태 경로: 정확한 runtime reachability 미확인","직접 literal write 발견 없음; 간접 호출은 미확인","local/crm.html:4907","미확정: 원본 handler/template 추적 필요","TEST_MISSING","중복정의·동적 template·상위함수 호출을 실제 렌더 결과와 연결","해당 원본 컨트롤의 노출 조건·클릭/필터/취소 결과를 Golden fixture로 검증","<input type=""checkbox"" '+(BULK_SEL[k]?'checked':'')+' onclick=""event.stopPropagation();toggleBulk('+JSON.stringify(k)+',this.checked)"">"
"C01273","UNRESOLVED_CONTROL","paintStageList: 다음 50건 더 보기","페이지 데이터/상태 경로: 정확한 runtime reachability 미확인","직접 literal write 발견 없음; 간접 호출은 미확인","local/crm.html:4907","미확정: 원본 handler/template 추적 필요","TEST_MISSING","중복정의·동적 template·상위함수 호출을 실제 렌더 결과와 연결","해당 원본 컨트롤의 노출 조건·클릭/필터/취소 결과를 Golden fixture로 검증","<button class=""dense-more"" onclick=""G.stagePage++;paint()"">"
"C01274","UNRESOLVED_CONTROL","paintPipe: '+b+'","페이지 데이터/상태 경로: 정확한 runtime reachability 미확인","직접 literal write 발견 없음; 간접 호출은 미확인","local/crm.html:4919","미확정: 원본 handler/template 추적 필요","TEST_MISSING","중복정의·동적 template·상위함수 호출을 실제 렌더 결과와 연결","해당 원본 컨트롤의 노출 조건·클릭/필터/취소 결과를 Golden fixture로 검증","<span class=""bt clk '+(G.brand===b?'on':'')+'"" data-brand=""'+escAttr(b)+'"" onclick=""G.brand=this.dataset.brand;G.stageCol=null;paint()"">"
"C01275","UNRESOLVED_CONTROL","paintPipe: ＋ 영업 추가","페이지 데이터/상태 경로: 정확한 runtime reachability 미확인","직접 literal write 발견 없음; 간접 호출은 미확인","local/crm.html:4919","미확정: 원본 handler/template 추적 필요","TEST_MISSING","중복정의·동적 template·상위함수 호출을 실제 렌더 결과와 연결","해당 원본 컨트롤의 노출 조건·클릭/필터/취소 결과를 Golden fixture로 검증","<button class=""addbiz"" onclick=""openNewDeal()"">"
"C01276","UNRESOLVED_CONTROL","paintPipe: 🗂️ 칸반 보드","페이지 데이터/상태 경로: 정확한 runtime reachability 미확인","직접 literal write 발견 없음; 간접 호출은 미확인","local/crm.html:4919","미확정: 원본 handler/template 추적 필요","TEST_MISSING","중복정의·동적 template·상위함수 호출을 실제 렌더 결과와 연결","해당 원본 컨트롤의 노출 조건·클릭/필터/취소 결과를 Golden fixture로 검증","<span class=""clk '+(['fc','closed','console','split'].indexOf(G.pipeView)<0?'on':'')+'"" onclick=""G.pipeView=\'kb\';G.stageCol=null;G.consoleMacro=null;paint()"">"
"C01277","UNRESOLVED_CONTROL","paintPipe: 🪟 스플릿","페이지 데이터/상태 경로: 정확한 runtime reachability 미확인","직접 literal write 발견 없음; 간접 호출은 미확인","local/crm.html:4919","미확정: 원본 handler/template 추적 필요","TEST_MISSING","중복정의·동적 template·상위함수 호출을 실제 렌더 결과와 연결","해당 원본 컨트롤의 노출 조건·클릭/필터/취소 결과를 Golden fixture로 검증","<span class=""clk '+(G.pipeView==='split'?'on':'')+'"" onclick=""G.pipeView=\'split\';paint()"">"
"C01278","UNRESOLVED_CONTROL","paintPipe: 📈 포캐스트","페이지 데이터/상태 경로: 정확한 runtime reachability 미확인","직접 literal write 발견 없음; 간접 호출은 미확인","local/crm.html:4919","미확정: 원본 handler/template 추적 필요","TEST_MISSING","중복정의·동적 template·상위함수 호출을 실제 렌더 결과와 연결","해당 원본 컨트롤의 노출 조건·클릭/필터/취소 결과를 Golden fixture로 검증","<span class=""clk '+(G.pipeView==='fc'?'on':'')+'"" onclick=""setPipeView(\'fc\')"">"
"C01279","UNRESOLVED_CONTROL","ctlMatrix: ","페이지 데이터/상태 경로: 정확한 runtime reachability 미확인","직접 literal write 발견 없음; 간접 호출은 미확인","local/crm.html:4931","미확정: 원본 handler/template 추적 필요","TEST_MISSING","중복정의·동적 template·상위함수 호출을 실제 렌더 결과와 연결","해당 원본 컨트롤의 노출 조건·클릭/필터/취소 결과를 Golden fixture로 검증","<=5}).length;h+='<div class=""mc"" onclick=\'G.rep='+escAttr(JSON.stringify(rep))+';G.ctlStage='+escAttr(JSON.stringify(String(i)))+';G.ctlKpi=""전체"";paint()\'>"
"C01280","UNRESOLVED_CONTROL","flowHTML: active","페이지 데이터/상태 경로: 정확한 runtime reachability 미확인","직접 literal write 발견 없음; 간접 호출은 미확인","local/crm.html:4939","미확정: 원본 handler/template 추적 필요","TEST_MISSING","중복정의·동적 template·상위함수 호출을 실제 렌더 결과와 연결","해당 원본 컨트롤의 노출 조건·클릭/필터/취소 결과를 Golden fixture로 검증","<active,now=active===i,v=counts&&Number.isFinite(Number(counts[i]))?Number(counts[i]):null;return '<div class=""jstep '+(done?'done ':'')+(now?'now':'')+'"" onclick=""journeyStageClick('+i+')"">"
"C01281","UNRESOLVED_CONTROL","unifiedTimelineHTML: div","페이지 데이터/상태 경로: 정확한 runtime reachability 미확인","직접 literal write 발견 없음; 간접 호출은 미확인","local/crm.html:5089","미확정: 원본 handler/template 추적 필요","TEST_MISSING","중복정의·동적 template·상위함수 호출을 실제 렌더 결과와 연결","해당 원본 컨트롤의 노출 조건·클릭/필터/취소 결과를 Golden fixture로 검증","<div class=""utlhead"" onclick=""utlToggle(this)"">"
"C01282","UNRESOLVED_CONTROL","unifiedTimelineHTML: 이전 응대 '+(R.length-lim)+'건 더 보기","페이지 데이터/상태 경로: 정확한 runtime reachability 미확인","직접 literal write 발견 없음; 간접 호출은 미확인","local/crm.html:5100","미확정: 원본 handler/template 추적 필요","TEST_MISSING","중복정의·동적 template·상위함수 호출을 실제 렌더 결과와 연결","해당 원본 컨트롤의 노출 조건·클릭/필터/취소 결과를 Golden fixture로 검증","<button class=""utlmore"" onclick=""utlShowAll()"">"
"C01283","UNRESOLVED_CONTROL","bEmpty: '+esc(btn)+'","페이지 데이터/상태 경로: 정확한 runtime reachability 미확인","직접 literal write 발견 없음; 간접 호출은 미확인","local/crm.html:5154","미확정: 원본 handler/template 추적 필요","TEST_MISSING","중복정의·동적 template·상위함수 호출을 실제 렌더 결과와 연결","해당 원본 컨트롤의 노출 조건·클릭/필터/취소 결과를 Golden fixture로 검증","<button data-a=""'+escAttr(arg||'')+'"" onclick=""'+act+'"">"
"C01284","UNRESOLVED_CONTROL","briefHTML: 📞 전화","페이지 데이터/상태 경로: 정확한 runtime reachability 미확인","직접 literal write 발견 없음; 간접 호출은 미확인","local/crm.html:5160","미확정: 원본 handler/template 추적 필요","TEST_MISSING","중복정의·동적 template·상위함수 호출을 실제 렌더 결과와 연결","해당 원본 컨트롤의 노출 조건·클릭/필터/취소 결과를 Golden fixture로 검증","<button class=""pri"" onclick=""briefCall()"">"
"C01285","UNRESOLVED_CONTROL","briefHTML: ✉ 문자","페이지 데이터/상태 경로: 정확한 runtime reachability 미확인","직접 literal write 발견 없음; 간접 호출은 미확인","local/crm.html:5161","미확정: 원본 handler/template 추적 필요","TEST_MISSING","중복정의·동적 template·상위함수 호출을 실제 렌더 결과와 연결","해당 원본 컨트롤의 노출 조건·클릭/필터/취소 결과를 Golden fixture로 검증","<button onclick=""briefSms()"">"
"C01286","UNRESOLVED_CONTROL","briefHTML: 📋 번호 복사","페이지 데이터/상태 경로: 정확한 runtime reachability 미확인","직접 literal write 발견 없음; 간접 호출은 미확인","local/crm.html:5162","미확정: 원본 handler/template 추적 필요","TEST_MISSING","중복정의·동적 template·상위함수 호출을 실제 렌더 결과와 연결","해당 원본 컨트롤의 노출 조건·클릭/필터/취소 결과를 Golden fixture로 검증","<button onclick=""briefCopy()"">"
"C01287","UNRESOLVED_CONTROL","briefHTML: 📞 전화","페이지 데이터/상태 경로: 정확한 runtime reachability 미확인","직접 literal write 발견 없음; 간접 호출은 미확인","local/crm.html:5163","미확정: 원본 handler/template 추적 필요","TEST_MISSING","중복정의·동적 template·상위함수 호출을 실제 렌더 결과와 연결","해당 원본 컨트롤의 노출 조건·클릭/필터/취소 결과를 Golden fixture로 검증","<button disabled title=""이 현장에 연락처가 없습니다"">"
"C01288","UNRESOLVED_CONTROL","briefHTML: ✉ 문자","페이지 데이터/상태 경로: 정확한 runtime reachability 미확인","직접 literal write 발견 없음; 간접 호출은 미확인","local/crm.html:5164","미확정: 원본 handler/template 추적 필요","TEST_MISSING","중복정의·동적 template·상위함수 호출을 실제 렌더 결과와 연결","해당 원본 컨트롤의 노출 조건·클릭/필터/취소 결과를 Golden fixture로 검증","<button disabled title=""이 현장에 연락처가 없습니다"">"
"C01289","UNRESOLVED_CONTROL","briefHTML: 📅 다음 행동","페이지 데이터/상태 경로: 정확한 runtime reachability 미확인","직접 literal write 발견 없음; 간접 호출은 미확인","local/crm.html:5165","미확정: 원본 handler/template 추적 필요","TEST_MISSING","중복정의·동적 template·상위함수 호출을 실제 렌더 결과와 연결","해당 원본 컨트롤의 노출 조건·클릭/필터/취소 결과를 Golden fixture로 검증","<button data-a=""일정"" onclick=""detailTabFocus(this.dataset.a)"">"
"C01290","UNRESOLVED_CONTROL","briefHTML: ＋ 연락처 없음","페이지 데이터/상태 경로: 정확한 runtime reachability 미확인","직접 literal write 발견 없음; 간접 호출은 미확인","local/crm.html:5167","미확정: 원본 handler/template 추적 필요","TEST_MISSING","중복정의·동적 template·상위함수 호출을 실제 렌더 결과와 연결","해당 원본 컨트롤의 노출 조건·클릭/필터/취소 결과를 Golden fixture로 검증","<button class=""bph no"" onclick=""openQuickContact()"">"
"C01291","UNRESOLVED_CONTROL","briefHTML: 통화 완료 · 내용 남기기","페이지 데이터/상태 경로: 정확한 runtime reachability 미확인","직접 literal write 발견 없음; 간접 호출은 미확인","local/crm.html:5172","미확정: 원본 handler/template 추적 필요","TEST_MISSING","중복정의·동적 template·상위함수 호출을 실제 렌더 결과와 연결","해당 원본 컨트롤의 노출 조건·클릭/필터/취소 결과를 Golden fixture로 검증","<button onclick=""briefCallDone()"">"
"C01292","UNRESOLVED_CONTROL","briefHTML: 취소","페이지 데이터/상태 경로: 정확한 runtime reachability 미확인","직접 literal write 발견 없음; 간접 호출은 미확인","local/crm.html:5173","미확정: 원본 handler/template 추적 필요","TEST_MISSING","중복정의·동적 template·상위함수 호출을 실제 렌더 결과와 연결","해당 원본 컨트롤의 노출 조건·클릭/필터/취소 결과를 Golden fixture로 검증","<button class=""gh"" onclick=""briefCallCancel()"">"
"C01293","UNRESOLVED_CONTROL","renderDetail: '+t+'","페이지 데이터/상태 경로: 정확한 runtime reachability 미확인","직접 literal write 발견 없음; 간접 호출은 미확인","local/crm.html:5252","미확정: 원본 handler/template 추적 필요","TEST_MISSING","중복정의·동적 template·상위함수 호출을 실제 렌더 결과와 연결","해당 원본 컨트롤의 노출 조건·클릭/필터/취소 결과를 Golden fixture로 검증","<button class=""'+(G.detailTab===t?'on':'')+'"" data-tab=""'+esc(t)+'"" onclick=""detailTabFocus(this.dataset.tab,true)"">"
"C01294","UNRESOLVED_CONTROL","renderDetail: '+t+'","페이지 데이터/상태 경로: 정확한 runtime reachability 미확인","직접 literal write 발견 없음; 간접 호출은 미확인","local/crm.html:5252","미확정: 원본 handler/template 추적 필요","TEST_MISSING","중복정의·동적 template·상위함수 호출을 실제 렌더 결과와 연결","해당 원본 컨트롤의 노출 조건·클릭/필터/취소 결과를 Golden fixture로 검증","<button class=""'+(G.actFilter===t?'on':'')+'"" data-type=""'+esc(t)+'"" onclick=""setActivityFilter(this.dataset.type)"">"
"C01295","UNRESOLVED_CONTROL","numLink: '+n+'","페이지 데이터/상태 경로: 정확한 runtime reachability 미확인","직접 literal write 발견 없음; 간접 호출은 미확인","local/crm.html:5378","미확정: 원본 handler/template 추적 필요","TEST_MISSING","중복정의·동적 template·상위함수 호출을 실제 렌더 결과와 연결","해당 원본 컨트롤의 노출 조건·클릭/필터/취소 결과를 Golden fixture로 검증","<button class=""linknum"" onclick=""goOpsIssue(\''+kind+'\',\''+(rep||'전체')+'\','+(stage===undefined?'null':stage)+')"">"
"C01296","UNRESOLVED_CONTROL","metricCard: button","페이지 데이터/상태 경로: 정확한 runtime reachability 미확인","직접 literal write 발견 없음; 간접 호출은 미확인","local/crm.html:5380","미확정: 원본 handler/template 추적 필요","TEST_MISSING","중복정의·동적 template·상위함수 호출을 실제 렌더 결과와 연결","해당 원본 컨트롤의 노출 조건·클릭/필터/취소 결과를 Golden fixture로 검증","<button class=""ops-kpi '+(pend?'pend':(tone||''))+'"" title=""'+esc(pend?'모바일 운영 후 자동 집계됩니다':(help||'문제 현장 바로보기'))+'"" onclick=""goOpsIssue(\''+kind+'\',\''+(targetNameFilter()||'전체')+'\',null)"">"
"C01297","UNRESOLVED_CONTROL","paintMgmt: 95","페이지 데이터/상태 경로: 정확한 runtime reachability 미확인","직접 literal write 발견 없음; 간접 호출은 미확인","local/crm.html:5388","미확정: 원본 handler/template 추적 필요","TEST_MISSING","중복정의·동적 template·상위함수 호출을 실제 렌더 결과와 연결","해당 원본 컨트롤의 노출 조건·클릭/필터/취소 결과를 Golden fixture로 검증","<95?'warn':'good','현장·공사·사업·공종·담당·연락처·단계·다음 행동'),
qItems=[['미배정',S.unassigned.length,'unassigned'],['미응대',S.noResponse.length,'noResponse'],['Next Action 없음',S.nextMissing.length,'nextMissing'],['장기정체',S.stale.length,'stale']],
qHtml=qItems.map(function(x){return '<button onclick=""goOpsIssue(\''+x[2]+'\',\''+(targetNameFilter()||'전체')+'\',null)"">"
"C01298","UNRESOLVED_CONTROL","paintMgmt: '+n+'","페이지 데이터/상태 경로: 정확한 runtime reachability 미확인","직접 literal write 발견 없음; 간접 호출은 미확인","local/crm.html:5391","미확정: 원본 handler/template 추적 필요","TEST_MISSING","중복정의·동적 template·상위함수 호출을 실제 렌더 결과와 연결","해당 원본 컨트롤의 노출 조건·클릭/필터/취소 결과를 Golden fixture로 검증","<button onclick=""goPerfRep(\''+n+'\')"">"
"C01299","UNRESOLVED_CONTROL","paintMgmt: '+n+'","페이지 데이터/상태 경로: 정확한 runtime reachability 미확인","직접 literal write 발견 없음; 간접 호출은 미확인","local/crm.html:5391","미확정: 원본 handler/template 추적 필요","TEST_MISSING","중복정의·동적 template·상위함수 호출을 실제 렌더 결과와 연결","해당 원본 컨트롤의 노출 조건·클릭/필터/취소 결과를 Golden fixture로 검증","<button onclick=""goPerfRep(\''+n+'\')"">"
"C01300","UNRESOLVED_CONTROL","paintMgmt: button","페이지 데이터/상태 경로: 정확한 runtime reachability 미확인","직접 literal write 발견 없음; 간접 호출은 미확인","local/crm.html:5391","미확정: 원본 handler/template 추적 필요","TEST_MISSING","중복정의·동적 template·상위함수 호출을 실제 렌더 결과와 연결","해당 원본 컨트롤의 노출 조건·클릭/필터/취소 결과를 Golden fixture로 검증","<button class=""matrixcell"" onclick=""goOpsIssue(\'all\',\''+n+'\','+i+')"">"
"C01301","UNRESOLVED_CONTROL","perfScoreSub: 100","페이지 데이터/상태 경로: 정확한 runtime reachability 미확인","직접 literal write 발견 없음; 간접 호출은 미확인","local/crm.html:5422","미확정: 원본 handler/template 추적 필요","TEST_MISSING","중복정의·동적 template·상위함수 호출을 실제 렌더 결과와 연결","해당 원본 컨트롤의 노출 조건·클릭/필터/취소 결과를 Golden fixture로 검증","<100?' · 미수집 '+(100-P.available)+'점':'')}
function perfKpiButton(m,group){var pend=m.rate===null||m.rate===undefined,fill=pend?0:Math.max(0,Math.min(100,m.inverse?(m.rate<=m.targetRate?100:m.targetRate/m.rate*100):(m.targetRate?m.rate/m.targetRate*100:m.rate))),score=m.score===null?'미산정':m.score+' / '+m.weight;return '<button class=""perf-kpi"" onclick=""showPerfEvidence(\''+m.kind+'\',\''+m.name+'\')"" title=""'+escAttr(m.help||'근거 목록 보기')+'"">"
"C01302","UNRESOLVED_CONTROL","idx: button","페이지 데이터/상태 경로: 정확한 runtime reachability 미확인","직접 literal write 발견 없음; 간접 호출은 미확인","local/crm.html:5445","미확정: 원본 handler/template 추적 필요","TEST_MISSING","중복정의·동적 template·상위함수 호출을 실제 렌더 결과와 연결","해당 원본 컨트롤의 노출 조건·클릭/필터/취소 결과를 Golden fixture로 검증","<button class=""perf-focus-row"" onclick=""openPerfDrawerDeal('+idx(d)+')"">"
"C01303","UNRESOLVED_CONTROL","idx: button","페이지 데이터/상태 경로: 정확한 runtime reachability 미확인","직접 literal write 발견 없음; 간접 호출은 미확인","local/crm.html:5445","미확정: 원본 handler/template 추적 필요","TEST_MISSING","중복정의·동적 template·상위함수 호출을 실제 렌더 결과와 연결","해당 원본 컨트롤의 노출 조건·클릭/필터/취소 결과를 Golden fixture로 검증","<button class=""perf-focus-row perf-risk-row"" onclick=""openPerfDrawerDeal('+idx(d)+')"">"
"C01304","UNRESOLVED_CONTROL","perfEvidence: div","페이지 데이터/상태 경로: 정확한 runtime reachability 미확인","직접 literal write 발견 없음; 간접 호출은 미확인","local/crm.html:5452","미확정: 원본 handler/template 추적 필요","TEST_MISSING","중복정의·동적 template·상위함수 호출을 실제 렌더 결과와 연결","해당 원본 컨트롤의 노출 조건·클릭/필터/취소 결과를 Golden fixture로 검증","<div class=""stage-list-row v3"" style=""grid-template-columns:minmax(260px,1.8fr) 120px 130px 130px"" onclick=""openPerfInq('+i+')"">"
"C01305","UNRESOLVED_CONTROL","perfEvidence: 0","페이지 데이터/상태 경로: 정확한 runtime reachability 미확인","직접 literal write 발견 없음; 간접 호출은 미확인","local/crm.html:5453","미확정: 원본 handler/template 추적 필요","TEST_MISSING","중복정의·동적 template·상위함수 호출을 실제 렌더 결과와 연결","해당 원본 컨트롤의 노출 조건·클릭/필터/취소 결과를 Golden fixture로 검증","<0}),why=kind==='advanced'?'단계 전진 이력':kind==='perfIncomplete'?'필수 '+perfCrmMissing(d)+'개 누락':labs[0]||'정상';return '<div class=""stage-list-row v3"" style=""grid-template-columns:minmax(240px,1.6fr) 110px 150px 120px 120px"" onclick=""openPerfDeal('+i+')"">"
"C01306","UNRESOLVED_CONTROL","paintPerf: tr","페이지 데이터/상태 경로: 정확한 runtime reachability 미확인","직접 literal write 발견 없음; 간접 호출은 미확인","local/crm.html:5456","미확정: 원본 handler/template 추적 필요","TEST_MISSING","중복정의·동적 template·상위함수 호출을 실제 렌더 결과와 연결","해당 원본 컨트롤의 노출 조건·클릭/필터/취소 결과를 Golden fixture로 검증","<tr onclick=""openPerfDrawer(\''+P.name+'\')"">"
"C01307","UNRESOLVED_CONTROL","paintBrief: '+n+'","페이지 데이터/상태 경로: 정확한 runtime reachability 미확인","직접 literal write 발견 없음; 간접 호출은 미확인","local/crm.html:5459","미확정: 원본 handler/template 추적 필요","TEST_MISSING","중복정의·동적 template·상위함수 호출을 실제 렌더 결과와 연결","해당 원본 컨트롤의 노출 조건·클릭/필터/취소 결과를 Golden fixture로 검증","<button onclick=""goPerfRep(\''+n+'\')"">"
"C01308","UNRESOLVED_CONTROL","briefRows: 0","페이지 데이터/상태 경로: 정확한 runtime reachability 미확인","직접 literal write 발견 없음; 간접 호출은 미확인","local/crm.html:5460","미확정: 원본 handler/template 추적 필요","TEST_MISSING","중복정의·동적 template·상위함수 호출을 실제 렌더 결과와 연결","해당 원본 컨트롤의 노출 조건·클릭/필터/취소 결과를 Golden fixture로 검증","<0});return '<button class=""brief-row"" onclick=""openBriefDeal('+(off+i)+')"">"
"C01309","UNRESOLVED_CONTROL","briefRows: button","페이지 데이터/상태 경로: 정확한 runtime reachability 미확인","직접 literal write 발견 없음; 간접 호출은 미확인","local/crm.html:5461","미확정: 원본 handler/template 추적 필요","TEST_MISSING","중복정의·동적 template·상위함수 호출을 실제 렌더 결과와 연결","해당 원본 컨트롤의 노출 조건·클릭/필터/취소 결과를 Golden fixture로 검증","<button onclick=""goPage(\'perf\')"">"
"C01310","UNRESOLVED_CONTROL","briefRows: button","페이지 데이터/상태 경로: 정확한 runtime reachability 미확인","직접 literal write 발견 없음; 간접 호출은 미확인","local/crm.html:5461","미확정: 원본 handler/template 추적 필요","TEST_MISSING","중복정의·동적 template·상위함수 호출을 실제 렌더 결과와 연결","해당 원본 컨트롤의 노출 조건·클릭/필터/취소 결과를 Golden fixture로 검증","<button onclick=""goOpsIssue(\'all\',\''+(target||'전체')+'\',-1)"">"
"C01311","UNRESOLVED_CONTROL","briefRows: button","페이지 데이터/상태 경로: 정확한 runtime reachability 미확인","직접 literal write 발견 없음; 간접 호출은 미확인","local/crm.html:5461","미확정: 원본 handler/template 추적 필요","TEST_MISSING","중복정의·동적 template·상위함수 호출을 실제 렌더 결과와 연결","해당 원본 컨트롤의 노출 조건·클릭/필터/취소 결과를 Golden fixture로 검증","<button onclick=""G.ctlFilter=\'신규\';goPage(\'inq\')"">"
"C01312","UNRESOLVED_CONTROL","briefRows: button","페이지 데이터/상태 경로: 정확한 runtime reachability 미확인","직접 literal write 발견 없음; 간접 호출은 미확인","local/crm.html:5461","미확정: 원본 handler/template 추적 필요","TEST_MISSING","중복정의·동적 template·상위함수 호출을 실제 렌더 결과와 연결","해당 원본 컨트롤의 노출 조건·클릭/필터/취소 결과를 Golden fixture로 검증","<button onclick=""goOpsIssue(\'all\',\''+(target||'전체')+'\',-1)"">"
"C01313","UNRESOLVED_CONTROL","briefActionRows: button","페이지 데이터/상태 경로: 정확한 runtime reachability 미확인","직접 literal write 발견 없음; 간접 호출은 미확인","local/crm.html:5505","미확정: 원본 handler/template 추적 필요","TEST_MISSING","중복정의·동적 template·상위함수 호출을 실제 렌더 결과와 연결","해당 원본 컨트롤의 노출 조건·클릭/필터/취소 결과를 Golden fixture로 검증","<button class=""brief-action-row hot"" onclick=""openBriefDeal('+idx+')"">"
"C01314","UNRESOLVED_CONTROL","briefActionRows: button","페이지 데이터/상태 경로: 정확한 runtime reachability 미확인","직접 literal write 발견 없음; 간접 호출은 미확인","local/crm.html:5505","미확정: 원본 handler/template 추적 필요","TEST_MISSING","중복정의·동적 template·상위함수 호출을 실제 렌더 결과와 연결","해당 원본 컨트롤의 노출 조건·클릭/필터/취소 결과를 Golden fixture로 검증","<button class=""brief-action-row '+(briefIsRevenueAction(x)?'hot':'')+'"" onclick=""openBriefDeal('+idx+')"">"
"C01315","UNRESOLVED_CONTROL","briefDecisionRows: button","페이지 데이터/상태 경로: 정확한 runtime reachability 미확인","직접 literal write 발견 없음; 간접 호출은 미확인","local/crm.html:5506","미확정: 원본 handler/template 추적 필요","TEST_MISSING","중복정의·동적 template·상위함수 호출을 실제 렌더 결과와 연결","해당 원본 컨트롤의 노출 조건·클릭/필터/취소 결과를 Golden fixture로 검증","<button class=""brief-decision-row"" onclick=""openBriefDeal('+idx+')"">"
"C01316","UNRESOLVED_CONTROL","briefViewButtons: 주간 의사결정판","페이지 데이터/상태 경로: 정확한 runtime reachability 미확인","직접 literal write 발견 없음; 간접 호출은 미확인","local/crm.html:5515","미확정: 원본 handler/template 추적 필요","TEST_MISSING","중복정의·동적 template·상위함수 호출을 실제 렌더 결과와 연결","해당 원본 컨트롤의 노출 조건·클릭/필터/취소 결과를 Golden fixture로 검증","<button class=""'+(G.briefView==='week'?'on':'')+'"" onclick=""setBriefView(\'week\')"">"
"C01317","UNRESOLVED_CONTROL","briefViewButtons: 월간 일정","페이지 데이터/상태 경로: 정확한 runtime reachability 미확인","직접 literal write 발견 없음; 간접 호출은 미확인","local/crm.html:5515","미확정: 원본 handler/template 추적 필요","TEST_MISSING","중복정의·동적 template·상위함수 호출을 실제 렌더 결과와 연결","해당 원본 컨트롤의 노출 조건·클릭/필터/취소 결과를 Golden fixture로 검증","<button class=""'+(G.briefView==='month'?'on':'')+'"" onclick=""setBriefView(\'month\')"">"
"C01318","UNRESOLVED_CONTROL","briefFilterOptions: select","페이지 데이터/상태 경로: 정확한 runtime reachability 미확인","직접 literal write 발견 없음; 간접 호출은 미확인","local/crm.html:5516","미확정: 원본 handler/template 추적 필요","TEST_MISSING","중복정의·동적 template·상위함수 호출을 실제 렌더 결과와 연결","해당 원본 컨트롤의 노출 조건·클릭/필터/취소 결과를 Golden fixture로 검증","<select onchange=""briefSetRep(this.value)"">"
"C01319","UNRESOLVED_CONTROL","briefFilterOptions: select","페이지 데이터/상태 경로: 정확한 runtime reachability 미확인","직접 literal write 발견 없음; 간접 호출은 미확인","local/crm.html:5516","미확정: 원본 handler/template 추적 필요","TEST_MISSING","중복정의·동적 template·상위함수 호출을 실제 렌더 결과와 연결","해당 원본 컨트롤의 노출 조건·클릭/필터/취소 결과를 Golden fixture로 검증","<select onchange=""briefSetBrand(this.value)"">"
"C01320","UNRESOLVED_CONTROL","briefSignal: 3?'bad':n>1?'mid':'')+'"">'+(n>3?'🔴':n>1?'🟡':'🟢')+' '+n+'","페이지 데이터/상태 경로: 정확한 runtime reachability 미확인","직접 literal write 발견 없음; 간접 호출은 미확인","local/crm.html:5518","미확정: 원본 handler/template 추적 필요","TEST_MISSING","중복정의·동적 template·상위함수 호출을 실제 렌더 결과와 연결","해당 원본 컨트롤의 노출 조건·클릭/필터/취소 결과를 Golden fixture로 검증","<button class=""brief-week-signal '+(n>"
"C01321","UNRESOLVED_CONTROL","paintBriefV2: button","페이지 데이터/상태 경로: 정확한 runtime reachability 미확인","직접 literal write 발견 없음; 간접 호출은 미확인","local/crm.html:5521","미확정: 원본 handler/template 추적 필요","TEST_MISSING","중복정의·동적 template·상위함수 호출을 실제 렌더 결과와 연결","해당 원본 컨트롤의 노출 조건·클릭/필터/취소 결과를 Golden fixture로 검증","<button onclick=""briefFocusRep(\''+n+'\',\'brief-reps\')"">"
"C01322","UNRESOLVED_CONTROL","paintBriefV2: '+rs.length+'건","페이지 데이터/상태 경로: 정확한 runtime reachability 미확인","직접 literal write 발견 없음; 간접 호출은 미확인","local/crm.html:5521","미확정: 원본 handler/template 추적 필요","TEST_MISSING","중복정의·동적 template·상위함수 호출을 실제 렌더 결과와 연결","해당 원본 컨트롤의 노출 조건·클릭/필터/취소 결과를 Golden fixture로 검증","<button onclick=""briefFocusRep(\''+n+'\',\'brief-actions\')"">"
"C01323","UNRESOLVED_CONTROL","paintBriefV2: '+briefSignal(rr.length)+'","페이지 데이터/상태 경로: 정확한 runtime reachability 미확인","직접 literal write 발견 없음; 간접 호출은 미확인","local/crm.html:5521","미확정: 원본 handler/template 추적 필요","TEST_MISSING","중복정의·동적 template·상위함수 호출을 실제 렌더 결과와 연결","해당 원본 컨트롤의 노출 조건·클릭/필터/취소 결과를 Golden fixture로 검증","<td onclick=""briefFocusRep(\''+n+'\',\'brief-decisions\')"">"
"C01324","UNRESOLVED_CONTROL","paintBriefV2: button","페이지 데이터/상태 경로: 정확한 runtime reachability 미확인","직접 literal write 발견 없음; 간접 호출은 미확인","local/crm.html:5523","미확정: 원본 handler/template 추적 필요","TEST_MISSING","중복정의·동적 template·상위함수 호출을 실제 렌더 결과와 연결","해당 원본 컨트롤의 노출 조건·클릭/필터/취소 결과를 Golden fixture로 검증","<button class=""brief-stat"" onclick=""briefJump(\'brief-movement\')"">"
"C01325","UNRESOLVED_CONTROL","paintBriefV2: button","페이지 데이터/상태 경로: 정확한 runtime reachability 미확인","직접 literal write 발견 없음; 간접 호출은 미확인","local/crm.html:5523","미확정: 원본 handler/template 추적 필요","TEST_MISSING","중복정의·동적 template·상위함수 호출을 실제 렌더 결과와 연결","해당 원본 컨트롤의 노출 조건·클릭/필터/취소 결과를 Golden fixture로 검증","<button class=""brief-stat"" onclick=""briefJump(\'brief-actions\')"">"
"C01326","UNRESOLVED_CONTROL","paintBriefV2: button","페이지 데이터/상태 경로: 정확한 runtime reachability 미확인","직접 literal write 발견 없음; 간접 호출은 미확인","local/crm.html:5523","미확정: 원본 handler/template 추적 필요","TEST_MISSING","중복정의·동적 template·상위함수 호출을 실제 렌더 결과와 연결","해당 원본 컨트롤의 노출 조건·클릭/필터/취소 결과를 Golden fixture로 검증","<button class=""brief-stat"" onclick=""goPage(\'pipe\')"">"
"C01327","UNRESOLVED_CONTROL","paintBriefV2: button","페이지 데이터/상태 경로: 정확한 runtime reachability 미확인","직접 literal write 발견 없음; 간접 호출은 미확인","local/crm.html:5523","미확정: 원본 handler/template 추적 필요","TEST_MISSING","중복정의·동적 template·상위함수 호출을 실제 렌더 결과와 연결","해당 원본 컨트롤의 노출 조건·클릭/필터/취소 결과를 Golden fixture로 검증","<button class=""brief-stat"" onclick=""goPage(\'pipe\')"">"
"C01328","UNRESOLVED_CONTROL","paintBriefV2: button","페이지 데이터/상태 경로: 정확한 runtime reachability 미확인","직접 literal write 발견 없음; 간접 호출은 미확인","local/crm.html:5523","미확정: 원본 handler/template 추적 필요","TEST_MISSING","중복정의·동적 template·상위함수 호출을 실제 렌더 결과와 연결","해당 원본 컨트롤의 노출 조건·클릭/필터/취소 결과를 Golden fixture로 검증","<button class=""brief-stat"" onclick=""briefJump(\'brief-actions\')"">"
"C01329","UNRESOLVED_CONTROL","paintBriefV2: button","페이지 데이터/상태 경로: 정확한 runtime reachability 미확인","직접 literal write 발견 없음; 간접 호출은 미확인","local/crm.html:5523","미확정: 원본 handler/template 추적 필요","TEST_MISSING","중복정의·동적 template·상위함수 호출을 실제 렌더 결과와 연결","해당 원본 컨트롤의 노출 조건·클릭/필터/취소 결과를 Golden fixture로 검증","<button class=""brief-stat danger"" onclick=""briefJump(\'brief-decisions\')"">"
"C01330","UNRESOLVED_CONTROL","paintBriefV2: summary","페이지 데이터/상태 경로: 정확한 runtime reachability 미확인","직접 literal write 발견 없음; 간접 호출은 미확인","local/crm.html:5525","미확정: 원본 handler/template 추적 필요","TEST_MISSING","중복정의·동적 template·상위함수 호출을 실제 렌더 결과와 연결","해당 원본 컨트롤의 노출 조건·클릭/필터/취소 결과를 Golden fixture로 검증","<summary>"
"C01331","UNRESOLVED_CONTROL","paintBriefV2: summary","페이지 데이터/상태 경로: 정확한 runtime reachability 미확인","직접 literal write 발견 없음; 간접 호출은 미확인","local/crm.html:5525","미확정: 원본 handler/template 추적 필요","TEST_MISSING","중복정의·동적 template·상위함수 호출을 실제 렌더 결과와 연결","해당 원본 컨트롤의 노출 조건·클릭/필터/취소 결과를 Golden fixture로 검증","<summary>"
"C01332","UNRESOLVED_CONTROL","paintBriefV2: summary","페이지 데이터/상태 경로: 정확한 runtime reachability 미확인","직접 literal write 발견 없음; 간접 호출은 미확인","local/crm.html:5525","미확정: 원본 handler/template 추적 필요","TEST_MISSING","중복정의·동적 template·상위함수 호출을 실제 렌더 결과와 연결","해당 원본 컨트롤의 노출 조건·클릭/필터/취소 결과를 Golden fixture로 검증","<summary>"
"C01333","UNRESOLVED_CONTROL","paintBriefV2: button","페이지 데이터/상태 경로: 정확한 runtime reachability 미확인","직접 literal write 발견 없음; 간접 호출은 미확인","local/crm.html:5527","미확정: 원본 handler/template 추적 필요","TEST_MISSING","중복정의·동적 template·상위함수 호출을 실제 렌더 결과와 연결","해당 원본 컨트롤의 노출 조건·클릭/필터/취소 결과를 Golden fixture로 검증","<button class=""brief-exception"" onclick=""briefGoIssue(\'unassigned\')"">"
"C01334","UNRESOLVED_CONTROL","paintBriefV2: button","페이지 데이터/상태 경로: 정확한 runtime reachability 미확인","직접 literal write 발견 없음; 간접 호출은 미확인","local/crm.html:5527","미확정: 원본 handler/template 추적 필요","TEST_MISSING","중복정의·동적 template·상위함수 호출을 실제 렌더 결과와 연결","해당 원본 컨트롤의 노출 조건·클릭/필터/취소 결과를 Golden fixture로 검증","<button class=""brief-exception"" onclick=""briefGoIssue(\'noResponse\')"">"
"C01335","UNRESOLVED_CONTROL","paintBriefV2: button","페이지 데이터/상태 경로: 정확한 runtime reachability 미확인","직접 literal write 발견 없음; 간접 호출은 미확인","local/crm.html:5527","미확정: 원본 handler/template 추적 필요","TEST_MISSING","중복정의·동적 template·상위함수 호출을 실제 렌더 결과와 연결","해당 원본 컨트롤의 노출 조건·클릭/필터/취소 결과를 Golden fixture로 검증","<button class=""brief-exception"" onclick=""briefGoIssue(\'nextMissing\')"">"
"C01336","UNRESOLVED_CONTROL","paintBriefV2: button","페이지 데이터/상태 경로: 정확한 runtime reachability 미확인","직접 literal write 발견 없음; 간접 호출은 미확인","local/crm.html:5527","미확정: 원본 handler/template 추적 필요","TEST_MISSING","중복정의·동적 template·상위함수 호출을 실제 렌더 결과와 연결","해당 원본 컨트롤의 노출 조건·클릭/필터/취소 결과를 Golden fixture로 검증","<button class=""brief-exception"" onclick=""briefGoIssue(\'overdue\')"">"
"C01337","UNRESOLVED_CONTROL","paintBriefV2: button","페이지 데이터/상태 경로: 정확한 runtime reachability 미확인","직접 literal write 발견 없음; 간접 호출은 미확인","local/crm.html:5527","미확정: 원본 handler/template 추적 필요","TEST_MISSING","중복정의·동적 template·상위함수 호출을 실제 렌더 결과와 연결","해당 원본 컨트롤의 노출 조건·클릭/필터/취소 결과를 Golden fixture로 검증","<button class=""brief-exception"" onclick=""briefGoIssue(\'stale\')"">"
"C01338","UNRESOLVED_CONTROL","paintBriefV2: button","페이지 데이터/상태 경로: 정확한 runtime reachability 미확인","직접 literal write 발견 없음; 간접 호출은 미확인","local/crm.html:5527","미확정: 원본 handler/template 추적 필요","TEST_MISSING","중복정의·동적 template·상위함수 호출을 실제 렌더 결과와 연결","해당 원본 컨트롤의 노출 조건·클릭/필터/취소 결과를 Golden fixture로 검증","<button class=""brief-exception"" onclick=""briefGoIssue(\'briefNoAmount\')"">"
"C01339","UNRESOLVED_CONTROL","paintBriefV2: button","페이지 데이터/상태 경로: 정확한 runtime reachability 미확인","직접 literal write 발견 없음; 간접 호출은 미확인","local/crm.html:5527","미확정: 원본 handler/template 추적 필요","TEST_MISSING","중복정의·동적 template·상위함수 호출을 실제 렌더 결과와 연결","해당 원본 컨트롤의 노출 조건·클릭/필터/취소 결과를 Golden fixture로 검증","<button class=""brief-exception"" onclick=""briefGoIssue(\'briefSilentHot\')"">"
"C01340","UNRESOLVED_CONTROL","gnKpi: button","페이지 데이터/상태 경로: 정확한 runtime reachability 미확인","직접 literal write 발견 없음; 간접 호출은 미확인","local/crm.html:5545","미확정: 원본 handler/template 추적 필요","TEST_MISSING","중복정의·동적 template·상위함수 호출을 실제 렌더 결과와 연결","해당 원본 컨트롤의 노출 조건·클릭/필터/취소 결과를 Golden fixture로 검증","<button class=""gn-kpi '+(danger?'danger':'')+'"" data-kind=""'+kind+'"" onclick=""gnShow(this.dataset.kind)"">"
"C01341","UNRESOLVED_CONTROL","gnRepRows: tr","페이지 데이터/상태 경로: 정확한 runtime reachability 미확인","직접 literal write 발견 없음; 간접 호출은 미확인","local/crm.html:5548","미확정: 원본 handler/template 추적 필요","TEST_MISSING","중복정의·동적 template·상위함수 호출을 실제 렌더 결과와 연결","해당 원본 컨트롤의 노출 조건·클릭/필터/취소 결과를 Golden fixture로 검증","<tr onclick=""gnShow(\'rep\',\''+jsAttr(r.name)+'\')"">"
"C01342","UNRESOLVED_CONTROL","gnHandoffRows: tr","페이지 데이터/상태 경로: 정확한 runtime reachability 미확인","직접 literal write 발견 없음; 간접 호출은 미확인","local/crm.html:5549","미확정: 원본 handler/template 추적 필요","TEST_MISSING","중복정의·동적 template·상위함수 호출을 실제 렌더 결과와 연결","해당 원본 컨트롤의 노출 조건·클릭/필터/취소 결과를 Golden fixture로 검증","<tr onclick=""gnOpenInquiry('+i+')"">"
"C01343","UNRESOLVED_CONTROL","gnHandoffRows: td","페이지 데이터/상태 경로: 정확한 runtime reachability 미확인","직접 literal write 발견 없음; 간접 호출은 미확인","local/crm.html:5549","미확정: 원본 handler/template 추적 필요","TEST_MISSING","중복정의·동적 template·상위함수 호출을 실제 렌더 결과와 연결","해당 원본 컨트롤의 노출 조건·클릭/필터/취소 결과를 Golden fixture로 검증","<td onclick=""event.stopPropagation()"">"
"C01344","UNRESOLVED_CONTROL","gnHandoffRows: '+(rep?'담당 변경':'실담당 지정')+'","페이지 데이터/상태 경로: 정확한 runtime reachability 미확인","직접 literal write 발견 없음; 간접 호출은 미확인","local/crm.html:5549","미확정: 원본 handler/template 추적 필요","TEST_MISSING","중복정의·동적 template·상위함수 호출을 실제 렌더 결과와 연결","해당 원본 컨트롤의 노출 조건·클릭/필터/취소 결과를 Golden fixture로 검증","<button class=""gn-owner-btn"" onclick=""gnOpenOwner('+i+')"">"
"C01345","UNRESOLVED_CONTROL","paintGyeongnam: 지사 고객 문자발송 →","페이지 데이터/상태 경로: 정확한 runtime reachability 미확인","직접 literal write 발견 없음; 간접 호출은 미확인","local/crm.html:5552","미확정: 원본 handler/template 추적 필요","TEST_MISSING","중복정의·동적 template·상위함수 호출을 실제 렌더 결과와 연결","해당 원본 컨트롤의 노출 조건·클릭/필터/취소 결과를 Golden fixture로 검증","<button class=""gn-campaign-btn"" onclick=""campaignOpenGyeongnam()"">"
"C01346","UNRESOLVED_CONTROL","paintGyeongnam: button","페이지 데이터/상태 경로: 정확한 runtime reachability 미확인","직접 literal write 발견 없음; 간접 호출은 미확인","local/crm.html:5556","미확정: 원본 handler/template 추적 필요","TEST_MISSING","중복정의·동적 template·상위함수 호출을 실제 렌더 결과와 연결","해당 원본 컨트롤의 노출 조건·클릭/필터/취소 결과를 Golden fixture로 검증","<button class=""gn-risk critical"" onclick=""gnShow(\'unnamed\')"">"
"C01347","UNRESOLVED_CONTROL","paintGyeongnam: button","페이지 데이터/상태 경로: 정확한 runtime reachability 미확인","직접 literal write 발견 없음; 간접 호출은 미확인","local/crm.html:5556","미확정: 원본 handler/template 추적 필요","TEST_MISSING","중복정의·동적 template·상위함수 호출을 실제 렌더 결과와 연결","해당 원본 컨트롤의 노출 조건·클릭/필터/취소 결과를 Golden fixture로 검증","<button class=""gn-risk critical"" onclick=""gnShow(\'unresponded\')"">"
"C01348","UNRESOLVED_CONTROL","paintGyeongnam: button","페이지 데이터/상태 경로: 정확한 runtime reachability 미확인","직접 literal write 발견 없음; 간접 호출은 미확인","local/crm.html:5556","미확정: 원본 handler/template 추적 필요","TEST_MISSING","중복정의·동적 template·상위함수 호출을 실제 렌더 결과와 연결","해당 원본 컨트롤의 노출 조건·클릭/필터/취소 결과를 Golden fixture로 검증","<button class=""gn-risk"" onclick=""gnShow(\'noNext\')"">"
"C01349","UNRESOLVED_CONTROL","paintGyeongnam: button","페이지 데이터/상태 경로: 정확한 runtime reachability 미확인","직접 literal write 발견 없음; 간접 호출은 미확인","local/crm.html:5556","미확정: 원본 handler/template 추적 필요","TEST_MISSING","중복정의·동적 template·상위함수 호출을 실제 렌더 결과와 연결","해당 원본 컨트롤의 노출 조건·클릭/필터/취소 결과를 Golden fixture로 검증","<button class=""gn-risk"" onclick=""gnShow(\'stale\')"">"
"C01350","UNRESOLVED_CONTROL","paintGyeongnam: button","페이지 데이터/상태 경로: 정확한 runtime reachability 미확인","직접 literal write 발견 없음; 간접 호출은 미확인","local/crm.html:5556","미확정: 원본 handler/template 추적 필요","TEST_MISSING","중복정의·동적 template·상위함수 호출을 실제 렌더 결과와 연결","해당 원본 컨트롤의 노출 조건·클릭/필터/취소 결과를 Golden fixture로 검증","<button class=""gn-risk critical"" onclick=""gnShow(\'hot\')"">"
"C01351","UNRESOLVED_CONTROL","gnOpenOwner: input","페이지 데이터/상태 경로: 정확한 runtime reachability 미확인","직접 literal write 발견 없음; 간접 호출은 미확인","local/crm.html:5560","미확정: 원본 handler/template 추적 필요","TEST_MISSING","중복정의·동적 template·상위함수 호출을 실제 렌더 결과와 연결","해당 원본 컨트롤의 노출 조건·클릭/필터/취소 결과를 Golden fixture로 검증","<input id=""inq-ctl-reason"" '+(reassign?'required ':'')+'oninput=""inqCtlUpdateAssignConfirm()"" placeholder=""예: 현장 권역 및 현재 업무량 기준"">"
"C01352","UNRESOLVED_CONTROL","gnOpenOwner: 미지정으로 유지","페이지 데이터/상태 경로: 정확한 runtime reachability 미확인","직접 literal write 발견 없음; 간접 호출은 미확인","local/crm.html:5560","미확정: 원본 handler/template 추적 필요","TEST_MISSING","중복정의·동적 template·상위함수 호출을 실제 렌더 결과와 연결","해당 원본 컨트롤의 노출 조건·클릭/필터/취소 결과를 Golden fixture로 검증","<button onclick=""gnSetOwnerPool('+i+')"">"
"C01353","UNRESOLVED_CONTROL","gnOpenOwner: 취소","페이지 데이터/상태 경로: 정확한 runtime reachability 미확인","직접 literal write 발견 없음; 간접 호출은 미확인","local/crm.html:5560","미확정: 원본 handler/template 추적 필요","TEST_MISSING","중복정의·동적 template·상위함수 호출을 실제 렌더 결과와 연결","해당 원본 컨트롤의 노출 조건·클릭/필터/취소 결과를 Golden fixture로 검증","<button onclick=""closeInquiryControlModal()"">"
"C01354","UNRESOLVED_CONTROL","gnOpenOwner: 실담당자 지정","페이지 데이터/상태 경로: 정확한 runtime reachability 미확인","직접 literal write 발견 없음; 간접 호출은 미확인","local/crm.html:5560","미확정: 원본 handler/template 추적 필요","TEST_MISSING","중복정의·동적 template·상위함수 호출을 실제 렌더 결과와 연결","해당 원본 컨트롤의 노출 조건·클릭/필터/취소 결과를 Golden fixture로 검증","<button class=""primary"" id=""inq-ctl-confirm"" disabled onclick=""gnConfirmOwner()"">"
"C01355","UNRESOLVED_CONTROL","gnShow: button","페이지 데이터/상태 경로: 정확한 runtime reachability 미확인","직접 literal write 발견 없음; 간접 호출은 미확인","local/crm.html:5563","미확정: 원본 handler/template 추적 필요","TEST_MISSING","중복정의·동적 template·상위함수 호출을 실제 렌더 결과와 연결","해당 원본 컨트롤의 노출 조건·클릭/필터/취소 결과를 Golden fixture로 검증","<button class=""report-drill-row"" onclick=""gnOpenInquiry('+i+')"">"
"C01356","UNRESOLVED_CONTROL","gnShow: button","페이지 데이터/상태 경로: 정확한 runtime reachability 미확인","직접 literal write 발견 없음; 간접 호출은 미확인","local/crm.html:5563","미확정: 원본 handler/template 추적 필요","TEST_MISSING","중복정의·동적 template·상위함수 호출을 실제 렌더 결과와 연결","해당 원본 컨트롤의 노출 조건·클릭/필터/취소 결과를 Golden fixture로 검증","<button class=""report-drill-row"" onclick=""gnOpenDeal('+i+')"">"
"C01357","UNRESOLVED_CONTROL","openReportDrill: button","페이지 데이터/상태 경로: 정확한 runtime reachability 미확인","직접 literal write 발견 없음; 간접 호출은 미확인","local/crm.html:5596","미확정: 원본 handler/template 추적 필요","TEST_MISSING","중복정의·동적 template·상위함수 호출을 실제 렌더 결과와 연결","해당 원본 컨트롤의 노출 조건·클릭/필터/취소 결과를 Golden fixture로 검증","<button class=""report-drill-row"" onclick=""openReportDrillDeal('+i+')"">"
"C01358","UNRESOLVED_CONTROL","paintReportV2: ","페이지 데이터/상태 경로: 정확한 runtime reachability 미확인","직접 literal write 발견 없음; 간접 호출은 미확인","local/crm.html:5602","미확정: 원본 handler/template 추적 필요","TEST_MISSING","중복정의·동적 template·상위함수 호출을 실제 렌더 결과와 연결","해당 원본 컨트롤의 노출 조건·클릭/필터/취소 결과를 Golden fixture로 검증","<=10}),within30Amt=sumBy(within30,oppAmt),risk=open.filter(briefIsRisk).sort(function(a,b){return reportRiskScore(b)-reportRiskScore(a)}),critical=risk.filter(reportCritical),months=[-5,-4,-3,-2,-1,0].map(function(n){var w=reportMonthWindow(n),a=reportWonIn(raw,w);return {w:w,a:a,amt:sumBy(a,function(d){return wonAmt(d)||oppAmt(d)||quoteAmt(d)})}}),monthMax=Math.max.apply(null,[1].concat(months.map(function(x){return x.amt}))),year=new Date().getFullYear(),py=year-1;
 var summary=[['누적 수주',reportAmount(wonAmtAll),won.length+'건 · '+perfPeriodLabel(),'ceo-trend'],['이번 달 수주',reportAmount(monthWonAmt),monthWon.length+'건 · '+month.long,'ceo-trend'],['진행 파이프라인',open.length+'건 · '+reportAmount(pipeAmt),'현재 살아있는 기회','ceo-pipeline'],['가중 예상매출',reportAmount(forecast),'STAGE_MASTER 확률','ceo-pipeline'],['수주 임박',reportAmount(nearAmt),'PT·입찰·계약 '+near.length+'건','ceo-pipeline'],['핵심 리스크',critical.leng"
"C01359","UNRESOLVED_CONTROL","paintReportV2: button","페이지 데이터/상태 경로: 정확한 runtime reachability 미확인","직접 literal write 발견 없음; 간접 호출은 미확인","local/crm.html:5605","미확정: 원본 handler/template 추적 필요","TEST_MISSING","중복정의·동적 template·상위함수 호출을 실제 렌더 결과와 연결","해당 원본 컨트롤의 노출 조건·클릭/필터/취소 결과를 Golden fixture로 검증","<button class=""ceo-pipe-row"" onclick=""reportGoPipeline('+x[2]+',\''+x[1].join('|')+'\',\''+x[0]+'\')"">"
"C01360","UNRESOLVED_CONTROL","paintReportV2: tr","페이지 데이터/상태 경로: 정확한 runtime reachability 미확인","직접 literal write 발견 없음; 간접 호출은 미확인","local/crm.html:5606","미확정: 원본 handler/template 추적 필요","TEST_MISSING","중복정의·동적 template·상위함수 호출을 실제 렌더 결과와 연결","해당 원본 컨트롤의 노출 조건·클릭/필터/취소 결과를 Golden fixture로 검증","<tr onclick=""reportGoBrand(\''+jsAttr(b)+'\')"">"
"C01361","UNRESOLVED_CONTROL","paintReportV2: tr","페이지 데이터/상태 경로: 정확한 runtime reachability 미확인","직접 literal write 발견 없음; 간접 호출은 미확인","local/crm.html:5607","미확정: 원본 handler/template 추적 필요","TEST_MISSING","중복정의·동적 template·상위함수 호출을 실제 렌더 결과와 연결","해당 원본 컨트롤의 노출 조건·클릭/필터/취소 결과를 Golden fixture로 검증","<tr onclick=""openPerfDrawer(\''+n+'\')"">"
"C01362","UNRESOLVED_CONTROL","paintReportV2: ","페이지 데이터/상태 경로: 정확한 runtime reachability 미확인","직접 literal write 발견 없음; 간접 호출은 미확인","local/crm.html:5607","미확정: 원본 handler/template 추적 필요","TEST_MISSING","중복정의·동적 template·상위함수 호출을 실제 렌더 결과와 연결","해당 원본 컨트롤의 노출 조건·클릭/필터/취소 결과를 Golden fixture로 검증","<=10}),rr=o.filter(briefIsRisk),badge=p.team==='gyeongnam'?'경남지사':'외부';return '<tr onclick=""openReportDrill(\''+jsAttr(repDisplay(n))+' 진행 현장\',\''+jsAttr(badge)+' 영업기여\',reportOpenDeals().filter(function(d){return repN(d.assignee)===\''+jsAttr(n)+'\'}))"">"
"C01363","UNRESOLVED_CONTROL","paintReportV2: 인쇄 · PDF","페이지 데이터/상태 경로: 정확한 runtime reachability 미확인","직접 literal write 발견 없음; 간접 호출은 미확인","local/crm.html:5609","미확정: 원본 handler/template 추적 필요","TEST_MISSING","중복정의·동적 template·상위함수 호출을 실제 렌더 결과와 연결","해당 원본 컨트롤의 노출 조건·클릭/필터/취소 결과를 Golden fixture로 검증","<button class=""ceo-print"" onclick=""window.print()"">"
"C01364","UNRESOLVED_CONTROL","paintReportV2: button","페이지 데이터/상태 경로: 정확한 runtime reachability 미확인","직접 literal write 발견 없음; 간접 호출은 미확인","local/crm.html:5611","미확정: 원본 handler/template 추적 필요","TEST_MISSING","중복정의·동적 template·상위함수 호출을 실제 렌더 결과와 연결","해당 원본 컨트롤의 노출 조건·클릭/필터/취소 결과를 Golden fixture로 검증","<button onclick=""reportJump(\'report-due30\')"">"
"C01365","UNRESOLVED_CONTROL","paintReportV2: button","페이지 데이터/상태 경로: 정확한 runtime reachability 미확인","직접 literal write 발견 없음; 간접 호출은 미확인","local/crm.html:5611","미확정: 원본 handler/template 추적 필요","TEST_MISSING","중복정의·동적 template·상위함수 호출을 실제 렌더 결과와 연결","해당 원본 컨트롤의 노출 조건·클릭/필터/취소 결과를 Golden fixture로 검증","<button onclick=""reportGoPipeline(2,\'compete|imminent|bidding|contract\',\'경쟁 이후 수주 임박\')"">"
"C01366","UNRESOLVED_CONTROL","stageFilterBar: '+groupedAssigneeOptions(G.rep,true,false)+'","페이지 데이터/상태 경로: 정확한 runtime reachability 미확인","직접 literal write 발견 없음; 간접 호출은 미확인","local/crm.html:5642","미확정: 원본 handler/template 추적 필요","TEST_MISSING","중복정의·동적 template·상위함수 호출을 실제 렌더 결과와 연결","해당 원본 컨트롤의 노출 조건·클릭/필터/취소 결과를 Golden fixture로 검증","<select onchange=""G.rep=this.value;G.stagePage=1;paint()"">"
"C01367","UNRESOLVED_CONTROL","stageFilterBar: '
    +[['all','전체'],['nextMissing','Next Action 없음'],['overdue','기한초과'],['stal","페이지 데이터/상태 경로: 정확한 runtime reachability 미확인","직접 literal write 발견 없음; 간접 호출은 미확인","local/crm.html:5643","미확정: 원본 handler/template 추적 필요","TEST_MISSING","중복정의·동적 template·상위함수 호출을 실제 렌더 결과와 연결","해당 원본 컨트롤의 노출 조건·클릭/필터/취소 결과를 Golden fixture로 검증","<select onchange=""G.opsIssue=this.value;G.stagePage=1;paint()"">"
"C01368","UNRESOLVED_CONTROL","stageFilterBar: '+(more?'− 상세필터 닫기':'+ 상세필터')+'","페이지 데이터/상태 경로: 정확한 runtime reachability 미확인","직접 literal write 발견 없음; 간접 호출은 미확인","local/crm.html:5647","미확정: 원본 handler/template 추적 필요","TEST_MISSING","중복정의·동적 template·상위함수 호출을 실제 렌더 결과와 연결","해당 원본 컨트롤의 노출 조건·클릭/필터/취소 결과를 Golden fixture로 검증","<button class=""reset"" onclick=""G.filterMore=!G.filterMore;paint()"">"
"C01369","UNRESOLVED_CONTROL","stageFilterBar: 필터 초기화","페이지 데이터/상태 경로: 정확한 runtime reachability 미확인","직접 literal write 발견 없음; 간접 호출은 미확인","local/crm.html:5648","미확정: 원본 handler/template 추적 필요","TEST_MISSING","중복정의·동적 template·상위함수 호출을 실제 렌더 결과와 연결","해당 원본 컨트롤의 노출 조건·클릭/필터/취소 결과를 Golden fixture로 검증","<button class=""reset"" onclick=""resetStageFilters()"">"
"C01370","UNRESOLVED_CONTROL","stageFilterBar: '+subs.map(function(s){return '","페이지 데이터/상태 경로: 정확한 runtime reachability 미확인","직접 literal write 발견 없음; 간접 호출은 미확인","local/crm.html:5651","미확정: 원본 handler/template 추적 필요","TEST_MISSING","중복정의·동적 template·상위함수 호출을 실제 렌더 결과와 연결","해당 원본 컨트롤의 노출 조건·클릭/필터/취소 결과를 Golden fixture로 검증","<select onchange=""G.pipeSub=this.value;G.stagePage=1;paint()"">"
"C01371","UNRESOLVED_CONTROL","stageFilterBar: '
    +[['전체','전체 운영'],['recent30','최근 30일 내 활동'],['30','30일+ 정체'],['90','90일+ ","페이지 데이터/상태 경로: 정확한 runtime reachability 미확인","직접 literal write 발견 없음; 간접 호출은 미확인","local/crm.html:5652","미확정: 원본 handler/template 추적 필요","TEST_MISSING","중복정의·동적 template·상위함수 호출을 실제 렌더 결과와 연결","해당 원본 컨트롤의 노출 조건·클릭/필터/취소 결과를 Golden fixture로 검증","<select onchange=""G.pipeAge=this.value;G.stagePage=1;paint()"">"
"C01372","UNRESOLVED_CONTROL","stageFilterBar: '
    +['우선순위','오래된 활동순','최근 활동순','Next Action 임박순','기한초과 심한순','금액 큰순','담당자순']","페이지 데이터/상태 경로: 정확한 runtime reachability 미확인","직접 literal write 발견 없음; 간접 호출은 미확인","local/crm.html:5655","미확정: 원본 handler/template 추적 필요","TEST_MISSING","중복정의·동적 template·상위함수 호출을 실제 렌더 결과와 연결","해당 원본 컨트롤의 노출 조건·클릭/필터/취소 결과를 Golden fixture로 검증","<select onchange=""G.pipeSort=this.value;paint()"">"
"C01373","UNRESOLVED_CONTROL","stageFilterBar: '+esc(x[1])+' ","페이지 데이터/상태 경로: 정확한 runtime reachability 미확인","직접 literal write 발견 없음; 간접 호출은 미확인","local/crm.html:5659","미확정: 원본 handler/template 추적 필요","TEST_MISSING","중복정의·동적 template·상위함수 호출을 실제 렌더 결과와 연결","해당 원본 컨트롤의 노출 조건·클릭/필터/취소 결과를 Golden fixture로 검증","<button data-f=""'+x[0]+'"" onclick=""clearStageFilter(this.dataset.f)"">"
"C01374","UNRESOLVED_CONTROL","stageIssueSummary: '
    +'","페이지 데이터/상태 경로: 정확한 runtime reachability 미확인","직접 literal write 발견 없음; 간접 호출은 미확인","local/crm.html:5670","미확정: 원본 handler/template 추적 필요","TEST_MISSING","중복정의·동적 template·상위함수 호출을 실제 렌더 결과와 연결","해당 원본 컨트롤의 노출 조건·클릭/필터/취소 결과를 Golden fixture로 검증","<button class=""'+(x[0]==='overdue'||x[0]==='stale'?'danger ':'')+(G.opsIssue===x[0]?'on':'')+'"" onclick=""setStageIssue(\''+x[0]+'\')"">"
"C01375","UNRESOLVED_CONTROL","paintStageListV2: ← 칸반으로","페이지 데이터/상태 경로: 정확한 runtime reachability 미확인","직접 literal write 발견 없음; 간접 호출은 미확인","local/crm.html:5682","미확정: 원본 handler/template 추적 필요","TEST_MISSING","중복정의·동적 template·상위함수 호출을 실제 렌더 결과와 연결","해당 원본 컨트롤의 노출 조건·클릭/필터/취소 결과를 Golden fixture로 검증","<button class=""reset"" onclick=""G.stageCol=null;G.consoleMacro=null;G.macroSub=\'전체\';G.pipeView=\'kb\';G.opsIssue=\'all\';G.reportStageCodes=null;G.reportStageLabel=\'\';paint()"">"
"C01376","UNRESOLVED_CONTROL","paintStageListV2: ⓘ 사용방법","페이지 데이터/상태 경로: 정확한 runtime reachability 미확인","직접 literal write 발견 없음; 간접 호출은 미확인","local/crm.html:5682","미확정: 원본 handler/template 추적 필요","TEST_MISSING","중복정의·동적 template·상위함수 호출을 실제 렌더 결과와 연결","해당 원본 컨트롤의 노출 조건·클릭/필터/취소 결과를 Golden fixture로 검증","<button class=""howtoggle"" onclick=""G.howto=!G.howto;paint()"">"
"C01377","UNRESOLVED_CONTROL","paintStageListV2: input","페이지 데이터/상태 경로: 정확한 runtime reachability 미확인","직접 literal write 발견 없음; 간접 호출은 미확인","local/crm.html:5687","미확정: 원본 handler/template 추적 필요","TEST_MISSING","중복정의·동적 template·상위함수 호출을 실제 렌더 결과와 연결","해당 원본 컨트롤의 노출 조건·클릭/필터/취소 결과를 Golden fixture로 검증","<input type=""checkbox"" data-key=""'+esc(k)+'"" '+(BULK_SEL[k]?'checked':'')+' onclick=""toggleBulk(this.dataset.key,this.checked)"">"
"C01378","UNRESOLVED_CONTROL","paintStageListV2: '+esc(d.site||'현장명 미입력')+(d.localCreated?'","페이지 데이터/상태 경로: 정확한 runtime reachability 미확인","직접 literal write 발견 없음; 간접 호출은 미확인","local/crm.html:5688","미확정: 원본 handler/template 추적 필요","TEST_MISSING","중복정의·동적 template·상위함수 호출을 실제 렌더 결과와 연결","해당 원본 컨트롤의 노출 조건·클릭/필터/취소 결과를 Golden fixture로 검증","<span class=""sl-site clk"" onclick=""openStageDeal('+i+')"">"
"C01379","UNRESOLVED_CONTROL","paintStageListV2: ← 이전 50건","페이지 데이터/상태 경로: 정확한 runtime reachability 미확인","직접 literal write 발견 없음; 간접 호출은 미확인","local/crm.html:5693","미확정: 원본 handler/template 추적 필요","TEST_MISSING","중복정의·동적 template·상위함수 호출을 실제 렌더 결과와 연결","해당 원본 컨트롤의 노출 조건·클릭/필터/취소 결과를 Golden fixture로 검증","<button '+(page<=1?'disabled':'')+' onclick=""G.stagePage--;paint()"">"
"C01380","UNRESOLVED_CONTROL","paintStageListV2: =pages?'disabled':'')+' onclick=""G.stagePage++;paint()"">다음 50건 →","페이지 데이터/상태 경로: 정확한 runtime reachability 미확인","직접 literal write 발견 없음; 간접 호출은 미확인","local/crm.html:5693","미확정: 원본 handler/template 추적 필요","TEST_MISSING","중복정의·동적 template·상위함수 호출을 실제 렌더 결과와 연결","해당 원본 컨트롤의 노출 조건·클릭/필터/취소 결과를 Golden fixture로 검증","<button '+(page>"
"C01381","UNRESOLVED_CONTROL","paintStageListV2: 단계 변경","페이지 데이터/상태 경로: 정확한 runtime reachability 미확인","직접 literal write 발견 없음; 간접 호출은 미확인","local/crm.html:5693","미확정: 원본 handler/template 추적 필요","TEST_MISSING","중복정의·동적 template·상위함수 호출을 실제 렌더 결과와 연결","해당 원본 컨트롤의 노출 조건·클릭/필터/취소 결과를 Golden fixture로 검증","<button onclick=""openBulkDialog(\'stage\')"">"
"C01382","UNRESOLVED_CONTROL","paintStageListV2: 세부상태 변경","페이지 데이터/상태 경로: 정확한 runtime reachability 미확인","직접 literal write 발견 없음; 간접 호출은 미확인","local/crm.html:5693","미확정: 원본 handler/template 추적 필요","TEST_MISSING","중복정의·동적 template·상위함수 호출을 실제 렌더 결과와 연결","해당 원본 컨트롤의 노출 조건·클릭/필터/취소 결과를 Golden fixture로 검증","<button onclick=""openBulkDialog(\'sub\')"">"
"C01383","UNRESOLVED_CONTROL","paintStageListV2: 담당자 변경","페이지 데이터/상태 경로: 정확한 runtime reachability 미확인","직접 literal write 발견 없음; 간접 호출은 미확인","local/crm.html:5693","미확정: 원본 handler/template 추적 필요","TEST_MISSING","중복정의·동적 template·상위함수 호출을 실제 렌더 결과와 연결","해당 원본 컨트롤의 노출 조건·클릭/필터/취소 결과를 Golden fixture로 검증","<button onclick=""openBulkDialog(\'assignee\')"">"
"C01384","UNRESOLVED_CONTROL","paintStageListV2: 장기현장 검토","페이지 데이터/상태 경로: 정확한 runtime reachability 미확인","직접 literal write 발견 없음; 간접 호출은 미확인","local/crm.html:5693","미확정: 원본 handler/template 추적 필요","TEST_MISSING","중복정의·동적 template·상위함수 호출을 실제 렌더 결과와 연결","해당 원본 컨트롤의 노출 조건·클릭/필터/취소 결과를 Golden fixture로 검증","<button onclick=""openBulkDialog(\'review\')"">"
"C01385","UNRESOLVED_CONTROL","paintStageListV2: Next Action 등록","페이지 데이터/상태 경로: 정확한 runtime reachability 미확인","직접 literal write 발견 없음; 간접 호출은 미확인","local/crm.html:5693","미확정: 원본 handler/template 추적 필요","TEST_MISSING","중복정의·동적 template·상위함수 호출을 실제 렌더 결과와 연결","해당 원본 컨트롤의 노출 조건·클릭/필터/취소 결과를 Golden fixture로 검증","<button class=""primary"" onclick=""openBulkDialog(\'next\')"">"
"C01386","UNRESOLVED_CONTROL","openBulkDialog: '+PD_COLS.map(function(x,i){return '","페이지 데이터/상태 경로: 정확한 runtime reachability 미확인","직접 literal write 발견 없음; 간접 호출은 미확인","local/crm.html:5705","미확정: 원본 handler/template 추적 필요","TEST_MISSING","중복정의·동적 template·상위함수 호출을 실제 렌더 결과와 연결","해당 원본 컨트롤의 노출 조건·클릭/필터/취소 결과를 Golden fixture로 검증","<select id=""bulkValue"">"
"C01387","UNRESOLVED_CONTROL","openBulkDialog: input","페이지 데이터/상태 경로: 정확한 runtime reachability 미확인","직접 literal write 발견 없음; 간접 호출은 미확인","local/crm.html:5705","미확정: 원본 handler/template 추적 필요","TEST_MISSING","중복정의·동적 template·상위함수 호출을 실제 렌더 결과와 연결","해당 원본 컨트롤의 노출 조건·클릭/필터/취소 결과를 Golden fixture로 검증","<input id=""bulkValue"" placeholder=""예: 고객 회신 대기"">"
"C01388","UNRESOLVED_CONTROL","openBulkDialog: '+repWorkloadOptions()+'","페이지 데이터/상태 경로: 정확한 runtime reachability 미확인","직접 literal write 발견 없음; 간접 호출은 미확인","local/crm.html:5705","미확정: 원본 handler/template 추적 필요","TEST_MISSING","중복정의·동적 template·상위함수 호출을 실제 렌더 결과와 연결","해당 원본 컨트롤의 노출 조건·클릭/필터/취소 결과를 Golden fixture로 검증","<select id=""bulkValue"">"
"C01389","UNRESOLVED_CONTROL","openBulkDialog: input","페이지 데이터/상태 경로: 정확한 runtime reachability 미확인","직접 literal write 발견 없음; 간접 호출은 미확인","local/crm.html:5705","미확정: 원본 handler/template 추적 필요","TEST_MISSING","중복정의·동적 template·상위함수 호출을 실제 렌더 결과와 연결","해당 원본 컨트롤의 노출 조건·클릭/필터/취소 결과를 Golden fixture로 검증","<input id=""bulkValue"" placeholder=""예: 관리소장 재통화"">"
"C01390","UNRESOLVED_CONTROL","openBulkDialog: input","페이지 데이터/상태 경로: 정확한 runtime reachability 미확인","직접 literal write 발견 없음; 간접 호출은 미확인","local/crm.html:5705","미확정: 원본 handler/template 추적 필요","TEST_MISSING","중복정의·동적 template·상위함수 호출을 실제 렌더 결과와 연결","해당 원본 컨트롤의 노출 조건·클릭/필터/취소 결과를 Golden fixture로 검증","<input id=""bulkDueV3"" type=""date"">"
"C01391","UNRESOLVED_CONTROL","openBulkDialog: select","페이지 데이터/상태 경로: 정확한 runtime reachability 미확인","직접 literal write 발견 없음; 간접 호출은 미확인","local/crm.html:5705","미확정: 원본 handler/template 추적 필요","TEST_MISSING","중복정의·동적 template·상위함수 호출을 실제 렌더 결과와 연결","해당 원본 컨트롤의 노출 조건·클릭/필터/취소 결과를 Golden fixture로 검증","<select id=""bulkValue"" onchange=""bulkReviewTgl()"">"
"C01392","UNRESOLVED_CONTROL","openBulkDialog: input","페이지 데이터/상태 경로: 정확한 runtime reachability 미확인","직접 literal write 발견 없음; 간접 호출은 미확인","local/crm.html:5705","미확정: 원본 handler/template 추적 필요","TEST_MISSING","중복정의·동적 template·상위함수 호출을 실제 렌더 결과와 연결","해당 원본 컨트롤의 노출 조건·클릭/필터/취소 결과를 Golden fixture로 검증","<input id=""bulkDueV3"" type=""date"">"
"C01393","UNRESOLVED_CONTROL","openBulkDialog: input","페이지 데이터/상태 경로: 정확한 runtime reachability 미확인","직접 literal write 발견 없음; 간접 호출은 미확인","local/crm.html:5705","미확정: 원본 handler/template 추적 필요","TEST_MISSING","중복정의·동적 template·상위함수 호출을 실제 렌더 결과와 연결","해당 원본 컨트롤의 노출 조건·클릭/필터/취소 결과를 Golden fixture로 검증","<input id=""bulkNextV3"" placeholder=""예: 재도장 예산 편성 여부 확인 전화"">"
"C01394","UNRESOLVED_CONTROL","openBulkDialog: textarea","페이지 데이터/상태 경로: 정확한 runtime reachability 미확인","직접 literal write 발견 없음; 간접 호출은 미확인","local/crm.html:5705","미확정: 원본 handler/template 추적 필요","TEST_MISSING","중복정의·동적 template·상위함수 호출을 실제 렌더 결과와 연결","해당 원본 컨트롤의 노출 조건·클릭/필터/취소 결과를 Golden fixture로 검증","<textarea id=""bulkReasonV3"" rows=""3"" placeholder=""판단 근거와 후속 조치를 입력하세요"">"
"C01395","UNRESOLVED_CONTROL","openBulkDialog: 검토 후 '+keys.length+'건 적용","페이지 데이터/상태 경로: 정확한 runtime reachability 미확인","직접 literal write 발견 없음; 간접 호출은 미확인","local/crm.html:5705","미확정: 원본 handler/template 추적 필요","TEST_MISSING","중복정의·동적 template·상위함수 호출을 실제 렌더 결과와 연결","해당 원본 컨트롤의 노출 조건·클릭/필터/취소 결과를 Golden fixture로 검증","<button class=""bulk-submit"" onclick=""applyBulkDialog()"">"
"C01396","UNRESOLVED_CONTROL","openBulkDialog: 닫기 ✕","페이지 데이터/상태 경로: 정확한 runtime reachability 미확인","직접 literal write 발견 없음; 간접 호출은 미확인","local/crm.html:5705","미확정: 원본 handler/template 추적 필요","TEST_MISSING","중복정의·동적 template·상위함수 호출을 실제 렌더 결과와 연결","해당 원본 컨트롤의 노출 조건·클릭/필터/취소 결과를 Golden fixture로 검증","<button class=""ib-x"" onclick=""closeBulkDialog()"">"
"C01397","UNRESOLVED_CONTROL","paintRepTabs: '
  +(isCur?'✓ ':'')+(n==='전체'?'전체 영업담당':repDisplay(n))+'","페이지 데이터/상태 경로: 정확한 runtime reachability 미확인","직접 literal write 발견 없음; 간접 호출은 미확인","local/crm.html:5725","미확정: 원본 handler/template 추적 필요","TEST_MISSING","중복정의·동적 template·상위함수 호출을 실제 렌더 결과와 연결","해당 원본 컨트롤의 노출 조건·클릭/필터/취소 결과를 Golden fixture로 검증","<0)G.rep='전체';
/* 열어 본 현장의 담당자는 «표시»만 한다. 현장을 눌렀다고 목록이 그 사람 것만
   남아버리면 옆 현장으로 넘어갈 수가 없다. 필터는 칩을 직접 눌렀을 때만 걸린다.
   그 담당자가 현재 목록에 0건이라도(미배정 포함) 칩은 보여 준다 — 안 그러면 «누구 건지» 가 사라진다. */
var cur=curDetailRep(),curProfile=repProfile(cur);
if(cur&&!limited&&curProfile.active&&curProfile.salesRep&&names.indexOf(cur)<0)names.push(cur);
r.innerHTML=['전체'].concat(names).map(function(n){var c=n==='전체'?src.length:(cnt[n]||0);
 var isCur=!!cur&&n===cur;
 return '<button class=""rtab '+(G.rep===n?'on ':'')+(isCur?'cur':'')+'""'
  +(isCur?' title=""지금 열어 본 현장의 담당자 — 누르면 이 담당자로 목록을 거릅니다""':'')
  +' onclick=""G.rep=\''+n+'\';G.lastRep=null;if(G.page===\'perf\')G.perfDetail='+(n==='전체'?'null':""'""+n+""'"")+';paint()"">"
"C01398","UNRESOLVED_CONTROL","stageSeqIdx: STAGE_SEQ","페이지 데이터/상태 경로: 정확한 runtime reachability 미확인","직접 literal write 발견 없음; 간접 호출은 미확인","local/crm.html:5757","미확정: 원본 handler/template 추적 필요","TEST_MISSING","중복정의·동적 template·상위함수 호출을 실제 렌더 결과와 연결","해당 원본 컨트롤의 노출 조건·클릭/필터/취소 결과를 Golden fixture로 검증","<STAGE_SEQ.length;i++)if(STAGE_NM[STAGE_SEQ[i]]===s)return i;return 99}
function stageSeqSort(a,b){var x=stageSeqIdx(a),y=stageSeqIdx(b);return x-y||a.localeCompare(b,'ko')}
/* 모바일 lrow 딜 카드: 현장명 크게 + 담당·금액·세부상태 한 줄 + 관리상태 배지 */
function mDealRow(d){var p=priorityInfo(d,'deal'),a=age(d);return '<div class=""mlrow"" onclick=\'drwDeal('+escAttr(JSON.stringify(JSON.stringify(d)))+')\'>"
"C01399","UNRESOLVED_CONTROL","kbCard: div","페이지 데이터/상태 경로: 정확한 runtime reachability 미확인","직접 literal write 발견 없음; 간접 호출은 미확인","local/crm.html:5764","미확정: 원본 handler/template 추적 필요","TEST_MISSING","중복정의·동적 template·상위함수 호출을 실제 렌더 결과와 연결","해당 원본 컨트롤의 노출 조건·클릭/필터/취소 결과를 Golden fixture로 검증","<div class=""kbcard"" onclick=\'drwDeal('+escAttr(JSON.stringify(JSON.stringify(d)))+')\'>"
"C01400","UNRESOLVED_CONTROL","kb5Card: '
   +'","페이지 데이터/상태 경로: 정확한 runtime reachability 미확인","직접 literal write 발견 없음; 간접 호출은 미확인","local/crm.html:5789","미확정: 원본 handler/template 추적 필요","TEST_MISSING","중복정의·동적 template·상위함수 호출을 실제 렌더 결과와 연결","해당 원본 컨트롤의 노출 조건·클릭/필터/취소 결과를 Golden fixture로 검증","<div class=""k5c"" onclick=""openKb5('+i+')"">"
"C01401","UNRESOLVED_CONTROL","macroGroupBar: '
     +'","페이지 데이터/상태 경로: 정확한 runtime reachability 미확인","직접 literal write 발견 없음; 간접 호출은 미확인","local/crm.html:5864","미확정: 원본 handler/template 추적 필요","TEST_MISSING","중복정의·동적 template·상위함수 호출을 실제 렌더 결과와 연결","해당 원본 컨트롤의 노출 조건·클릭/필터/취소 결과를 Golden fixture로 검증","<button class=""mgcard'+(on?' on':'')+'"" data-k=""'+c[0]+'"" onclick=""macroSubSet(this.dataset.k)"">"
"C01402","UNRESOLVED_CONTROL","paintKanban: 🕐 '+UIT.stale+' '+rot+'건 ('+UIT.staleHint+')'+(G.pipeAge==='30'?' ✕':'')+'","페이지 데이터/상태 경로: 정확한 runtime reachability 미확인","직접 literal write 발견 없음; 간접 호출은 미확인","local/crm.html:5908","미확정: 원본 handler/template 추적 필요","TEST_MISSING","중복정의·동적 template·상위함수 호출을 실제 렌더 결과와 연결","해당 원본 컨트롤의 노출 조건·클릭/필터/취소 결과를 Golden fixture로 검증","<button class=""k5chip red'+(G.pipeAge==='30'?' on':'')+'"" onclick=""G.pipeAge=G.pipeAge===\'30\'?\'전체\':\'30\';paint()"">"
"C01403","UNRESOLVED_CONTROL","paintKanban: 수주 '+won+'","페이지 데이터/상태 경로: 정확한 runtime reachability 미확인","직접 literal write 발견 없음; 간접 호출은 미확인","local/crm.html:5909","미확정: 원본 handler/template 추적 필요","TEST_MISSING","중복정의·동적 template·상위함수 호출을 실제 렌더 결과와 연결","해당 원본 컨트롤의 노출 조건·클릭/필터/취소 결과를 Golden fixture로 검증","<button class=""k5chip gray"" onclick=""setClosedTab(\'수주\')"">"
"C01404","UNRESOLVED_CONTROL","paintKanban: 실주 '+lost+'","페이지 데이터/상태 경로: 정확한 runtime reachability 미확인","직접 literal write 발견 없음; 간접 호출은 미확인","local/crm.html:5910","미확정: 원본 handler/template 추적 필요","TEST_MISSING","중복정의·동적 template·상위함수 호출을 실제 렌더 결과와 연결","해당 원본 컨트롤의 노출 조건·클릭/필터/취소 결과를 Golden fixture로 검증","<button class=""k5chip gray"" onclick=""setClosedTab(\'실주\')"">"
"C01405","UNRESOLVED_CONTROL","paintKanban: 정리 대상 '+etc+'","페이지 데이터/상태 경로: 정확한 runtime reachability 미확인","직접 literal write 발견 없음; 간접 호출은 미확인","local/crm.html:5911","미확정: 원본 handler/template 추적 필요","TEST_MISSING","중복정의·동적 template·상위함수 호출을 실제 렌더 결과와 연결","해당 원본 컨트롤의 노출 조건·클릭/필터/취소 결과를 Golden fixture로 검증","<button class=""k5chip gray"" onclick=""setClosedTab(\'기타\')"">"
"C01406","UNRESOLVED_CONTROL","paintKanban: '
        +'","페이지 데이터/상태 경로: 정확한 runtime reachability 미확인","직접 literal write 발견 없음; 간접 호출은 미확인","local/crm.html:5921","미확정: 원본 handler/template 추적 필요","TEST_MISSING","중복정의·동적 template·상위함수 호출을 실제 렌더 결과와 연결","해당 원본 컨트롤의 노출 조건·클릭/필터/취소 결과를 Golden fixture로 검증","<div class=""k5h"" data-k=""'+c.k+'"" onclick=""kb5ToConsole(this.dataset.k)"">"
"C01407","UNRESOLVED_CONTROL","injectConsoleTabs: '+t[1]+'","페이지 데이터/상태 경로: 정확한 runtime reachability 미확인","직접 literal write 발견 없음; 간접 호출은 미확인","local/crm.html:5935","미확정: 원본 handler/template 추적 필요","TEST_MISSING","중복정의·동적 template·상위함수 호출을 실제 렌더 결과와 연결","해당 원본 컨트롤의 노출 조건·클릭/필터/취소 결과를 Golden fixture로 검증","<button class=""'+(String(G.stageCol)===t[0]?'on':'')+'"" data-ci=""'+t[0]+'"" onclick=""G.stageCol=Number(this.dataset.ci);G.stagePage=1;paint()"">"
"C01408","UNRESOLVED_CONTROL","splitInlinePanel: ＋ 한 일 기록","페이지 데이터/상태 경로: 정확한 runtime reachability 미확인","직접 literal write 발견 없음; 간접 호출은 미확인","local/crm.html:5958","미확정: 원본 handler/template 추적 필요","TEST_MISSING","중복정의·동적 template·상위함수 호출을 실제 렌더 결과와 연결","해당 원본 컨트롤의 노출 조건·클릭/필터/취소 결과를 Golden fixture로 검증","<button class=""mbadge '+(f==='act'?'blue':'gray')+'"" style=""padding:9px 14px;border:0;cursor:pointer;font-family:inherit"" onclick=""splitForm(\'act\')"">"
"C01409","UNRESOLVED_CONTROL","splitInlinePanel: 🗓 다음 할 일","페이지 데이터/상태 경로: 정확한 runtime reachability 미확인","직접 literal write 발견 없음; 간접 호출은 미확인","local/crm.html:5959","미확정: 원본 handler/template 추적 필요","TEST_MISSING","중복정의·동적 template·상위함수 호출을 실제 렌더 결과와 연결","해당 원본 컨트롤의 노출 조건·클릭/필터/취소 결과를 Golden fixture로 검증","<button class=""mbadge '+(f==='next'?'blue':'gray')+'"" style=""padding:9px 14px;border:0;cursor:pointer;font-family:inherit"" onclick=""splitForm(\'next\')"">"
"C01410","UNRESOLVED_CONTROL","splitInlinePanel: → 단계 바꾸기","페이지 데이터/상태 경로: 정확한 runtime reachability 미확인","직접 literal write 발견 없음; 간접 호출은 미확인","local/crm.html:5960","미확정: 원본 handler/template 추적 필요","TEST_MISSING","중복정의·동적 template·상위함수 호출을 실제 렌더 결과와 연결","해당 원본 컨트롤의 노출 조건·클릭/필터/취소 결과를 Golden fixture로 검증","<button class=""mbadge '+(f==='stage'?'blue':'gray')+'"" style=""padding:9px 14px;border:0;cursor:pointer;font-family:inherit"" onclick=""splitForm(\'stage\')"">"
"C01411","UNRESOLVED_CONTROL","splitInlinePanel: '+QUICK_ACTIVITY_TYPES.map(function(x){return '","페이지 데이터/상태 경로: 정확한 runtime reachability 미확인","직접 literal write 발견 없음; 간접 호출은 미확인","local/crm.html:5966","미확정: 원본 handler/template 추적 필요","TEST_MISSING","중복정의·동적 template·상위함수 호출을 실제 렌더 결과와 연결","해당 원본 컨트롤의 노출 조건·클릭/필터/취소 결과를 Golden fixture로 검증","<select id=""sp-act-type"">"
"C01412","UNRESOLVED_CONTROL","splitInlinePanel: input","페이지 데이터/상태 경로: 정확한 runtime reachability 미확인","직접 literal write 발견 없음; 간접 호출은 미확인","local/crm.html:5967","미확정: 원본 handler/template 추적 필요","TEST_MISSING","중복정의·동적 template·상위함수 호출을 실제 렌더 결과와 연결","해당 원본 컨트롤의 노출 조건·클릭/필터/취소 결과를 Golden fixture로 검증","<input id=""sp-act-note"" placeholder=""예: 관리소장 통화 — 예산 일정 확인"">"
"C01413","UNRESOLVED_CONTROL","splitInlinePanel: input","페이지 데이터/상태 경로: 정확한 runtime reachability 미확인","직접 literal write 발견 없음; 간접 호출은 미확인","local/crm.html:5968","미확정: 원본 handler/template 추적 필요","TEST_MISSING","중복정의·동적 template·상위함수 호출을 실제 렌더 결과와 연결","해당 원본 컨트롤의 노출 조건·클릭/필터/취소 결과를 Golden fixture로 검증","<input id=""sp-act-result"" placeholder=""예: 9월 중 재검토, 9/8 재통화 요청"">"
"C01414","UNRESOLVED_CONTROL","splitInlinePanel:  고객과 실제로 통화·미팅함 (고객접촉일 갱신)","페이지 데이터/상태 경로: 정확한 runtime reachability 미확인","직접 literal write 발견 없음; 간접 호출은 미확인","local/crm.html:5969","미확정: 원본 handler/template 추적 필요","TEST_MISSING","중복정의·동적 template·상위함수 호출을 실제 렌더 결과와 연결","해당 원본 컨트롤의 노출 조건·클릭/필터/취소 결과를 Golden fixture로 검증","<input type=""checkbox"" id=""sp-act-contact"" checked>"
"C01415","UNRESOLVED_CONTROL","splitInlinePanel: 활동 저장","페이지 데이터/상태 경로: 정확한 runtime reachability 미확인","직접 literal write 발견 없음; 간접 호출은 미확인","local/crm.html:5970","미확정: 원본 handler/template 추적 필요","TEST_MISSING","중복정의·동적 template·상위함수 호출을 실제 렌더 결과와 연결","해당 원본 컨트롤의 노출 조건·클릭/필터/취소 결과를 Golden fixture로 검증","<button class=""dact pri"" onclick=""spSaveAct()"">"
"C01416","UNRESOLVED_CONTROL","splitInlinePanel: 닫기","페이지 데이터/상태 경로: 정확한 runtime reachability 미확인","직접 literal write 발견 없음; 간접 호출은 미확인","local/crm.html:5970","미확정: 원본 handler/template 추적 필요","TEST_MISSING","중복정의·동적 template·상위함수 호출을 실제 렌더 결과와 연결","해당 원본 컨트롤의 노출 조건·클릭/필터/취소 결과를 Golden fixture로 검증","<button class=""dact"" onclick=""splitForm(null)"">"
"C01417","UNRESOLVED_CONTROL","splitInlinePanel: input","페이지 데이터/상태 경로: 정확한 runtime reachability 미확인","직접 literal write 발견 없음; 간접 호출은 미확인","local/crm.html:5975","미확정: 원본 handler/template 추적 필요","TEST_MISSING","중복정의·동적 template·상위함수 호출을 실제 렌더 결과와 연결","해당 원본 컨트롤의 노출 조건·클릭/필터/취소 결과를 Golden fixture로 검증","<input id=""sp-na-due"" type=""date"" value=""'+escAttr(na&&na.due||'')+'"">"
"C01418","UNRESOLVED_CONTROL","splitInlinePanel: input","페이지 데이터/상태 경로: 정확한 runtime reachability 미확인","직접 literal write 발견 없음; 간접 호출은 미확인","local/crm.html:5976","미확정: 원본 handler/template 추적 필요","TEST_MISSING","중복정의·동적 template·상위함수 호출을 실제 렌더 결과와 연결","해당 원본 컨트롤의 노출 조건·클릭/필터/취소 결과를 Golden fixture로 검증","<input id=""sp-na-text"" value=""'+escAttr(na&&na.text||'')+'"" placeholder=""예: 견적 검토 여부 확인 전화"">"
"C01419","UNRESOLVED_CONTROL","splitInlinePanel: 다음 행동 저장","페이지 데이터/상태 경로: 정확한 runtime reachability 미확인","직접 literal write 발견 없음; 간접 호출은 미확인","local/crm.html:5977","미확정: 원본 handler/template 추적 필요","TEST_MISSING","중복정의·동적 template·상위함수 호출을 실제 렌더 결과와 연결","해당 원본 컨트롤의 노출 조건·클릭/필터/취소 결과를 Golden fixture로 검증","<button class=""dact pri"" onclick=""spSaveNext()"">"
"C01420","UNRESOLVED_CONTROL","splitInlinePanel: 닫기","페이지 데이터/상태 경로: 정확한 runtime reachability 미확인","직접 literal write 발견 없음; 간접 호출은 미확인","local/crm.html:5977","미확정: 원본 handler/template 추적 필요","TEST_MISSING","중복정의·동적 template·상위함수 호출을 실제 렌더 결과와 연결","해당 원본 컨트롤의 노출 조건·클릭/필터/취소 결과를 Golden fixture로 검증","<button class=""dact"" onclick=""splitForm(null)"">"
"C01421","UNRESOLVED_CONTROL","splitInlinePanel: '+transitionOptions(idx,'deal')+'","페이지 데이터/상태 경로: 정확한 runtime reachability 미확인","직접 literal write 발견 없음; 간접 호출은 미확인","local/crm.html:5981","미확정: 원본 handler/template 추적 필요","TEST_MISSING","중복정의·동적 template·상위함수 호출을 실제 렌더 결과와 연결","해당 원본 컨트롤의 노출 조건·클릭/필터/취소 결과를 Golden fixture로 검증","<select id=""sp-tr-target"" onchange=""spTargetChanged()"">"
"C01422","UNRESOLVED_CONTROL","splitInlinePanel: select","페이지 데이터/상태 경로: 정확한 runtime reachability 미확인","직접 literal write 발견 없음; 간접 호출은 미확인","local/crm.html:5982","미확정: 원본 handler/template 추적 필요","TEST_MISSING","중복정의·동적 template·상위함수 호출을 실제 렌더 결과와 연결","해당 원본 컨트롤의 노출 조건·클릭/필터/취소 결과를 Golden fixture로 검증","<select id=""sp-tr-reason"">"
"C01423","UNRESOLVED_CONTROL","splitInlinePanel: input","페이지 데이터/상태 경로: 정확한 runtime reachability 미확인","직접 literal write 발견 없음; 간접 호출은 미확인","local/crm.html:5983","미확정: 원본 handler/template 추적 필요","TEST_MISSING","중복정의·동적 template·상위함수 호출을 실제 렌더 결과와 연결","해당 원본 컨트롤의 노출 조건·클릭/필터/취소 결과를 Golden fixture로 검증","<input id=""sp-tr-did"" placeholder=""예: PT 일정 협의 완료"">"
"C01424","UNRESOLVED_CONTROL","splitInlinePanel: input","페이지 데이터/상태 경로: 정확한 runtime reachability 미확인","직접 literal write 발견 없음; 간접 호출은 미확인","local/crm.html:5984","미확정: 원본 handler/template 추적 필요","TEST_MISSING","중복정의·동적 template·상위함수 호출을 실제 렌더 결과와 연결","해당 원본 컨트롤의 노출 조건·클릭/필터/취소 결과를 Golden fixture로 검증","<input id=""sp-tr-result"" placeholder=""예: 9/15 PT 확정"">"
"C01425","UNRESOLVED_CONTROL","splitInlinePanel: input","페이지 데이터/상태 경로: 정확한 runtime reachability 미확인","직접 literal write 발견 없음; 간접 호출은 미확인","local/crm.html:5985","미확정: 원본 handler/template 추적 필요","TEST_MISSING","중복정의·동적 template·상위함수 호출을 실제 렌더 결과와 연결","해당 원본 컨트롤의 노출 조건·클릭/필터/취소 결과를 Golden fixture로 검증","<input id=""sp-tr-next"" placeholder=""예: PT 자료 최종 확인"">"
"C01426","UNRESOLVED_CONTROL","splitInlinePanel: input","페이지 데이터/상태 경로: 정확한 runtime reachability 미확인","직접 literal write 발견 없음; 간접 호출은 미확인","local/crm.html:5986","미확정: 원본 handler/template 추적 필요","TEST_MISSING","중복정의·동적 template·상위함수 호출을 실제 렌더 결과와 연결","해당 원본 컨트롤의 노출 조건·클릭/필터/취소 결과를 Golden fixture로 검증","<input id=""sp-tr-due"" type=""date"">"
"C01427","UNRESOLVED_CONTROL","splitInlinePanel: 전환 저장","페이지 데이터/상태 경로: 정확한 runtime reachability 미확인","직접 literal write 발견 없음; 간접 호출은 미확인","local/crm.html:5987","미확정: 원본 handler/template 추적 필요","TEST_MISSING","중복정의·동적 template·상위함수 호출을 실제 렌더 결과와 연결","해당 원본 컨트롤의 노출 조건·클릭/필터/취소 결과를 Golden fixture로 검증","<button class=""dact pri"" onclick=""spSaveStage()"">"
"C01428","UNRESOLVED_CONTROL","splitInlinePanel: 닫기","페이지 데이터/상태 경로: 정확한 runtime reachability 미확인","직접 literal write 발견 없음; 간접 호출은 미확인","local/crm.html:5987","미확정: 원본 handler/template 추적 필요","TEST_MISSING","중복정의·동적 template·상위함수 호출을 실제 렌더 결과와 연결","해당 원본 컨트롤의 노출 조건·클릭/필터/취소 결과를 Golden fixture로 검증","<button class=""dact"" onclick=""splitForm(null)"">"
"C01429","UNRESOLVED_CONTROL","paintSplit: 전체 ","페이지 데이터/상태 경로: 정확한 runtime reachability 미확인","직접 literal write 발견 없음; 간접 호출은 미확인","local/crm.html:6091","미확정: 원본 handler/template 추적 필요","TEST_MISSING","중복정의·동적 template·상위함수 호출을 실제 렌더 결과와 연결","해당 원본 컨트롤의 노출 조건·클릭/필터/취소 결과를 Golden fixture로 검증","<button class=""pfc '+(ci<0&&!CL?'on':'')+'"" onclick=""setSplitCol(null)"">"
"C01430","UNRESOLVED_CONTROL","paintSplit: '+esc(c.nm)+' ","페이지 데이터/상태 경로: 정확한 runtime reachability 미확인","직접 literal write 발견 없음; 간접 호출은 미확인","local/crm.html:6093","미확정: 원본 handler/template 추적 필요","TEST_MISSING","중복정의·동적 template·상위함수 호출을 실제 렌더 결과와 연결","해당 원본 컨트롤의 노출 조건·클릭/필터/취소 결과를 Golden fixture로 검증","<button class=""pfc '+(!CL&&ci===i?'on':'')+'"" data-ci=""'+i+'"" onclick=""setSplitCol(Number(this.dataset.ci))"">"
"C01431","UNRESOLVED_CONTROL","paintSplit: 전체 ","페이지 데이터/상태 경로: 정확한 runtime reachability 미확인","직접 literal write 발견 없음; 간접 호출은 미확인","local/crm.html:6099","미확정: 원본 handler/template 추적 필요","TEST_MISSING","중복정의·동적 template·상위함수 호출을 실제 렌더 결과와 연결","해당 원본 컨트롤의 노출 조건·클릭/필터/취소 결과를 Golden fixture로 검증","<button class=""pfc s '+(!G.splitStage?'on':'')+'"" onclick=""setSplitStage(null)"">"
"C01432","UNRESOLVED_CONTROL","paintSplit: '+esc(stageNoLabel(c))+' ","페이지 데이터/상태 경로: 정확한 runtime reachability 미확인","직접 literal write 발견 없음; 간접 호출은 미확인","local/crm.html:6101","미확정: 원본 handler/template 추적 필요","TEST_MISSING","중복정의·동적 template·상위함수 호출을 실제 렌더 결과와 연결","해당 원본 컨트롤의 노출 조건·클릭/필터/취소 결과를 Golden fixture로 검증","<button class=""pfc s '+(G.splitStage===c?'on':'')+'"" data-c=""'+escAttr(c)+'"" onclick=""setSplitStage(this.dataset.c)"">"
"C01433","UNRESOLVED_CONTROL","paintSplit: '+esc(a.nm)+' ","페이지 데이터/상태 경로: 정확한 runtime reachability 미확인","직접 literal write 발견 없음; 간접 호출은 미확인","local/crm.html:6107","미확정: 원본 handler/template 추적 필요","TEST_MISSING","중복정의·동적 template·상위함수 호출을 실제 렌더 결과와 연결","해당 원본 컨트롤의 노출 조건·클릭/필터/취소 결과를 Golden fixture로 검증","<button class=""pfc a '+(G.splitAct===a.k?'on':'')+'"" data-k=""'+a.k+'"" onclick=""'+IssueModal.bind('pipe:stage:'+a.k,a.k,byStage.filter(a.f),a.nm)+'"">"
"C01434","UNRESOLVED_CONTROL","paintSplit: 금액 미입력 ","페이지 데이터/상태 경로: 정확한 runtime reachability 미확인","직접 literal write 발견 없음; 간접 호출은 미확인","local/crm.html:6108","미확정: 원본 handler/template 추적 필요","TEST_MISSING","중복정의·동적 template·상위함수 호출을 실제 렌더 결과와 연결","해당 원본 컨트롤의 노출 조건·클릭/필터/취소 결과를 Golden fixture로 검증","<button class=""pfc q '+(G.pipeNoAmt?'on':'')+'"" onclick=""'+IssueModal.bind('pipe:stage:noAmount','noAmount',byStage.filter(function(d){return !oppAmt(d)&&!quoteAmt(d)}))+'"" title=""금액이 비면 전환율이 실제보다 좋아 보입니다"">"
"C01435","UNRESOLVED_CONTROL","paintSplit: '+esc(x.nm)+' ","페이지 데이터/상태 경로: 정확한 runtime reachability 미확인","직접 literal write 발견 없음; 간접 호출은 미확인","local/crm.html:6115","미확정: 원본 handler/template 추적 필요","TEST_MISSING","중복정의·동적 template·상위함수 호출을 실제 렌더 결과와 연결","해당 원본 컨트롤의 노출 조건·클릭/필터/취소 결과를 Golden fixture로 검증","<button class=""pfc e '+(G.splitClosed===x.k?'on':'')+'"" data-k=""'+x.k+'"" onclick=""setSplitClosed(this.dataset.k)"">"
"C01436","UNRESOLVED_CONTROL","paintSplit: 필터 해제","페이지 데이터/상태 경로: 정확한 runtime reachability 미확인","직접 literal write 발견 없음; 간접 호출은 미확인","local/crm.html:6116","미확정: 원본 handler/template 추적 필요","TEST_MISSING","중복정의·동적 template·상위함수 호출을 실제 렌더 결과와 연결","해당 원본 컨트롤의 노출 조건·클릭/필터/취소 결과를 Golden fixture로 검증","<button class=""pfreset"" onclick=""G.splitCol=null;G.splitStage=null;G.splitAct=null;G.splitClosed=null;G.pipeNoAmt=false;G.splitKey=null;paint()"">"
"C01437","UNRESOLVED_CONTROL","paintSplit: div","페이지 데이터/상태 경로: 정확한 runtime reachability 미확인","직접 literal write 발견 없음; 간접 호출은 미확인","local/crm.html:6122","미확정: 원본 handler/template 추적 필요","TEST_MISSING","중복정의·동적 template·상위함수 호출을 실제 렌더 결과와 연결","해당 원본 컨트롤의 노출 조건·클릭/필터/취소 결과를 Golden fixture로 검증","<div class=""mlrow '+(k===G.splitKey?'sel':'')+'"" data-k=""'+escAttr(k)+'"" onclick=""G.splitScroll=this.parentElement.scrollTop;G.splitKey=this.dataset.k;G.splitForm=null;paint()"">"
"C01438","UNRESOLVED_CONTROL","quickPanelHTML: 📞 전화","페이지 데이터/상태 경로: 정확한 runtime reachability 미확인","직접 literal write 발견 없음; 간접 호출은 미확인","local/crm.html:6151","미확정: 원본 handler/template 추적 필요","TEST_MISSING","중복정의·동적 template·상위함수 호출을 실제 렌더 결과와 연결","해당 원본 컨트롤의 노출 조건·클릭/필터/취소 결과를 Golden fixture로 검증","<button '+(!c.mobile?'disabled':'')+' onclick=""contactDial(\'mobile\')"">"
"C01439","UNRESOLVED_CONTROL","quickPanelHTML: ✉ 문자","페이지 데이터/상태 경로: 정확한 runtime reachability 미확인","직접 literal write 발견 없음; 간접 호출은 미확인","local/crm.html:6151","미확정: 원본 handler/template 추적 필요","TEST_MISSING","중복정의·동적 template·상위함수 호출을 실제 렌더 결과와 연결","해당 원본 컨트롤의 노출 조건·클릭/필터/취소 결과를 Golden fixture로 검증","<button '+(!c.mobile?'disabled':'')+' onclick=""contactSms()"">"
"C01440","UNRESOLVED_CONTROL","quickPanelHTML: 💬 카카오","페이지 데이터/상태 경로: 정확한 runtime reachability 미확인","직접 literal write 발견 없음; 간접 호출은 미확인","local/crm.html:6151","미확정: 원본 handler/template 추적 필요","TEST_MISSING","중복정의·동적 template·상위함수 호출을 실제 렌더 결과와 연결","해당 원본 컨트롤의 노출 조건·클릭/필터/취소 결과를 Golden fixture로 검증","<button '+(!c.mobile?'disabled':'')+' onclick=""contactKakao()"">"
"C01441","UNRESOLVED_CONTROL","quickPanelHTML: 연락처 없음 · 등록하기","페이지 데이터/상태 경로: 정확한 runtime reachability 미확인","직접 literal write 발견 없음; 간접 호출은 미확인","local/crm.html:6152","미확정: 원본 handler/template 추적 필요","TEST_MISSING","중복정의·동적 template·상위함수 호출을 실제 렌더 결과와 연결","해당 원본 컨트롤의 노출 조건·클릭/필터/취소 결과를 Golden fixture로 검증","<button class=""quickfull"" style=""margin:0"" onclick=""openQuickContact()"">"
"C01442","UNRESOLVED_CONTROL","quickPanelHTML: ＋ 한 일 기록","페이지 데이터/상태 경로: 정확한 runtime reachability 미확인","직접 literal write 발견 없음; 간접 호출은 미확인","local/crm.html:6156","미확정: 원본 handler/template 추적 필요","TEST_MISSING","중복정의·동적 template·상위함수 호출을 실제 렌더 결과와 연결","해당 원본 컨트롤의 노출 조건·클릭/필터/취소 결과를 Golden fixture로 검증","<button class=""primary"" onclick=""splitForm(\'act\')"">"
"C01443","UNRESOLVED_CONTROL","quickPanelHTML: 📅 다음 행동 예약","페이지 데이터/상태 경로: 정확한 runtime reachability 미확인","직접 literal write 발견 없음; 간접 호출은 미확인","local/crm.html:6156","미확정: 원본 handler/template 추적 필요","TEST_MISSING","중복정의·동적 template·상위함수 호출을 실제 렌더 결과와 연결","해당 원본 컨트롤의 노출 조건·클릭/필터/취소 결과를 Golden fixture로 검증","<button onclick=""splitForm(\'next\')"">"
"C01444","UNRESOLVED_CONTROL","quickPanelHTML: 단계 변경","페이지 데이터/상태 경로: 정확한 runtime reachability 미확인","직접 literal write 발견 없음; 간접 호출은 미확인","local/crm.html:6156","미확정: 원본 handler/template 추적 필요","TEST_MISSING","중복정의·동적 template·상위함수 호출을 실제 렌더 결과와 연결","해당 원본 컨트롤의 노출 조건·클릭/필터/취소 결과를 Golden fixture로 검증","<button onclick=""splitForm(\'stage\')"">"
"C01445","UNRESOLVED_CONTROL","quickPanelHTML: 전체 상세 보기 →","페이지 데이터/상태 경로: 정확한 runtime reachability 미확인","직접 literal write 발견 없음; 간접 호출은 미확인","local/crm.html:6156","미확정: 원본 handler/template 추적 필요","TEST_MISSING","중복정의·동적 template·상위함수 호출을 실제 렌더 결과와 연결","해당 원본 컨트롤의 노출 조건·클릭/필터/취소 결과를 Golden fixture로 검증","<button class=""quickfull"" onclick=""openFullDealFromQuick()"">"
"C01446","UNRESOLVED_CONTROL","paintSplit: 전체 ","페이지 데이터/상태 경로: 정확한 runtime reachability 미확인","직접 literal write 발견 없음; 간접 호출은 미확인","local/crm.html:6166","미확정: 원본 handler/template 추적 필요","TEST_MISSING","중복정의·동적 template·상위함수 호출을 실제 렌더 결과와 연결","해당 원본 컨트롤의 노출 조건·클릭/필터/취소 결과를 Golden fixture로 검증","<button class=""pfc '+(!G.quickClosed&&ci<0?'on':'')+'"" onclick=""G.quickClosed=false;setSplitCol(null)"">"
"C01447","UNRESOLVED_CONTROL","paintSplit: '+esc(c.nm)+' ","페이지 데이터/상태 경로: 정확한 runtime reachability 미확인","직접 literal write 발견 없음; 간접 호출은 미확인","local/crm.html:6167","미확정: 원본 handler/template 추적 필요","TEST_MISSING","중복정의·동적 template·상위함수 호출을 실제 렌더 결과와 연결","해당 원본 컨트롤의 노출 조건·클릭/필터/취소 결과를 Golden fixture로 검증","<button class=""pfc '+(!G.quickClosed&&ci===i?'on':'')+'"" onclick=""G.quickClosed=false;setSplitCol('+i+')"">"
"C01448","UNRESOLVED_CONTROL","paintSplit: 종료 현장 보기","페이지 데이터/상태 경로: 정확한 runtime reachability 미확인","직접 literal write 발견 없음; 간접 호출은 미확인","local/crm.html:6168","미확정: 원본 handler/template 추적 필요","TEST_MISSING","중복정의·동적 template·상위함수 호출을 실제 렌더 결과와 연결","해당 원본 컨트롤의 노출 조건·클릭/필터/취소 결과를 Golden fixture로 검증","<button class=""pfc e '+(G.quickClosed?'on':'')+'"" onclick=""quickClosedToggle()"">"
"C01449","UNRESOLVED_CONTROL","paintSplit: '+esc(metricDealLabel(G.pipeOrigin,D.length))+'","페이지 데이터/상태 경로: 정확한 runtime reachability 미확인","직접 literal write 발견 없음; 간접 호출은 미확인","local/crm.html:6169","미확정: 원본 handler/template 추적 필요","TEST_MISSING","중복정의·동적 template·상위함수 호출을 실제 렌더 결과와 연결","해당 원본 컨트롤의 노출 조건·클릭/필터/취소 결과를 Golden fixture로 검증","<button class=""pfc on"">"
"C01450","UNRESOLVED_CONTROL","paintSplit: 근거 필터 해제","페이지 데이터/상태 경로: 정확한 runtime reachability 미확인","직접 literal write 발견 없음; 간접 호출은 미확인","local/crm.html:6169","미확정: 원본 handler/template 추적 필요","TEST_MISSING","중복정의·동적 template·상위함수 호출을 실제 렌더 결과와 연결","해당 원본 컨트롤의 노출 조건·클릭/필터/취소 결과를 Golden fixture로 검증","<button class=""pfreset"" onclick=""G.pipeOrigin=null;G.splitKey=null;paint()"">"
"C01451","UNRESOLVED_CONTROL","paintSplit: '+esc(a.nm)+' ","페이지 데이터/상태 경로: 정확한 runtime reachability 미확인","직접 literal write 발견 없음; 간접 호출은 미확인","local/crm.html:6169","미확정: 원본 handler/template 추적 필요","TEST_MISSING","중복정의·동적 template·상위함수 호출을 실제 렌더 결과와 연결","해당 원본 컨트롤의 노출 조건·클릭/필터/취소 결과를 Golden fixture로 검증","<button class=""pfc a '+(G.splitAct===a.k?'on':'')+'"" onclick=""'+IssueModal.bind('pipe:quick:'+a.k,a.k,issueBase.filter(a.f),a.nm)+'"">"
"C01452","UNRESOLVED_CONTROL","paintSplit: 금액 미입력 ","페이지 데이터/상태 경로: 정확한 runtime reachability 미확인","직접 literal write 발견 없음; 간접 호출은 미확인","local/crm.html:6169","미확정: 원본 handler/template 추적 필요","TEST_MISSING","중복정의·동적 template·상위함수 호출을 실제 렌더 결과와 연결","해당 원본 컨트롤의 노출 조건·클릭/필터/취소 결과를 Golden fixture로 검증","<button class=""pfc q '+(G.pipeNoAmt?'on':'')+'"" onclick=""'+IssueModal.bind('pipe:quick:noAmount','noAmount',issueBase.filter(function(d){return !oppAmt(d)&&!quoteAmt(d)}))+'"">"
"C01453","UNRESOLVED_CONTROL","paintSplit: '+esc(issueHuman(G.quickIssueKind))+' '+D.length+'건","페이지 데이터/상태 경로: 정확한 runtime reachability 미확인","직접 literal write 발견 없음; 간접 호출은 미확인","local/crm.html:6170","미확정: 원본 handler/template 추적 필요","TEST_MISSING","중복정의·동적 template·상위함수 호출을 실제 렌더 결과와 연결","해당 원본 컨트롤의 노출 조건·클릭/필터/취소 결과를 Golden fixture로 검증","<button class=""pfc on"">"
"C01454","UNRESOLVED_CONTROL","paintSplit: 근거 필터 해제","페이지 데이터/상태 경로: 정확한 runtime reachability 미확인","직접 literal write 발견 없음; 간접 호출은 미확인","local/crm.html:6170","미확정: 원본 handler/template 추적 필요","TEST_MISSING","중복정의·동적 template·상위함수 호출을 실제 렌더 결과와 연결","해당 원본 컨트롤의 노출 조건·클릭/필터/취소 결과를 Golden fixture로 검증","<button class=""pfreset"" onclick=""G.quickIssueKind=\'all\';G.splitKey=null;paint()"">"
"C01455","UNRESOLVED_CONTROL","paintSplit: div","페이지 데이터/상태 경로: 정확한 runtime reachability 미확인","직접 literal write 발견 없음; 간접 호출은 미확인","local/crm.html:6172","미확정: 원본 handler/template 추적 필요","TEST_MISSING","중복정의·동적 template·상위함수 호출을 실제 렌더 결과와 연결","해당 원본 컨트롤의 노출 조건·클릭/필터/취소 결과를 Golden fixture로 검증","<div class=""mlrow '+(k===G.splitKey?'sel':'')+'"" data-k=""'+escAttr(k)+'"" onclick=""G.splitScroll=this.parentElement.scrollTop;G.splitKey=this.dataset.k;G.splitForm=null;paint()"">"
"C01456","UNRESOLVED_CONTROL","quickAssign: 0","페이지 데이터/상태 경로: 정확한 runtime reachability 미확인","직접 literal write 발견 없음; 간접 호출은 미확인","local/crm.html:6193","미확정: 원본 handler/template 추적 필요","TEST_MISSING","중복정의·동적 template·상위함수 호출을 실제 렌더 결과와 연결","해당 원본 컨트롤의 노출 조건·클릭/필터/취소 결과를 Golden fixture로 검증","<0)return alert('견적문의에 직접 배정할 수 없는 담당자입니다.');inqCtlRecordAssignment(q,rep,'피드 빠른 배정');saveLocal();G.inqNotice=(q.site||'문의')+'를 '+rep+' 담당으로 배정했습니다.';paint()}
function inqRowHTML(q,extra){var p=priorityInfo(q,'inq');return '<div class=""mlrow"" onclick=\'drwInq('+escAttr(JSON.stringify(JSON.stringify(q)))+')\'>"
"C01457","UNRESOLVED_CONTROL","inqLink: 연결","페이지 데이터/상태 경로: 정확한 runtime reachability 미확인","직접 literal write 발견 없음; 간접 호출은 미확인","local/crm.html:6255","미확정: 원본 handler/template 추적 필요","TEST_MISSING","중복정의·동적 template·상위함수 호출을 실제 렌더 결과와 연결","해당 원본 컨트롤의 노출 조건·클릭/필터/취소 결과를 Golden fixture로 검증","<button class=""lbtn"" data-i=""'+i+'"" data-j=""'+j+'"" onclick=""linkConfirm(Number(this.dataset.i),Number(this.dataset.j))"">"
"C01458","UNRESOLVED_CONTROL","inqLink: 나머지 '+(rows.length-lim)+'건 더 보기","페이지 데이터/상태 경로: 정확한 runtime reachability 미확인","직접 literal write 발견 없음; 간접 호출은 미확인","local/crm.html:6258","미확정: 원본 handler/template 추적 필요","TEST_MISSING","중복정의·동적 template·상위함수 호출을 실제 렌더 결과와 연결","해당 원본 컨트롤의 노출 조건·클릭/필터/취소 결과를 Golden fixture로 검증","<button class=""utlmore"" onclick=""G.linkAll=true;paint()"">"
"C01459","UNRESOLVED_CONTROL","inqBrandChips: '
     +(BICON[b]?BICON[b][0]+' ':'')+esc(b)+' ","페이지 데이터/상태 경로: 정확한 runtime reachability 미확인","직접 literal write 발견 없음; 간접 호출은 미확인","local/crm.html:6282","미확정: 원본 handler/template 추적 필요","TEST_MISSING","중복정의·동적 template·상위함수 호출을 실제 렌더 결과와 연결","해당 원본 컨트롤의 노출 조건·클릭/필터/취소 결과를 Golden fixture로 검증","<button class=""'+(G.brand===b?'on':'')+'"" data-b=""'+escAttr(b)+'"" onclick=""G.brand=this.dataset.b;G.inqSelKey=null;paint()"">"
"C01460","UNRESOLVED_CONTROL","paintInq: '+x[1]+'","페이지 데이터/상태 경로: 정확한 runtime reachability 미확인","직접 literal write 발견 없음; 간접 호출은 미확인","local/crm.html:6295","미확정: 원본 handler/template 추적 필요","TEST_MISSING","중복정의·동적 template·상위함수 호출을 실제 렌더 결과와 연결","해당 원본 컨트롤의 노출 조건·클릭/필터/취소 결과를 Golden fixture로 검증","<button class=""'+(v===x[0]?'on':'')+'"" data-v=""'+x[0]+'"" onclick=""G.inqView=this.dataset.v;G.inqNotice=\'\';paint()"">"
"C01461","UNRESOLVED_CONTROL","paintInq: '
  +'","페이지 데이터/상태 경로: 정확한 runtime reachability 미확인","직접 literal write 발견 없음; 간접 호출은 미확인","local/crm.html:6296","미확정: 원본 handler/template 추적 필요","TEST_MISSING","중복정의·동적 template·상위함수 호출을 실제 렌더 결과와 연결","해당 원본 컨트롤의 노출 조건·클릭/필터/취소 결과를 Golden fixture로 검증","<button class=""hidetgl '+(G.hideClosed?'on':'')+'"" onclick=""toggleHideClosed()"" title=""수주·실주·배드핏·연락두절 상태와 과거 종료 데이터를 목록에서 제외합니다"">"
"C01462","UNRESOLVED_CONTROL","paintInq: 필터 해제","페이지 데이터/상태 경로: 정확한 runtime reachability 미확인","직접 literal write 발견 없음; 간접 호출은 미확인","local/crm.html:6301","미확정: 원본 handler/template 추적 필요","TEST_MISSING","중복정의·동적 template·상위함수 호출을 실제 렌더 결과와 연결","해당 원본 컨트롤의 노출 조건·클릭/필터/취소 결과를 Golden fixture로 검증","<button class=""act"" onclick=""clearBriefInquiry()"">"
"C01463","UNRESOLVED_CONTROL","paintInq: 필터 해제","페이지 데이터/상태 경로: 정확한 runtime reachability 미확인","직접 literal write 발견 없음; 간접 호출은 미확인","local/crm.html:6302","미확정: 원본 handler/template 추적 필요","TEST_MISSING","중복정의·동적 template·상위함수 호출을 실제 렌더 결과와 연결","해당 원본 컨트롤의 노출 조건·클릭/필터/취소 결과를 Golden fixture로 검증","<button class=""act"" onclick=""clearInquiryIssue()"">"
"C01464","UNRESOLVED_CONTROL","paintInq: 인계 대기만 보기","페이지 데이터/상태 경로: 정확한 runtime reachability 미확인","직접 literal write 발견 없음; 간접 호출은 미확인","local/crm.html:6303","미확정: 원본 handler/template 추적 필요","TEST_MISSING","중복정의·동적 template·상위함수 호출을 실제 렌더 결과와 연결","해당 원본 컨트롤의 노출 조건·클릭/필터/취소 결과를 Golden fixture로 검증","<button class=""act"" onclick=""G.inqPhase=\'인계 대기\';G.inqView=\'split\';G.inqSelKey=null;paint()"">"
"C01465","UNRESOLVED_CONTROL","paintInq: 인계 건 내보내기","페이지 데이터/상태 경로: 정확한 runtime reachability 미확인","직접 literal write 발견 없음; 간접 호출은 미확인","local/crm.html:6304","미확정: 원본 handler/template 추적 필요","TEST_MISSING","중복정의·동적 template·상위함수 호출을 실제 렌더 결과와 연결","해당 원본 컨트롤의 노출 조건·클릭/필터/취소 결과를 Golden fixture로 검증","<button class=""act"" onclick=""exportPromotions()"">"
"C01466","UNRESOLVED_CONTROL","inqFeed: '+r[0]+' '+r[1]+'","페이지 데이터/상태 경로: 정확한 runtime reachability 미확인","직접 literal write 발견 없음; 간접 호출은 미확인","local/crm.html:6322","미확정: 원본 handler/template 추적 필요","TEST_MISSING","중복정의·동적 template·상위함수 호출을 실제 렌더 결과와 연결","해당 원본 컨트롤의 노출 조건·클릭/필터/취소 결과를 Golden fixture로 검증","<button class=""mbadge gray"" style=""border:0;cursor:pointer;font-family:inherit;padding:7px 11px"" data-k=""'+escAttr(k)+'"" data-r=""'+escAttr(r[0])+'"" onclick=""event.stopPropagation();quickAssign(this.dataset.k,this.dataset.r)"">"
"C01467","UNRESOLVED_CONTROL","inqFeed: select","페이지 데이터/상태 경로: 정확한 runtime reachability 미확인","직접 literal write 발견 없음; 간접 호출은 미확인","local/crm.html:6323","미확정: 원본 handler/template 추적 필요","TEST_MISSING","중복정의·동적 template·상위함수 호출을 실제 렌더 결과와 연결","해당 원본 컨트롤의 노출 조건·클릭/필터/취소 결과를 Golden fixture로 검증","<select data-k=""'+escAttr(k)+'"" onclick=""event.stopPropagation()"" onchange=""if(this.value)quickAssign(this.dataset.k,this.value)"" style=""font:inherit;font-size:12px;font-weight:800;border:1px solid var(--line);border-radius:999px;padding:6px 8px;background:#fff;color:var(--ink2)"">"
"C01468","UNRESOLVED_CONTROL","inqFeed: 상세 →","페이지 데이터/상태 경로: 정확한 runtime reachability 미확인","직접 literal write 발견 없음; 간접 호출은 미확인","local/crm.html:6324","미확정: 원본 handler/template 추적 필요","TEST_MISSING","중복정의·동적 template·상위함수 호출을 실제 렌더 결과와 연결","해당 원본 컨트롤의 노출 조건·클릭/필터/취소 결과를 Golden fixture로 검증","<button class=""mbadge blue"" style=""border:0;cursor:pointer;font-family:inherit;padding:7px 13px"" onclick=\'event.stopPropagation();drwInq('+escAttr(JSON.stringify(JSON.stringify(q)))+')\'>"
"C01469","UNRESOLVED_CONTROL","inqFeed: '+(open?'접기 ▴':L.length-5+'건 더 보기 ▾')+'","페이지 데이터/상태 경로: 정확한 runtime reachability 미확인","직접 literal write 발견 없음; 간접 호출은 미확인","local/crm.html:6332","미확정: 원본 handler/template 추적 필요","TEST_MISSING","중복정의·동적 template·상위함수 호출을 실제 렌더 결과와 연결","해당 원본 컨트롤의 노출 조건·클릭/필터/취소 결과를 Golden fixture로 검증","<button class=""mmore"" data-g=""'+g[0]+'"" onclick=""feedMore(this.dataset.g)"">"
"C01470","UNRESOLVED_CONTROL","inqFeed: 30일 이전 '+old+'건 — 보드+콘솔에서 보기 →","페이지 데이터/상태 경로: 정확한 runtime reachability 미확인","직접 literal write 발견 없음; 간접 호출은 미확인","local/crm.html:6335","미확정: 원본 handler/template 추적 필요","TEST_MISSING","중복정의·동적 template·상위함수 호출을 실제 렌더 결과와 연결","해당 원본 컨트롤의 노출 조건·클릭/필터/취소 결과를 Golden fixture로 검증","<button class=""mmore"" style=""margin-top:10px"" onclick=""G.inqView=\'console\';paint()"">"
"C01471","UNRESOLVED_CONTROL","inqConsole: '
    +'","페이지 데이터/상태 경로: 정확한 runtime reachability 미확인","직접 literal write 발견 없음; 간접 호출은 미확인","local/crm.html:6383","미확정: 원본 handler/template 추적 필요","TEST_MISSING","중복정의·동적 template·상위함수 호출을 실제 렌더 결과와 연결","해당 원본 컨트롤의 노출 조건·클릭/필터/취소 결과를 Golden fixture로 검증","<button class=""iqc-card '+x[1]+(on?' on':'')+'"" data-p=""'+escAttr(x[0])+'"" onclick=""G.inqPhase=this.dataset.p===G.inqPhase?\'전체\':this.dataset.p;paint()"">"
"C01472","UNRESOLVED_CONTROL","inqConsole: '
    +'","페이지 데이터/상태 경로: 정확한 runtime reachability 미확인","직접 literal write 발견 없음; 간접 호출은 미확인","local/crm.html:6392","미확정: 원본 handler/template 추적 필요","TEST_MISSING","중복정의·동적 template·상위함수 호출을 실제 렌더 결과와 연결","해당 원본 컨트롤의 노출 조건·클릭/필터/취소 결과를 Golden fixture로 검증","<div class=""iqc-row'+(sla?' sla':'')+'"" style=""'+cols+'"" onclick=""openSplitFrom('+i+')"">"
"C01473","UNRESOLVED_CONTROL","inqConsole: span","페이지 데이터/상태 경로: 정확한 runtime reachability 미확인","직접 literal write 발견 없음; 간접 호출은 미확인","local/crm.html:6393","미확정: 원본 handler/template 추적 필요","TEST_MISSING","중복정의·동적 template·상위함수 호출을 실제 렌더 결과와 연결","해당 원본 컨트롤의 노출 조건·클릭/필터/취소 결과를 Golden fixture로 검증","<span onclick=""event.stopPropagation()"">"
"C01474","UNRESOLVED_CONTROL","inqConsole: input","페이지 데이터/상태 경로: 정확한 runtime reachability 미확인","직접 literal write 발견 없음; 간접 호출은 미확인","local/crm.html:6393","미확정: 원본 handler/template 추적 필요","TEST_MISSING","중복정의·동적 template·상위함수 호출을 실제 렌더 결과와 연결","해당 원본 컨트롤의 노출 조건·클릭/필터/취소 결과를 Golden fixture로 검증","<input type=""checkbox"" data-k=""'+escAttr(k)+'"" '+(INQ_SEL[k]?'checked':'')+' onclick=""inqTick(this.dataset.k,this.checked)"">"
"C01475","UNRESOLVED_CONTROL","inqConsole: '+(un
        ?'","페이지 데이터/상태 경로: 정확한 runtime reachability 미확인","직접 literal write 발견 없음; 간접 호출은 미확인","local/crm.html:6398","미확정: 원본 handler/template 추적 필요","TEST_MISSING","중복정의·동적 template·상위함수 호출을 실제 렌더 결과와 연결","해당 원본 컨트롤의 노출 조건·클릭/필터/취소 결과를 Golden fixture로 검증","<span onclick=""event.stopPropagation()"">"
"C01476","UNRESOLVED_CONTROL","inqConsole: select","페이지 데이터/상태 경로: 정확한 runtime reachability 미확인","직접 literal write 발견 없음; 간접 호출은 미확인","local/crm.html:6399","미확정: 원본 handler/template 추적 필요","TEST_MISSING","중복정의·동적 template·상위함수 호출을 실제 렌더 결과와 연결","해당 원본 컨트롤의 노출 조건·클릭/필터/취소 결과를 Golden fixture로 검증","<select class=""un"" onchange=""quickAssign(this.dataset.k,this.value)"" data-k=""'+escAttr(k)+'"">"
"C01477","UNRESOLVED_CONTROL","inqConsole: 일괄 배정","페이지 데이터/상태 경로: 정확한 runtime reachability 미확인","직접 literal write 발견 없음; 간접 호출은 미확인","local/crm.html:6407","미확정: 원본 handler/template 추적 필요","TEST_MISSING","중복정의·동적 template·상위함수 호출을 실제 렌더 결과와 연결","해당 원본 컨트롤의 노출 조건·클릭/필터/취소 결과를 Golden fixture로 검증","<button class=""'+(mode==='assign'?'on':'')+'"" onclick=""inqBulkMode(\'assign\')"">"
"C01478","UNRESOLVED_CONTROL","inqConsole: 🔔 잔디 쪼기","페이지 데이터/상태 경로: 정확한 runtime reachability 미확인","직접 literal write 발견 없음; 간접 호출은 미확인","local/crm.html:6408","미확정: 원본 handler/template 추적 필요","TEST_MISSING","중복정의·동적 template·상위함수 호출을 실제 렌더 결과와 연결","해당 원본 컨트롤의 노출 조건·클릭/필터/취소 결과를 Golden fixture로 검증","<button onclick=""nudgeSelected()"">"
"C01479","UNRESOLVED_CONTROL","inqConsole: 다음 행동 등록","페이지 데이터/상태 경로: 정확한 runtime reachability 미확인","직접 literal write 발견 없음; 간접 호출은 미확인","local/crm.html:6409","미확정: 원본 handler/template 추적 필요","TEST_MISSING","중복정의·동적 template·상위함수 호출을 실제 렌더 결과와 연결","해당 원본 컨트롤의 노출 조건·클릭/필터/취소 결과를 Golden fixture로 검증","<button class=""pri '+(mode==='action'?'on':'')+'"" onclick=""inqBulkMode(\'action\')"">"
"C01480","UNRESOLVED_CONTROL","inqConsole: select","페이지 데이터/상태 경로: 정확한 runtime reachability 미확인","직접 literal write 발견 없음; 간접 호출은 미확인","local/crm.html:6410","미확정: 원본 handler/template 추적 필요","TEST_MISSING","중복정의·동적 template·상위함수 호출을 실제 렌더 결과와 연결","해당 원본 컨트롤의 노출 조건·클릭/필터/취소 결과를 Golden fixture로 검증","<select id=""inqBulkRep"">"
"C01481","UNRESOLVED_CONTROL","inqConsole: input","페이지 데이터/상태 경로: 정확한 runtime reachability 미확인","직접 literal write 발견 없음; 간접 호출은 미확인","local/crm.html:6411","미확정: 원본 handler/template 추적 필요","TEST_MISSING","중복정의·동적 template·상위함수 호출을 실제 렌더 결과와 연결","해당 원본 컨트롤의 노출 조건·클릭/필터/취소 결과를 Golden fixture로 검증","<input id=""inqBulkReason"" placeholder=""배정 사유 (필수)"">"
"C01482","UNRESOLVED_CONTROL","inqConsole: 배정 실행","페이지 데이터/상태 경로: 정확한 runtime reachability 미확인","직접 literal write 발견 없음; 간접 호출은 미확인","local/crm.html:6411","미확정: 원본 handler/template 추적 필요","TEST_MISSING","중복정의·동적 template·상위함수 호출을 실제 렌더 결과와 연결","해당 원본 컨트롤의 노출 조건·클릭/필터/취소 결과를 Golden fixture로 검증","<button class=""pri"" onclick=""applyInqBulk()"">"
"C01483","UNRESOLVED_CONTROL","inqConsole: input","페이지 데이터/상태 경로: 정확한 runtime reachability 미확인","직접 literal write 발견 없음; 간접 호출은 미확인","local/crm.html:6413","미확정: 원본 handler/template 추적 필요","TEST_MISSING","중복정의·동적 template·상위함수 호출을 실제 렌더 결과와 연결","해당 원본 컨트롤의 노출 조건·클릭/필터/취소 결과를 Golden fixture로 검증","<input id=""inqActText"" placeholder=""다음 행동 (예: 확인 전화)"">"
"C01484","UNRESOLVED_CONTROL","inqConsole: '
     +'","페이지 데이터/상태 경로: 정확한 runtime reachability 미확인","직접 literal write 발견 없음; 간접 호출은 미확인","local/crm.html:6413","미확정: 원본 handler/template 추적 필요","TEST_MISSING","중복정의·동적 template·상위함수 호출을 실제 렌더 결과와 연결","해당 원본 컨트롤의 노출 조건·클릭/필터/취소 결과를 Golden fixture로 검증","<input id=""inqActDue"" type=""date"">"
"C01485","UNRESOLVED_CONTROL","inqConsole: 등록 실행","페이지 데이터/상태 경로: 정확한 runtime reachability 미확인","직접 literal write 발견 없음; 간접 호출은 미확인","local/crm.html:6414","미확정: 원본 handler/template 추적 필요","TEST_MISSING","중복정의·동적 template·상위함수 호출을 실제 렌더 결과와 연결","해당 원본 컨트롤의 노출 조건·클릭/필터/취소 결과를 Golden fixture로 검증","<button class=""pri"" onclick=""applyInqBulkAction()"">"
"C01486","UNRESOLVED_CONTROL","inqRegion: button","페이지 데이터/상태 경로: 정확한 runtime reachability 미확인","직접 literal write 발견 없음; 간접 호출은 미확인","local/crm.html:6432","미확정: 원본 handler/template 추적 필요","TEST_MISSING","중복정의·동적 template·상위함수 호출을 실제 렌더 결과와 연결","해당 원본 컨트롤의 노출 조건·클릭/필터/취소 결과를 Golden fixture로 검증","<button data-r=""'+x.r+'"" onclick=""G.inqRegion=this.dataset.r;paint()"" style=""width:'+sz+'px;height:'+sz+'px;border-radius:50%;cursor:pointer;border:0;font-family:inherit;display:flex;flex-direction:column;align-items:center;justify-content:center;'+(on?'background:var(--blue);color:#fff;box-shadow:0 10px 24px -8px rgba(51,102,255,.5)':'background:var(--blue-100);color:var(--blue)')+'"">"
"C01487","UNRESOLVED_CONTROL","splitActForm: input","페이지 데이터/상태 경로: 정확한 runtime reachability 미확인","직접 literal write 발견 없음; 간접 호출은 미확인","local/crm.html:6616","미확정: 원본 handler/template 추적 필요","TEST_MISSING","중복정의·동적 template·상위함수 호출을 실제 렌더 결과와 연결","해당 원본 컨트롤의 노출 조건·클릭/필터/취소 결과를 Golden fixture로 검증","<input id=""spNextText"" placeholder=""다음 행동 (예: 견적 확인 전화)"" autofocus>"
"C01488","UNRESOLVED_CONTROL","splitActForm: input","페이지 데이터/상태 경로: 정확한 runtime reachability 미확인","직접 literal write 발견 없음; 간접 호출은 미확인","local/crm.html:6617","미확정: 원본 handler/template 추적 필요","TEST_MISSING","중복정의·동적 template·상위함수 호출을 실제 렌더 결과와 연결","해당 원본 컨트롤의 노출 조건·클릭/필터/취소 결과를 Golden fixture로 검증","<input id=""spNextDue"" type=""date"" required>"
"C01489","UNRESOLVED_CONTROL","splitActForm: 저장","페이지 데이터/상태 경로: 정확한 runtime reachability 미확인","직접 literal write 발견 없음; 간접 호출은 미확인","local/crm.html:6617","미확정: 원본 handler/template 추적 필요","TEST_MISSING","중복정의·동적 template·상위함수 호출을 실제 렌더 결과와 연결","해당 원본 컨트롤의 노출 조건·클릭/필터/취소 결과를 Golden fixture로 검증","<button class=""pri"" onclick=""splitSaveNext()"">"
"C01490","UNRESOLVED_CONTROL","splitActForm: 취소","페이지 데이터/상태 경로: 정확한 runtime reachability 미확인","직접 literal write 발견 없음; 간접 호출은 미확인","local/crm.html:6617","미확정: 원본 handler/template 추적 필요","TEST_MISSING","중복정의·동적 template·상위함수 호출을 실제 렌더 결과와 연결","해당 원본 컨트롤의 노출 조건·클릭/필터/취소 결과를 Golden fixture로 검증","<button onclick=""inqAct(null)"">"
"C01491","UNRESOLVED_CONTROL","splitActForm: '+INQ_STATUS_LIST.concat(CLOSED_INPUT_ST).map(function(s){return '","페이지 데이터/상태 경로: 정확한 runtime reachability 미확인","직접 literal write 발견 없음; 간접 호출은 미확인","local/crm.html:6618","미확정: 원본 handler/template 추적 필요","TEST_MISSING","중복정의·동적 template·상위함수 호출을 실제 렌더 결과와 연결","해당 원본 컨트롤의 노출 조건·클릭/필터/취소 결과를 Golden fixture로 검증","<select id=""spStatus"">"
"C01492","UNRESOLVED_CONTROL","splitActForm: 변경","페이지 데이터/상태 경로: 정확한 runtime reachability 미확인","직접 literal write 발견 없음; 간접 호출은 미확인","local/crm.html:6619","미확정: 원본 handler/template 추적 필요","TEST_MISSING","중복정의·동적 template·상위함수 호출을 실제 렌더 결과와 연결","해당 원본 컨트롤의 노출 조건·클릭/필터/취소 결과를 Golden fixture로 검증","<button class=""pri"" onclick=""splitSaveStatus()"">"
"C01493","UNRESOLVED_CONTROL","splitActForm: 취소","페이지 데이터/상태 경로: 정확한 runtime reachability 미확인","직접 literal write 발견 없음; 간접 호출은 미확인","local/crm.html:6619","미확정: 원본 handler/template 추적 필요","TEST_MISSING","중복정의·동적 template·상위함수 호출을 실제 렌더 결과와 연결","해당 원본 컨트롤의 노출 조건·클릭/필터/취소 결과를 Golden fixture로 검증","<button onclick=""inqAct(null)"">"
"C01494","UNRESOLVED_CONTROL","splitActForm: 영업담당 배정 창","페이지 데이터/상태 경로: 정확한 runtime reachability 미확인","직접 literal write 발견 없음; 간접 호출은 미확인","local/crm.html:6620","미확정: 원본 handler/template 추적 필요","TEST_MISSING","중복정의·동적 template·상위함수 호출을 실제 렌더 결과와 연결","해당 원본 컨트롤의 노출 조건·클릭/필터/취소 결과를 Golden fixture로 검증","<button class=""pri"" data-k=""'+escAttr(inqKey(q))+'"" data-mode=""'+(inquiryAssigned(q)?'reassign':'assign')+'"" onclick=""inqCtlOpenAssign(this.dataset.mode,this.dataset.k)"">"
"C01495","UNRESOLVED_CONTROL","splitActForm: 상담담당 지정","페이지 데이터/상태 경로: 정확한 runtime reachability 미확인","직접 literal write 발견 없음; 간접 호출은 미확인","local/crm.html:6620","미확정: 원본 handler/template 추적 필요","TEST_MISSING","중복정의·동적 template·상위함수 호출을 실제 렌더 결과와 연결","해당 원본 컨트롤의 노출 조건·클릭/필터/취소 결과를 Golden fixture로 검증","<button data-k=""'+escAttr(inqKey(q))+'"" onclick=""inqCtlOpenConsultant(this.dataset.k)"">"
"C01496","UNRESOLVED_CONTROL","splitActForm: 취소","페이지 데이터/상태 경로: 정확한 runtime reachability 미확인","직접 literal write 발견 없음; 간접 호출은 미확인","local/crm.html:6620","미확정: 원본 handler/template 추적 필요","TEST_MISSING","중복정의·동적 template·상위함수 호출을 실제 렌더 결과와 연결","해당 원본 컨트롤의 노출 조건·클릭/필터/취소 결과를 Golden fixture로 검증","<button onclick=""inqAct(null)"">"
"C01497","UNRESOLVED_CONTROL","splitActForm: select","페이지 데이터/상태 경로: 정확한 runtime reachability 미확인","직접 literal write 발견 없음; 간접 호출은 미확인","local/crm.html:6621","미확정: 원본 handler/template 추적 필요","TEST_MISSING","중복정의·동적 template·상위함수 호출을 실제 렌더 결과와 연결","해당 원본 컨트롤의 노출 조건·클릭/필터/취소 결과를 Golden fixture로 검증","<select id=""spLogType"">"
"C01498","UNRESOLVED_CONTROL","splitActForm: input","페이지 데이터/상태 경로: 정확한 runtime reachability 미확인","직접 literal write 발견 없음; 간접 호출은 미확인","local/crm.html:6622","미확정: 원본 handler/template 추적 필요","TEST_MISSING","중복정의·동적 template·상위함수 호출을 실제 렌더 결과와 연결","해당 원본 컨트롤의 노출 조건·클릭/필터/취소 결과를 Golden fixture로 검증","<input id=""spLogNote"" placeholder=""한 줄 기록 (예: 관리소장 통화, 예산 확정 후 재연락)"">"
"C01499","UNRESOLVED_CONTROL","splitActForm: 기록","페이지 데이터/상태 경로: 정확한 runtime reachability 미확인","직접 literal write 발견 없음; 간접 호출은 미확인","local/crm.html:6622","미확정: 원본 handler/template 추적 필요","TEST_MISSING","중복정의·동적 template·상위함수 호출을 실제 렌더 결과와 연결","해당 원본 컨트롤의 노출 조건·클릭/필터/취소 결과를 Golden fixture로 검증","<button class=""pri"" onclick=""splitSaveLog()"">"
"C01500","UNRESOLVED_CONTROL","splitActForm: 취소","페이지 데이터/상태 경로: 정확한 runtime reachability 미확인","직접 literal write 발견 없음; 간접 호출은 미확인","local/crm.html:6622","미확정: 원본 handler/template 추적 필요","TEST_MISSING","중복정의·동적 template·상위함수 호출을 실제 렌더 결과와 연결","해당 원본 컨트롤의 노출 조건·클릭/필터/취소 결과를 Golden fixture로 검증","<button onclick=""inqAct(null)"">"
"C01501","UNRESOLVED_CONTROL","inqSplit: '+k+' ","페이지 데이터/상태 경로: 정확한 runtime reachability 미확인","직접 literal write 발견 없음; 간접 호출은 미확인","local/crm.html:6629","미확정: 원본 handler/template 추적 필요","TEST_MISSING","중복정의·동적 template·상위함수 호출을 실제 렌더 결과와 연결","해당 원본 컨트롤의 노출 조건·클릭/필터/취소 결과를 Golden fixture로 검증","<button class=""c'+i+(pf===k?' on':'')+'"" onclick=""inqPhaseSetAt('+i+')"">"
"C01502","UNRESOLVED_CONTROL","inqSplit: '
     +'","페이지 데이터/상태 경로: 정확한 runtime reachability 미확인","직접 literal write 발견 없음; 간접 호출은 미확인","local/crm.html:6645","미확정: 원본 handler/template 추적 필요","TEST_MISSING","중복정의·동적 template·상위함수 호출을 실제 렌더 결과와 연결","해당 원본 컨트롤의 노출 조건·클릭/필터/취소 결과를 Golden fixture로 검증","<0)sel=SPLIT_CACHE[0];
  G.inqSelKey=inqKey(sel);
  setCurDetail(sel);
  var pos=SPLIT_CACHE.map(inqKey).indexOf(inqKey(sel))+1;
  var list=SPLIT_CACHE.map(function(q,i){var on=inqKey(q)===G.inqSelKey,p=priorityInfo(q,'inq');
    return '<div class=""sp-row'+(on?' on':'')+((on&&G.inqPinned&&i===0)?' pinned':'')+'"" onclick=""splitPick('+i+')"">"
"C01503","UNRESOLVED_CONTROL","inqSplit: 📅 다음 행동","페이지 데이터/상태 경로: 정확한 runtime reachability 미확인","직접 literal write 발견 없음; 간접 호출은 미확인","local/crm.html:6668","미확정: 원본 handler/template 추적 필요","TEST_MISSING","중복정의·동적 template·상위함수 호출을 실제 렌더 결과와 연결","해당 원본 컨트롤의 노출 조건·클릭/필터/취소 결과를 Golden fixture로 검증","<button class=""'+(G.inqAct==='next'?'on':'pri')+'"" onclick=""inqAct(\'next\')"">"
"C01504","UNRESOLVED_CONTROL","inqSplit: 🔄 상태 변경","페이지 데이터/상태 경로: 정확한 runtime reachability 미확인","직접 literal write 발견 없음; 간접 호출은 미확인","local/crm.html:6669","미확정: 원본 handler/template 추적 필요","TEST_MISSING","중복정의·동적 template·상위함수 호출을 실제 렌더 결과와 연결","해당 원본 컨트롤의 노출 조건·클릭/필터/취소 결과를 Golden fixture로 검증","<button class=""'+(G.inqAct==='status'?'on':'')+'"" onclick=""inqAct(\'status\')"">"
"C01505","UNRESOLVED_CONTROL","inqSplit: 👤 상담·영업담당","페이지 데이터/상태 경로: 정확한 runtime reachability 미확인","직접 literal write 발견 없음; 간접 호출은 미확인","local/crm.html:6670","미확정: 원본 handler/template 추적 필요","TEST_MISSING","중복정의·동적 template·상위함수 호출을 실제 렌더 결과와 연결","해당 원본 컨트롤의 노출 조건·클릭/필터/취소 결과를 Golden fixture로 검증","<button class=""'+(G.inqAct==='rep'?'on':'')+'"" onclick=""inqAct(\'rep\')"">"
"C01506","UNRESOLVED_CONTROL","inqSplit: 📞 활동 기록","페이지 데이터/상태 경로: 정확한 runtime reachability 미확인","직접 literal write 발견 없음; 간접 호출은 미확인","local/crm.html:6671","미확정: 원본 handler/template 추적 필요","TEST_MISSING","중복정의·동적 template·상위함수 호출을 실제 렌더 결과와 연결","해당 원본 컨트롤의 노출 조건·클릭/필터/취소 결과를 Golden fixture로 검증","<button class=""'+(G.inqAct==='log'?'on':'')+'"" onclick=""inqAct(\'log\')"">"
"C01507","UNRESOLVED_CONTROL","inqSplit: ↑ 이전","페이지 데이터/상태 경로: 정확한 runtime reachability 미확인","직접 literal write 발견 없음; 간접 호출은 미확인","local/crm.html:6686","미확정: 원본 handler/template 추적 필요","TEST_MISSING","중복정의·동적 template·상위함수 호출을 실제 렌더 결과와 연결","해당 원본 컨트롤의 노출 조건·클릭/필터/취소 결과를 Golden fixture로 검증","<button class=""mini"" onclick=""splitMove(-1)"">"
"C01508","UNRESOLVED_CONTROL","inqSplit: ↓ 다음","페이지 데이터/상태 경로: 정확한 runtime reachability 미확인","직접 literal write 발견 없음; 간접 호출은 미확인","local/crm.html:6686","미확정: 원본 handler/template 추적 필요","TEST_MISSING","중복정의·동적 template·상위함수 호출을 실제 렌더 결과와 연결","해당 원본 컨트롤의 노출 조건·클릭/필터/취소 결과를 Golden fixture로 검증","<button class=""mini"" onclick=""splitMove(1)"">"
"C01509","UNRESOLVED_CONTROL","promoteBlock: 파이프라인에서 보기 →","페이지 데이터/상태 경로: 정확한 runtime reachability 미확인","직접 literal write 발견 없음; 간접 호출은 미확인","local/crm.html:6817","미확정: 원본 handler/template 추적 필요","TEST_MISSING","중복정의·동적 template·상위함수 호출을 실제 렌더 결과와 연결","해당 원본 컨트롤의 노출 조건·클릭/필터/취소 결과를 Golden fixture로 검증","<button class=""pl-btn"" onclick=""openPromotedDeal()"">"
"C01510","UNRESOLVED_CONTROL","promoteBlock: '
      +'","페이지 데이터/상태 경로: 정확한 runtime reachability 미확인","직접 literal write 발견 없음; 간접 호출은 미확인","local/crm.html:6821","미확정: 원본 handler/template 추적 필요","TEST_MISSING","중복정의·동적 template·상위함수 호출을 실제 렌더 결과와 연결","해당 원본 컨트롤의 노출 조건·클릭/필터/취소 결과를 Golden fixture로 검증","<input id=""'+promoteAmtId()+'"" type=""text"" inputmode=""decimal"" data-money min=""0"" step=""100"" placeholder=""예상금액 (만원)"">"
"C01511","UNRESOLVED_CONTROL","promoteBlock: 📤 파이프라인으로 넘기기","페이지 데이터/상태 경로: 정확한 runtime reachability 미확인","직접 literal write 발견 없음; 간접 호출은 미확인","local/crm.html:6822","미확정: 원본 handler/template 추적 필요","TEST_MISSING","중복정의·동적 template·상위함수 호출을 실제 렌더 결과와 연결","해당 원본 컨트롤의 노출 조건·클릭/필터/취소 결과를 Golden fixture로 검증","<button class=""pl-btn pri"" onclick=""promoteToPipeline()"">"
"C01512","UNRESOLVED_CONTROL","histBlock: '+(open?'접기 ▴':'전체 보기 ▾')+'","페이지 데이터/상태 경로: 정확한 runtime reachability 미확인","직접 literal write 발견 없음; 간접 호출은 미확인","local/crm.html:6856","미확정: 원본 handler/template 추적 필요","TEST_MISSING","중복정의·동적 template·상위함수 호출을 실제 렌더 결과와 연결","해당 원본 컨트롤의 노출 조건·클릭/필터/취소 결과를 Golden fixture로 검증","<button class=""hs-more"" onclick=""toggleHist()"">"
"C01513","UNRESOLVED_CONTROL","splitCheckBlock: input","페이지 데이터/상태 경로: 정확한 runtime reachability 미확인","직접 literal write 발견 없음; 간접 호출은 미확인","local/crm.html:6899","미확정: 원본 handler/template 추적 필요","TEST_MISSING","중복정의·동적 template·상위함수 호출을 실제 렌더 결과와 연결","해당 원본 컨트롤의 노출 조건·클릭/필터/취소 결과를 Golden fixture로 검증","<input type=""checkbox"" '+(ch[i]?'checked':'')+' onchange=""splitCheck('+i+',this.checked)"">"
"C01514","UNRESOLVED_CONTROL","splitActionBar: ✓ 이 행동 완료","페이지 데이터/상태 경로: 정확한 runtime reachability 미확인","직접 literal write 발견 없음; 간접 호출은 미확인","local/crm.html:6907","미확정: 원본 handler/template 추적 필요","TEST_MISSING","중복정의·동적 template·상위함수 호출을 실제 렌더 결과와 연결","해당 원본 컨트롤의 노출 조건·클릭/필터/취소 결과를 Golden fixture로 검증","<button class=""sp-ab done"" onclick=""splitDoneAction()"">"
"C01515","UNRESOLVED_CONTROL","splitActionBar: 다음: '+esc(next)+' →","페이지 데이터/상태 경로: 정확한 runtime reachability 미확인","직접 literal write 발견 없음; 간접 호출은 미확인","local/crm.html:6908","미확정: 원본 handler/template 추적 필요","TEST_MISSING","중복정의·동적 template·상위함수 호출을 실제 렌더 결과와 연결","해당 원본 컨트롤의 노출 조건·클릭/필터/취소 결과를 Golden fixture로 검증","<button class=""sp-ab"" onclick=""iqForm(\'next\')"">"
"C01516","UNRESOLVED_CONTROL","splitActionBar: 단계 전환","페이지 데이터/상태 경로: 정확한 runtime reachability 미확인","직접 literal write 발견 없음; 간접 호출은 미확인","local/crm.html:6909","미확정: 원본 handler/template 추적 필요","TEST_MISSING","중복정의·동적 template·상위함수 호출을 실제 렌더 결과와 연결","해당 원본 컨트롤의 노출 조건·클릭/필터/취소 결과를 Golden fixture로 검증","<button class=""sp-ab"" onclick=""iqForm(\'stage\')"">"
"C01517","UNRESOLVED_CONTROL","iqInlineForm: input","페이지 데이터/상태 경로: 정확한 runtime reachability 미확인","직접 literal write 발견 없음; 간접 호출은 미확인","local/crm.html:6920","미확정: 원본 handler/template 추적 필요","TEST_MISSING","중복정의·동적 template·상위함수 호출을 실제 렌더 결과와 연결","해당 원본 컨트롤의 노출 조건·클릭/필터/취소 결과를 Golden fixture로 검증","<input id=""iq-did"" placeholder=""예: 관리소장 통화 — 현장방문 일정 확정"">"
"C01518","UNRESOLVED_CONTROL","iqInlineForm: input","페이지 데이터/상태 경로: 정확한 runtime reachability 미확인","직접 literal write 발견 없음; 간접 호출은 미확인","local/crm.html:6921","미확정: 원본 handler/template 추적 필요","TEST_MISSING","중복정의·동적 template·상위함수 호출을 실제 렌더 결과와 연결","해당 원본 컨트롤의 노출 조건·클릭/필터/취소 결과를 Golden fixture로 검증","<input id=""iq-res"" placeholder=""예: 9/8 오전 방문 확정"">"
"C01519","UNRESOLVED_CONTROL","iqInlineForm: input","페이지 데이터/상태 경로: 정확한 runtime reachability 미확인","직접 literal write 발견 없음; 간접 호출은 미확인","local/crm.html:6922","미확정: 원본 handler/template 추적 필요","TEST_MISSING","중복정의·동적 template·상위함수 호출을 실제 렌더 결과와 연결","해당 원본 컨트롤의 노출 조건·클릭/필터/취소 결과를 Golden fixture로 검증","<input id=""iq-next"" placeholder=""예: 방문 전 도면 요청"">"
"C01520","UNRESOLVED_CONTROL","iqInlineForm: input","페이지 데이터/상태 경로: 정확한 runtime reachability 미확인","직접 literal write 발견 없음; 간접 호출은 미확인","local/crm.html:6923","미확정: 원본 handler/template 추적 필요","TEST_MISSING","중복정의·동적 template·상위함수 호출을 실제 렌더 결과와 연결","해당 원본 컨트롤의 노출 조건·클릭/필터/취소 결과를 Golden fixture로 검증","<input id=""iq-due"" type=""date"">"
"C01521","UNRESOLVED_CONTROL","iqInlineForm: 저장","페이지 데이터/상태 경로: 정확한 runtime reachability 미확인","직접 literal write 발견 없음; 간접 호출은 미확인","local/crm.html:6924","미확정: 원본 handler/template 추적 필요","TEST_MISSING","중복정의·동적 template·상위함수 호출을 실제 렌더 결과와 연결","해당 원본 컨트롤의 노출 조건·클릭/필터/취소 결과를 Golden fixture로 검증","<button class=""dact pri"" onclick=""iqSaveStep('+idx+')"">"
"C01522","UNRESOLVED_CONTROL","iqInlineForm: 닫기","페이지 데이터/상태 경로: 정확한 runtime reachability 미확인","직접 literal write 발견 없음; 간접 호출은 미확인","local/crm.html:6924","미확정: 원본 handler/template 추적 필요","TEST_MISSING","중복정의·동적 template·상위함수 호출을 실제 렌더 결과와 연결","해당 원본 컨트롤의 노출 조건·클릭/필터/취소 결과를 Golden fixture로 검증","<button class=""dact"" onclick=""iqForm(null)"">"
"C01523","UNRESOLVED_CONTROL","iqInlineForm: '+transitionOptions(idx,'inq')+'","페이지 데이터/상태 경로: 정확한 runtime reachability 미확인","직접 literal write 발견 없음; 간접 호출은 미확인","local/crm.html:6926","미확정: 원본 handler/template 추적 필요","TEST_MISSING","중복정의·동적 template·상위함수 호출을 실제 렌더 결과와 연결","해당 원본 컨트롤의 노출 조건·클릭/필터/취소 결과를 Golden fixture로 검증","<select id=""iq-target"">"
"C01524","UNRESOLVED_CONTROL","iqInlineForm: input","페이지 데이터/상태 경로: 정확한 runtime reachability 미확인","직접 literal write 발견 없음; 간접 호출은 미확인","local/crm.html:6927","미확정: 원본 handler/template 추적 필요","TEST_MISSING","중복정의·동적 template·상위함수 호출을 실제 렌더 결과와 연결","해당 원본 컨트롤의 노출 조건·클릭/필터/취소 결과를 Golden fixture로 검증","<input id=""iq-did"" placeholder=""무엇을 했는지"">"
"C01525","UNRESOLVED_CONTROL","iqInlineForm: input","페이지 데이터/상태 경로: 정확한 runtime reachability 미확인","직접 literal write 발견 없음; 간접 호출은 미확인","local/crm.html:6928","미확정: 원본 handler/template 추적 필요","TEST_MISSING","중복정의·동적 template·상위함수 호출을 실제 렌더 결과와 연결","해당 원본 컨트롤의 노출 조건·클릭/필터/취소 결과를 Golden fixture로 검증","<input id=""iq-res"" placeholder=""결과 · 종료면 사유"">"
"C01526","UNRESOLVED_CONTROL","iqInlineForm: input","페이지 데이터/상태 경로: 정확한 runtime reachability 미확인","직접 literal write 발견 없음; 간접 호출은 미확인","local/crm.html:6929","미확정: 원본 handler/template 추적 필요","TEST_MISSING","중복정의·동적 template·상위함수 호출을 실제 렌더 결과와 연결","해당 원본 컨트롤의 노출 조건·클릭/필터/취소 결과를 Golden fixture로 검증","<input id=""iq-next"" placeholder=""종료면 비워둡니다"">"
"C01527","UNRESOLVED_CONTROL","iqInlineForm: input","페이지 데이터/상태 경로: 정확한 runtime reachability 미확인","직접 literal write 발견 없음; 간접 호출은 미확인","local/crm.html:6930","미확정: 원본 handler/template 추적 필요","TEST_MISSING","중복정의·동적 template·상위함수 호출을 실제 렌더 결과와 연결","해당 원본 컨트롤의 노출 조건·클릭/필터/취소 결과를 Golden fixture로 검증","<input id=""iq-due"" type=""date"">"
"C01528","UNRESOLVED_CONTROL","iqInlineForm: 전환 저장","페이지 데이터/상태 경로: 정확한 runtime reachability 미확인","직접 literal write 발견 없음; 간접 호출은 미확인","local/crm.html:6931","미확정: 원본 handler/template 추적 필요","TEST_MISSING","중복정의·동적 template·상위함수 호출을 실제 렌더 결과와 연결","해당 원본 컨트롤의 노출 조건·클릭/필터/취소 결과를 Golden fixture로 검증","<button class=""dact pri"" onclick=""iqSaveStage()"">"
"C01529","UNRESOLVED_CONTROL","iqInlineForm: 닫기","페이지 데이터/상태 경로: 정확한 runtime reachability 미확인","직접 literal write 발견 없음; 간접 호출은 미확인","local/crm.html:6931","미확정: 원본 handler/template 추적 필요","TEST_MISSING","중복정의·동적 template·상위함수 호출을 실제 렌더 결과와 연결","해당 원본 컨트롤의 노출 조건·클릭/필터/취소 결과를 Golden fixture로 검증","<button class=""dact"" onclick=""iqForm(null)"">"
"C01530","UNRESOLVED_CONTROL","reasonBlock: ⌨ 직접 입력","페이지 데이터/상태 경로: 정확한 runtime reachability 미확인","직접 literal write 발견 없음; 간접 호출은 미확인","local/crm.html:7031","미확정: 원본 handler/template 추적 필요","TEST_MISSING","중복정의·동적 template·상위함수 호출을 실제 렌더 결과와 연결","해당 원본 컨트롤의 노출 조건·클릭/필터/취소 결과를 Golden fixture로 검증","<button type=""button"" class=""on"" data-m=""text"" onclick=""reasonMode(\''+id+'\',\'text\')"">"
"C01531","UNRESOLVED_CONTROL","reasonBlock: 🎙 음성 기록","페이지 데이터/상태 경로: 정확한 runtime reachability 미확인","직접 literal write 발견 없음; 간접 호출은 미확인","local/crm.html:7032","미확정: 원본 handler/template 추적 필요","TEST_MISSING","중복정의·동적 template·상위함수 호출을 실제 렌더 결과와 연결","해당 원본 컨트롤의 노출 조건·클릭/필터/취소 결과를 Golden fixture로 검증","<button type=""button"" data-m=""voice"" onclick=""reasonMode(\''+id+'\',\'voice\')"">"
"C01532","UNRESOLVED_CONTROL","reasonBlock: textarea","페이지 데이터/상태 경로: 정확한 runtime reachability 미확인","직접 literal write 발견 없음; 간접 호출은 미확인","local/crm.html:7033","미확정: 원본 handler/template 추적 필요","TEST_MISSING","중복정의·동적 template·상위함수 호출을 실제 렌더 결과와 연결","해당 원본 컨트롤의 노출 조건·클릭/필터/취소 결과를 Golden fixture로 검증","<textarea id=""'+id+'-text"" oninput=""reasonGate(\''+id+'\')"" placeholder=""'+escAttr(ph||'예: 시공사와 협의 결과 기술자문 계약으로 진행하기로 함')+'"">"
"C01533","UNRESOLVED_CONTROL","reasonBlock: 🎙 녹음 시작","페이지 데이터/상태 경로: 정확한 runtime reachability 미확인","직접 literal write 발견 없음; 간접 호출은 미확인","local/crm.html:7034","미확정: 원본 handler/template 추적 필요","TEST_MISSING","중복정의·동적 template·상위함수 호출을 실제 렌더 결과와 연결","해당 원본 컨트롤의 노출 조건·클릭/필터/취소 결과를 Golden fixture로 검증","<button type=""button"" class=""recbtn"" id=""'+id+'-rec"" onclick=""reasonRec(\''+id+'\')"">"
"C01534","UNRESOLVED_CONTROL","openBizChange: '+BIZ_TYPES.filter(function(b){return b!==cur}).map(function(b){return '","페이지 데이터/상태 경로: 정확한 runtime reachability 미확인","직접 literal write 발견 없음; 간접 호출은 미확인","local/crm.html:7096","미확정: 원본 handler/template 추적 필요","TEST_MISSING","중복정의·동적 template·상위함수 호출을 실제 렌더 결과와 연결","해당 원본 컨트롤의 노출 조건·클릭/필터/취소 결과를 Golden fixture로 검증","<select id=""bz-to"">"
"C01535","UNRESOLVED_CONTROL","openBizChange: input","페이지 데이터/상태 경로: 정확한 runtime reachability 미확인","직접 literal write 발견 없음; 간접 호출은 미확인","local/crm.html:7098","미확정: 원본 handler/template 추적 필요","TEST_MISSING","중복정의·동적 template·상위함수 호출을 실제 렌더 결과와 연결","해당 원본 컨트롤의 노출 조건·클릭/필터/취소 결과를 Golden fixture로 검증","<input id=""bz-next"" placeholder=""예: 기술자문 계약서 작성"">"
"C01536","UNRESOLVED_CONTROL","openBizChange: input","페이지 데이터/상태 경로: 정확한 runtime reachability 미확인","직접 literal write 발견 없음; 간접 호출은 미확인","local/crm.html:7099","미확정: 원본 handler/template 추적 필요","TEST_MISSING","중복정의·동적 template·상위함수 호출을 실제 렌더 결과와 연결","해당 원본 컨트롤의 노출 조건·클릭/필터/취소 결과를 Golden fixture로 검증","<input id=""bz-due"" type=""date"" value=""'+due+'"">"
"C01537","UNRESOLVED_CONTROL","openBizChange: 취소","페이지 데이터/상태 경로: 정확한 runtime reachability 미확인","직접 literal write 발견 없음; 간접 호출은 미확인","local/crm.html:7100","미확정: 원본 handler/template 추적 필요","TEST_MISSING","중복정의·동적 template·상위함수 호출을 실제 렌더 결과와 연결","해당 원본 컨트롤의 노출 조건·클릭/필터/취소 결과를 Golden fixture로 검증","<button class=""dact"" onclick=""closeBiz()"">"
"C01538","UNRESOLVED_CONTROL","openBizChange: 변경 저장","페이지 데이터/상태 경로: 정확한 runtime reachability 미확인","직접 literal write 발견 없음; 간접 호출은 미확인","local/crm.html:7101","미확정: 원본 handler/template 추적 필요","TEST_MISSING","중복정의·동적 template·상위함수 호출을 실제 렌더 결과와 연결","해당 원본 컨트롤의 노출 조건·클릭/필터/취소 결과를 Golden fixture로 검증","<button class=""dact pri"" data-gate=""rs-biz"" disabled onclick=""confirmBizChange()"">"
"C01539","UNRESOLVED_CONTROL","newDealWorkHTML: =0?'on':'')+'"" data-k=""'+escAttr(k)+'"" onclick=""toggleNewDealWork(this.dataset.k","페이지 데이터/상태 경로: 정확한 runtime reachability 미확인","직접 literal write 발견 없음; 간접 호출은 미확인","local/crm.html:7130","미확정: 원본 handler/template 추적 필요","TEST_MISSING","중복정의·동적 template·상위함수 호출을 실제 렌더 결과와 연결","해당 원본 컨트롤의 노출 조건·클릭/필터/취소 결과를 Golden fixture로 검증","<button type=""button"" class=""work-option '+(NEW_DEAL_WORK.items.indexOf(k)>"
"C01540","UNRESOLVED_CONTROL","newDealWorkHTML: ':'')+'","페이지 데이터/상태 경로: 정확한 runtime reachability 미확인","직접 literal write 발견 없음; 간접 호출은 미확인","local/crm.html:7130","미확정: 원본 handler/template 추적 필요","TEST_MISSING","중복정의·동적 template·상위함수 호출을 실제 렌더 결과와 연결","해당 원본 컨트롤의 노출 조건·클릭/필터/취소 결과를 Golden fixture로 검증","<input class=""work-other"" id=""nd-work-other"" value=""'+escAttr(NEW_DEAL_WORK.other)+'"" oninput=""NEW_DEAL_WORK.other=this.value;paintNewDealWorkSummary()"" placeholder=""기타 공종을 직접 입력해 주세요"">"
"C01541","UNRESOLVED_CONTROL","newDealWorkHTML: select","페이지 데이터/상태 경로: 정확한 runtime reachability 미확인","직접 literal write 발견 없음; 간접 호출은 미확인","local/crm.html:7130","미확정: 원본 handler/template 추적 필요","TEST_MISSING","중복정의·동적 template·상위함수 호출을 실제 렌더 결과와 연결","해당 원본 컨트롤의 노출 조건·클릭/필터/취소 결과를 Golden fixture로 검증","<select id=""nd-primary-work"" onchange=""NEW_DEAL_WORK.primary=this.value;paintNewDealWorkSummary()"">"
"C01542","UNRESOLVED_CONTROL","openWorkEdit: 취소","페이지 데이터/상태 경로: 정확한 runtime reachability 미확인","직접 literal write 발견 없음; 간접 호출은 미확인","local/crm.html:7139","미확정: 원본 handler/template 추적 필요","TEST_MISSING","중복정의·동적 template·상위함수 호출을 실제 렌더 결과와 연결","해당 원본 컨트롤의 노출 조건·클릭/필터/취소 결과를 Golden fixture로 검증","<button class=""dact"" onclick=""closeNewDeal()"">"
"C01543","UNRESOLVED_CONTROL","openWorkEdit: 공종 저장","페이지 데이터/상태 경로: 정확한 runtime reachability 미확인","직접 literal write 발견 없음; 간접 호출은 미확인","local/crm.html:7139","미확정: 원본 handler/template 추적 필요","TEST_MISSING","중복정의·동적 template·상위함수 호출을 실제 렌더 결과와 연결","해당 원본 컨트롤의 노출 조건·클릭/필터/취소 결과를 Golden fixture로 검증","<button class=""dact pri"" data-gate=""rs-work"" disabled onclick=""saveWorkEdit()"">"
"C01544","UNRESOLVED_CONTROL","openNewDeal: input","페이지 데이터/상태 경로: 정확한 runtime reachability 미확인","직접 literal write 발견 없음; 간접 호출은 미확인","local/crm.html:7152","미확정: 원본 handler/template 추적 필요","TEST_MISSING","중복정의·동적 template·상위함수 호출을 실제 렌더 결과와 연결","해당 원본 컨트롤의 노출 조건·클릭/필터/취소 결과를 Golden fixture로 검증","<input id=""nd-site"" placeholder=""예: 광교더리브아파트"">"
"C01545","UNRESOLVED_CONTROL","openNewDeal: input","페이지 데이터/상태 경로: 정확한 runtime reachability 미확인","직접 literal write 발견 없음; 간접 호출은 미확인","local/crm.html:7153","미확정: 원본 handler/template 추적 필요","TEST_MISSING","중복정의·동적 template·상위함수 호출을 실제 렌더 결과와 연결","해당 원본 컨트롤의 노출 조건·클릭/필터/취소 결과를 Golden fixture로 검증","<input id=""nd-work"" placeholder=""예: 옥상 방수 재도장"">"
"C01546","UNRESOLVED_CONTROL","openNewDeal: '+BIZ_TYPES.map(function(b){return '","페이지 데이터/상태 경로: 정확한 runtime reachability 미확인","직접 literal write 발견 없음; 간접 호출은 미확인","local/crm.html:7155","미확정: 원본 handler/template 추적 필요","TEST_MISSING","중복정의·동적 template·상위함수 호출을 실제 렌더 결과와 연결","해당 원본 컨트롤의 노출 조건·클릭/필터/취소 결과를 Golden fixture로 검증","<select id=""nd-biz"">"
"C01547","UNRESOLVED_CONTROL","openNewDeal: '+newDealOwnerOptions()+'","페이지 데이터/상태 경로: 정확한 runtime reachability 미확인","직접 literal write 발견 없음; 간접 호출은 미확인","local/crm.html:7156","미확정: 원본 handler/template 추적 필요","TEST_MISSING","중복정의·동적 template·상위함수 호출을 실제 렌더 결과와 연결","해당 원본 컨트롤의 노출 조건·클릭/필터/취소 결과를 Golden fixture로 검증","<select id=""nd-rep"" required>"
"C01548","UNRESOLVED_CONTROL","openNewDeal: input","페이지 데이터/상태 경로: 정확한 runtime reachability 미확인","직접 literal write 발견 없음; 간접 호출은 미확인","local/crm.html:7157","미확정: 원본 handler/template 추적 필요","TEST_MISSING","중복정의·동적 template·상위함수 호출을 실제 렌더 결과와 연결","해당 원본 컨트롤의 노출 조건·클릭/필터/취소 결과를 Golden fixture로 검증","<input id=""nd-amt"" type=""text"" inputmode=""decimal"" data-money min=""0"" step=""1000000"" placeholder=""예: 150,000,000"">"
"C01549","UNRESOLVED_CONTROL","openNewDeal: input","페이지 데이터/상태 경로: 정확한 runtime reachability 미확인","직접 literal write 발견 없음; 간접 호출은 미확인","local/crm.html:7158","미확정: 원본 handler/template 추적 필요","TEST_MISSING","중복정의·동적 template·상위함수 호출을 실제 렌더 결과와 연결","해당 원본 컨트롤의 노출 조건·클릭/필터/취소 결과를 Golden fixture로 검증","<input id=""nd-office-tel"" inputmode=""tel"" placeholder=""예: 031-123-4567"">"
"C01550","UNRESOLVED_CONTROL","openNewDeal: input","페이지 데이터/상태 경로: 정확한 runtime reachability 미확인","직접 literal write 발견 없음; 간접 호출은 미확인","local/crm.html:7159","미확정: 원본 handler/template 추적 필요","TEST_MISSING","중복정의·동적 template·상위함수 호출을 실제 렌더 결과와 연결","해당 원본 컨트롤의 노출 조건·클릭/필터/취소 결과를 Golden fixture로 검증","<input id=""nd-manager-name"" placeholder=""예: 김OO"">"
"C01551","UNRESOLVED_CONTROL","openNewDeal: input","페이지 데이터/상태 경로: 정확한 runtime reachability 미확인","직접 literal write 발견 없음; 간접 호출은 미확인","local/crm.html:7160","미확정: 원본 handler/template 추적 필요","TEST_MISSING","중복정의·동적 template·상위함수 호출을 실제 렌더 결과와 연결","해당 원본 컨트롤의 노출 조건·클릭/필터/취소 결과를 Golden fixture로 검증","<input id=""nd-manager-mobile"" inputmode=""tel"" placeholder=""예: 010-1234-5678"" oninput=""checkManagerHistory()"">"
"C01552","UNRESOLVED_CONTROL","openNewDeal: input","페이지 데이터/상태 경로: 정확한 runtime reachability 미확인","직접 literal write 발견 없음; 간접 호출은 미확인","local/crm.html:7161","미확정: 원본 handler/template 추적 필요","TEST_MISSING","중복정의·동적 template·상위함수 호출을 실제 렌더 결과와 연결","해당 원본 컨트롤의 노출 조건·클릭/필터/취소 결과를 Golden fixture로 검증","<input id=""nd-office-email"" type=""email"" placeholder=""예: office@example.com"">"
"C01553","UNRESOLVED_CONTROL","openNewDeal: input","페이지 데이터/상태 경로: 정확한 runtime reachability 미확인","직접 literal write 발견 없음; 간접 호출은 미확인","local/crm.html:7162","미확정: 원본 handler/template 추적 필요","TEST_MISSING","중복정의·동적 template·상위함수 호출을 실제 렌더 결과와 연결","해당 원본 컨트롤의 노출 조건·클릭/필터/취소 결과를 Golden fixture로 검증","<input id=""nd-address"" placeholder=""예: 경기 수원시 영통구 ..."" onkeydown=""if(event.key===\'Enter\'){event.preventDefault();openKakaoAddress()}"">"
"C01554","UNRESOLVED_CONTROL","openNewDeal: 📍 카카오맵 확인","페이지 데이터/상태 경로: 정확한 runtime reachability 미확인","직접 literal write 발견 없음; 간접 호출은 미확인","local/crm.html:7162","미확정: 원본 handler/template 추적 필요","TEST_MISSING","중복정의·동적 template·상위함수 호출을 실제 렌더 결과와 연결","해당 원본 컨트롤의 노출 조건·클릭/필터/취소 결과를 Golden fixture로 검증","<button type=""button"" onclick=""openKakaoAddress()"">"
"C01555","UNRESOLVED_CONTROL","openNewDeal: 취소","페이지 데이터/상태 경로: 정확한 runtime reachability 미확인","직접 literal write 발견 없음; 간접 호출은 미확인","local/crm.html:7165","미확정: 원본 handler/template 추적 필요","TEST_MISSING","중복정의·동적 template·상위함수 호출을 실제 렌더 결과와 연결","해당 원본 컨트롤의 노출 조건·클릭/필터/취소 결과를 Golden fixture로 검증","<button class=""dact"" onclick=""closeNewDeal()"">"
"C01556","UNRESOLVED_CONTROL","openNewDeal: 영업 등록","페이지 데이터/상태 경로: 정확한 runtime reachability 미확인","직접 literal write 발견 없음; 간접 호출은 미확인","local/crm.html:7166","미확정: 원본 handler/template 추적 필요","TEST_MISSING","중복정의·동적 template·상위함수 호출을 실제 렌더 결과와 연결","해당 원본 컨트롤의 노출 조건·클릭/필터/취소 결과를 Golden fixture로 검증","<button class=""dact pri"" onclick=""saveNewDeal()"">"
"C01557","UNRESOLVED_CONTROL","relationshipFilterBar: 오늘 관계관리 '+total+'건","페이지 데이터/상태 경로: 정확한 runtime reachability 미확인","직접 literal write 발견 없음; 간접 호출은 미확인","local/crm.html:7423","미확정: 원본 handler/template 추적 필요","TEST_MISSING","중복정의·동적 template·상위함수 호출을 실제 렌더 결과와 연결","해당 원본 컨트롤의 노출 조건·클릭/필터/취소 결과를 Golden fixture로 검증","<summary>"
"C01558","UNRESOLVED_CONTROL","relationshipFilterBar: '+esc(x[1])+' ","페이지 데이터/상태 경로: 정확한 runtime reachability 미확인","직접 literal write 발견 없음; 간접 호출은 미확인","local/crm.html:7423","미확정: 원본 handler/template 추적 필요","TEST_MISSING","중복정의·동적 template·상위함수 호출을 실제 렌더 결과와 연결","해당 원본 컨트롤의 노출 조건·클릭/필터/취소 결과를 Golden fixture로 검증","<button class=""relfilter '+(G.relFilter===x[0]?'on':'')+'"" data-k=""'+escAttr(x[0])+'"" onclick=""setRelationshipFilter(this.dataset.k)"">"
"C01559","UNRESOLVED_CONTROL","relationshipKb5Card: 0","페이지 데이터/상태 경로: 정확한 runtime reachability 미확인","직접 literal write 발견 없음; 간접 호출은 미확인","local/crm.html:7430","미확정: 원본 handler/template 추적 필요","TEST_MISSING","중복정의·동적 template·상위함수 호출을 실제 렌더 결과와 연결","해당 원본 컨트롤의 노출 조건·클릭/필터/취소 결과를 Golden fixture로 검증","<0?Math.abs(nextDue)+'일 초과':nextDue===0?'오늘 마감':'D-'+nextDue;
 return '<div class=""k5c"" onclick=""openKb5('+i+')"">"
"C01560","UNRESOLVED_CONTROL","relationshipKb5Card: 📞 전화","페이지 데이터/상태 경로: 정확한 runtime reachability 미확인","직접 literal write 발견 없음; 간접 호출은 미확인","local/crm.html:7431","미확정: 원본 handler/template 추적 필요","TEST_MISSING","중복정의·동적 template·상위함수 호출을 실제 렌더 결과와 연결","해당 원본 컨트롤의 노출 조건·클릭/필터/취소 결과를 Golden fixture로 검증","<button '+(!c.mobile?'disabled':'')+' onclick=""event.stopPropagation();pipelineContact('+i+',\'call\')"">"
"C01561","UNRESOLVED_CONTROL","relationshipKb5Card: 💬 카카오","페이지 데이터/상태 경로: 정확한 runtime reachability 미확인","직접 literal write 발견 없음; 간접 호출은 미확인","local/crm.html:7431","미확정: 원본 handler/template 추적 필요","TEST_MISSING","중복정의·동적 template·상위함수 호출을 실제 렌더 결과와 연결","해당 원본 컨트롤의 노출 조건·클릭/필터/취소 결과를 Golden fixture로 검증","<button '+(!c.mobile?'disabled':'')+' onclick=""event.stopPropagation();pipelineContact('+i+',\'kakao\')"">"
"C01562","UNRESOLVED_CONTROL","relationshipKb5Card: ✉ 문자","페이지 데이터/상태 경로: 정확한 runtime reachability 미확인","직접 literal write 발견 없음; 간접 호출은 미확인","local/crm.html:7431","미확정: 원본 handler/template 추적 필요","TEST_MISSING","중복정의·동적 template·상위함수 호출을 실제 렌더 결과와 연결","해당 원본 컨트롤의 노출 조건·클릭/필터/취소 결과를 Golden fixture로 검증","<button '+(!c.mobile?'disabled':'')+' onclick=""event.stopPropagation();pipelineContact('+i+',\'sms\')"">"
"C01563","UNRESOLVED_CONTROL","relationshipKb5Card: ＋ 한 일","페이지 데이터/상태 경로: 정확한 runtime reachability 미확인","직접 literal write 발견 없음; 간접 호출은 미확인","local/crm.html:7431","미확정: 원본 handler/template 추적 필요","TEST_MISSING","중복정의·동적 template·상위함수 호출을 실제 렌더 결과와 연결","해당 원본 컨트롤의 노출 조건·클릭/필터/취소 결과를 Golden fixture로 검증","<button onclick=""event.stopPropagation();pipelineQuick('+i+',\'act\')"">"
"C01564","UNRESOLVED_CONTROL","relationshipKb5Card: 📅 다음 행동","페이지 데이터/상태 경로: 정확한 runtime reachability 미확인","직접 literal write 발견 없음; 간접 호출은 미확인","local/crm.html:7431","미확정: 원본 handler/template 추적 필요","TEST_MISSING","중복정의·동적 template·상위함수 호출을 실제 렌더 결과와 연결","해당 원본 컨트롤의 노출 조건·클릭/필터/취소 결과를 Golden fixture로 검증","<button onclick=""event.stopPropagation();pipelineQuick('+i+',\'next\')"">"
"C01565","F41","consentBadges: ＋ 연락처 추가","contacts/people/contact_assignment","contact_upsert","local/crm.html:7450","contact-write v2 없음","CONTRACT_MISSING","직함/대표번호/개인휴대폰·재직기간·이동이력·동의 범위 보존","이름같음 자동병합금지·이동시 양쪽현장/history·UUID+권한","<button class=""dact pri"" onclick=""openQuickContact(\'new\')"">"
"C01566","F41","consentBadges: 문자","contacts/people/contact_assignment","contact_upsert","local/crm.html:7450","contact-write v2 없음","CONTRACT_MISSING","직함/대표번호/개인휴대폰·재직기간·이동이력·동의 범위 보존","이름같음 자동병합금지·이동시 양쪽현장/history·UUID+권한","<button onclick=""openRelationshipMessage(\'sms\',\''+k+'\')"">"
"C01567","F41","consentBadges: 카카오","contacts/people/contact_assignment","contact_upsert","local/crm.html:7450","contact-write v2 없음","CONTRACT_MISSING","직함/대표번호/개인휴대폰·재직기간·이동이력·동의 범위 보존","이름같음 자동병합금지·이동시 양쪽현장/history·UUID+권한","<button onclick=""openRelationshipMessage(\'kakao\',\''+k+'\')"">"
"C01568","F41","consentBadges: 설정","contacts/people/contact_assignment","contact_upsert","local/crm.html:7450","contact-write v2 없음","CONTRACT_MISSING","직함/대표번호/개인휴대폰·재직기간·이동이력·동의 범위 보존","이름같음 자동병합금지·이동시 양쪽현장/history·UUID+권한","<button onclick=""openQuickContact(\'edit\',\''+k+'\')"">"
"C01569","F41","consentBadges: input","contacts/people/contact_assignment","contact_upsert","local/crm.html:7455","contact-write v2 없음","CONTRACT_MISSING","직함/대표번호/개인휴대폰·재직기간·이동이력·동의 범위 보존","이름같음 자동병합금지·이동시 양쪽현장/history·UUID+권한","<input id=""qc-office"" inputmode=""tel"" value=""'+escAttr(c.officeTel)+'"" placeholder=""예: 02-1234-5678"">"
"C01570","F41","consentBadges: '+CONTACT_ROLES.map(function(r){return '","contacts/people/contact_assignment","contact_upsert","local/crm.html:7455","contact-write v2 없음","CONTRACT_MISSING","직함/대표번호/개인휴대폰·재직기간·이동이력·동의 범위 보존","이름같음 자동병합금지·이동시 양쪽현장/history·UUID+권한","<select id=""qc-role"">"
"C01571","F41","consentBadges: input","contacts/people/contact_assignment","contact_upsert","local/crm.html:7455","contact-write v2 없음","CONTRACT_MISSING","직함/대표번호/개인휴대폰·재직기간·이동이력·동의 범위 보존","이름같음 자동병합금지·이동시 양쪽현장/history·UUID+권한","<input id=""qc-name"" value=""'+escAttr(c.name)+'"">"
"C01572","F41","consentBadges: input","contacts/people/contact_assignment","contact_upsert","local/crm.html:7455","contact-write v2 없음","CONTRACT_MISSING","직함/대표번호/개인휴대폰·재직기간·이동이력·동의 범위 보존","이름같음 자동병합금지·이동시 양쪽현장/history·UUID+권한","<input id=""qc-mobile"" inputmode=""tel"" value=""'+escAttr(c.mobile)+'"">"
"C01573","F41","consentBadges: input","contacts/people/contact_assignment","contact_upsert","local/crm.html:7455","contact-write v2 없음","CONTRACT_MISSING","직함/대표번호/개인휴대폰·재직기간·이동이력·동의 범위 보존","이름같음 자동병합금지·이동시 양쪽현장/history·UUID+권한","<input id=""qc-email"" type=""email"" value=""'+escAttr(c.officeEmail)+'"">"
"C01574","F41","consentBadges:  문자 광고성 정보 수신 동의","contacts/people/contact_assignment","contact_upsert","local/crm.html:7455","contact-write v2 없음","CONTRACT_MISSING","직함/대표번호/개인휴대폰·재직기간·이동이력·동의 범위 보존","이름같음 자동병합금지·이동시 양쪽현장/history·UUID+권한","<input id=""qc-sms"" type=""checkbox"" '+(c.smsConsent?'checked':'')+'>"
"C01575","F41","consentBadges:  카카오 광고성 정보 수신 동의","contacts/people/contact_assignment","contact_upsert","local/crm.html:7455","contact-write v2 없음","CONTRACT_MISSING","직함/대표번호/개인휴대폰·재직기간·이동이력·동의 범위 보존","이름같음 자동병합금지·이동시 양쪽현장/history·UUID+권한","<input id=""qc-kakao"" type=""checkbox"" '+(c.kakaoConsent?'checked':'')+'>"
"C01576","F41","consentBadges:  수신거부·발송 차단","contacts/people/contact_assignment","contact_upsert","local/crm.html:7455","contact-write v2 없음","CONTRACT_MISSING","직함/대표번호/개인휴대폰·재직기간·이동이력·동의 범위 보존","이름같음 자동병합금지·이동시 양쪽현장/history·UUID+권한","<input id=""qc-block"" type=""checkbox"" '+(c.sendBlocked?'checked':'')+'>"
"C01577","F41","consentBadges: input","contacts/people/contact_assignment","contact_upsert","local/crm.html:7455","contact-write v2 없음","CONTRACT_MISSING","직함/대표번호/개인휴대폰·재직기간·이동이력·동의 범위 보존","이름같음 자동병합금지·이동시 양쪽현장/history·UUID+권한","<input id=""qc-consent-at"" type=""datetime-local"" value=""'+escAttr(c.consentAt?String(c.consentAt).slice(0,16):'')+'"">"
"C01578","F41","consentBadges: input","contacts/people/contact_assignment","contact_upsert","local/crm.html:7455","contact-write v2 없음","CONTRACT_MISSING","직함/대표번호/개인휴대폰·재직기간·이동이력·동의 범위 보존","이름같음 자동병합금지·이동시 양쪽현장/history·UUID+권한","<input id=""qc-block-reason"" value=""'+escAttr(c.sendBlockedReason)+'"" placeholder=""예: 고객 수신거부 요청"">"
"C01579","F41","consentBadges: 취소","contacts/people/contact_assignment","contact_upsert","local/crm.html:7455","contact-write v2 없음","CONTRACT_MISSING","직함/대표번호/개인휴대폰·재직기간·이동이력·동의 범위 보존","이름같음 자동병합금지·이동시 양쪽현장/history·UUID+권한","<button class=""dact"" onclick=""closeQuickContact()"">"
"C01580","F41","consentBadges: 연락처·동의 저장","contacts/people/contact_assignment","contact_upsert","local/crm.html:7455","contact-write v2 없음","CONTRACT_MISSING","직함/대표번호/개인휴대폰·재직기간·이동이력·동의 범위 보존","이름같음 자동병합금지·이동시 양쪽현장/history·UUID+권한","<button class=""dact pri"" onclick=""saveQuickContact()"">"
"C01581","UNRESOLVED_CONTROL","openRelationshipMessage: button","페이지 데이터/상태 경로: 정확한 runtime reachability 미확인","직접 literal write 발견 없음; 간접 호출은 미확인","local/crm.html:7511","미확정: 원본 handler/template 추적 필요","TEST_MISSING","중복정의·동적 template·상위함수 호출을 실제 렌더 결과와 연결","해당 원본 컨트롤의 노출 조건·클릭/필터/취소 결과를 Golden fixture로 검증","<button class=""rm-template '+(i===idx?'on':'')+'"" onclick=""relationshipPick('+i+')"">"
"C01582","UNRESOLVED_CONTROL","openRelationshipMessage: textarea","페이지 데이터/상태 경로: 정확한 runtime reachability 미확인","직접 literal write 발견 없음; 간접 호출은 미확인","local/crm.html:7511","미확정: 원본 handler/template 추적 필요","TEST_MISSING","중복정의·동적 template·상위함수 호출을 실제 렌더 결과와 연결","해당 원본 컨트롤의 노출 조건·클릭/필터/취소 결과를 Golden fixture로 검증","<textarea id=""rm-body"" oninput=""this.dataset.edited=\'1\';renderRelationshipMessage()"">"
"C01583","UNRESOLVED_CONTROL","openRelationshipMessage: 💬 카카오","페이지 데이터/상태 경로: 정확한 runtime reachability 미확인","직접 literal write 발견 없음; 간접 호출은 미확인","local/crm.html:7511","미확정: 원본 handler/template 추적 필요","TEST_MISSING","중복정의·동적 template·상위함수 호출을 실제 렌더 결과와 연결","해당 원본 컨트롤의 노출 조건·클릭/필터/취소 결과를 Golden fixture로 검증","<button id=""rm-ch-kakao"" onclick=""relationshipSwitchChannel(\'kakao\')"">"
"C01584","UNRESOLVED_CONTROL","openRelationshipMessage: ✉ 문자","페이지 데이터/상태 경로: 정확한 runtime reachability 미확인","직접 literal write 발견 없음; 간접 호출은 미확인","local/crm.html:7511","미확정: 원본 handler/template 추적 필요","TEST_MISSING","중복정의·동적 template·상위함수 호출을 실제 렌더 결과와 연결","해당 원본 컨트롤의 노출 조건·클릭/필터/취소 결과를 Golden fixture로 검증","<button id=""rm-ch-sms"" onclick=""relationshipSwitchChannel(\'sms\')"">"
"C01585","UNRESOLVED_CONTROL","openRelationshipMessage:  지금 확인","페이지 데이터/상태 경로: 정확한 runtime reachability 미확인","직접 literal write 발견 없음; 간접 호출은 미확인","local/crm.html:7511","미확정: 원본 handler/template 추적 필요","TEST_MISSING","중복정의·동적 template·상위함수 호출을 실제 렌더 결과와 연결","해당 원본 컨트롤의 노출 조건·클릭/필터/취소 결과를 Golden fixture로 검증","<input type=""radio"" name=""rm-mode"" '+(REL_MSG.mode==='now'?'checked':'')+' onchange=""relationshipModeChanged(\'now\')"">"
"C01586","UNRESOLVED_CONTROL","openRelationshipMessage:  예약 알림","페이지 데이터/상태 경로: 정확한 runtime reachability 미확인","직접 literal write 발견 없음; 간접 호출은 미확인","local/crm.html:7511","미확정: 원본 handler/template 추적 필요","TEST_MISSING","중복정의·동적 template·상위함수 호출을 실제 렌더 결과와 연결","해당 원본 컨트롤의 노출 조건·클릭/필터/취소 결과를 Golden fixture로 검증","<input type=""radio"" name=""rm-mode"" '+(REL_MSG.mode==='schedule'?'checked':'')+' onchange=""relationshipModeChanged(\'schedule\')"">"
"C01587","UNRESOLVED_CONTROL","openRelationshipMessage: input","페이지 데이터/상태 경로: 정확한 runtime reachability 미확인","직접 literal write 발견 없음; 간접 호출은 미확인","local/crm.html:7511","미확정: 원본 handler/template 추적 필요","TEST_MISSING","중복정의·동적 template·상위함수 호출을 실제 렌더 결과와 연결","해당 원본 컨트롤의 노출 조건·클릭/필터/취소 결과를 Golden fixture로 검증","<input id=""rm-schedule-at"" type=""datetime-local"" value=""'+escAttr(REL_MSG.scheduleAt)+'"" min=""'+escAttr(relationshipDefaultSchedule())+'"" onchange=""relationshipScheduleChanged()"">"
"C01588","UNRESOLVED_CONTROL","openRelationshipMessage:  이 안내는 고객이 요청한 자료·일정 안내 또는 현재 계약 이행에 필요한 정보이며 광고·권유 내용을 섞지 않았습니다.","페이지 데이터/상태 경로: 정확한 runtime reachability 미확인","직접 literal write 발견 없음; 간접 호출은 미확인","local/crm.html:7511","미확정: 원본 handler/template 추적 필요","TEST_MISSING","중복정의·동적 template·상위함수 호출을 실제 렌더 결과와 연결","해당 원본 컨트롤의 노출 조건·클릭/필터/취소 결과를 Golden fixture로 검증","<input id=""rm-info-confirm"" type=""checkbox"" onchange=""renderRelationshipMessage()"">"
"C01589","UNRESOLVED_CONTROL","openRelationshipMessage:  발송 완료 확인 후 다음 확인을 ","페이지 데이터/상태 경로: 정확한 runtime reachability 미확인","직접 literal write 발견 없음; 간접 호출은 미확인","local/crm.html:7511","미확정: 원본 handler/template 추적 필요","TEST_MISSING","중복정의·동적 template·상위함수 호출을 실제 렌더 결과와 연결","해당 원본 컨트롤의 노출 조건·클릭/필터/취소 결과를 Golden fixture로 검증","<input id=""rm-next"" type=""checkbox"" checked>"
"C01590","UNRESOLVED_CONTROL","openRelationshipMessage: select","페이지 데이터/상태 경로: 정확한 runtime reachability 미확인","직접 literal write 발견 없음; 간접 호출은 미확인","local/crm.html:7511","미확정: 원본 handler/template 추적 필요","TEST_MISSING","중복정의·동적 template·상위함수 호출을 실제 렌더 결과와 연결","해당 원본 컨트롤의 노출 조건·클릭/필터/취소 결과를 Golden fixture로 검증","<select id=""rm-next-days"">"
"C01591","UNRESOLVED_CONTROL","openRelationshipMessage: 취소","페이지 데이터/상태 경로: 정확한 runtime reachability 미확인","직접 literal write 발견 없음; 간접 호출은 미확인","local/crm.html:7511","미확정: 원본 handler/template 추적 필요","TEST_MISSING","중복정의·동적 template·상위함수 호출을 실제 렌더 결과와 연결","해당 원본 컨트롤의 노출 조건·클릭/필터/취소 결과를 Golden fixture로 검증","<button class=""dact"" onclick=""closeKakaoModal()"">"
"C01592","UNRESOLVED_CONTROL","openRelationshipMessage: 문구 복사","페이지 데이터/상태 경로: 정확한 runtime reachability 미확인","직접 literal write 발견 없음; 간접 호출은 미확인","local/crm.html:7511","미확정: 원본 handler/template 추적 필요","TEST_MISSING","중복정의·동적 template·상위함수 호출을 실제 렌더 결과와 연결","해당 원본 컨트롤의 노출 조건·클릭/필터/취소 결과를 Golden fixture로 검증","<button class=""dact"" onclick=""relationshipCopy()"">"
"C01593","UNRESOLVED_CONTROL","openRelationshipMessage: '+(channel==='sms'?'문자 앱에서 확인':'카카오 1:1에서 확인')+'","페이지 데이터/상태 경로: 정확한 runtime reachability 미확인","직접 literal write 발견 없음; 간접 호출은 미확인","local/crm.html:7511","미확정: 원본 handler/template 추적 필요","TEST_MISSING","중복정의·동적 template·상위함수 호출을 실제 렌더 결과와 연결","해당 원본 컨트롤의 노출 조건·클릭/필터/취소 결과를 Golden fixture로 검증","<button class=""dact pri"" id=""rm-go"" onclick=""relationshipChannelHandoff()"">"
"C01594","UNRESOLVED_CONTROL","openRelationshipMessage: 실제 발송 완료","페이지 데이터/상태 경로: 정확한 runtime reachability 미확인","직접 literal write 발견 없음; 간접 호출은 미확인","local/crm.html:7511","미확정: 원본 handler/template 추적 필요","TEST_MISSING","중복정의·동적 template·상위함수 호출을 실제 렌더 결과와 연결","해당 원본 컨트롤의 노출 조건·클릭/필터/취소 결과를 Golden fixture로 검증","<button class=""dact pri"" onclick=""relationshipConfirm(\'sent\')"">"
"C01595","UNRESOLVED_CONTROL","openRelationshipMessage: 발송 실패","페이지 데이터/상태 경로: 정확한 runtime reachability 미확인","직접 literal write 발견 없음; 간접 호출은 미확인","local/crm.html:7511","미확정: 원본 handler/template 추적 필요","TEST_MISSING","중복정의·동적 template·상위함수 호출을 실제 렌더 결과와 연결","해당 원본 컨트롤의 노출 조건·클릭/필터/취소 결과를 Golden fixture로 검증","<button class=""dact warn"" onclick=""relationshipConfirm(\'failed\')"">"
"C01596","UNRESOLVED_CONTROL","openRelationshipMessage: 발송 안 함","페이지 데이터/상태 경로: 정확한 runtime reachability 미확인","직접 literal write 발견 없음; 간접 호출은 미확인","local/crm.html:7511","미확정: 원본 handler/template 추적 필요","TEST_MISSING","중복정의·동적 template·상위함수 호출을 실제 렌더 결과와 연결","해당 원본 컨트롤의 노출 조건·클릭/필터/취소 결과를 Golden fixture로 검증","<button class=""dact"" onclick=""relationshipConfirm(\'cancelled\')"">"
"C01597","UNRESOLVED_CONTROL","execGuideHTML: button","페이지 데이터/상태 경로: 정확한 runtime reachability 미확인","직접 literal write 발견 없음; 간접 호출은 미확인","local/crm.html:7542","미확정: 원본 handler/template 추적 필요","TEST_MISSING","중복정의·동적 template·상위함수 호출을 실제 렌더 결과와 연결","해당 원본 컨트롤의 노출 조건·클릭/필터/취소 결과를 Golden fixture로 검증","<button class=""exec-guide-item '+(st[i]?'on':'')+'"" onclick=""toggleExecGuide('+i+')"">"
"C01598","F48","execRelationBadges: ＋ 연락처 추가","여러 연락처 decision_role/relationship_status","contact_relationship","local/crm.html:7548","relationship-map v2 없음","CONTRACT_MISSING","contact 한명 축약금지·Deal/Contact 조합 권한 필요","의사결정자/영향자/관계상태·동일사람다른현장 분리","<button class=""dact pri"" onclick=""openQuickContact(\'new\')"">"
"C01599","F48","execRelationBadges: 문자","여러 연락처 decision_role/relationship_status","contact_relationship","local/crm.html:7548","relationship-map v2 없음","CONTRACT_MISSING","contact 한명 축약금지·Deal/Contact 조합 권한 필요","의사결정자/영향자/관계상태·동일사람다른현장 분리","<button onclick=""openRelationshipMessage(\'sms\',\''+k+'\')"">"
"C01600","F48","execRelationBadges: 카카오","여러 연락처 decision_role/relationship_status","contact_relationship","local/crm.html:7548","relationship-map v2 없음","CONTRACT_MISSING","contact 한명 축약금지·Deal/Contact 조합 권한 필요","의사결정자/영향자/관계상태·동일사람다른현장 분리","<button onclick=""openRelationshipMessage(\'kakao\',\''+k+'\')"">"
"C01601","F48","execRelationBadges: 관계·설정","여러 연락처 decision_role/relationship_status","contact_relationship","local/crm.html:7548","relationship-map v2 없음","CONTRACT_MISSING","contact 한명 축약금지·Deal/Contact 조합 권한 필요","의사결정자/영향자/관계상태·동일사람다른현장 분리","<button onclick=""openQuickContact(\'edit\',\''+k+'\')"">"
"C01602","F48","execRelationBadges: '+['의사결정자','핵심담당자','실무자','영향자','정보제공자'].map(function(x){return '","여러 연락처 decision_role/relationship_status","contact_relationship","local/crm.html:7550","relationship-map v2 없음","CONTRACT_MISSING","contact 한명 축약금지·Deal/Contact 조합 권한 필요","의사결정자/영향자/관계상태·동일사람다른현장 분리","<select id=""qc-decision-role"">"
"C01603","F48","execRelationBadges: '+['우호적','중립','부정적','미확인'].map(function(x){return '","여러 연락처 decision_role/relationship_status","contact_relationship","local/crm.html:7550","relationship-map v2 없음","CONTRACT_MISSING","contact 한명 축약금지·Deal/Contact 조합 권한 필요","의사결정자/영향자/관계상태·동일사람다른현장 분리","<select id=""qc-relation-tone"">"
"C01604","UNRESOLVED_CONTROL","execQuotePanel: ＋ 새 버전","페이지 데이터/상태 경로: 정확한 runtime reachability 미확인","직접 literal write 발견 없음; 간접 호출은 미확인","local/crm.html:7555","미확정: 원본 handler/template 추적 필요","TEST_MISSING","중복정의·동적 template·상위함수 호출을 실제 렌더 결과와 연결","해당 원본 컨트롤의 노출 조건·클릭/필터/취소 결과를 Golden fixture로 검증","<button class=""dact pri"" onclick=""openExecQuoteForm()"">"
"C01605","UNRESOLVED_CONTROL","openExecQuoteForm: input","페이지 데이터/상태 경로: 정확한 runtime reachability 미확인","직접 literal write 발견 없음; 간접 호출은 미확인","local/crm.html:7556","미확정: 원본 handler/template 추적 필요","TEST_MISSING","중복정의·동적 template·상위함수 호출을 실제 렌더 결과와 연결","해당 원본 컨트롤의 노출 조건·클릭/필터/취소 결과를 Golden fixture로 검증","<input id=""exec-qv-amt"" type=""text"" inputmode=""decimal"" data-money min=""0"" step=""10000"" value=""'+(last||'')+'"">"
"C01606","UNRESOLVED_CONTROL","openExecQuoteForm: input","페이지 데이터/상태 경로: 정확한 runtime reachability 미확인","직접 literal write 발견 없음; 간접 호출은 미확인","local/crm.html:7556","미확정: 원본 handler/template 추적 필요","TEST_MISSING","중복정의·동적 template·상위함수 호출을 실제 렌더 결과와 연결","해당 원본 컨트롤의 노출 조건·클릭/필터/취소 결과를 Golden fixture로 검증","<input id=""exec-qv-reason"" placeholder=""예: 공사 범위 조정"">"
"C01607","UNRESOLVED_CONTROL","openExecQuoteForm: 취소","페이지 데이터/상태 경로: 정확한 runtime reachability 미확인","직접 literal write 발견 없음; 간접 호출은 미확인","local/crm.html:7556","미확정: 원본 handler/template 추적 필요","TEST_MISSING","중복정의·동적 template·상위함수 호출을 실제 렌더 결과와 연결","해당 원본 컨트롤의 노출 조건·클릭/필터/취소 결과를 Golden fixture로 검증","<button class=""dact"" onclick=""this.closest(\'.exec-inline-form\').remove()"">"
"C01608","UNRESOLVED_CONTROL","openExecQuoteForm: 새 견적 저장","페이지 데이터/상태 경로: 정확한 runtime reachability 미확인","직접 literal write 발견 없음; 간접 호출은 미확인","local/crm.html:7556","미확정: 원본 handler/template 추적 필요","TEST_MISSING","중복정의·동적 template·상위함수 호출을 실제 렌더 결과와 연결","해당 원본 컨트롤의 노출 조건·클릭/필터/취소 결과를 Golden fixture로 검증","<button class=""dact pri"" onclick=""saveExecQuoteVersion()"">"
"C01609","UNRESOLVED_CONTROL","execAskModal: input","페이지 데이터/상태 경로: 정확한 runtime reachability 미확인","직접 literal write 발견 없음; 간접 호출은 미확인","local/crm.html:7573","미확정: 원본 handler/template 추적 필요","TEST_MISSING","중복정의·동적 template·상위함수 호출을 실제 렌더 결과와 연결","해당 원본 컨트롤의 노출 조건·클릭/필터/취소 결과를 Golden fixture로 검증","<input id=""execAskInput"" placeholder=""예: 이필선 담당 중 30일 넘게 연락 안 한 곳"" onkeydown=""if(event.key===\'Enter\')runExecAsk()"">"
"C01610","UNRESOLVED_CONTROL","execAskModal: 찾기","페이지 데이터/상태 경로: 정확한 runtime reachability 미확인","직접 literal write 발견 없음; 간접 호출은 미확인","local/crm.html:7573","미확정: 원본 handler/template 추적 필요","TEST_MISSING","중복정의·동적 template·상위함수 호출을 실제 렌더 결과와 연결","해당 원본 컨트롤의 노출 조건·클릭/필터/취소 결과를 Golden fixture로 검증","<button onclick=""runExecAsk()"">"
"C01611","UNRESOLVED_CONTROL","execAskModal: 오늘 전화","페이지 데이터/상태 경로: 정확한 runtime reachability 미확인","직접 literal write 발견 없음; 간접 호출은 미확인","local/crm.html:7573","미확정: 원본 handler/template 추적 필요","TEST_MISSING","중복정의·동적 template·상위함수 호출을 실제 렌더 결과와 연결","해당 원본 컨트롤의 노출 조건·클릭/필터/취소 결과를 Golden fixture로 검증","<button onclick=""execAskExample(\'내가 오늘 전화해야 하는 곳\')"">"
"C01612","UNRESOLVED_CONTROL","execAskModal: 30일 미접촉","페이지 데이터/상태 경로: 정확한 runtime reachability 미확인","직접 literal write 발견 없음; 간접 호출은 미확인","local/crm.html:7573","미확정: 원본 handler/template 추적 필요","TEST_MISSING","중복정의·동적 template·상위함수 호출을 실제 렌더 결과와 연결","해당 원본 컨트롤의 노출 조건·클릭/필터/취소 결과를 Golden fixture로 검증","<button onclick=""execAskExample(\'이필선 담당 중 30일 넘게 연락 안 한 곳\')"">"
"C01613","UNRESOLVED_CONTROL","execAskModal: 이번 주 방문","페이지 데이터/상태 경로: 정확한 runtime reachability 미확인","직접 literal write 발견 없음; 간접 호출은 미확인","local/crm.html:7573","미확정: 원본 handler/template 추적 필요","TEST_MISSING","중복정의·동적 template·상위함수 호출을 실제 렌더 결과와 연결","해당 원본 컨트롤의 노출 조건·클릭/필터/취소 결과를 Golden fixture로 검증","<button onclick=""execAskExample(\'이번 주 방문 예정 현장\')"">"
"C01614","UNRESOLVED_CONTROL","execAskModal: 1억·Next 없음","페이지 데이터/상태 경로: 정확한 runtime reachability 미확인","직접 literal write 발견 없음; 간접 호출은 미확인","local/crm.html:7573","미확정: 원본 handler/template 추적 필요","TEST_MISSING","중복정의·동적 template·상위함수 호출을 실제 렌더 결과와 연결","해당 원본 컨트롤의 노출 조건·클릭/필터/취소 결과를 Golden fixture로 검증","<button onclick=""execAskExample(\'견적 1억 이상인데 다음 행동 없는 곳\')"">"
"C01615","UNRESOLVED_CONTROL","execAskModal: 기술자문 전환","페이지 데이터/상태 경로: 정확한 runtime reachability 미확인","직접 literal write 발견 없음; 간접 호출은 미확인","local/crm.html:7573","미확정: 원본 handler/template 추적 필요","TEST_MISSING","중복정의·동적 template·상위함수 호출을 실제 렌더 결과와 연결","해당 원본 컨트롤의 노출 조건·클릭/필터/취소 결과를 Golden fixture로 검증","<button onclick=""execAskExample(\'기술자문으로 전환된 현장\')"">"
"C01616","UNRESOLVED_CONTROL","execAskModal: 닫기","페이지 데이터/상태 경로: 정확한 runtime reachability 미확인","직접 literal write 발견 없음; 간접 호출은 미확인","local/crm.html:7573","미확정: 원본 handler/template 추적 필요","TEST_MISSING","중복정의·동적 template·상위함수 호출을 실제 렌더 결과와 연결","해당 원본 컨트롤의 노출 조건·클릭/필터/취소 결과를 Golden fixture로 검증","<button onclick=""closeExecAsk()"">"
"C01617","UNRESOLVED_CONTROL","runExecAsk: button","페이지 데이터/상태 경로: 정확한 runtime reachability 미확인","직접 literal write 발견 없음; 간접 호출은 미확인","local/crm.html:7577","미확정: 원본 handler/template 추적 필요","TEST_MISSING","중복정의·동적 template·상위함수 호출을 실제 렌더 결과와 연결","해당 원본 컨트롤의 노출 조건·클릭/필터/취소 결과를 Golden fixture로 검증","<button class=""exec-ask-row"" onclick=""openExecAskResult('+i+')"">"
"C01618","UNRESOLVED_CONTROL","execAttachPanel: 📷 사진 추가","페이지 데이터/상태 경로: 정확한 runtime reachability 미확인","직접 literal write 발견 없음; 간접 호출은 미확인","local/crm.html:7589","미확정: 원본 handler/template 추적 필요","TEST_MISSING","중복정의·동적 template·상위함수 호출을 실제 렌더 결과와 연결","해당 원본 컨트롤의 노출 조건·클릭/필터/취소 결과를 Golden fixture로 검증","<button onclick=""openExecAttachPicker(\'photo\')"">"
"C01619","UNRESOLVED_CONTROL","execAttachPanel: 📎 자료 추가","페이지 데이터/상태 경로: 정확한 runtime reachability 미확인","직접 literal write 발견 없음; 간접 호출은 미확인","local/crm.html:7589","미확정: 원본 handler/template 추적 필요","TEST_MISSING","중복정의·동적 template·상위함수 호출을 실제 렌더 결과와 연결","해당 원본 컨트롤의 노출 조건·클릭/필터/취소 결과를 Golden fixture로 검증","<button onclick=""openExecAttachPicker(\'file\')"">"
"C01620","UNRESOLVED_CONTROL","execAttachPanel: '+(all?'최근 8개만':'전체보기')+'","페이지 데이터/상태 경로: 정확한 runtime reachability 미확인","직접 literal write 발견 없음; 간접 호출은 미확인","local/crm.html:7589","미확정: 원본 handler/template 추적 필요","TEST_MISSING","중복정의·동적 template·상위함수 호출을 실제 렌더 결과와 연결","해당 원본 컨트롤의 노출 조건·클릭/필터/취소 결과를 Golden fixture로 검증","<button onclick=""toggleExecAttachmentGallery()"">"
"C01621","UNRESOLVED_CONTROL","installExecAttachInputs: input","페이지 데이터/상태 경로: 정확한 runtime reachability 미확인","직접 literal write 발견 없음; 간접 호출은 미확인","local/crm.html:7591","미확정: 원본 handler/template 추적 필요","TEST_MISSING","중복정의·동적 template·상위함수 호출을 실제 렌더 결과와 연결","해당 원본 컨트롤의 노출 조건·클릭/필터/취소 결과를 Golden fixture로 검증","<input id=""exec-attach-photo"" type=""file"" accept=""image/*"" multiple>"
"C01622","UNRESOLVED_CONTROL","installExecAttachInputs: ';document.body.appendChild(box);document.getElementById('exec-attach-photo').on","페이지 데이터/상태 경로: 정확한 runtime reachability 미확인","직접 literal write 발견 없음; 간접 호출은 미확인","local/crm.html:7591","미확정: 원본 handler/template 추적 필요","TEST_MISSING","중복정의·동적 template·상위함수 호출을 실제 렌더 결과와 연결","해당 원본 컨트롤의 노출 조건·클릭/필터/취소 결과를 Golden fixture로 검증","<input id=""exec-attach-file"" type=""file"" accept=""image/*,.pdf,.doc,.docx,.xls,.xlsx,.ppt,.pptx"" multiple>"
"C01623","UNRESOLVED_CONTROL","renderExecAttachForm: '+EXEC_ATTACH_CATEGORIES.map(function(x){return '","페이지 데이터/상태 경로: 정확한 runtime reachability 미확인","직접 literal write 발견 없음; 간접 호출은 미확인","local/crm.html:7595","미확정: 원본 handler/template 추적 필요","TEST_MISSING","중복정의·동적 template·상위함수 호출을 실제 렌더 결과와 연결","해당 원본 컨트롤의 노출 조건·클릭/필터/취소 결과를 Golden fixture로 검증","<select id=""exec-attach-category"">"
"C01624","UNRESOLVED_CONTROL","renderExecAttachForm: =0?'on':'')+'"" data-tag=""'+esc(x)+'"" onclick=""toggleExecAttachTag(this.dataset.t","페이지 데이터/상태 경로: 정확한 runtime reachability 미확인","직접 literal write 발견 없음; 간접 호출은 미확인","local/crm.html:7595","미확정: 원본 handler/template 추적 필요","TEST_MISSING","중복정의·동적 template·상위함수 호출을 실제 렌더 결과와 연결","해당 원본 컨트롤의 노출 조건·클릭/필터/취소 결과를 Golden fixture로 검증","<button class=""'+(EXEC_ATTACH_TAGS.indexOf(x)>"
"C01625","UNRESOLVED_CONTROL","renderExecAttachForm: '+esc(memo)+'","페이지 데이터/상태 경로: 정확한 runtime reachability 미확인","직접 literal write 발견 없음; 간접 호출은 미확인","local/crm.html:7595","미확정: 원본 handler/template 추적 필요","TEST_MISSING","중복정의·동적 template·상위함수 호출을 실제 렌더 결과와 연결","해당 원본 컨트롤의 노출 조건·클릭/필터/취소 결과를 Golden fixture로 검증","<textarea id=""exec-attach-memo"" rows=""2"" placeholder=""예: 배수로 주변 들뜸 확인"">"
"C01626","UNRESOLVED_CONTROL","renderExecAttachForm: 취소","페이지 데이터/상태 경로: 정확한 runtime reachability 미확인","직접 literal write 발견 없음; 간접 호출은 미확인","local/crm.html:7595","미확정: 원본 handler/template 추적 필요","TEST_MISSING","중복정의·동적 template·상위함수 호출을 실제 렌더 결과와 연결","해당 원본 컨트롤의 노출 조건·클릭/필터/취소 결과를 Golden fixture로 검증","<button class=""dact"" onclick=""EXEC_ATTACH_FILES=[];renderDetail()"">"
"C01627","UNRESOLVED_CONTROL","renderExecAttachForm: '+EXEC_ATTACH_FILES.length+'개 파일 등록","페이지 데이터/상태 경로: 정확한 runtime reachability 미확인","직접 literal write 발견 없음; 간접 호출은 미확인","local/crm.html:7595","미확정: 원본 handler/template 추적 필요","TEST_MISSING","중복정의·동적 template·상위함수 호출을 실제 렌더 결과와 연결","해당 원본 컨트롤의 노출 조건·클릭/필터/취소 결과를 Golden fixture로 검증","<button class=""dact pri"" id=""exec-attach-save"" onclick=""saveExecAttachments()"">"
"C01628","F15","saveExecAttachments: '+(d.favorite?'★ 즐겨찾기':'☆ 즐겨찾기')+'","문의 담당/응대시각/활동","activity","local/crm.html:7600","crm_inquiry_response/status 초안 보류","CONTRACT_MISSING","응대결과·최초시각 보존·상담자와 영업자 분리·실제 기존 status 목록 필요","두번 응대 최초시각 불변·PC모바일 동일·권한 분리","<EXEC_ATTACH_FILES.length;i++)rows.push(FIELD_DEMO?demoExecAttachment(d,EXEC_ATTACH_FILES[i],cat,tags,memo):await uploadExecAttachment(d,EXEC_ATTACH_FILES[i],cat,tags,memo));p.attachments=d.attachments=(execAttachments(d)||[]).concat(rows);var note=(EXEC_ATTACH_KIND==='photo'?'현장사진 ':'자료 ')+rows.length+'개 등록 · '+cat+(tags.length?' · '+tags.join(', '):'');if(FIELD_DEMO){p.activities=p.activities||d.activities||[];p.activities.push({type:'파일첨부',note:note,result:memo,at:isoNow(),actor:(ME&&ME.name)||repN(d.assignee)});d.activities=p.activities}else{var row=logActivity('파일첨부',note,memo,isoNow());pushWrite('activity',{opportunity_id:d.id,type:'파일첨부',note:note,result:memo,occurred_at:row.at})}saveLocal();execTouch(d,'work',true);EXEC_ATTACH_FILES=[];EXEC_ATTACH_TAGS=[];renderDetail();detailTabFocus('현장·견적');showDetailErr(rows.length+'개 파일을 현장 이력에 등록했습니다.',true)}catch(e){btn.disabled=false;btn."
"C01629","UNRESOLVED_CONTROL","execGuideHTML: button","페이지 데이터/상태 경로: 정확한 runtime reachability 미확인","직접 literal write 발견 없음; 간접 호출은 미확인","local/crm.html:7628","미확정: 원본 handler/template 추적 필요","TEST_MISSING","중복정의·동적 template·상위함수 호출을 실제 렌더 결과와 연결","해당 원본 컨트롤의 노출 조건·클릭/필터/취소 결과를 Golden fixture로 검증","<button class=""exec-guide-item '+(on?'on ':'')+(x.auto?'auto ':'')+(x.required?'required':'')+'"" onclick=""toggleExecGuide('+i+')"">"
"C01630","UNRESOLVED_CONTROL","execAskModal: input","페이지 데이터/상태 경로: 정확한 runtime reachability 미확인","직접 literal write 발견 없음; 간접 호출은 미확인","local/crm.html:7636","미확정: 원본 handler/template 추적 필요","TEST_MISSING","중복정의·동적 template·상위함수 호출을 실제 렌더 결과와 연결","해당 원본 컨트롤의 노출 조건·클릭/필터/취소 결과를 Golden fixture로 검증","<input id=""execAskInput"" placeholder=""예: 이필선 담당 중 30일 넘게 연락 안 한 곳"" onkeydown=""if(event.key===\'Enter\')runExecAsk()"">"
"C01631","UNRESOLVED_CONTROL","execAskModal: 찾기","페이지 데이터/상태 경로: 정확한 runtime reachability 미확인","직접 literal write 발견 없음; 간접 호출은 미확인","local/crm.html:7636","미확정: 원본 handler/template 추적 필요","TEST_MISSING","중복정의·동적 template·상위함수 호출을 실제 렌더 결과와 연결","해당 원본 컨트롤의 노출 조건·클릭/필터/취소 결과를 Golden fixture로 검증","<button onclick=""runExecAsk()"">"
"C01632","UNRESOLVED_CONTROL","execAskModal: 오늘 전화","페이지 데이터/상태 경로: 정확한 runtime reachability 미확인","직접 literal write 발견 없음; 간접 호출은 미확인","local/crm.html:7636","미확정: 원본 handler/template 추적 필요","TEST_MISSING","중복정의·동적 template·상위함수 호출을 실제 렌더 결과와 연결","해당 원본 컨트롤의 노출 조건·클릭/필터/취소 결과를 Golden fixture로 검증","<button onclick=""execAskExample(\'내가 오늘 전화해야 하는 곳\')"">"
"C01633","UNRESOLVED_CONTROL","execAskModal: 30일 미접촉","페이지 데이터/상태 경로: 정확한 runtime reachability 미확인","직접 literal write 발견 없음; 간접 호출은 미확인","local/crm.html:7636","미확정: 원본 handler/template 추적 필요","TEST_MISSING","중복정의·동적 template·상위함수 호출을 실제 렌더 결과와 연결","해당 원본 컨트롤의 노출 조건·클릭/필터/취소 결과를 Golden fixture로 검증","<button onclick=""execAskExample(\'이필선 담당 중 30일 넘게 연락 안 한 곳\')"">"
"C01634","UNRESOLVED_CONTROL","execAskModal: 1억·Next 없음","페이지 데이터/상태 경로: 정확한 runtime reachability 미확인","직접 literal write 발견 없음; 간접 호출은 미확인","local/crm.html:7636","미확정: 원본 handler/template 추적 필요","TEST_MISSING","중복정의·동적 template·상위함수 호출을 실제 렌더 결과와 연결","해당 원본 컨트롤의 노출 조건·클릭/필터/취소 결과를 Golden fixture로 검증","<button onclick=""execAskExample(\'견적 1억 이상인데 다음 행동 없는 곳\')"">"
"C01635","UNRESOLVED_CONTROL","execAskModal: 소장 번호 없음","페이지 데이터/상태 경로: 정확한 runtime reachability 미확인","직접 literal write 발견 없음; 간접 호출은 미확인","local/crm.html:7636","미확정: 원본 handler/template 추적 필요","TEST_MISSING","중복정의·동적 template·상위함수 호출을 실제 렌더 결과와 연결","해당 원본 컨트롤의 노출 조건·클릭/필터/취소 결과를 Golden fixture로 검증","<button onclick=""execAskExample(\'관리소장 휴대폰이 없는 현장\')"">"
"C01636","UNRESOLVED_CONTROL","execAskModal: 견적 후 정체","페이지 데이터/상태 경로: 정확한 runtime reachability 미확인","직접 literal write 발견 없음; 간접 호출은 미확인","local/crm.html:7636","미확정: 원본 handler/template 추적 필요","TEST_MISSING","중복정의·동적 template·상위함수 호출을 실제 렌더 결과와 연결","해당 원본 컨트롤의 노출 조건·클릭/필터/취소 결과를 Golden fixture로 검증","<button onclick=""execAskExample(\'이번 달 견적 보냈는데 아직 경쟁단계로 안 간 곳\')"">"
"C01637","UNRESOLVED_CONTROL","execAskModal: 닫기","페이지 데이터/상태 경로: 정확한 runtime reachability 미확인","직접 literal write 발견 없음; 간접 호출은 미확인","local/crm.html:7636","미확정: 원본 handler/template 추적 필요","TEST_MISSING","중복정의·동적 template·상위함수 호출을 실제 렌더 결과와 연결","해당 원본 컨트롤의 노출 조건·클릭/필터/취소 결과를 Golden fixture로 검증","<button onclick=""closeExecAsk()"">"
"C01638","UNRESOLVED_CONTROL","runExecAsk: button","페이지 데이터/상태 경로: 정확한 runtime reachability 미확인","직접 literal write 발견 없음; 간접 호출은 미확인","local/crm.html:7637","미확정: 원본 handler/template 추적 필요","TEST_MISSING","중복정의·동적 template·상위함수 호출을 실제 렌더 결과와 연결","해당 원본 컨트롤의 노출 조건·클릭/필터/취소 결과를 Golden fixture로 검증","<button class=""exec-ask-row"" onclick=""openExecAskResult('+i+')"">"
"C01639","UNRESOLVED_CONTROL","relV8HTML: '+esc(i.nba)+'","페이지 데이터/상태 경로: 정확한 runtime reachability 미확인","직접 literal write 발견 없음; 간접 호출은 미확인","local/crm.html:7676","미확정: 원본 handler/template 추적 필요","TEST_MISSING","중복정의·동적 template·상위함수 호출을 실제 렌더 결과와 연결","해당 원본 컨트롤의 노출 조건·클릭/필터/취소 결과를 Golden fixture로 검증","<button class=""primary"" onclick=""relV8Action(\''+send+'\')"">"
"C01640","UNRESOLVED_CONTROL","relV8HTML: 30일 접촉 보류","페이지 데이터/상태 경로: 정확한 runtime reachability 미확인","직접 literal write 발견 없음; 간접 호출은 미확인","local/crm.html:7676","미확정: 원본 handler/template 추적 필요","TEST_MISSING","중복정의·동적 template·상위함수 호출을 실제 렌더 결과와 연결","해당 원본 컨트롤의 노출 조건·클릭/필터/취소 결과를 Golden fixture로 검증","<button onclick=""relV8Action(\'hold\')"">"
"C01641","F15","relV8PurposeChanged: '+REL_PURPOSES.map(function(x){return '","문의 담당/응대시각/활동","message_log, activity, next_action, relationship_response, message_stage_advanced","local/crm.html:7688","crm_inquiry_response/status 초안 보류","CONTRACT_MISSING","응대결과·최초시각 보존·상담자와 영업자 분리·실제 기존 status 목록 필요","두번 응대 최초시각 불변·PC모바일 동일·권한 분리","<select id=""rm-purpose"" onchange=""relV8PurposeChanged()"">"
"C01642","UNRESOLVED_CONTROL","inqCtlRows: '+(BICON[b]?BICON[b][0]+' ':'')+esc(b)+' ","페이지 데이터/상태 경로: 정확한 runtime reachability 미확인","직접 literal write 발견 없음; 간접 호출은 미확인","local/crm.html:7770","미확정: 원본 handler/template 추적 필요","TEST_MISSING","중복정의·동적 template·상위함수 호출을 실제 렌더 결과와 연결","해당 원본 컨트롤의 노출 조건·클릭/필터/취소 결과를 Golden fixture로 검증","<button class=""'+(G.brand===b?'on':'')+'"" data-b=""'+escAttr(b)+'"" onclick=""G.brand=this.dataset.b;G.inqSelKey=null;paint()"">"
"C01643","UNRESOLVED_CONTROL","inqCtlCounts: '+t+' ","페이지 데이터/상태 경로: 정확한 runtime reachability 미확인","직접 literal write 발견 없음; 간접 호출은 미확인","local/crm.html:7777","미확정: 원본 handler/template 추적 필요","TEST_MISSING","중복정의·동적 template·상위함수 호출을 실제 렌더 결과와 연결","해당 원본 컨트롤의 노출 조건·클릭/필터/취소 결과를 Golden fixture로 검증","<button class=""'+(G.inqBucket===t?'on ':'')+(t==='휴지통'?'trash ':t===INQ_TECH_REVIEW_TAB?'tech-review ':'')+'"" data-t=""'+t+'"" onclick=""inqCtlSetTab(this.dataset.t)"">"
"C01644","UNRESOLVED_CONTROL","inqCtlCounts: '+x[1]+'","페이지 데이터/상태 경로: 정확한 runtime reachability 미확인","직접 literal write 발견 없음; 간접 호출은 미확인","local/crm.html:7778","미확정: 원본 handler/template 추적 필요","TEST_MISSING","중복정의·동적 template·상위함수 호출을 실제 렌더 결과와 연결","해당 원본 컨트롤의 노출 조건·클릭/필터/취소 결과를 Golden fixture로 검증","<button class=""'+(v===x[0]?'on':'')+'"" data-v=""'+x[0]+'"" onclick=""inqCtlSetView(this.dataset.v)"">"
"C01645","UNRESOLVED_CONTROL","inqCtlCounts: 필터 해제","페이지 데이터/상태 경로: 정확한 runtime reachability 미확인","직접 literal write 발견 없음; 간접 호출은 미확인","local/crm.html:7780","미확정: 원본 handler/template 추적 필요","TEST_MISSING","중복정의·동적 template·상위함수 호출을 실제 렌더 결과와 연결","해당 원본 컨트롤의 노출 조건·클릭/필터/취소 결과를 Golden fixture로 검증","<button class=""act"" onclick=""clearBriefInquiry()"">"
"C01646","UNRESOLVED_CONTROL","inqCtlCounts: 필터 해제","페이지 데이터/상태 경로: 정확한 runtime reachability 미확인","직접 literal write 발견 없음; 간접 호출은 미확인","local/crm.html:7780","미확정: 원본 handler/template 추적 필요","TEST_MISSING","중복정의·동적 template·상위함수 호출을 실제 렌더 결과와 연결","해당 원본 컨트롤의 노출 조건·클릭/필터/취소 결과를 Golden fixture로 검증","<button class=""act"" onclick=""clearInquiryIssue()"">"
"C01647","UNRESOLVED_CONTROL","inqTechReview: '+(d?'영업기회 열기':'분류 검토')+'","페이지 데이터/상태 경로: 정확한 runtime reachability 미확인","직접 literal write 발견 없음; 간접 호출은 미확인","local/crm.html:7784","미확정: 원본 handler/template 추적 필요","TEST_MISSING","중복정의·동적 template·상위함수 호출을 실제 렌더 결과와 연결","해당 원본 컨트롤의 노출 조건·클릭/필터/취소 결과를 Golden fixture로 검증","<button class=""'+(d?'':'primary')+'"" data-i=""'+i+'"" onclick=""inqTechReviewAction(Number(this.dataset.i))"">"
"C01648","UNRESOLVED_CONTROL","inqTechReviewAction: '+opts+'","페이지 데이터/상태 경로: 정확한 runtime reachability 미확인","직접 literal write 발견 없음; 간접 호출은 미확인","local/crm.html:7785","미확정: 원본 handler/template 추적 필요","TEST_MISSING","중복정의·동적 template·상위함수 호출을 실제 렌더 결과와 연결","해당 원본 컨트롤의 노출 조건·클릭/필터/취소 결과를 Golden fixture로 검증","<select id=""inq-tech-brand"">"
"C01649","UNRESOLVED_CONTROL","inqTechReviewAction: button","페이지 데이터/상태 경로: 정확한 runtime reachability 미확인","직접 literal write 발견 없음; 간접 호출은 미확인","local/crm.html:7785","미확정: 원본 handler/template 추적 필요","TEST_MISSING","중복정의·동적 template·상위함수 호출을 실제 렌더 결과와 연결","해당 원본 컨트롤의 노출 조건·클릭/필터/취소 결과를 Golden fixture로 검증","<button onclick=""inqTechReclassify()"">"
"C01650","UNRESOLVED_CONTROL","inqTechReviewAction: button","페이지 데이터/상태 경로: 정확한 runtime reachability 미확인","직접 literal write 발견 없음; 간접 호출은 미확인","local/crm.html:7785","미확정: 원본 handler/template 추적 필요","TEST_MISSING","중복정의·동적 template·상위함수 호출을 실제 렌더 결과와 연결","해당 원본 컨트롤의 노출 조건·클릭/필터/취소 결과를 Golden fixture로 검증","<button class=""primary"" onclick=""inqTechPromote()"">"
"C01651","UNRESOLVED_CONTROL","inqTechReviewAction: 취소","페이지 데이터/상태 경로: 정확한 runtime reachability 미확인","직접 literal write 발견 없음; 간접 호출은 미확인","local/crm.html:7785","미확정: 원본 handler/template 추적 필요","TEST_MISSING","중복정의·동적 template·상위함수 호출을 실제 렌더 결과와 연결","해당 원본 컨트롤의 노출 조건·클릭/필터/취소 결과를 Golden fixture로 검증","<button onclick=""closeInquiryControlModal()"">"
"C01652","UNRESOLVED_CONTROL","inqCtlConsole: button","페이지 데이터/상태 경로: 정확한 runtime reachability 미확인","직접 literal write 발견 없음; 간접 호출은 미확인","local/crm.html:7793","미확정: 원본 handler/template 추적 필요","TEST_MISSING","중복정의·동적 template·상위함수 호출을 실제 렌더 결과와 연결","해당 원본 컨트롤의 노출 조건·클릭/필터/취소 결과를 Golden fixture로 검증","<button class=""'+(x[2]||'')+'"" onclick=""inqCtlSetTab(\''+x[0]+'\')"">"
"C01653","UNRESOLVED_CONTROL","inqCtlConsole: div","페이지 데이터/상태 경로: 정확한 runtime reachability 미확인","직접 literal write 발견 없음; 간접 호출은 미확인","local/crm.html:7795","미확정: 원본 handler/template 추적 필요","TEST_MISSING","중복정의·동적 template·상위함수 호출을 실제 렌더 결과와 연결","해당 원본 컨트롤의 노출 조건·클릭/필터/취소 결과를 Golden fixture로 검증","<div class=""inq-ctl-row '+(late||!assigned?'attn':'')+'"" onclick=""inqCtlOpenSingle(this.dataset.k)"" data-k=""'+escAttr(k)+'"">"
"C01654","UNRESOLVED_CONTROL","inqCtlConsole: span","페이지 데이터/상태 경로: 정확한 runtime reachability 미확인","직접 literal write 발견 없음; 간접 호출은 미확인","local/crm.html:7795","미확정: 원본 handler/template 추적 필요","TEST_MISSING","중복정의·동적 template·상위함수 호출을 실제 렌더 결과와 연결","해당 원본 컨트롤의 노출 조건·클릭/필터/취소 결과를 Golden fixture로 검증","<span onclick=""event.stopPropagation()"">"
"C01655","UNRESOLVED_CONTROL","inqCtlConsole: input","페이지 데이터/상태 경로: 정확한 runtime reachability 미확인","직접 literal write 발견 없음; 간접 호출은 미확인","local/crm.html:7795","미확정: 원본 handler/template 추적 필요","TEST_MISSING","중복정의·동적 template·상위함수 호출을 실제 렌더 결과와 연결","해당 원본 컨트롤의 노출 조건·클릭/필터/취소 결과를 Golden fixture로 검증","<input type=""checkbox"" data-k=""'+escAttr(k)+'"" '+(INQ_SEL[k]?'checked':'')+' onclick=""inqTick(this.dataset.k,this.checked)"">"
"C01656","UNRESOLVED_CONTROL","inqCtlConsole: span","페이지 데이터/상태 경로: 정확한 runtime reachability 미확인","직접 literal write 발견 없음; 간접 호출은 미확인","local/crm.html:7795","미확정: 원본 handler/template 추적 필요","TEST_MISSING","중복정의·동적 template·상위함수 호출을 실제 렌더 결과와 연결","해당 원본 컨트롤의 노출 조건·클릭/필터/취소 결과를 Golden fixture로 검증","<span onclick=""event.stopPropagation()"">"
"C01657","UNRESOLVED_CONTROL","inqCtlConsole: ⋯","페이지 데이터/상태 경로: 정확한 runtime reachability 미확인","직접 literal write 발견 없음; 간접 호출은 미확인","local/crm.html:7795","미확정: 원본 handler/template 추적 필요","TEST_MISSING","중복정의·동적 template·상위함수 호출을 실제 렌더 결과와 연결","해당 원본 컨트롤의 노출 조건·클릭/필터/취소 결과를 Golden fixture로 검증","<button class=""inq-ctl-more"" data-k=""'+escAttr(k)+'"" onclick=""inqCtlOpenMenu(this.dataset.k)"" aria-label=""문의 처리 메뉴"">"
"C01658","UNRESOLVED_CONTROL","inqCtlConsole: input","페이지 데이터/상태 경로: 정확한 runtime reachability 미확인","직접 literal write 발견 없음; 간접 호출은 미확인","local/crm.html:7796","미확정: 원본 handler/template 추적 필요","TEST_MISSING","중복정의·동적 template·상위함수 호출을 실제 렌더 결과와 연결","해당 원본 컨트롤의 노출 조건·클릭/필터/취소 결과를 Golden fixture로 검증","<input type=""checkbox"" '+(allChecked?'checked':'')+' onclick=""inqCtlTickAll(this.checked)"">"
"C01659","UNRESOLVED_CONTROL","inqCtlConsole: 영업담당 배정","페이지 데이터/상태 경로: 정확한 runtime reachability 미확인","직접 literal write 발견 없음; 간접 호출은 미확인","local/crm.html:7796","미확정: 원본 handler/template 추적 필요","TEST_MISSING","중복정의·동적 template·상위함수 호출을 실제 렌더 결과와 연결","해당 원본 컨트롤의 노출 조건·클릭/필터/취소 결과를 Golden fixture로 검증","<button class=""primary"" onclick=""inqCtlOpenAssign(\'assign\')"">"
"C01660","UNRESOLVED_CONTROL","inqCtlConsole: 영업담당 재배정","페이지 데이터/상태 경로: 정확한 runtime reachability 미확인","직접 literal write 발견 없음; 간접 호출은 미확인","local/crm.html:7796","미확정: 원본 handler/template 추적 필요","TEST_MISSING","중복정의·동적 template·상위함수 호출을 실제 렌더 결과와 연결","해당 원본 컨트롤의 노출 조건·클릭/필터/취소 결과를 Golden fixture로 검증","<button onclick=""inqCtlOpenAssign(\'reassign\')"">"
"C01661","UNRESOLVED_CONTROL","inqCtlConsole: 미배정 회수","페이지 데이터/상태 경로: 정확한 runtime reachability 미확인","직접 literal write 발견 없음; 간접 호출은 미확인","local/crm.html:7796","미확정: 원본 handler/template 추적 필요","TEST_MISSING","중복정의·동적 template·상위함수 호출을 실제 렌더 결과와 연결","해당 원본 컨트롤의 노출 조건·클릭/필터/취소 결과를 Golden fixture로 검증","<button onclick=""inqCtlOpenReason(\'unassign\')"">"
"C01662","UNRESOLVED_CONTROL","inqCtlConsole: 보류","페이지 데이터/상태 경로: 정확한 runtime reachability 미확인","직접 literal write 발견 없음; 간접 호출은 미확인","local/crm.html:7796","미확정: 원본 handler/template 추적 필요","TEST_MISSING","중복정의·동적 template·상위함수 호출을 실제 렌더 결과와 연결","해당 원본 컨트롤의 노출 조건·클릭/필터/취소 결과를 Golden fixture로 검증","<button onclick=""inqCtlOpenReason(\'hold\')"">"
"C01663","UNRESOLVED_CONTROL","inqCtlConsole: 휴지통","페이지 데이터/상태 경로: 정확한 runtime reachability 미확인","직접 literal write 발견 없음; 간접 호출은 미확인","local/crm.html:7796","미확정: 원본 handler/template 추적 필요","TEST_MISSING","중복정의·동적 template·상위함수 호출을 실제 렌더 결과와 연결","해당 원본 컨트롤의 노출 조건·클릭/필터/취소 결과를 Golden fixture로 검증","<button class=""danger"" onclick=""inqCtlOpenTrash()"">"
"C01664","UNRESOLVED_CONTROL","inqCtlAssignGroup: button","페이지 데이터/상태 경로: 정확한 runtime reachability 미확인","직접 literal write 발견 없음; 간접 호출은 미확인","local/crm.html:7806","미확정: 원본 handler/template 추적 필요","TEST_MISSING","중복정의·동적 template·상위함수 호출을 실제 렌더 결과와 연결","해당 원본 컨트롤의 노출 조건·클릭/필터/취소 결과를 Golden fixture로 검증","<button class=""inq-ctl-rep '+(s.score===min&&p.role!=='branch_pool'?'recommended':'')+'"" data-r=""'+escAttr(s.rep)+'"" onclick=""inqCtlChooseRep(this.dataset.r)"">"
"C01665","UNRESOLVED_CONTROL","inqCtlOpenAssign: button","페이지 데이터/상태 경로: 정확한 runtime reachability 미확인","직접 literal write 발견 없음; 간접 호출은 미확인","local/crm.html:7807","미확정: 원본 handler/template 추적 필요","TEST_MISSING","중복정의·동적 template·상위함수 호출을 실제 렌더 결과와 연결","해당 원본 컨트롤의 노출 조건·클릭/필터/취소 결과를 Golden fixture로 검증","<button class=""inq-branch-handoff"" onclick=""inqCtlOpenBranchHandoffConfirm()"">"
"C01666","UNRESOLVED_CONTROL","inqCtlOpenAssign: input","페이지 데이터/상태 경로: 정확한 runtime reachability 미확인","직접 literal write 발견 없음; 간접 호출은 미확인","local/crm.html:7807","미확정: 원본 handler/template 추적 필요","TEST_MISSING","중복정의·동적 template·상위함수 호출을 실제 렌더 결과와 연결","해당 원본 컨트롤의 노출 조건·클릭/필터/취소 결과를 Golden fixture로 검증","<input id=""inq-ctl-reason"" '+(reassign?'required ':'')+'oninput=""inqCtlUpdateAssignConfirm()"" placeholder=""예: 지역·공종·현재 업무량 기준"">"
"C01667","UNRESOLVED_CONTROL","inqCtlOpenAssign: 취소","페이지 데이터/상태 경로: 정확한 runtime reachability 미확인","직접 literal write 발견 없음; 간접 호출은 미확인","local/crm.html:7807","미확정: 원본 handler/template 추적 필요","TEST_MISSING","중복정의·동적 template·상위함수 호출을 실제 렌더 결과와 연결","해당 원본 컨트롤의 노출 조건·클릭/필터/취소 결과를 Golden fixture로 검증","<button onclick=""closeInquiryControlModal()"">"
"C01668","UNRESOLVED_CONTROL","inqCtlOpenAssign: '+(reassign?'본사 영업담당 재배정':'본사 영업담당 배정')+'","페이지 데이터/상태 경로: 정확한 runtime reachability 미확인","직접 literal write 발견 없음; 간접 호출은 미확인","local/crm.html:7807","미확정: 원본 handler/template 추적 필요","TEST_MISSING","중복정의·동적 template·상위함수 호출을 실제 렌더 결과와 연결","해당 원본 컨트롤의 노출 조건·클릭/필터/취소 결과를 Golden fixture로 검증","<button class=""primary"" id=""inq-ctl-confirm"" disabled onclick=""inqCtlConfirmAssign()"">"
"C01669","UNRESOLVED_CONTROL","inqCtlOpenBranchHandoffConfirm: input","페이지 데이터/상태 경로: 정확한 runtime reachability 미확인","직접 literal write 발견 없음; 간접 호출은 미확인","local/crm.html:7808","미확정: 원본 handler/template 추적 필요","TEST_MISSING","중복정의·동적 template·상위함수 호출을 실제 렌더 결과와 연결","해당 원본 컨트롤의 노출 조건·클릭/필터/취소 결과를 Golden fixture로 검증","<input id=""inq-ctl-reason"" '+(M.reassign?'required ':'')+' placeholder=""예: 경남 권역 문의 지사 인계"">"
"C01670","UNRESOLVED_CONTROL","inqCtlOpenBranchHandoffConfirm: 취소","페이지 데이터/상태 경로: 정확한 runtime reachability 미확인","직접 literal write 발견 없음; 간접 호출은 미확인","local/crm.html:7808","미확정: 원본 handler/template 추적 필요","TEST_MISSING","중복정의·동적 template·상위함수 호출을 실제 렌더 결과와 연결","해당 원본 컨트롤의 노출 조건·클릭/필터/취소 결과를 Golden fixture로 검증","<button onclick=""closeInquiryControlModal()"">"
"C01671","UNRESOLVED_CONTROL","inqCtlOpenBranchHandoffConfirm: 경남지사 인계","페이지 데이터/상태 경로: 정확한 runtime reachability 미확인","직접 literal write 발견 없음; 간접 호출은 미확인","local/crm.html:7808","미확정: 원본 handler/template 추적 필요","TEST_MISSING","중복정의·동적 template·상위함수 호출을 실제 렌더 결과와 연결","해당 원본 컨트롤의 노출 조건·클릭/필터/취소 결과를 Golden fixture로 검증","<button class=""primary"" onclick=""inqCtlConfirmBranchHandoff()"">"
"C01672","UNRESOLVED_CONTROL","inqCtlOpenReason: textarea","페이지 데이터/상태 경로: 정확한 runtime reachability 미확인","직접 literal write 발견 없음; 간접 호출은 미확인","local/crm.html:7814","미확정: 원본 handler/template 추적 필요","TEST_MISSING","중복정의·동적 template·상위함수 호출을 실제 렌더 결과와 연결","해당 원본 컨트롤의 노출 조건·클릭/필터/취소 결과를 Golden fixture로 검증","<textarea id=""inq-ctl-reason"" placeholder=""예: 고객 요청으로 다음 달 재검토"">"
"C01673","UNRESOLVED_CONTROL","inqCtlOpenReason: 취소","페이지 데이터/상태 경로: 정확한 runtime reachability 미확인","직접 literal write 발견 없음; 간접 호출은 미확인","local/crm.html:7814","미확정: 원본 handler/template 추적 필요","TEST_MISSING","중복정의·동적 template·상위함수 호출을 실제 렌더 결과와 연결","해당 원본 컨트롤의 노출 조건·클릭/필터/취소 결과를 Golden fixture로 검증","<button onclick=""closeInquiryControlModal()"">"
"C01674","UNRESOLVED_CONTROL","inqCtlOpenReason: '+(hold?'보류 처리':'미배정 회수')+'","페이지 데이터/상태 경로: 정확한 runtime reachability 미확인","직접 literal write 발견 없음; 간접 호출은 미확인","local/crm.html:7814","미확정: 원본 handler/template 추적 필요","TEST_MISSING","중복정의·동적 template·상위함수 호출을 실제 렌더 결과와 연결","해당 원본 컨트롤의 노출 조건·클릭/필터/취소 결과를 Golden fixture로 검증","<button class=""primary"" onclick=""inqCtlConfirmReason()"">"
"C01675","UNRESOLVED_CONTROL","inqCtlOpenTrash: '+INQ_DELETE_REASONS.map(function(x){return '","페이지 데이터/상태 경로: 정확한 runtime reachability 미확인","직접 literal write 발견 없음; 간접 호출은 미확인","local/crm.html:7816","미확정: 원본 handler/template 추적 필요","TEST_MISSING","중복정의·동적 template·상위함수 호출을 실제 렌더 결과와 연결","해당 원본 컨트롤의 노출 조건·클릭/필터/취소 결과를 Golden fixture로 검증","<select id=""inq-ctl-delete-reason"">"
"C01676","UNRESOLVED_CONTROL","inqCtlOpenTrash: textarea","페이지 데이터/상태 경로: 정확한 runtime reachability 미확인","직접 literal write 발견 없음; 간접 호출은 미확인","local/crm.html:7816","미확정: 원본 handler/template 추적 필요","TEST_MISSING","중복정의·동적 template·상위함수 호출을 실제 렌더 결과와 연결","해당 원본 컨트롤의 노출 조건·클릭/필터/취소 결과를 Golden fixture로 검증","<textarea id=""inq-ctl-delete-note"" placeholder=""기타 사유나 확인 내용을 남겨 주세요."">"
"C01677","UNRESOLVED_CONTROL","inqCtlOpenTrash: 취소","페이지 데이터/상태 경로: 정확한 runtime reachability 미확인","직접 literal write 발견 없음; 간접 호출은 미확인","local/crm.html:7816","미확정: 원본 handler/template 추적 필요","TEST_MISSING","중복정의·동적 template·상위함수 호출을 실제 렌더 결과와 연결","해당 원본 컨트롤의 노출 조건·클릭/필터/취소 결과를 Golden fixture로 검증","<button onclick=""closeInquiryControlModal()"">"
"C01678","UNRESOLVED_CONTROL","inqCtlOpenTrash: 휴지통으로 이동","페이지 데이터/상태 경로: 정확한 runtime reachability 미확인","직접 literal write 발견 없음; 간접 호출은 미확인","local/crm.html:7816","미확정: 원본 handler/template 추적 필요","TEST_MISSING","중복정의·동적 template·상위함수 호출을 실제 렌더 결과와 연결","해당 원본 컨트롤의 노출 조건·클릭/필터/취소 결과를 Golden fixture로 검증","<button class=""danger"" onclick=""inqCtlConfirmTrash()"">"
"C01679","UNRESOLVED_CONTROL","inqCtlTrash: div","페이지 데이터/상태 경로: 정확한 runtime reachability 미확인","직접 literal write 발견 없음; 간접 호출은 미확인","local/crm.html:7821","미확정: 원본 handler/template 추적 필요","TEST_MISSING","중복정의·동적 template·상위함수 호출을 실제 렌더 결과와 연결","해당 원본 컨트롤의 노출 조건·클릭/필터/취소 결과를 Golden fixture로 검증","<div class=""inq-ctl-row"" style=""grid-template-columns:70px minmax(180px,1.4fr) 110px 90px 110px 105px 155px"" onclick=""return false"">"
"C01680","UNRESOLVED_CONTROL","inqCtlTrash: 복원","페이지 데이터/상태 경로: 정확한 runtime reachability 미확인","직접 literal write 발견 없음; 간접 호출은 미확인","local/crm.html:7821","미확정: 원본 handler/template 추적 필요","TEST_MISSING","중복정의·동적 template·상위함수 호출을 실제 렌더 결과와 연결","해당 원본 컨트롤의 노출 조건·클릭/필터/취소 결과를 Golden fixture로 검증","<button class=""restore"" data-k=""'+escAttr(k)+'"" onclick=""inqCtlRestore(this.dataset.k)"">"
"C01681","UNRESOLVED_CONTROL","inqCtlTrash: 완전삭제","페이지 데이터/상태 경로: 정확한 runtime reachability 미확인","직접 literal write 발견 없음; 간접 호출은 미확인","local/crm.html:7821","미확정: 원본 handler/template 추적 필요","TEST_MISSING","중복정의·동적 template·상위함수 호출을 실제 렌더 결과와 연결","해당 원본 컨트롤의 노출 조건·클릭/필터/취소 결과를 Golden fixture로 검증","<button class=""purge"" data-k=""'+escAttr(k)+'"" '+(!admin||prot?'disabled title=""영업기회 연결 또는 권한으로 완전삭제 제한""':'')+' onclick=""inqCtlHardDelete(this.dataset.k)"">"
"C01682","UNRESOLVED_CONTROL","inqCtlOpenConsultant: button","페이지 데이터/상태 경로: 정확한 runtime reachability 미확인","직접 literal write 발견 없음; 간접 호출은 미확인","local/crm.html:7822","미확정: 원본 handler/template 추적 필요","TEST_MISSING","중복정의·동적 template·상위함수 호출을 실제 렌더 결과와 연결","해당 원본 컨트롤의 노출 조건·클릭/필터/취소 결과를 Golden fixture로 검증","<button class=""inq-ctl-rep '+(n===cur?'selected':'')+'"" data-r=""'+escAttr(n)+'"" onclick=""inqCtlSetConsultant(this.dataset.r)"">"
"C01683","UNRESOLVED_CONTROL","inqCtlOpenConsultant: 상담담당 없음","페이지 데이터/상태 경로: 정확한 runtime reachability 미확인","직접 literal write 발견 없음; 간접 호출은 미확인","local/crm.html:7822","미확정: 원본 handler/template 추적 필요","TEST_MISSING","중복정의·동적 template·상위함수 호출을 실제 렌더 결과와 연결","해당 원본 컨트롤의 노출 조건·클릭/필터/취소 결과를 Golden fixture로 검증","<button onclick=""inqCtlSetConsultant(\'\')"">"
"C01684","UNRESOLVED_CONTROL","inqCtlOpenConsultant: 취소","페이지 데이터/상태 경로: 정확한 runtime reachability 미확인","직접 literal write 발견 없음; 간접 호출은 미확인","local/crm.html:7822","미확정: 원본 handler/template 추적 필요","TEST_MISSING","중복정의·동적 template·상위함수 호출을 실제 렌더 결과와 연결","해당 원본 컨트롤의 노출 조건·클릭/필터/취소 결과를 Golden fixture로 검증","<button onclick=""closeInquiryControlModal()"">"
"C01685","UNRESOLVED_CONTROL","inqCtlOpenMenu: 상세 처리","페이지 데이터/상태 경로: 정확한 runtime reachability 미확인","직접 literal write 발견 없음; 간접 호출은 미확인","local/crm.html:7824","미확정: 원본 handler/template 추적 필요","TEST_MISSING","중복정의·동적 template·상위함수 호출을 실제 렌더 결과와 연결","해당 원본 컨트롤의 노출 조건·클릭/필터/취소 결과를 Golden fixture로 검증","<button class=""dact"" onclick=""inqCtlMenuDo(\'detail\')"">"
"C01686","UNRESOLVED_CONTROL","inqCtlOpenMenu: 상담담당 지정","페이지 데이터/상태 경로: 정확한 runtime reachability 미확인","직접 literal write 발견 없음; 간접 호출은 미확인","local/crm.html:7824","미확정: 원본 handler/template 추적 필요","TEST_MISSING","중복정의·동적 template·상위함수 호출을 실제 렌더 결과와 연결","해당 원본 컨트롤의 노출 조건·클릭/필터/취소 결과를 Golden fixture로 검증","<button class=""dact"" onclick=""inqCtlMenuDo(\'consultant\')"">"
"C01687","UNRESOLVED_CONTROL","inqCtlOpenMenu: '+(assigned?'영업담당 재배정':'영업담당 배정')+'","페이지 데이터/상태 경로: 정확한 runtime reachability 미확인","직접 literal write 발견 없음; 간접 호출은 미확인","local/crm.html:7824","미확정: 원본 handler/template 추적 필요","TEST_MISSING","중복정의·동적 template·상위함수 호출을 실제 렌더 결과와 연결","해당 원본 컨트롤의 노출 조건·클릭/필터/취소 결과를 Golden fixture로 검증","<button class=""dact pri"" onclick=""inqCtlMenuDo(\''+(assigned?'reassign':'assign')+'\')"">"
"C01688","UNRESOLVED_CONTROL","inqCtlOpenMenu: 미배정으로 회수","페이지 데이터/상태 경로: 정확한 runtime reachability 미확인","직접 literal write 발견 없음; 간접 호출은 미확인","local/crm.html:7824","미확정: 원본 handler/template 추적 필요","TEST_MISSING","중복정의·동적 template·상위함수 호출을 실제 렌더 결과와 연결","해당 원본 컨트롤의 노출 조건·클릭/필터/취소 결과를 Golden fixture로 검증","<button class=""dact"" onclick=""inqCtlMenuDo(\'unassign\')"">"
"C01689","UNRESOLVED_CONTROL","inqCtlOpenMenu: 보류","페이지 데이터/상태 경로: 정확한 runtime reachability 미확인","직접 literal write 발견 없음; 간접 호출은 미확인","local/crm.html:7824","미확정: 원본 handler/template 추적 필요","TEST_MISSING","중복정의·동적 template·상위함수 호출을 실제 렌더 결과와 연결","해당 원본 컨트롤의 노출 조건·클릭/필터/취소 결과를 Golden fixture로 검증","<button class=""dact warn"" onclick=""inqCtlMenuDo(\'hold\')"">"
"C01690","UNRESOLVED_CONTROL","inqCtlOpenMenu: 중복 처리","페이지 데이터/상태 경로: 정확한 runtime reachability 미확인","직접 literal write 발견 없음; 간접 호출은 미확인","local/crm.html:7824","미확정: 원본 handler/template 추적 필요","TEST_MISSING","중복정의·동적 template·상위함수 호출을 실제 렌더 결과와 연결","해당 원본 컨트롤의 노출 조건·클릭/필터/취소 결과를 Golden fixture로 검증","<button class=""dact"" onclick=""inqCtlMenuDo(\'duplicate\')"">"
"C01691","UNRESOLVED_CONTROL","inqCtlOpenMenu: 휴지통으로 이동","페이지 데이터/상태 경로: 정확한 runtime reachability 미확인","직접 literal write 발견 없음; 간접 호출은 미확인","local/crm.html:7824","미확정: 원본 handler/template 추적 필요","TEST_MISSING","중복정의·동적 template·상위함수 호출을 실제 렌더 결과와 연결","해당 원본 컨트롤의 노출 조건·클릭/필터/취소 결과를 Golden fixture로 검증","<button class=""dact"" style=""color:var(--danger);border-color:var(--danger-bg)"" onclick=""inqCtlMenuDo(\'trash\')"">"
"C01692","UNRESOLVED_CONTROL","dccHeroHTML: '+dccActionLabel(x.key)+'","페이지 데이터/상태 경로: 정확한 runtime reachability 미확인","직접 literal write 발견 없음; 간접 호출은 미확인","local/crm.html:7873","미확정: 원본 handler/template 추적 필요","TEST_MISSING","중복정의·동적 template·상위함수 호출을 실제 렌더 결과와 연결","해당 원본 컨트롤의 노출 조건·클릭/필터/취소 결과를 Golden fixture로 검증","<button onclick=""dccAction(\''+x.key+'\')"">"
"C01693","UNRESOLVED_CONTROL","dccHeroHTML: '+(scope==='unclassified'?'공종 입력':'공종 수정')+'","페이지 데이터/상태 경로: 정확한 runtime reachability 미확인","직접 literal write 발견 없음; 간접 호출은 미확인","local/crm.html:7875","미확정: 원본 handler/template 추적 필요","TEST_MISSING","중복정의·동적 template·상위함수 호출을 실제 렌더 결과와 연결","해당 원본 컨트롤의 노출 조건·클릭/필터/취소 결과를 Golden fixture로 검증","<button class=""primary"" onclick=""openWorkEdit()"">"
"C01694","UNRESOLVED_CONTROL","dccHeroHTML: 사업유형 변경","페이지 데이터/상태 경로: 정확한 runtime reachability 미확인","직접 literal write 발견 없음; 간접 호출은 미확인","local/crm.html:7875","미확정: 원본 handler/template 추적 필요","TEST_MISSING","중복정의·동적 template·상위함수 호출을 실제 렌더 결과와 연결","해당 원본 컨트롤의 노출 조건·클릭/필터/취소 결과를 Golden fixture로 검증","<button class=""primary"" onclick=""openBizChange()"">"
"C01695","UNRESOLVED_CONTROL","dccHeroHTML: 이력 보기","페이지 데이터/상태 경로: 정확한 runtime reachability 미확인","직접 literal write 발견 없음; 간접 호출은 미확인","local/crm.html:7875","미확정: 원본 handler/template 추적 필요","TEST_MISSING","중복정의·동적 template·상위함수 호출을 실제 렌더 결과와 연결","해당 원본 컨트롤의 노출 조건·클릭/필터/취소 결과를 Golden fixture로 검증","<button onclick=""detailTabFocus(\'변경이력\')"">"
"C01696","UNRESOLVED_CONTROL","dccHeroHTML: 전화","페이지 데이터/상태 경로: 정확한 runtime reachability 미확인","직접 literal write 발견 없음; 간접 호출은 미확인","local/crm.html:7875","미확정: 원본 handler/template 추적 필요","TEST_MISSING","중복정의·동적 template·상위함수 호출을 실제 렌더 결과와 연결","해당 원본 컨트롤의 노출 조건·클릭/필터/취소 결과를 Golden fixture로 검증","<button '+(!mobile?'disabled':'')+' onclick=""contactDial(\'mobile\')"">"
"C01697","UNRESOLVED_CONTROL","dccHeroHTML: 카카오","페이지 데이터/상태 경로: 정확한 runtime reachability 미확인","직접 literal write 발견 없음; 간접 호출은 미확인","local/crm.html:7875","미확정: 원본 handler/template 추적 필요","TEST_MISSING","중복정의·동적 template·상위함수 호출을 실제 렌더 결과와 연결","해당 원본 컨트롤의 노출 조건·클릭/필터/취소 결과를 Golden fixture로 검증","<button '+(!mobile?'disabled':'')+' onclick=""contactKakao()"">"
"C01698","UNRESOLVED_CONTROL","dccHeroHTML: 문자","페이지 데이터/상태 경로: 정확한 runtime reachability 미확인","직접 literal write 발견 없음; 간접 호출은 미확인","local/crm.html:7875","미확정: 원본 handler/template 추적 필요","TEST_MISSING","중복정의·동적 template·상위함수 호출을 실제 렌더 결과와 연결","해당 원본 컨트롤의 노출 조건·클릭/필터/취소 결과를 Golden fixture로 검증","<button '+(!mobile?'disabled':'')+' onclick=""contactSms()"">"
"C01699","UNRESOLVED_CONTROL","dccHeroHTML: 관리소장 등록","페이지 데이터/상태 경로: 정확한 runtime reachability 미확인","직접 literal write 발견 없음; 간접 호출은 미확인","local/crm.html:7875","미확정: 원본 handler/template 추적 필요","TEST_MISSING","중복정의·동적 template·상위함수 호출을 실제 렌더 결과와 연결","해당 원본 컨트롤의 노출 조건·클릭/필터/취소 결과를 Golden fixture로 검증","<button class=""primary"" onclick=""openQuickContact(\'new\')"">"
"C01700","UNRESOLVED_CONTROL","dccHeroHTML: 이 발언으로 다음 행동 만들기","페이지 데이터/상태 경로: 정확한 runtime reachability 미확인","직접 literal write 발견 없음; 간접 호출은 미확인","local/crm.html:7875","미확정: 원본 handler/template 추적 필요","TEST_MISSING","중복정의·동적 template·상위함수 호출을 실제 렌더 결과와 연결","해당 원본 컨트롤의 노출 조건·클릭/필터/취소 결과를 Golden fixture로 검증","<button class=""primary"" onclick=""dccVoiceToNext()"">"
"C01701","UNRESOLVED_CONTROL","dccHeroHTML: 📞 전화","페이지 데이터/상태 경로: 정확한 runtime reachability 미확인","직접 literal write 발견 없음; 간접 호출은 미확인","local/crm.html:7875","미확정: 원본 handler/template 추적 필요","TEST_MISSING","중복정의·동적 template·상위함수 호출을 실제 렌더 결과와 연결","해당 원본 컨트롤의 노출 조건·클릭/필터/취소 결과를 Golden fixture로 검증","<button '+(!mobile?'disabled':'')+' onclick=""contactDial(\'mobile\')"">"
"C01702","UNRESOLVED_CONTROL","dccHeroHTML: 💬 카카오","페이지 데이터/상태 경로: 정확한 runtime reachability 미확인","직접 literal write 발견 없음; 간접 호출은 미확인","local/crm.html:7875","미확정: 원본 handler/template 추적 필요","TEST_MISSING","중복정의·동적 template·상위함수 호출을 실제 렌더 결과와 연결","해당 원본 컨트롤의 노출 조건·클릭/필터/취소 결과를 Golden fixture로 검증","<button '+(!mobile?'disabled':'')+' onclick=""contactKakao()"">"
"C01703","UNRESOLVED_CONTROL","dccHeroHTML: ✉ 문자","페이지 데이터/상태 경로: 정확한 runtime reachability 미확인","직접 literal write 발견 없음; 간접 호출은 미확인","local/crm.html:7875","미확정: 원본 handler/template 추적 필요","TEST_MISSING","중복정의·동적 template·상위함수 호출을 실제 렌더 결과와 연결","해당 원본 컨트롤의 노출 조건·클릭/필터/취소 결과를 Golden fixture로 검증","<button '+(!mobile?'disabled':'')+' onclick=""contactSms()"">"
"C01704","UNRESOLVED_CONTROL","dccWaitingEditorHTML: input","페이지 데이터/상태 경로: 정확한 runtime reachability 미확인","직접 literal write 발견 없음; 간접 호출은 미확인","local/crm.html:7878","미확정: 원본 handler/template 추적 필요","TEST_MISSING","중복정의·동적 template·상위함수 호출을 실제 렌더 결과와 연결","해당 원본 컨트롤의 노출 조건·클릭/필터/취소 결과를 Golden fixture로 검증","<input id=""dcc-wait-reason"" value=""'+escAttr(w.reason)+'"" placeholder=""예: 장기수선충당금 의결 후 검토"">"
"C01705","UNRESOLVED_CONTROL","dccWaitingEditorHTML: input","페이지 데이터/상태 경로: 정확한 runtime reachability 미확인","직접 literal write 발견 없음; 간접 호출은 미확인","local/crm.html:7878","미확정: 원본 handler/template 추적 필요","TEST_MISSING","중복정의·동적 template·상위함수 호출을 실제 렌더 결과와 연결","해당 원본 컨트롤의 노출 조건·클릭/필터/취소 결과를 Golden fixture로 검증","<input id=""dcc-wait-speaker"" value=""'+escAttr(w.speaker)+'"" placeholder=""예: 김OO 관리소장"">"
"C01706","UNRESOLVED_CONTROL","dccWaitingEditorHTML: '+esc(w.statement)+'","페이지 데이터/상태 경로: 정확한 runtime reachability 미확인","직접 literal write 발견 없음; 간접 호출은 미확인","local/crm.html:7878","미확정: 원본 handler/template 추적 필요","TEST_MISSING","중복정의·동적 template·상위함수 호출을 실제 렌더 결과와 연결","해당 원본 컨트롤의 노출 조건·클릭/필터/취소 결과를 Golden fixture로 검증","<textarea id=""dcc-wait-statement"" placeholder=""예: 10월 입주자대표회의 이후 다시 연락주세요."">"
"C01707","UNRESOLVED_CONTROL","dccWaitingEditorHTML: input","페이지 데이터/상태 경로: 정확한 runtime reachability 미확인","직접 literal write 발견 없음; 간접 호출은 미확인","local/crm.html:7878","미확정: 원본 handler/template 추적 필요","TEST_MISSING","중복정의·동적 template·상위함수 호출을 실제 렌더 결과와 연결","해당 원본 컨트롤의 노출 조건·클릭/필터/취소 결과를 Golden fixture로 검증","<input id=""dcc-wait-wake"" type=""date"" value=""'+escAttr(String(w.wake||'').slice(0,10))+'"">"
"C01708","UNRESOLVED_CONTROL","dccWaitingEditorHTML: input","페이지 데이터/상태 경로: 정확한 runtime reachability 미확인","직접 literal write 발견 없음; 간접 호출은 미확인","local/crm.html:7878","미확정: 원본 handler/template 추적 필요","TEST_MISSING","중복정의·동적 template·상위함수 호출을 실제 렌더 결과와 연결","해당 원본 컨트롤의 노출 조건·클릭/필터/취소 결과를 Golden fixture로 검증","<input id=""dcc-wait-resume"" type=""date"" value=""'+escAttr(String(w.resume||'').slice(0,10))+'"">"
"C01709","UNRESOLVED_CONTROL","dccWaitingEditorHTML: input","페이지 데이터/상태 경로: 정확한 runtime reachability 미확인","직접 literal write 발견 없음; 간접 호출은 미확인","local/crm.html:7878","미확정: 원본 handler/template 추적 필요","TEST_MISSING","중복정의·동적 template·상위함수 호출을 실제 렌더 결과와 연결","해당 원본 컨트롤의 노출 조건·클릭/필터/취소 결과를 Golden fixture로 검증","<input id=""dcc-wait-evidence"" value=""'+escAttr(w.evidence)+'"" placeholder=""예: 8/16 관리소장 전화 통화"">"
"C01710","UNRESOLVED_CONTROL","dccWaitingEditorHTML: 대기정보와 재접촉일 저장","페이지 데이터/상태 경로: 정확한 runtime reachability 미확인","직접 literal write 발견 없음; 간접 호출은 미확인","local/crm.html:7878","미확정: 원본 handler/template 추적 필요","TEST_MISSING","중복정의·동적 template·상위함수 호출을 실제 렌더 결과와 연결","해당 원본 컨트롤의 노출 조건·클릭/필터/취소 결과를 Golden fixture로 검증","<button class=""dact pri"" onclick=""dccSaveWaitingContext()"">"
"C01711","UNRESOLVED_CONTROL","dccRecentHTML: 전체 활동 보기","페이지 데이터/상태 경로: 정확한 runtime reachability 미확인","직접 literal write 발견 없음; 간접 호출은 미확인","local/crm.html:7880","미확정: 원본 handler/template 추적 필요","TEST_MISSING","중복정의·동적 template·상위함수 호출을 실제 렌더 결과와 연결","해당 원본 컨트롤의 노출 조건·클릭/필터/취소 결과를 Golden fixture로 검증","<button class=""dact"" onclick=""detailTabFocus(\'연락·활동\')"">"
"C01712","L11","asqOperationHTML: 아파트스퀘어 프로젝트 열기 ↗","asq_projects by site/opportunity/asq_project_id","직접 literal write 발견 없음; 간접 호출은 미확인","local/crm.html:7890","ASQ scoped reader/서버sync 없음","CONTRACT_MISSING","CRM/ASQ정본경계·연결없으면대기·운영수정API를브라우저에주지않음","잘못된link거절·동일site타사업비노출·읽기전용·https URL","<a href=""'+escAttr(url)+'"" target=""_blank"" rel=""noopener noreferrer"">"
"C01713","UNRESOLVED_CONTROL","siteAsqHistoryHTML: 프로젝트 열기 ↗","페이지 데이터/상태 경로: 정확한 runtime reachability 미확인","직접 literal write 발견 없음; 간접 호출은 미확인","local/crm.html:7892","미확정: 원본 handler/template 추적 필요","TEST_MISSING","중복정의·동적 template·상위함수 호출을 실제 렌더 결과와 연결","해당 원본 컨트롤의 노출 조건·클릭/필터/취소 결과를 Golden fixture로 검증","<a href=""'+escAttr(url)+'"" target=""_blank"" rel=""noopener noreferrer"">"
"C01714","UNRESOLVED_CONTROL","siteExpansionPoolHTML: '+esc(dccActionLabel(x.key))+'","페이지 데이터/상태 경로: 정확한 runtime reachability 미확인","직접 literal write 발견 없음; 간접 호출은 미확인","local/crm.html:7906","미확정: 원본 handler/template 추적 필요","TEST_MISSING","중복정의·동적 template·상위함수 호출을 실제 렌더 결과와 연결","해당 원본 컨트롤의 노출 조건·클릭/필터/취소 결과를 Golden fixture로 검증","<button onclick=""dccAction(\''+x.key+'\')"">"
"C01715","UNRESOLVED_CONTROL","siteExpansionPoolHTML: '+esc(risk.cls==='stable'?'활동 기록':'바로 해결')+'","페이지 데이터/상태 경로: 정확한 runtime reachability 미확인","직접 literal write 발견 없음; 간접 호출은 미확인","local/crm.html:7921","미확정: 원본 handler/template 추적 필요","TEST_MISSING","중복정의·동적 template·상위함수 호출을 실제 렌더 결과와 연결","해당 원본 컨트롤의 노출 조건·클릭/필터/취소 결과를 Golden fixture로 검증","<button onclick=""dccAction(\''+(risk.cls==='stable'?'activity':primary.key)+'\')"">"
"C01716","UNRESOLVED_CONTROL","siteExpansionPoolHTML: 📞 전화","페이지 데이터/상태 경로: 정확한 runtime reachability 미확인","직접 literal write 발견 없음; 간접 호출은 미확인","local/crm.html:7925","미확정: 원본 handler/template 추적 필요","TEST_MISSING","중복정의·동적 template·상위함수 호출을 실제 렌더 결과와 연결","해당 원본 컨트롤의 노출 조건·클릭/필터/취소 결과를 Golden fixture로 검증","<button class=""primary"" '+(!callable?'disabled':'')+' onclick=""contactDial(\''+callWhich+'\')"">"
"C01717","UNRESOLVED_CONTROL","siteExpansionPoolHTML: ✉ 문자","페이지 데이터/상태 경로: 정확한 runtime reachability 미확인","직접 literal write 발견 없음; 간접 호출은 미확인","local/crm.html:7925","미확정: 원본 handler/template 추적 필요","TEST_MISSING","중복정의·동적 template·상위함수 호출을 실제 렌더 결과와 연결","해당 원본 컨트롤의 노출 조건·클릭/필터/취소 결과를 Golden fixture로 검증","<button '+(!mobile?'disabled':'')+' onclick=""contactSms()"">"
"C01718","UNRESOLVED_CONTROL","siteExpansionPoolHTML: 💬 카카오","페이지 데이터/상태 경로: 정확한 runtime reachability 미확인","직접 literal write 발견 없음; 간접 호출은 미확인","local/crm.html:7925","미확정: 원본 handler/template 추적 필요","TEST_MISSING","중복정의·동적 template·상위함수 호출을 실제 렌더 결과와 연결","해당 원본 컨트롤의 노출 조건·클릭/필터/취소 결과를 Golden fixture로 검증","<button '+(!mobile?'disabled':'')+' onclick=""contactKakao()"">"
"C01719","UNRESOLVED_CONTROL","siteExpansionPoolHTML: 📎 자료발송","페이지 데이터/상태 경로: 정확한 runtime reachability 미확인","직접 literal write 발견 없음; 간접 호출은 미확인","local/crm.html:7925","미확정: 원본 handler/template 추적 필요","TEST_MISSING","중복정의·동적 template·상위함수 호출을 실제 렌더 결과와 연결","해당 원본 컨트롤의 노출 조건·클릭/필터/취소 결과를 Golden fixture로 검증","<button class=""quick-material"" '+(!mobile?'disabled':'')+' onclick=""openContextualMaterial()"">"
"C01720","UNRESOLVED_CONTROL","siteExpansionPoolHTML: 연락처 등록","페이지 데이터/상태 경로: 정확한 runtime reachability 미확인","직접 literal write 발견 없음; 간접 호출은 미확인","local/crm.html:7925","미확정: 원본 handler/template 추적 필요","TEST_MISSING","중복정의·동적 template·상위함수 호출을 실제 렌더 결과와 연결","해당 원본 컨트롤의 노출 조건·클릭/필터/취소 결과를 Golden fixture로 검증","<button class=""primary"" onclick=""openQuickContact(\'new\')"">"
"C01721","UNRESOLVED_CONTROL","siteExpansionPoolHTML: ＋ 활동기록","페이지 데이터/상태 경로: 정확한 runtime reachability 미확인","직접 literal write 발견 없음; 간접 호출은 미확인","local/crm.html:7926","미확정: 원본 handler/template 추적 필요","TEST_MISSING","중복정의·동적 template·상위함수 호출을 실제 렌더 결과와 연결","해당 원본 컨트롤의 노출 조건·클릭/필터/취소 결과를 Golden fixture로 검증","<button class=""quick-work"" onclick=""dccGoActivity()"">"
"C01722","UNRESOLVED_CONTROL","siteExpansionPoolHTML: 다음 행동","페이지 데이터/상태 경로: 정확한 runtime reachability 미확인","직접 literal write 발견 없음; 간접 호출은 미확인","local/crm.html:7926","미확정: 원본 handler/template 추적 필요","TEST_MISSING","중복정의·동적 template·상위함수 호출을 실제 렌더 결과와 연결","해당 원본 컨트롤의 노출 조건·클릭/필터/취소 결과를 Golden fixture로 검증","<button class=""quick-next"" onclick=""dccGoNext()"">"
"C01723","UNRESOLVED_CONTROL","siteExpansionPoolHTML: 공종 · 사업유형 · 고객 발언 자세히 보기","페이지 데이터/상태 경로: 정확한 runtime reachability 미확인","직접 literal write 발견 없음; 간접 호출은 미확인","local/crm.html:7929","미확정: 원본 handler/template 추적 필요","TEST_MISSING","중복정의·동적 template·상위함수 호출을 실제 렌더 결과와 연결","해당 원본 컨트롤의 노출 조건·클릭/필터/취소 결과를 Golden fixture로 검증","<summary>"
"C01724","UNRESOLVED_CONTROL","siteExpansionPoolHTML: '+(scope==='unclassified'?'공종 입력':'공종 수정')+'","페이지 데이터/상태 경로: 정확한 runtime reachability 미확인","직접 literal write 발견 없음; 간접 호출은 미확인","local/crm.html:7930","미확정: 원본 handler/template 추적 필요","TEST_MISSING","중복정의·동적 template·상위함수 호출을 실제 렌더 결과와 연결","해당 원본 컨트롤의 노출 조건·클릭/필터/취소 결과를 Golden fixture로 검증","<button onclick=""openWorkEdit()"">"
"C01725","UNRESOLVED_CONTROL","siteExpansionPoolHTML: 사업유형 변경","페이지 데이터/상태 경로: 정확한 runtime reachability 미확인","직접 literal write 발견 없음; 간접 호출은 미확인","local/crm.html:7931","미확정: 원본 handler/template 추적 필요","TEST_MISSING","중복정의·동적 template·상위함수 호출을 실제 렌더 결과와 연결","해당 원본 컨트롤의 노출 조건·클릭/필터/취소 결과를 Golden fixture로 검증","<button onclick=""openBizChange()"">"
"C01726","UNRESOLVED_CONTROL","siteExpansionPoolHTML: 다음 행동으로 연결","페이지 데이터/상태 경로: 정확한 runtime reachability 미확인","직접 literal write 발견 없음; 간접 호출은 미확인","local/crm.html:7932","미확정: 원본 handler/template 추적 필요","TEST_MISSING","중복정의·동적 template·상위함수 호출을 실제 렌더 결과와 연결","해당 원본 컨트롤의 노출 조건·클릭/필터/취소 결과를 Golden fixture로 검증","<button onclick=""dccVoiceToNext()"">"
"C01727","F39","dccDecorateDetail: '+t+'","waiting_reason/recontact/입대의일정·최근접촉·이슈","waiting_context","local/crm.html:7937","v2 command-center projection/context 없음","CONTRACT_MISSING","핵심상세 탭/카드·입력·위험해소 근거 보존","무활동/Next없음/기한초과 카드→기존동작·저장후실제해소만","<button class=""'+(dccTabName(G.detailTab)===t?'on':'')+'"" data-tab=""'+escAttr(t)+'"" onclick=""detailTabFocus(this.dataset.tab,true)"">"
"C01728","F39","dccDecorateDetail: ＋ 활동기록","waiting_reason/recontact/입대의일정·최근접촉·이슈","waiting_context","local/crm.html:7937","v2 command-center projection/context 없음","CONTRACT_MISSING","핵심상세 탭/카드·입력·위험해소 근거 보존","무활동/Next없음/기한초과 카드→기존동작·저장후실제해소만","<button class=""dact"" onclick=""dccGoActivity()"">"
"C01729","F39","dccDecorateDetail: '+(needsWake?'재접촉일 지정':'다음 행동 관리')+'","waiting_reason/recontact/입대의일정·최근접촉·이슈","waiting_context","local/crm.html:7937","v2 command-center projection/context 없음","CONTRACT_MISSING","핵심상세 탭/카드·입력·위험해소 근거 보존","무활동/Next없음/기한초과 카드→기존동작·저장후실제해소만","<button class=""dact dcc-context-action"" onclick=""'+(needsWake?'dccFocusWaiting()':'dccGoNext()')+'"">"
"C01730","F39","dccDecorateDetail: 단계 전환 →","waiting_reason/recontact/입대의일정·최근접촉·이슈","waiting_context","local/crm.html:7937","v2 command-center projection/context 없음","CONTRACT_MISSING","핵심상세 탭/카드·입력·위험해소 근거 보존","무활동/Next없음/기한초과 카드→기존동작·저장후실제해소만","<button class=""dact dcc-main-action"" onclick=""openTransition()"">"
"C01731","F39","dccDecorateDetail: input","waiting_reason/recontact/입대의일정·최근접촉·이슈","waiting_context","local/crm.html:7941","v2 command-center projection/context 없음","CONTRACT_MISSING","핵심상세 탭/카드·입력·위험해소 근거 보존","무활동/Next없음/기한초과 카드→기존동작·저장후실제해소만","<input id=""dcc-tr-speaker"" value=""'+escAttr(w.speaker||'')+'"" placeholder=""예: 김OO 관리소장"">"
"C01732","F39","dccDecorateDetail: input","waiting_reason/recontact/입대의일정·최근접촉·이슈","waiting_context","local/crm.html:7941","v2 command-center projection/context 없음","CONTRACT_MISSING","핵심상세 탭/카드·입력·위험해소 근거 보존","무활동/Next없음/기한초과 카드→기존동작·저장후실제해소만","<input id=""dcc-tr-resume"" type=""date"" value=""'+escAttr(String(w.resume||'').slice(0,10))+'"">"
"C01733","F39","dccDecorateDetail: '+esc(w.statement||'')+'","waiting_reason/recontact/입대의일정·최근접촉·이슈","waiting_context","local/crm.html:7941","v2 command-center projection/context 없음","CONTRACT_MISSING","핵심상세 탭/카드·입력·위험해소 근거 보존","무활동/Next없음/기한초과 카드→기존동작·저장후실제해소만","<textarea id=""dcc-tr-statement"" placeholder=""예: 10월 입대의 이후 다시 연락주세요."">"
"C01734","F39","dccDecorateDetail: input","waiting_reason/recontact/입대의일정·최근접촉·이슈","waiting_context","local/crm.html:7941","v2 command-center projection/context 없음","CONTRACT_MISSING","핵심상세 탭/카드·입력·위험해소 근거 보존","무활동/Next없음/기한초과 카드→기존동작·저장후실제해소만","<input id=""dcc-tr-evidence"" value=""'+escAttr(w.evidence||'')+'"" placeholder=""예: 관리소장 전화 통화"">"
"C01735","L07","contextualHeaderHTML: ✉ 문자","Deal+선택Contact+quoteVersion+attachments","직접 literal write 발견 없음; 간접 호출은 미확인","local/crm.html:7958","v2 context message contract 없음","CONTRACT_MISSING","개별Drawer/모바일Sheet 유지·대량메뉴로이동금지","현재Deal 유지·견적Version/파일참조·후속Next·실제확인","<button id=""ctx-route-sms"" class=""'+(channel==='sms'?'on':'')+'"" onclick=""relationshipSwitchChannel(\'sms\')"">"
"C01736","L07","contextualHeaderHTML: 💬 카카오","Deal+선택Contact+quoteVersion+attachments","직접 literal write 발견 없음; 간접 호출은 미확인","local/crm.html:7958","v2 context message contract 없음","CONTRACT_MISSING","개별Drawer/모바일Sheet 유지·대량메뉴로이동금지","현재Deal 유지·견적Version/파일참조·후속Next·실제확인","<button id=""ctx-route-kakao"" class=""'+(channel==='kakao'?'on':'')+'"" onclick=""relationshipSwitchChannel(\'kakao\')"">"
"C01737","L07","contextualHeaderHTML: '+opts.map(function(v){return '","Deal+선택Contact+quoteVersion+attachments","직접 literal write 발견 없음; 간접 호출은 미확인","local/crm.html:7958","v2 context message contract 없음","CONTRACT_MISSING","개별Drawer/모바일Sheet 유지·대량메뉴로이동금지","현재Deal 유지·견적Version/파일참조·후속Next·실제확인","<select id=""ctx-purpose"" onchange=""contextualPurposeChanged()"">"
"C01738","L07","contextualHeaderHTML:  이번 발송에 견적 Version 연결","Deal+선택Contact+quoteVersion+attachments","직접 literal write 발견 없음; 간접 호출은 미확인","local/crm.html:7958","v2 context message contract 없음","CONTRACT_MISSING","개별Drawer/모바일Sheet 유지·대량메뉴로이동금지","현재Deal 유지·견적Version/파일참조·후속Next·실제확인","<input id=""ctx-quote-attach"" type=""checkbox"" '+(REL_MSG.attachQuote?'checked':'')+' '+(!q?'disabled':'')+' onchange=""contextualAttachmentChanged()"">"
"C01739","L07","contextualHeaderHTML: 견적서 확인 ↗","Deal+선택Contact+quoteVersion+attachments","직접 literal write 발견 없음; 간접 호출은 미확인","local/crm.html:7958","v2 context message contract 없음","CONTRACT_MISSING","개별Drawer/모바일Sheet 유지·대량메뉴로이동금지","현재Deal 유지·견적Version/파일참조·후속Next·실제확인","<button onclick=""contextualOpenQuoteFile()"">"
"C01740","L07","contextualHeaderHTML:  발송 완료 후 확인전화 ","Deal+선택Contact+quoteVersion+attachments","직접 literal write 발견 없음; 간접 호출은 미확인","local/crm.html:7961","v2 context message contract 없음","CONTRACT_MISSING","개별Drawer/모바일Sheet 유지·대량메뉴로이동금지","현재Deal 유지·견적Version/파일참조·후속Next·실제확인","<input id=""rm-next"" type=""checkbox"" checked>"
"C01741","L07","contextualHeaderHTML:  자동 등록';renderRelationshipMessage()};
var _ctxRenderRelationshipMessage=renderRe","Deal+선택Contact+quoteVersion+attachments","직접 literal write 발견 없음; 간접 호출은 미확인","local/crm.html:7961","v2 context message contract 없음","CONTRACT_MISSING","개별Drawer/모바일Sheet 유지·대량메뉴로이동금지","현재Deal 유지·견적Version/파일참조·후속Next·실제확인","<input id=""ctx-next-date"" type=""date"" value=""'+escAttr(REL_MSG.nextDate)+'"" min=""'+new Date().toISOString().slice(0,10)+'"" onchange=""if(REL_MSG)REL_MSG.nextDate=this.value"">"
"C01742","UNRESOLVED_CONTROL","campaignFilterHtml: '+reps.map(function(x){return '","페이지 데이터/상태 경로: 정확한 runtime reachability 미확인","직접 literal write 발견 없음; 간접 호출은 미확인","local/crm.html:8034","미확정: 원본 handler/template 추적 필요","TEST_MISSING","중복정의·동적 template·상위함수 호출을 실제 렌더 결과와 연결","해당 원본 컨트롤의 노출 조건·클릭/필터/취소 결과를 Golden fixture로 검증","<select onchange=""campaignSetFilter(\'campaignRep\',this.value)"">"
"C01743","UNRESOLVED_CONTROL","campaignFilterHtml: '+brands.map(function(x){return '","페이지 데이터/상태 경로: 정확한 runtime reachability 미확인","직접 literal write 발견 없음; 간접 호출은 미확인","local/crm.html:8035","미확정: 원본 handler/template 추적 필요","TEST_MISSING","중복정의·동적 template·상위함수 호출을 실제 렌더 결과와 연결","해당 원본 컨트롤의 노출 조건·클릭/필터/취소 결과를 Golden fixture로 검증","<select onchange=""campaignSetFilter(\'campaignBrand\',this.value)"">"
"C01744","UNRESOLVED_CONTROL","campaignFilterHtml: '+work+'","페이지 데이터/상태 경로: 정확한 runtime reachability 미확인","직접 literal write 발견 없음; 간접 호출은 미확인","local/crm.html:8036","미확정: 원본 handler/template 추적 필요","TEST_MISSING","중복정의·동적 template·상위함수 호출을 실제 렌더 결과와 연결","해당 원본 컨트롤의 노출 조건·클릭/필터/취소 결과를 Golden fixture로 검증","<select onchange=""campaignSetFilter(\'campaignWork\',this.value)"">"
"C01745","UNRESOLVED_CONTROL","campaignFilterHtml: '+['전체','수도권','경남지사','기타'].map(function(x){return '","페이지 데이터/상태 경로: 정확한 runtime reachability 미확인","직접 literal write 발견 없음; 간접 호출은 미확인","local/crm.html:8037","미확정: 원본 handler/template 추적 필요","TEST_MISSING","중복정의·동적 template·상위함수 호출을 실제 렌더 결과와 연결","해당 원본 컨트롤의 노출 조건·클릭/필터/취소 결과를 Golden fixture로 검증","<select onchange=""campaignSetFilter(\'campaignRegion\',this.value)"">"
"C01746","UNRESOLVED_CONTROL","campaignFilterHtml: '+['전체','HOT','WARM','COOL','DORMANT'].map(function(x){return '","페이지 데이터/상태 경로: 정확한 runtime reachability 미확인","직접 literal write 발견 없음; 간접 호출은 미확인","local/crm.html:8038","미확정: 원본 handler/template 추적 필요","TEST_MISSING","중복정의·동적 template·상위함수 호출을 실제 렌더 결과와 연결","해당 원본 컨트롤의 노출 조건·클릭/필터/취소 결과를 Golden fixture로 검증","<select onchange=""campaignSetFilter(\'campaignTemp\',this.value)"">"
"C01747","UNRESOLVED_CONTROL","campaignFilterHtml: '+['전체','7일','30일','3개월','6개월','1년+','미확인'].map(function(x){return '","페이지 데이터/상태 경로: 정확한 runtime reachability 미확인","직접 literal write 발견 없음; 간접 호출은 미확인","local/crm.html:8039","미확정: 원본 handler/template 추적 필요","TEST_MISSING","중복정의·동적 template·상위함수 호출을 실제 렌더 결과와 연결","해당 원본 컨트롤의 노출 조건·클릭/필터/취소 결과를 Golden fixture로 검증","<select onchange=""campaignSetFilter(\'campaignRecent\',this.value)"">"
"C01748","UNRESOLVED_CONTROL","campaignCategoryHtml: '+x[1]+'","페이지 데이터/상태 경로: 정확한 runtime reachability 미확인","직접 literal write 발견 없음; 간접 호출은 미확인","local/crm.html:8040","미확정: 원본 handler/template 추적 필요","TEST_MISSING","중복정의·동적 template·상위함수 호출을 실제 렌더 결과와 연결","해당 원본 컨트롤의 노출 조건·클릭/필터/취소 결과를 Golden fixture로 검증","<button class=""'+(G.campaignCategory===x[0]?'on':'')+'"" onclick=""campaignSetCategory(\''+x[0]+'\')"">"
"C01749","UNRESOLVED_CONTROL","campaignTargetPanel: input","페이지 데이터/상태 경로: 정확한 runtime reachability 미확인","직접 literal write 발견 없음; 간접 호출은 미확인","local/crm.html:8041","미확정: 원본 handler/template 추적 필요","TEST_MISSING","중복정의·동적 template·상위함수 호출을 실제 렌더 결과와 연결","해당 원본 컨트롤의 노출 조건·클릭/필터/취소 결과를 Golden fixture로 검증","<input type=""checkbox"" '+(s?'checked':'')+' '+(!t.guard.ok?'disabled':'')+' onchange=""campaignToggle(\''+jsAttr(t.key)+'\',this.checked)"">"
"C01750","UNRESOLVED_CONTROL","campaignTargetPanel: input","페이지 데이터/상태 경로: 정확한 runtime reachability 미확인","직접 literal write 발견 없음; 간접 호출은 미확인","local/crm.html:8041","미확정: 원본 handler/template 추적 필요","TEST_MISSING","중복정의·동적 template·상위함수 호출을 실제 렌더 결과와 연결","해당 원본 컨트롤의 노출 조건·클릭/필터/취소 결과를 Golden fixture로 검증","<input type=""checkbox"" '+(allReady?'checked':'')+' onchange=""campaignSelectEligible(this.checked)"">"
"C01751","UNRESOLVED_CONTROL","campaignTargetPanel: 선택 완료 · 문구 고르기 →","페이지 데이터/상태 경로: 정확한 runtime reachability 미확인","직접 literal write 발견 없음; 간접 호출은 미확인","local/crm.html:8041","미확정: 원본 handler/template 추적 필요","TEST_MISSING","중복정의·동적 template·상위함수 호출을 실제 렌더 결과와 연결","해당 원본 컨트롤의 노출 조건·클릭/필터/취소 결과를 Golden fixture로 검증","<button class=""cc-btn primary"" '+(!ready.length?'disabled':'')+' onclick=""campaignGoStep(2)"">"
"C01752","UNRESOLVED_CONTROL","campaignTemplatePanel: button","페이지 데이터/상태 경로: 정확한 runtime reachability 미확인","직접 literal write 발견 없음; 간접 호출은 미확인","local/crm.html:8042","미확정: 원본 handler/template 추적 필요","TEST_MISSING","중복정의·동적 template·상위함수 호출을 실제 렌더 결과와 연결","해당 원본 컨트롤의 노출 조건·클릭/필터/취소 결과를 Golden fixture로 검증","<button class=""cc-template '+(CAMPAIGN_STATE.templateKey===t.key?'on':'')+'"" onclick=""campaignPickTemplate(\''+t.key+'\')"">"
"C01753","UNRESOLVED_CONTROL","campaignTemplatePanel: '+esc(body)+'","페이지 데이터/상태 경로: 정확한 runtime reachability 미확인","직접 literal write 발견 없음; 간접 호출은 미확인","local/crm.html:8042","미확정: 원본 handler/template 추적 필요","TEST_MISSING","중복정의·동적 template·상위함수 호출을 실제 렌더 결과와 연결","해당 원본 컨트롤의 노출 조건·클릭/필터/취소 결과를 Golden fixture로 검증","<textarea id=""cc-body"" oninput=""campaignUpdateBody(this.value)"">"
"C01754","UNRESOLVED_CONTROL","campaignTemplatePanel: '+x+'","페이지 데이터/상태 경로: 정확한 runtime reachability 미확인","직접 literal write 발견 없음; 간접 호출은 미확인","local/crm.html:8042","미확정: 원본 handler/template 추적 필요","TEST_MISSING","중복정의·동적 template·상위함수 호출을 실제 렌더 결과와 연결","해당 원본 컨트롤의 노출 조건·클릭/필터/취소 결과를 Golden fixture로 검증","<button onclick=""campaignInsertVar(\''+x+'\')"">"
"C01755","UNRESOLVED_CONTROL","campaignTemplatePanel: ← 대상 다시 보기","페이지 데이터/상태 경로: 정확한 runtime reachability 미확인","직접 literal write 발견 없음; 간접 호출은 미확인","local/crm.html:8042","미확정: 원본 handler/template 추적 필요","TEST_MISSING","중복정의·동적 template·상위함수 호출을 실제 렌더 결과와 연결","해당 원본 컨트롤의 노출 조건·클릭/필터/취소 결과를 Golden fixture로 검증","<button class=""cc-btn"" onclick=""campaignGoStep(1)"">"
"C01756","UNRESOLVED_CONTROL","campaignTemplatePanel: 개인화 미리보기 →","페이지 데이터/상태 경로: 정확한 runtime reachability 미확인","직접 literal write 발견 없음; 간접 호출은 미확인","local/crm.html:8042","미확정: 원본 handler/template 추적 필요","TEST_MISSING","중복정의·동적 template·상위함수 호출을 실제 렌더 결과와 연결","해당 원본 컨트롤의 노출 조건·클릭/필터/취소 결과를 Golden fixture로 검증","<button class=""cc-btn primary"" '+(!body.trim()?'disabled':'')+' onclick=""campaignGoStep(3)"">"
"C01757","UNRESOLVED_CONTROL","campaignPreviewPanel: 대상 수정","페이지 데이터/상태 경로: 정확한 runtime reachability 미확인","직접 literal write 발견 없음; 간접 호출은 미확인","local/crm.html:8043","미확정: 원본 handler/template 추적 필요","TEST_MISSING","중복정의·동적 template·상위함수 호출을 실제 렌더 결과와 연결","해당 원본 컨트롤의 노출 조건·클릭/필터/취소 결과를 Golden fixture로 검증","<button class=""cc-btn"" onclick=""campaignGoStep(1)"">"
"C01758","UNRESOLVED_CONTROL","campaignPreviewPanel: ← 문구 수정","페이지 데이터/상태 경로: 정확한 runtime reachability 미확인","직접 literal write 발견 없음; 간접 호출은 미확인","local/crm.html:8043","미확정: 원본 handler/template 추적 필요","TEST_MISSING","중복정의·동적 template·상위함수 호출을 실제 렌더 결과와 연결","해당 원본 컨트롤의 노출 조건·클릭/필터/취소 결과를 Golden fixture로 검증","<button class=""cc-btn"" onclick=""campaignGoStep(2)"">"
"C01759","UNRESOLVED_CONTROL","campaignPreviewPanel: 최종 발송 설정 →","페이지 데이터/상태 경로: 정확한 runtime reachability 미확인","직접 literal write 발견 없음; 간접 호출은 미확인","local/crm.html:8043","미확정: 원본 handler/template 추적 필요","TEST_MISSING","중복정의·동적 template·상위함수 호출을 실제 렌더 결과와 연결","해당 원본 컨트롤의 노출 조건·클릭/필터/취소 결과를 Golden fixture로 검증","<button class=""cc-btn primary"" onclick=""campaignGoStep(4)"">"
"C01760","UNRESOLVED_CONTROL","campaignFinalPanel: 발송 대기열에 등록","페이지 데이터/상태 경로: 정확한 runtime reachability 미확인","직접 literal write 발견 없음; 간접 호출은 미확인","local/crm.html:8044","미확정: 원본 handler/template 추적 필요","TEST_MISSING","중복정의·동적 template·상위함수 호출을 실제 렌더 결과와 연결","해당 원본 컨트롤의 노출 조건·클릭/필터/취소 결과를 Golden fixture로 검증","<button class=""cc-btn dark"" style=""margin-top:15px"" onclick=""campaignQueue(\'now\')"">"
"C01761","UNRESOLVED_CONTROL","campaignFinalPanel: input","페이지 데이터/상태 경로: 정확한 runtime reachability 미확인","직접 literal write 발견 없음; 간접 호출은 미확인","local/crm.html:8044","미확정: 원본 handler/template 추적 필요","TEST_MISSING","중복정의·동적 template·상위함수 호출을 실제 렌더 결과와 연결","해당 원본 컨트롤의 노출 조건·클릭/필터/취소 결과를 Golden fixture로 검증","<input id=""cc-schedule"" type=""datetime-local"" value=""'+escAttr(CAMPAIGN_STATE.scheduleAt)+'"" onchange=""CAMPAIGN_STATE.scheduleAt=this.value"">"
"C01762","UNRESOLVED_CONTROL","campaignFinalPanel: 예약발송 등록","페이지 데이터/상태 경로: 정확한 runtime reachability 미확인","직접 literal write 발견 없음; 간접 호출은 미확인","local/crm.html:8044","미확정: 원본 handler/template 추적 필요","TEST_MISSING","중복정의·동적 template·상위함수 호출을 실제 렌더 결과와 연결","해당 원본 컨트롤의 노출 조건·클릭/필터/취소 결과를 Golden fixture로 검증","<button class=""cc-btn primary"" style=""margin-top:13px"" onclick=""campaignQueue(\'schedule\')"">"
"C01763","UNRESOLVED_CONTROL","campaignFinalPanel: ← 미리보기","페이지 데이터/상태 경로: 정확한 runtime reachability 미확인","직접 literal write 발견 없음; 간접 호출은 미확인","local/crm.html:8044","미확정: 원본 handler/template 추적 필요","TEST_MISSING","중복정의·동적 template·상위함수 호출을 실제 렌더 결과와 연결","해당 원본 컨트롤의 노출 조건·클릭/필터/취소 결과를 Golden fixture로 검증","<button class=""cc-btn"" onclick=""campaignGoStep(3)"">"
"C01764","UNRESOLVED_CONTROL","campaignStepsHtml: n?'done':'')+'"" onclick=""campaignGoStep('+n+')"">","페이지 데이터/상태 경로: 정확한 runtime reachability 미확인","직접 literal write 발견 없음; 간접 호출은 미확인","local/crm.html:8046","미확정: 원본 handler/template 추적 필요","TEST_MISSING","중복정의·동적 template·상위함수 호출을 실제 렌더 결과와 연결","해당 원본 컨트롤의 노출 조건·클릭/필터/취소 결과를 Golden fixture로 검증","<button class=""cc-step '+(G.campaignStep===n?'on':G.campaignStep>"
"C01765","UNRESOLVED_CONTROL","paintCampaign: '+x[1]+(x[2]?'","페이지 데이터/상태 경로: 정확한 runtime reachability 미확인","직접 literal write 발견 없음; 간접 호출은 미확인","local/crm.html:8051","미확정: 원본 handler/template 추적 필요","TEST_MISSING","중복정의·동적 template·상위함수 호출을 실제 렌더 결과와 연결","해당 원본 컨트롤의 노출 조건·클릭/필터/취소 결과를 Golden fixture로 검증","<button class=""'+(G.campaignTab===x[0]?'on':'')+'"" onclick=""campaignSetTab(\''+x[0]+'\')"">"
"C01766","L10","render: '+(S.loading?'확인 중…':'서버 이력 새로고침')+'","crm_cleanup_state/preview + local candidates","직접 literal write 발견 없음; 간접 호출은 미확인","local/data-cleanup-ui.js:17","v2 cleanup 승인/범위계약 미확인","CONTRACT_MISSING","Golden dup와달리Site정본연결/문의활동병합/사람이동; 로컬SQL만","fingerprint stale 거절·모든원본/매출/첨부/견적보존·재시도멱등","<button onclick=""DataCleanupUI.refresh()"">"
"C01767","L10","render: '+x[1]+'","crm_cleanup_state/preview + local candidates","직접 literal write 발견 없음; 간접 호출은 미확인","local/data-cleanup-ui.js:17","v2 cleanup 승인/범위계약 미확인","CONTRACT_MISSING","Golden dup와달리Site정본연결/문의활동병합/사람이동; 로컬SQL만","fingerprint stale 거절·모든원본/매출/첨부/견적보존·재시도멱등","<button onclick=""DataCleanupUI.tab(\''+x[0]+'\')"">"
"C01768","L10","render: '+x[1]+'","crm_cleanup_state/preview + local candidates","직접 literal write 발견 없음; 간접 호출은 미확인","local/data-cleanup-ui.js:17","v2 cleanup 승인/범위계약 미확인","CONTRACT_MISSING","Golden dup와달리Site정본연결/문의활동병합/사람이동; 로컬SQL만","fingerprint stale 거절·모든원본/매출/첨부/견적보존·재시도멱등","<button class=""'+(S.tab===x[0]?'on':'')+'"" onclick=""DataCleanupUI.tab(\''+x[0]+'\')"">"
"C01769","L10","render: input","crm_cleanup_state/preview + local candidates","직접 literal write 발견 없음; 간접 호출은 미확인","local/data-cleanup-ui.js:17","v2 cleanup 승인/범위계약 미확인","CONTRACT_MISSING","Golden dup와달리Site정본연결/문의활동병합/사람이동; 로컬SQL만","fingerprint stale 거절·모든원본/매출/첨부/견적보존·재시도멱등","<input class=""cleanup-search"" aria-label=""현장명·관리소장 검색"" placeholder=""현장명 / 관리소장 검색"" value=""'+h(S.query)+'"" onchange=""DataCleanupUI.search(this.value)"">"
"C01770","L10","render: 이전","crm_cleanup_state/preview + local candidates","직접 literal write 발견 없음; 간접 호출은 미확인","local/data-cleanup-ui.js:17","v2 cleanup 승인/범위계약 미확인","CONTRACT_MISSING","Golden dup와달리Site정본연결/문의활동병합/사람이동; 로컬SQL만","fingerprint stale 거절·모든원본/매출/첨부/견적보존·재시도멱등","<button '+(!S.page?'disabled':'')+' onclick=""DataCleanupUI.page(-1)"">"
"C01771","L10","render: =filtered.length?'disabled':'')+' onclick=""DataCleanupUI.page(1)"">다음","crm_cleanup_state/preview + local candidates","직접 literal write 발견 없음; 간접 호출은 미확인","local/data-cleanup-ui.js:17","v2 cleanup 승인/범위계약 미확인","CONTRACT_MISSING","Golden dup와달리Site정본연결/문의활동병합/사람이동; 로컬SQL만","fingerprint stale 거절·모든원본/매출/첨부/견적보존·재시도멱등","<button '+((S.page+1)*20>"
"C01772","UNRESOLVED_CONTROL","card: '+(c.action==='defer'?'비교·정보 확인':labels[c.action]+' 검토')+'","페이지 데이터/상태 경로: 정확한 runtime reachability 미확인","직접 literal write 발견 없음; 간접 호출은 미확인","local/data-cleanup-ui.js:19","미확정: 원본 handler/template 추적 필요","TEST_MISSING","중복정의·동적 template·상위함수 호출을 실제 렌더 결과와 연결","해당 원본 컨트롤의 노출 조건·클릭/필터/취소 결과를 Golden fixture로 검증","<button class=""primary"" onclick=""DataCleanupUI.open('+i+')"">"
"C01773","UNRESOLVED_CONTROL","card: 별도 유지","페이지 데이터/상태 경로: 정확한 runtime reachability 미확인","직접 literal write 발견 없음; 간접 호출은 미확인","local/data-cleanup-ui.js:19","미확정: 원본 handler/template 추적 필요","TEST_MISSING","중복정의·동적 template·상위함수 호출을 실제 렌더 결과와 연결","해당 원본 컨트롤의 노출 조건·클릭/필터/취소 결과를 Golden fixture로 검증","<button onclick=""DataCleanupUI.open('+i+',\'separate\')"">"
"C01774","UNRESOLVED_CONTROL","card: 보류","페이지 데이터/상태 경로: 정확한 runtime reachability 미확인","직접 literal write 발견 없음; 간접 호출은 미확인","local/data-cleanup-ui.js:19","미확정: 원본 handler/template 추적 필요","TEST_MISSING","중복정의·동적 template·상위함수 호출을 실제 렌더 결과와 연결","해당 원본 컨트롤의 노출 조건·클릭/필터/취소 결과를 Golden fixture로 검증","<button onclick=""DataCleanupUI.open('+i+',\'defer\')"">"
"C01775","UNRESOLVED_CONTROL","open: 닫기","페이지 데이터/상태 경로: 정확한 runtime reachability 미확인","직접 literal write 발견 없음; 간접 호출은 미확인","local/data-cleanup-ui.js:24","미확정: 원본 handler/template 추적 필요","TEST_MISSING","중복정의·동적 template·상위함수 호출을 실제 렌더 결과와 연결","해당 원본 컨트롤의 노출 조건·클릭/필터/취소 결과를 Golden fixture로 검증","<button onclick=""DataCleanupUI.close()"" aria-label=""비교 닫기"">"
"C01776","UNRESOLVED_CONTROL","open: '+opts.map(a=>'","페이지 데이터/상태 경로: 정확한 runtime reachability 미확인","직접 literal write 발견 없음; 간접 호출은 미확인","local/data-cleanup-ui.js:24","미확정: 원본 handler/template 추적 필요","TEST_MISSING","중복정의·동적 template·상위함수 호출을 실제 렌더 결과와 연결","해당 원본 컨트롤의 노출 조건·클릭/필터/취소 결과를 Golden fixture로 검증","<select id=""cleanup-action"" onchange=""DataCleanupUI.invalidate()"">"
"C01777","UNRESOLVED_CONTROL","open: select","페이지 데이터/상태 경로: 정확한 runtime reachability 미확인","직접 literal write 발견 없음; 간접 호출은 미확인","local/data-cleanup-ui.js:24","미확정: 원본 handler/template 추적 필요","TEST_MISSING","중복정의·동적 template·상위함수 호출을 실제 렌더 결과와 연결","해당 원본 컨트롤의 노출 조건·클릭/필터/취소 결과를 Golden fixture로 검증","<select id=""cleanup-target"" onchange=""DataCleanupUI.invalidate()"">"
"C01778","UNRESOLVED_CONTROL","open: input","페이지 데이터/상태 경로: 정확한 runtime reachability 미확인","직접 literal write 발견 없음; 간접 호출은 미확인","local/data-cleanup-ui.js:24","미확정: 원본 handler/template 추적 필요","TEST_MISSING","중복정의·동적 template·상위함수 호출을 실제 렌더 결과와 연결","해당 원본 컨트롤의 노출 조건·클릭/필터/취소 결과를 Golden fixture로 검증","<input id=""cleanup-move-date"" type=""date"" onchange=""DataCleanupUI.invalidate()"">"
"C01779","UNRESOLVED_CONTROL","open: textarea","페이지 데이터/상태 경로: 정확한 runtime reachability 미확인","직접 literal write 발견 없음; 간접 호출은 미확인","local/data-cleanup-ui.js:24","미확정: 원본 handler/template 추적 필요","TEST_MISSING","중복정의·동적 template·상위함수 호출을 실제 렌더 결과와 연결","해당 원본 컨트롤의 노출 조건·클릭/필터/취소 결과를 Golden fixture로 검증","<textarea id=""cleanup-note"" placeholder=""공종·사업·고객 요청을 비교해 확인한 내용을 남겨 주세요."" oninput=""DataCleanupUI.invalidate()"">"
"C01780","UNRESOLVED_CONTROL","open:  비교 결과와 유지되는 이력을 확인했습니다.","페이지 데이터/상태 경로: 정확한 runtime reachability 미확인","직접 literal write 발견 없음; 간접 호출은 미확인","local/data-cleanup-ui.js:24","미확정: 원본 handler/template 추적 필요","TEST_MISSING","중복정의·동적 template·상위함수 호출을 실제 렌더 결과와 연결","해당 원본 컨트롤의 노출 조건·클릭/필터/취소 결과를 Golden fixture로 검증","<input id=""cleanup-confirm"" type=""checkbox"">"
"C01781","UNRESOLVED_CONTROL","open: 통합 후 결과 미리보기","페이지 데이터/상태 경로: 정확한 runtime reachability 미확인","직접 literal write 발견 없음; 간접 호출은 미확인","local/data-cleanup-ui.js:24","미확정: 원본 handler/template 추적 필요","TEST_MISSING","중복정의·동적 template·상위함수 호출을 실제 렌더 결과와 연결","해당 원본 컨트롤의 노출 조건·클릭/필터/취소 결과를 Golden fixture로 검증","<button id=""cleanup-preview-btn"" onclick=""DataCleanupUI.preview()"">"
"C01782","UNRESOLVED_CONTROL","open: 이 기준으로 처리","페이지 데이터/상태 경로: 정확한 runtime reachability 미확인","직접 literal write 발견 없음; 간접 호출은 미확인","local/data-cleanup-ui.js:24","미확정: 원본 handler/template 추적 필요","TEST_MISSING","중복정의·동적 template·상위함수 호출을 실제 렌더 결과와 연결","해당 원본 컨트롤의 노출 조건·클릭/필터/취소 결과를 Golden fixture로 검증","<button class=""primary"" id=""cleanup-save"" disabled onclick=""DataCleanupUI.save()"">"
"C01783","UNRESOLVED_CONTROL","serverFields: '+title+' · 서버 저장값 확인","페이지 데이터/상태 경로: 정확한 runtime reachability 미확인","직접 literal write 발견 없음; 간접 호출은 미확인","local/data-cleanup-ui.js:32","미확정: 원본 handler/template 추적 필요","TEST_MISSING","중복정의·동적 template·상위함수 호출을 실제 렌더 결과와 연결","해당 원본 컨트롤의 노출 조건·클릭/필터/취소 결과를 Golden fixture로 검증","<summary>"
"C01784","UNRESOLVED_CONTROL","button: '+text+'","페이지 데이터/상태 경로: 정확한 runtime reachability 미확인","직접 literal write 발견 없음; 간접 호출은 미확인","local/expansion-pool.js:8","미확정: 원본 handler/template 추적 필요","TEST_MISSING","중복정의·동적 template·상위함수 호출을 실제 렌더 결과와 연결","해당 원본 컨트롤의 노출 조건·클릭/필터/취소 결과를 Golden fixture로 검증","<button data-id=""'+h(r.id)+'"" onclick=""'+action+'(this.dataset.id)""'+(primary?' class=""primary""':'')+'>"
"C01785","L08","render: '+s+'","expansion_pool/source ClosedWon/completion","직접 literal write 발견 없음; 간접 호출은 미확인","local/expansion-pool.js:14","expansion scoped contract 없음","CONTRACT_MISSING","Golden expansion Stage와상충; 로컬Pool제거금지·준공근거/30일추천보존","과거Deal재오픈0·완료원본유지·상태이력/니즈·원담당","<button data-v=""'+h(s)+'"" class=""'+(s===filter?'on':'')+'"" onclick=""G.expansionPoolFilter=this.dataset.v;paintExpansion()"">"
"C01786","L08","render: '+owners.map(o=>'","expansion_pool/source ClosedWon/completion","직접 literal write 발견 없음; 간접 호출은 미확인","local/expansion-pool.js:14","expansion scoped contract 없음","CONTRACT_MISSING","Golden expansion Stage와상충; 로컬Pool제거금지·준공근거/30일추천보존","과거Deal재오픈0·완료원본유지·상태이력/니즈·원담당","<select onchange=""G.expansionOwner=this.value;paintExpansion()"">"
"C01787","UNRESOLVED_CONTROL","card: 확장관리 이력 · '+history.length+'건","페이지 데이터/상태 경로: 정확한 runtime reachability 미확인","직접 literal write 발견 없음; 간접 호출은 미확인","local/expansion-pool.js:18","미확정: 원본 handler/template 추적 필요","TEST_MISSING","중복정의·동적 template·상위함수 호출을 실제 렌더 결과와 연결","해당 원본 컨트롤의 노출 조건·클릭/필터/취소 결과를 Golden fixture로 검증","<summary>"
"C01788","UNRESOLVED_CONTROL","card: input","페이지 데이터/상태 경로: 정확한 runtime reachability 미확인","직접 literal write 발견 없음; 간접 호출은 미확인","local/expansion-pool.js:18","미확정: 원본 handler/template 추적 필요","TEST_MISSING","중복정의·동적 template·상위함수 호출을 실제 렌더 결과와 연결","해당 원본 컨트롤의 노출 조건·클릭/필터/취소 결과를 Golden fixture로 검증","<input aria-label=""'+h(r.site)+' 다음 접촉일"" type=""date"" data-id=""'+h(r.id)+'"" value=""'+h(r.nextContactAt)+'"" onchange=""expansionSetNext(this.dataset.id,this.value)"">"
"C01789","UNRESOLVED_CONTROL","card: '+F.statuses.filter(s=>s!=='Pipeline 전환').map(s=>'","페이지 데이터/상태 경로: 정확한 runtime reachability 미확인","직접 literal write 발견 없음; 간접 호출은 미확인","local/expansion-pool.js:18","미확정: 원본 handler/template 추적 필요","TEST_MISSING","중복정의·동적 template·상위함수 호출을 실제 렌더 결과와 연결","해당 원본 컨트롤의 노출 조건·클릭/필터/취소 결과를 Golden fixture로 검증","<select aria-label=""'+h(r.site)+' 확장관리 상태"" data-id=""'+h(r.id)+'"" onchange=""expansionSetStatus(this.dataset.id,this.value)"">"
"C01790","UNRESOLVED_CONTROL","prepare: select","페이지 데이터/상태 경로: 정확한 runtime reachability 미확인","직접 literal write 발견 없음; 간접 호출은 미확인","local/expansion-pool.js:35","미확정: 원본 handler/template 추적 필요","TEST_MISSING","중복정의·동적 template·상위함수 호출을 실제 렌더 결과와 연결","해당 원본 컨트롤의 노출 조건·클릭/필터/취소 결과를 Golden fixture로 검증","<select id=""exp-dispatch"">"
"C01791","UNRESOLVED_CONTROL","paintToggle: PC","페이지 데이터/상태 경로: 정확한 runtime reachability 미확인","직접 literal write 발견 없음; 간접 호출은 미확인","local/index.html:157","미확정: 원본 handler/template 추적 필요","TEST_MISSING","중복정의·동적 template·상위함수 호출을 실제 렌더 결과와 연결","해당 원본 컨트롤의 노출 조건·클릭/필터/취소 결과를 Golden fixture로 검증","<button class=""' + (view === 'pc' ? 'on' : '') + '"" onclick=""mount(\'pc\')"">"
"C01792","UNRESOLVED_CONTROL","paintToggle: 모바일","페이지 데이터/상태 경로: 정확한 runtime reachability 미확인","직접 literal write 발견 없음; 간접 호출은 미확인","local/index.html:158","미확정: 원본 handler/template 추적 필요","TEST_MISSING","중복정의·동적 template·상위함수 호출을 실제 렌더 결과와 연결","해당 원본 컨트롤의 노출 조건·클릭/필터/취소 결과를 Golden fixture로 검증","<button class=""' + (view === 'mobile' ? 'on' : '') + '"" onclick=""mount(\'mobile\')"">"
"C01793","L17","open: ✕","현재이슈·서버operation/ID ACK","직접 literal write 발견 없음; 간접 호출은 미확인","local/issue-modal.js:37","v2 목적별 ACK와기존모달연결 미완성","CONTRACT_MISSING","일반HTTP200/ok true로복합업무완료 오인금지","operation/원본ID/새UUID/상태 exactACK·누락/실패·취소","<button type=""button"" data-close aria-label=""확인창 닫기"">"
"C01794","UNRESOLVED_CONTROL","render: '+option('','전체 담당자',state.owner)+owners.map(x=>option(x,x,state.owner)).join(''","페이지 데이터/상태 경로: 정확한 runtime reachability 미확인","직접 literal write 발견 없음; 간접 호출은 미확인","local/issue-modal.js:44","미확정: 원본 handler/template 추적 필요","TEST_MISSING","중복정의·동적 template·상위함수 호출을 실제 렌더 결과와 연결","해당 원본 컨트롤의 노출 조건·클릭/필터/취소 결과를 Golden fixture로 검증","<select id=""issue-owner"">"
"C01795","UNRESOLVED_CONTROL","render: '+option('','전체 Stage',state.stage)+stages.map(x=>option(x[0],x[1],state.stage))","페이지 데이터/상태 경로: 정확한 runtime reachability 미확인","직접 literal write 발견 없음; 간접 호출은 미확인","local/issue-modal.js:44","미확정: 원본 handler/template 추적 필요","TEST_MISSING","중복정의·동적 template·상위함수 호출을 실제 렌더 결과와 연결","해당 원본 컨트롤의 노출 조건·클릭/필터/취소 결과를 Golden fixture로 검증","<select id=""issue-stage"">"
"C01796","UNRESOLVED_CONTROL","render: '+[['amount','금액 높은 순'],['days','장기정체 순'],['owner','담당자순']].map(x=>option(x[0],x","페이지 데이터/상태 경로: 정확한 runtime reachability 미확인","직접 literal write 발견 없음; 간접 호출은 미확인","local/issue-modal.js:44","미확정: 원본 handler/template 추적 필요","TEST_MISSING","중복정의·동적 template·상위함수 호출을 실제 렌더 결과와 연결","해당 원본 컨트롤의 노출 조건·클릭/필터/취소 결과를 Golden fixture로 검증","<select id=""issue-sort"">"
"C01797","UNRESOLVED_CONTROL","rowHTML: '+t+'","페이지 데이터/상태 경로: 정확한 runtime reachability 미확인","직접 literal write 발견 없음; 간접 호출은 미확인","local/issue-modal.js:48","미확정: 원본 handler/template 추적 필요","TEST_MISSING","중복정의·동적 template·상위함수 호출을 실제 렌더 결과와 연결","해당 원본 컨트롤의 노출 조건·클릭/필터/취소 결과를 Golden fixture로 검증","<button type=""button"" data-index=""'+i+'"" data-action=""'+k+'"">"
"C01798","UNRESOLVED_CONTROL","action: textarea","페이지 데이터/상태 경로: 정확한 runtime reachability 미확인","직접 literal write 발견 없음; 간접 호출은 미확인","local/issue-modal.js:59","미확정: 원본 handler/template 추적 필요","TEST_MISSING","중복정의·동적 template·상위함수 호출을 실제 렌더 결과와 연결","해당 원본 컨트롤의 노출 조건·클릭/필터/취소 결과를 Golden fixture로 검증","<textarea id=""issue-result"" required placeholder=""실제로 처리한 결과를 남겨 주세요."">"
"C01799","UNRESOLVED_CONTROL","action: input","페이지 데이터/상태 경로: 정확한 runtime reachability 미확인","직접 literal write 발견 없음; 간접 호출은 미확인","local/issue-modal.js:59","미확정: 원본 handler/template 추적 필요","TEST_MISSING","중복정의·동적 template·상위함수 호출을 실제 렌더 결과와 연결","해당 원본 컨트롤의 노출 조건·클릭/필터/취소 결과를 Golden fixture로 검증","<input id=""issue-amount"" data-money inputmode=""decimal"" value=""'+esc(oppAmt(d)||'')+'"" required>"
"C01800","UNRESOLVED_CONTROL","action: input","페이지 데이터/상태 경로: 정확한 runtime reachability 미확인","직접 literal write 발견 없음; 간접 호출은 미확인","local/issue-modal.js:59","미확정: 원본 handler/template 추적 필요","TEST_MISSING","중복정의·동적 template·상위함수 호출을 실제 렌더 결과와 연결","해당 원본 컨트롤의 노출 조건·클릭/필터/취소 결과를 Golden fixture로 검증","<input id=""issue-text"" value=""'+esc(a?.text||'')+'"" required>"
"C01801","UNRESOLVED_CONTROL","action: input","페이지 데이터/상태 경로: 정확한 runtime reachability 미확인","직접 literal write 발견 없음; 간접 호출은 미확인","local/issue-modal.js:59","미확정: 원본 handler/template 추적 필요","TEST_MISSING","중복정의·동적 template·상위함수 호출을 실제 렌더 결과와 연결","해당 원본 컨트롤의 노출 조건·클릭/필터/취소 결과를 Golden fixture로 검증","<input type=""date"" id=""issue-due"" value=""'+esc(dates)+'"" required>"
"C01802","UNRESOLVED_CONTROL","action: 취소","페이지 데이터/상태 경로: 정확한 runtime reachability 미확인","직접 literal write 발견 없음; 간접 호출은 미확인","local/issue-modal.js:59","미확정: 원본 handler/template 추적 필요","TEST_MISSING","중복정의·동적 template·상위함수 호출을 실제 렌더 결과와 연결","해당 원본 컨트롤의 노출 조건·클릭/필터/취소 결과를 Golden fixture로 검증","<button type=""button"" id=""issue-cancel-edit"">"
"C01803","UNRESOLVED_CONTROL","action: 저장 요청","페이지 데이터/상태 경로: 정확한 runtime reachability 미확인","직접 literal write 발견 없음; 간접 호출은 미확인","local/issue-modal.js:59","미확정: 원본 handler/template 추적 필요","TEST_MISSING","중복정의·동적 template·상위함수 호출을 실제 렌더 결과와 연결","해당 원본 컨트롤의 노출 조건·클릭/필터/취소 결과를 Golden fixture로 검증","<button class=""primary"" type=""submit"">"
"C01804","UNRESOLVED_CONTROL","(top-level/template): 흐름도","페이지 데이터/상태 경로: 정확한 runtime reachability 미확인","직접 literal write 발견 없음; 간접 호출은 미확인","local/mobile.html:384","미확정: 원본 handler/template 추적 필요","TEST_MISSING","중복정의·동적 template·상위함수 호출을 실제 렌더 결과와 연결","해당 원본 컨트롤의 노출 조건·클릭/필터/취소 결과를 Golden fixture로 검증","<button data-v=""flow"" onclick=""nav('flow')"">"
"C01805","UNRESOLVED_CONTROL","(top-level/template): 1 로그인","페이지 데이터/상태 경로: 정확한 runtime reachability 미확인","직접 literal write 발견 없음; 간접 호출은 미확인","local/mobile.html:386","미확정: 원본 handler/template 추적 필요","TEST_MISSING","중복정의·동적 template·상위함수 호출을 실제 렌더 결과와 연결","해당 원본 컨트롤의 노출 조건·클릭/필터/취소 결과를 Golden fixture로 검증","<button data-v=""login"" onclick=""nav('login')"">"
"C01806","UNRESOLVED_CONTROL","(top-level/template): 2 오늘","페이지 데이터/상태 경로: 정확한 runtime reachability 미확인","직접 literal write 발견 없음; 간접 호출은 미확인","local/mobile.html:387","미확정: 원본 handler/template 추적 필요","TEST_MISSING","중복정의·동적 template·상위함수 호출을 실제 렌더 결과와 연결","해당 원본 컨트롤의 노출 조건·클릭/필터/취소 결과를 Golden fixture로 검증","<button data-v=""today"" onclick=""nav('today')"">"
"C01807","UNRESOLVED_CONTROL","(top-level/template): 3 결과 기재","페이지 데이터/상태 경로: 정확한 runtime reachability 미확인","직접 literal write 발견 없음; 간접 호출은 미확인","local/mobile.html:388","미확정: 원본 handler/template 추적 필요","TEST_MISSING","중복정의·동적 template·상위함수 호출을 실제 렌더 결과와 연결","해당 원본 컨트롤의 노출 조건·클릭/필터/취소 결과를 Golden fixture로 검증","<button data-v=""sheet"" onclick=""nav('sheet')"">"
"C01808","UNRESOLVED_CONTROL","(top-level/template): 4 내 건","페이지 데이터/상태 경로: 정확한 runtime reachability 미확인","직접 literal write 발견 없음; 간접 호출은 미확인","local/mobile.html:389","미확정: 원본 handler/template 추적 필요","TEST_MISSING","중복정의·동적 template·상위함수 호출을 실제 렌더 결과와 연결","해당 원본 컨트롤의 노출 조건·클릭/필터/취소 결과를 Golden fixture로 검증","<button data-v=""mine"" onclick=""nav('mine')"">"
"C01809","UNRESOLVED_CONTROL","(top-level/template): 5 딜 상세","페이지 데이터/상태 경로: 정확한 runtime reachability 미확인","직접 literal write 발견 없음; 간접 호출은 미확인","local/mobile.html:390","미확정: 원본 handler/template 추적 필요","TEST_MISSING","중복정의·동적 template·상위함수 호출을 실제 렌더 결과와 연결","해당 원본 컨트롤의 노출 조건·클릭/필터/취소 결과를 Golden fixture로 검증","<button data-v=""deal"" onclick=""nav('deal')"">"
"C01810","UNRESOLVED_CONTROL","(top-level/template): 6 수주 완료","페이지 데이터/상태 경로: 정확한 runtime reachability 미확인","직접 literal write 발견 없음; 간접 호출은 미확인","local/mobile.html:391","미확정: 원본 handler/template 추적 필요","TEST_MISSING","중복정의·동적 template·상위함수 호출을 실제 렌더 결과와 연결","해당 원본 컨트롤의 노출 조건·클릭/필터/취소 결과를 Golden fixture로 검증","<button data-v=""won"" onclick=""nav('won')"">"
"C01811","UNRESOLVED_CONTROL","(top-level/template): 7 내 실적","페이지 데이터/상태 경로: 정확한 runtime reachability 미확인","직접 literal write 발견 없음; 간접 호출은 미확인","local/mobile.html:392","미확정: 원본 handler/template 추적 필요","TEST_MISSING","중복정의·동적 template·상위함수 호출을 실제 렌더 결과와 연결","해당 원본 컨트롤의 노출 조건·클릭/필터/취소 결과를 Golden fixture로 검증","<button data-v=""my"" onclick=""nav('my')"">"
"C01812","UNRESOLVED_CONTROL","(top-level/template): 8 관제","페이지 데이터/상태 경로: 정확한 runtime reachability 미확인","직접 literal write 발견 없음; 간접 호출은 미확인","local/mobile.html:395","미확정: 원본 handler/template 추적 필요","TEST_MISSING","중복정의·동적 template·상위함수 호출을 실제 렌더 결과와 연결","해당 원본 컨트롤의 노출 조건·클릭/필터/취소 결과를 Golden fixture로 검증","<button data-v=""ctrl"" onclick=""nav('ctrl')"">"
"C01813","UNRESOLVED_CONTROL","(top-level/template): 9 파이프라인","페이지 데이터/상태 경로: 정확한 runtime reachability 미확인","직접 literal write 발견 없음; 간접 호출은 미확인","local/mobile.html:396","미확정: 원본 handler/template 추적 필요","TEST_MISSING","중복정의·동적 template·상위함수 호출을 실제 렌더 결과와 연결","해당 원본 컨트롤의 노출 조건·클릭/필터/취소 결과를 Golden fixture로 검증","<button data-v=""pipe"" onclick=""nav('pipe')"">"
"C01814","UNRESOLVED_CONTROL","(top-level/template): 10 실적","페이지 데이터/상태 경로: 정확한 runtime reachability 미확인","직접 literal write 발견 없음; 간접 호출은 미확인","local/mobile.html:397","미확정: 원본 handler/template 추적 필요","TEST_MISSING","중복정의·동적 template·상위함수 호출을 실제 렌더 결과와 연결","해당 원본 컨트롤의 노출 조건·클릭/필터/취소 결과를 Golden fixture로 검증","<button data-v=""perf"" onclick=""nav('perf')"">"
"C01815","UNRESOLVED_CONTROL","(top-level/template): div","페이지 데이터/상태 경로: 정확한 runtime reachability 미확인","직접 literal write 발견 없음; 간접 호출은 미확인","local/mobile.html:570","미확정: 원본 handler/template 추적 필요","TEST_MISSING","중복정의·동적 template·상위함수 호출을 실제 렌더 결과와 연결","해당 원본 컨트롤의 노출 조건·클릭/필터/취소 결과를 Golden fixture로 검증","<div class=""sheet-bg"" onclick=""closeSheet()"">"
"C01816","UNRESOLVED_CONTROL","rLogin: '
 +'","페이지 데이터/상태 경로: 정확한 runtime reachability 미확인","직접 literal write 발견 없음; 간접 호출은 미확인","local/mobile.html:1281","미확정: 원본 handler/template 추적 필요","TEST_MISSING","중복정의·동적 template·상위함수 호출을 실제 렌더 결과와 연결","해당 원본 컨트롤의 노출 조건·클릭/필터/취소 결과를 Golden fixture로 검증","<input id=""lg-nm"" value=""'+escAttr(G.lgName||'')+'"" oninput=""G.lgName=this.value"" placeholder=""예: 황윤선"" autocomplete=""username""'
 +' style=""width:100%;border:1px solid var(--line-2);border-radius:12px;padding:14px;font:inherit;font-size:16px;outline:none;box-sizing:border-box"">"
"C01817","UNRESOLVED_CONTROL","rLogin: input","페이지 데이터/상태 경로: 정확한 runtime reachability 미확인","직접 literal write 발견 없음; 간접 호출은 미확인","local/mobile.html:1284","미확정: 원본 handler/template 추적 필요","TEST_MISSING","중복정의·동적 template·상위함수 호출을 실제 렌더 결과와 연결","해당 원본 컨트롤의 노출 조건·클릭/필터/취소 결과를 Golden fixture로 검증","<input id=""lg-pw"" type=""password"" inputmode=""numeric"" value=""'+escAttr(G.lgPw||'')+'"" oninput=""G.lgPw=this.value""'
 +' onkeydown=""if(event.key===\'Enter\')doSignIn()"" placeholder=""01012345678"" autocomplete=""current-password""'
 +' style=""width:100%;border:1px solid var(--line-2);border-radius:12px;padding:14px;font:inherit;font-size:16px;outline:none;box-sizing:border-box"">"
"C01818","UNRESOLVED_CONTROL","rLogin: '+(G.lgBusy?'확인 중…':'로그인하기')+'","페이지 데이터/상태 경로: 정확한 runtime reachability 미확인","직접 literal write 발견 없음; 간접 호출은 미확인","local/mobile.html:1288","미확정: 원본 handler/template 추적 필요","TEST_MISSING","중복정의·동적 template·상위함수 호출을 실제 렌더 결과와 연결","해당 원본 컨트롤의 노출 조건·클릭/필터/취소 결과를 Golden fixture로 검증","<button class=""btn btn-primary"" style=""margin-top:16px""'+busy+' onclick=""doSignIn()"">"
"C01819","UNRESOLVED_CONTROL","rLocked: 다시 시도","페이지 데이터/상태 경로: 정확한 runtime reachability 미확인","직접 literal write 발견 없음; 간접 호출은 미확인","local/mobile.html:1327","미확정: 원본 handler/template 추적 필요","TEST_MISSING","중복정의·동적 template·상위함수 호출을 실제 렌더 결과와 연결","해당 원본 컨트롤의 노출 조건·클릭/필터/취소 결과를 Golden fixture로 검증","<button class=""btn btn-primary"" style=""margin-top:16px"" onclick=""LOAD_ERR=null;loadLive();toast(\'다시 시도 중…\')"">"
"C01820","UNRESOLVED_CONTROL","render: '+t[1]+'","페이지 데이터/상태 경로: 정확한 runtime reachability 미확인","직접 literal write 발견 없음; 간접 호출은 미확인","local/mobile.html:1336","미확정: 원본 handler/template 추적 필요","TEST_MISSING","중복정의·동적 template·상위함수 호출을 실제 렌더 결과와 연결","해당 원본 컨트롤의 노출 조건·클릭/필터/취소 결과를 Golden fixture로 검증","<button class=""'+(G.tab===t[0]?'on':'')+'"" onclick=""G.tab=\''+t[0]+'\';G.deal=null;G.drill=null;G.stage=null;G.sub=null;render()"">"
"C01821","UNRESOLVED_CONTROL","render: '+IC.bell+'","페이지 데이터/상태 경로: 정확한 runtime reachability 미확인","직접 literal write 발견 없음; 간접 호출은 미확인","local/mobile.html:1338","미확정: 원본 handler/template 추적 필요","TEST_MISSING","중복정의·동적 template·상위함수 호출을 실제 렌더 결과와 연결","해당 원본 컨트롤의 노출 조건·클릭/필터/취소 결과를 Golden fixture로 검증","<button class=""iconbtn"" style=""width:34px;height:34px"" aria-label=""알림함"" onclick=""G.sub={t:\'noti\'};render()"">"
"C01822","UNRESOLVED_CONTROL","render: 내 영업","페이지 데이터/상태 경로: 정확한 runtime reachability 미확인","직접 literal write 발견 없음; 간접 호출은 미확인","local/mobile.html:1339","미확정: 원본 handler/template 추적 필요","TEST_MISSING","중복정의·동적 template·상위함수 호출을 실제 렌더 결과와 연결","해당 원본 컨트롤의 노출 조건·클릭/필터/취소 결과를 Golden fixture로 검증","<button class=""'+(G.mode==='rep'?'on':'')+'"" style=""padding:5px 11px;font-size:11.5px"" onclick=""switchMode(\'rep\')"">"
"C01823","UNRESOLVED_CONTROL","render: 관리","페이지 데이터/상태 경로: 정확한 runtime reachability 미확인","직접 literal write 발견 없음; 간접 호출은 미확인","local/mobile.html:1339","미확정: 원본 handler/template 추적 필요","TEST_MISSING","중복정의·동적 template·상위함수 호출을 실제 렌더 결과와 연결","해당 원본 컨트롤의 노출 조건·클릭/필터/취소 결과를 Golden fixture로 검증","<button class=""'+(G.mode==='admin'?'on':'')+'"" style=""padding:5px 11px;font-size:11.5px"" onclick=""switchMode(\'admin\')"">"
"C01824","UNRESOLVED_CONTROL","render: '+esc(G.user.nm)+' ⏻","페이지 데이터/상태 경로: 정확한 runtime reachability 미확인","직접 literal write 발견 없음; 간접 호출은 미확인","local/mobile.html:1340","미확정: 원본 handler/template 추적 필요","TEST_MISSING","중복정의·동적 template·상위함수 호출을 실제 렌더 결과와 연결","해당 원본 컨트롤의 노출 조건·클릭/필터/취소 결과를 Golden fixture로 검증","<button class=""badge badge-gray"" onclick=""askSignOut()"">"
"C01825","UNRESOLVED_CONTROL","rToday: '+IC.phone+'","페이지 데이터/상태 경로: 정확한 runtime reachability 미확인","직접 literal write 발견 없음; 간접 호출은 미확인","local/mobile.html:1362","미확정: 원본 handler/template 추적 필요","TEST_MISSING","중복정의·동적 template·상위함수 호출을 실제 렌더 결과와 연결","해당 원본 컨트롤의 노출 조건·클릭/필터/취소 결과를 Golden fixture로 검증","<button class=""callbtn"" onclick=""event.stopPropagation();startTodayCall('+i+')"" aria-label=""전화"">"
"C01826","UNRESOLVED_CONTROL","rToday: 확인","페이지 데이터/상태 경로: 정확한 runtime reachability 미확인","직접 literal write 발견 없음; 간접 호출은 미확인","local/mobile.html:1363","미확정: 원본 handler/template 추적 필요","TEST_MISSING","중복정의·동적 template·상위함수 호출을 실제 렌더 결과와 연결","해당 원본 컨트롤의 노출 조건·클릭/필터/취소 결과를 Golden fixture로 검증","<button class=""mini ok"" onclick=""event.stopPropagation();quick('+i+',\'확인 완료\')"">"
"C01827","UNRESOLVED_CONTROL","rToday: 넘기기","페이지 데이터/상태 경로: 정확한 runtime reachability 미확인","직접 literal write 발견 없음; 간접 호출은 미확인","local/mobile.html:1363","미확정: 원본 handler/template 추적 필요","TEST_MISSING","중복정의·동적 template·상위함수 호출을 실제 렌더 결과와 연결","해당 원본 컨트롤의 노출 조건·클릭/필터/취소 결과를 Golden fixture로 검증","<button class=""mini skip"" onclick=""event.stopPropagation();skipSheet('+i+')"">"
"C01828","UNRESOLVED_CONTROL","rToday: '+tl
   +'","페이지 데이터/상태 경로: 정확한 runtime reachability 미확인","직접 literal write 발견 없음; 간접 호출은 미확인","local/mobile.html:1364","미확정: 원본 handler/template 추적 필요","TEST_MISSING","중복정의·동적 template·상위함수 호출을 실제 렌더 결과와 연결","해당 원본 컨트롤의 노출 조건·클릭/필터/취소 결과를 Golden fixture로 검증","<div class=""lrow '+(done?'dim':'')+'"" onclick=""openTodayItem('+i+')"">"
"C01829","UNRESOLVED_CONTROL","rToday: button","페이지 데이터/상태 경로: 정확한 runtime reachability 미확인","직접 literal write 발견 없음; 간접 호출은 미확인","local/mobile.html:1369","미확정: 원본 handler/template 추적 필요","TEST_MISSING","중복정의·동적 template·상위함수 호출을 실제 렌더 결과와 연결","해당 원본 컨트롤의 노출 조건·클릭/필터/취소 결과를 Golden fixture로 검증","<button class=""pri"" onclick=""G.tab=\'mine\';render()"">"
"C01830","UNRESOLVED_CONTROL","rToday: button","페이지 데이터/상태 경로: 정확한 runtime reachability 미확인","직접 literal write 발견 없음; 간접 호출은 미확인","local/mobile.html:1369","미확정: 원본 handler/template 추적 필요","TEST_MISSING","중복정의·동적 template·상위함수 호출을 실제 렌더 결과와 연결","해당 원본 컨트롤의 노출 조건·클릭/필터/취소 결과를 Golden fixture로 검증","<button onclick=""G.tab=\'find\';render()"">"
"C01831","UNRESOLVED_CONTROL","callFlow: button","페이지 데이터/상태 경로: 정확한 runtime reachability 미확인","직접 literal write 발견 없음; 간접 호출은 미확인","local/mobile.html:1400","미확정: 원본 handler/template 추적 필요","TEST_MISSING","중복정의·동적 template·상위함수 호출을 실제 렌더 결과와 연결","해당 원본 컨트롤의 노출 조건·클릭/필터/취소 결과를 Golden fixture로 검증","<button class=""cchip '+c[0]+'"" onclick=""pickToday('+i+',\''+c[2]+'\')"">"
"C01832","UNRESOLVED_CONTROL","rMine: '+tile(IC.folder,'var(--blue)','var(--blue-50)')
   +'","페이지 데이터/상태 경로: 정확한 runtime reachability 미확인","직접 literal write 발견 없음; 간접 호출은 미확인","local/mobile.html:1437","미확정: 원본 handler/template 추적 필요","TEST_MISSING","중복정의·동적 template·상위함수 호출을 실제 렌더 결과와 연결","해당 원본 컨트롤의 노출 조건·클릭/필터/취소 결과를 Golden fixture로 검증","<button class=""lrow"" onclick=""tgGrp(\''+key+'\')"">"
"C01833","UNRESOLVED_CONTROL","rMine: button","페이지 데이터/상태 경로: 정확한 runtime reachability 미확인","직접 literal write 발견 없음; 간접 호출은 미확인","local/mobile.html:1439","미확정: 원본 handler/template 추적 필요","TEST_MISSING","중복정의·동적 template·상위함수 호출을 실제 렌더 결과와 연결","해당 원본 컨트롤의 노출 조건·클릭/필터/취소 결과를 Golden fixture로 검증","<button class=""lrow"" style=""padding-left:14px"" data-id=""'+escAttr(d.id)+'"" onclick=""G.deal=this.dataset.id;render()"">"
"C01834","UNRESOLVED_CONTROL","rMine: '+tile(IC.check,'var(--ok)','var(--ok-bg)')
   +'","페이지 데이터/상태 경로: 정확한 runtime reachability 미확인","직접 literal write 발견 없음; 간접 호출은 미확인","local/mobile.html:1444","미확정: 원본 handler/template 추적 필요","TEST_MISSING","중복정의·동적 template·상위함수 호출을 실제 렌더 결과와 연결","해당 원본 컨트롤의 노출 조건·클릭/필터/취소 결과를 Golden fixture로 검증","<button class=""lrow"" onclick=""tgGrp(\'deliv\')"">"
"C01835","UNRESOLVED_CONTROL","rMine: button","페이지 데이터/상태 경로: 정확한 runtime reachability 미확인","직접 literal write 발견 없음; 간접 호출은 미확인","local/mobile.html:1446","미확정: 원본 handler/template 추적 필요","TEST_MISSING","중복정의·동적 template·상위함수 호출을 실제 렌더 결과와 연결","해당 원본 컨트롤의 노출 조건·클릭/필터/취소 결과를 Golden fixture로 검증","<button class=""lrow"" style=""padding-left:14px"" data-id=""'+escAttr(d.id)+'"" onclick=""G.deal=this.dataset.id;render()"">"
"C01836","UNRESOLVED_CONTROL","rMine: 종료 '+closedN+'건 (수주·실주·배드핏·연락두절) →","페이지 데이터/상태 경로: 정확한 runtime reachability 미확인","직접 literal write 발견 없음; 간접 호출은 미확인","local/mobile.html:1450","미확정: 원본 handler/template 추적 필요","TEST_MISSING","중복정의·동적 template·상위함수 호출을 실제 렌더 결과와 연결","해당 원본 컨트롤의 노출 조건·클릭/필터/취소 결과를 Golden fixture로 검증","<button class=""mmore card tight"" style=""padding:12px 16px;width:100%;text-align:left"" onclick=""G.sub={t:\'closed\'};render()"">"
"C01837","UNRESOLVED_CONTROL","rMine: '+IC.back+'","페이지 데이터/상태 경로: 정확한 runtime reachability 미확인","직접 literal write 발견 없음; 간접 호출은 미확인","local/mobile.html:1452","미확정: 원본 handler/template 추적 필요","TEST_MISSING","중복정의·동적 template·상위함수 호출을 실제 렌더 결과와 연결","해당 원본 컨트롤의 노출 조건·클릭/필터/취소 결과를 Golden fixture로 검증","<button class=""iconbtn"" onclick=""G.drill=null;render()"">"
"C01838","UNRESOLVED_CONTROL","rMine: 검색","페이지 데이터/상태 경로: 정확한 runtime reachability 미확인","직접 literal write 발견 없음; 간접 호출은 미확인","local/mobile.html:1455","미확정: 원본 handler/template 추적 필요","TEST_MISSING","중복정의·동적 template·상위함수 호출을 실제 렌더 결과와 연결","해당 원본 컨트롤의 노출 조건·클릭/필터/취소 결과를 Golden fixture로 검증","<button onclick=""G.sub={t:\'search\'};render()"" style=""color:var(--blue);font-weight:700;font-size:12.5px"">"
"C01839","UNRESOLVED_CONTROL","rMine: '+esc(bizShort(b))+' '+c+'","페이지 데이터/상태 경로: 정확한 runtime reachability 미확인","직접 literal write 발견 없음; 간접 호출은 미확인","local/mobile.html:1458","미확정: 원본 handler/template 추적 필요","TEST_MISSING","중복정의·동적 template·상위함수 호출을 실제 렌더 결과와 연결","해당 원본 컨트롤의 노출 조건·클릭/필터/취소 결과를 Golden fixture로 검증","<button class=""cchip '+((G.bizF||'전체')===b?'b':'gr')+'"" style=""font-size:12px;padding:10px 4px"" data-b=""'+escAttr(b)+'"" onclick=""G.bizF=this.dataset.b;render()"">"
"C01840","UNRESOLVED_CONTROL","rMine: '+f[1]+'","페이지 데이터/상태 경로: 정확한 runtime reachability 미확인","직접 literal write 발견 없음; 간접 호출은 미확인","local/mobile.html:1459","미확정: 원본 handler/template 추적 필요","TEST_MISSING","중복정의·동적 template·상위함수 호출을 실제 렌더 결과와 연결","해당 원본 컨트롤의 노출 조건·클릭/필터/취소 결과를 Golden fixture로 검증","<button class=""'+(G.filt===f[0]?'on':'')+'"" onclick=""G.filt=\''+f[0]+'\';render()"">"
"C01841","UNRESOLVED_CONTROL","contactCardM: button","페이지 데이터/상태 경로: 정확한 runtime reachability 미확인","직접 literal write 발견 없음; 간접 호출은 미확인","local/mobile.html:1486","미확정: 원본 handler/template 추적 필요","TEST_MISSING","중복정의·동적 template·상위함수 호출을 실제 렌더 결과와 연결","해당 원본 컨트롤의 노출 조건·클릭/필터/취소 결과를 Golden fixture로 검증","<button '+(!c.officeTel?'disabled':'')+' onclick=""callContactM(\'office\')"">"
"C01842","UNRESOLVED_CONTROL","contactCardM: button","페이지 데이터/상태 경로: 정확한 runtime reachability 미확인","직접 literal write 발견 없음; 간접 호출은 미확인","local/mobile.html:1486","미확정: 원본 handler/template 추적 필요","TEST_MISSING","중복정의·동적 template·상위함수 호출을 실제 렌더 결과와 연결","해당 원본 컨트롤의 노출 조건·클릭/필터/취소 결과를 Golden fixture로 검증","<button '+(!c.mobile?'disabled':'')+' onclick=""callContactM(\'mobile\')"">"
"C01843","UNRESOLVED_CONTROL","contactCardM: 📞 관리사무소","페이지 데이터/상태 경로: 정확한 runtime reachability 미확인","직접 literal write 발견 없음; 간접 호출은 미확인","local/mobile.html:1487","미확정: 원본 handler/template 추적 필요","TEST_MISSING","중복정의·동적 template·상위함수 호출을 실제 렌더 결과와 연결","해당 원본 컨트롤의 노출 조건·클릭/필터/취소 결과를 Golden fixture로 검증","<button '+(!c.officeTel?'disabled':'')+' onclick=""callContactM(\'office\')"">"
"C01844","UNRESOLVED_CONTROL","contactCardM: 📱 소장 전화","페이지 데이터/상태 경로: 정확한 runtime reachability 미확인","직접 literal write 발견 없음; 간접 호출은 미확인","local/mobile.html:1487","미확정: 원본 handler/template 추적 필요","TEST_MISSING","중복정의·동적 template·상위함수 호출을 실제 렌더 결과와 연결","해당 원본 컨트롤의 노출 조건·클릭/필터/취소 결과를 Golden fixture로 검증","<button class=""pri"" '+(!c.mobile?'disabled':'')+' onclick=""callContactM(\'mobile\')"">"
"C01845","UNRESOLVED_CONTROL","contactCardM: ✉ 문자","페이지 데이터/상태 경로: 정확한 runtime reachability 미확인","직접 literal write 발견 없음; 간접 호출은 미확인","local/mobile.html:1487","미확정: 원본 handler/template 추적 필요","TEST_MISSING","중복정의·동적 template·상위함수 호출을 실제 렌더 결과와 연결","해당 원본 컨트롤의 노출 조건·클릭/필터/취소 결과를 Golden fixture로 검증","<button '+(!c.mobile?'disabled':'')+' onclick=""smsContactM()"">"
"C01846","UNRESOLVED_CONTROL","contactCardM: 💬 카카오 열기","페이지 데이터/상태 경로: 정확한 runtime reachability 미확인","직접 literal write 발견 없음; 간접 호출은 미확인","local/mobile.html:1487","미확정: 원본 handler/template 추적 필요","TEST_MISSING","중복정의·동적 template·상위함수 호출을 실제 렌더 결과와 연결","해당 원본 컨트롤의 노출 조건·클릭/필터/취소 결과를 Golden fixture로 검증","<button '+(!c.mobile?'disabled':'')+' onclick=""kakaoContactM()"">"
"C01847","UNRESOLVED_CONTROL","contactCardM: 🎙 통화 완료 → 내용 말하기","페이지 데이터/상태 경로: 정확한 runtime reachability 미확인","직접 literal write 발견 없음; 간접 호출은 미확인","local/mobile.html:1488","미확정: 원본 handler/template 추적 필요","TEST_MISSING","중복정의·동적 template·상위함수 호출을 실제 렌더 결과와 연결","해당 원본 컨트롤의 노출 조건·클릭/필터/취소 결과를 Golden fixture로 검증","<button class=""mcontact-voice"" '+(!c.mobile?'disabled':'')+' onclick=""callMemoSheetM()"">"
"C01848","UNRESOLVED_CONTROL","contactCardM: 연락처 수정","페이지 데이터/상태 경로: 정확한 runtime reachability 미확인","직접 literal write 발견 없음; 간접 호출은 미확인","local/mobile.html:1489","미확정: 원본 handler/template 추적 필요","TEST_MISSING","중복정의·동적 template·상위함수 호출을 실제 렌더 결과와 연결","해당 원본 컨트롤의 노출 조건·클릭/필터/취소 결과를 Golden fixture로 검증","<button onclick=""contactEditSheetM()"">"
"C01849","UNRESOLVED_CONTROL","contactCardM: 근무지 이동","페이지 데이터/상태 경로: 정확한 runtime reachability 미확인","직접 literal write 발견 없음; 간접 호출은 미확인","local/mobile.html:1489","미확정: 원본 handler/template 추적 필요","TEST_MISSING","중복정의·동적 template·상위함수 호출을 실제 렌더 결과와 연결","해당 원본 컨트롤의 노출 조건·클릭/필터/취소 결과를 Golden fixture로 검증","<button onclick=""managerMoveSheetM()"">"
"C01850","UNRESOLVED_CONTROL","contactCardM: 이력 '+H.length+'건","페이지 데이터/상태 경로: 정확한 runtime reachability 미확인","직접 literal write 발견 없음; 간접 호출은 미확인","local/mobile.html:1489","미확정: 원본 handler/template 추적 필요","TEST_MISSING","중복정의·동적 template·상위함수 호출을 실제 렌더 결과와 연결","해당 원본 컨트롤의 노출 조건·클릭/필터/취소 결과를 Golden fixture로 검증","<button onclick=""historySheetM()"">"
"C01851","UNRESOLVED_CONTROL","contactEditSheetM: '
 +'","페이지 데이터/상태 경로: 정확한 runtime reachability 미확인","직접 literal write 발견 없음; 간접 호출은 미확인","local/mobile.html:1494","미확정: 원본 handler/template 추적 필요","TEST_MISSING","중복정의·동적 template·상위함수 호출을 실제 렌더 결과와 연결","해당 원본 컨트롤의 노출 조건·클릭/필터/취소 결과를 Golden fixture로 검증","<input id=""ce-office"" inputmode=""tel"" value=""'+escAttr(c.officeTel)+'"" style=""width:100%;margin:6px 0 10px;border:1px solid var(--line-2);border-radius:11px;padding:12px;font:inherit"">"
"C01852","UNRESOLVED_CONTROL","contactEditSheetM: '
 +'","페이지 데이터/상태 경로: 정확한 runtime reachability 미확인","직접 literal write 발견 없음; 간접 호출은 미확인","local/mobile.html:1495","미확정: 원본 handler/template 추적 필요","TEST_MISSING","중복정의·동적 template·상위함수 호출을 실제 렌더 결과와 연결","해당 원본 컨트롤의 노출 조건·클릭/필터/취소 결과를 Golden fixture로 검증","<input id=""ce-name"" value=""'+escAttr(c.name)+'"" style=""width:100%;margin:6px 0 10px;border:1px solid var(--line-2);border-radius:11px;padding:12px;font:inherit"">"
"C01853","UNRESOLVED_CONTROL","contactEditSheetM: '
 +'","페이지 데이터/상태 경로: 정확한 runtime reachability 미확인","직접 literal write 발견 없음; 간접 호출은 미확인","local/mobile.html:1496","미확정: 원본 handler/template 추적 필요","TEST_MISSING","중복정의·동적 template·상위함수 호출을 실제 렌더 결과와 연결","해당 원본 컨트롤의 노출 조건·클릭/필터/취소 결과를 Golden fixture로 검증","<input id=""ce-mobile"" inputmode=""tel"" value=""'+escAttr(c.mobile)+'"" style=""width:100%;margin:6px 0 10px;border:1px solid var(--line-2);border-radius:11px;padding:12px;font:inherit"">"
"C01854","UNRESOLVED_CONTROL","contactEditSheetM: '
 +'","페이지 데이터/상태 경로: 정확한 runtime reachability 미확인","직접 literal write 발견 없음; 간접 호출은 미확인","local/mobile.html:1497","미확정: 원본 handler/template 추적 필요","TEST_MISSING","중복정의·동적 template·상위함수 호출을 실제 렌더 결과와 연결","해당 원본 컨트롤의 노출 조건·클릭/필터/취소 결과를 Golden fixture로 검증","<input id=""ce-email"" type=""email"" value=""'+escAttr(c.officeEmail)+'"" style=""width:100%;margin:6px 0 10px;border:1px solid var(--line-2);border-radius:11px;padding:12px;font:inherit"">"
"C01855","UNRESOLVED_CONTROL","contactEditSheetM: 연락처 저장","페이지 데이터/상태 경로: 정확한 runtime reachability 미확인","직접 literal write 발견 없음; 간접 호출은 미확인","local/mobile.html:1498","미확정: 원본 handler/template 추적 필요","TEST_MISSING","중복정의·동적 template·상위함수 호출을 실제 렌더 결과와 연결","해당 원본 컨트롤의 노출 조건·클릭/필터/취소 결과를 Golden fixture로 검증","<button class=""btn btn-primary"" onclick=""saveContactM()"">"
"C01856","UNRESOLVED_CONTROL","contactCardM: ＋ 연락처 추가","페이지 데이터/상태 경로: 정확한 runtime reachability 미확인","직접 literal write 발견 없음; 간접 호출은 미확인","local/mobile.html:1501","미확정: 원본 handler/template 추적 필요","TEST_MISSING","중복정의·동적 template·상위함수 호출을 실제 렌더 결과와 연결","해당 원본 컨트롤의 노출 조건·클릭/필터/취소 결과를 Golden fixture로 검증","<button class=""btn btn-primary"" onclick=""contactEditSheetM(\'\')"">"
"C01857","UNRESOLVED_CONTROL","contactCardM: ＋ 추가","페이지 데이터/상태 경로: 정확한 runtime reachability 미확인","직접 literal write 발견 없음; 간접 호출은 미확인","local/mobile.html:1501","미확정: 원본 handler/template 추적 필요","TEST_MISSING","중복정의·동적 template·상위함수 호출을 실제 렌더 결과와 연결","해당 원본 컨트롤의 노출 조건·클릭/필터/취소 결과를 Golden fixture로 검증","<button onclick=""contactEditSheetM(\'\')"" style=""color:var(--blue);font-weight:800"">"
"C01858","UNRESOLVED_CONTROL","contactCardM: button","페이지 데이터/상태 경로: 정확한 runtime reachability 미확인","직접 literal write 발견 없음; 간접 호출은 미확인","local/mobile.html:1501","미확정: 원본 handler/template 추적 필요","TEST_MISSING","중복정의·동적 template·상위함수 호출을 실제 렌더 결과와 연결","해당 원본 컨트롤의 노출 조건·클릭/필터/취소 결과를 Golden fixture로 검증","<button '+(!c.officeTel?'disabled':'')+' onclick=""callContactM(\'office\',\''+key+'\')"">"
"C01859","UNRESOLVED_CONTROL","contactCardM: button","페이지 데이터/상태 경로: 정확한 runtime reachability 미확인","직접 literal write 발견 없음; 간접 호출은 미확인","local/mobile.html:1501","미확정: 원본 handler/template 추적 필요","TEST_MISSING","중복정의·동적 template·상위함수 호출을 실제 렌더 결과와 연결","해당 원본 컨트롤의 노출 조건·클릭/필터/취소 결과를 Golden fixture로 검증","<button '+(!c.mobile?'disabled':'')+' onclick=""callContactM(\'mobile\',\''+key+'\')"">"
"C01860","UNRESOLVED_CONTROL","contactCardM: 📞 사무소","페이지 데이터/상태 경로: 정확한 runtime reachability 미확인","직접 literal write 발견 없음; 간접 호출은 미확인","local/mobile.html:1501","미확정: 원본 handler/template 추적 필요","TEST_MISSING","중복정의·동적 template·상위함수 호출을 실제 렌더 결과와 연결","해당 원본 컨트롤의 노출 조건·클릭/필터/취소 결과를 Golden fixture로 검증","<button '+(!c.officeTel?'disabled':'')+' onclick=""callContactM(\'office\',\''+key+'\')"">"
"C01861","UNRESOLVED_CONTROL","contactCardM: 📱 전화","페이지 데이터/상태 경로: 정확한 runtime reachability 미확인","직접 literal write 발견 없음; 간접 호출은 미확인","local/mobile.html:1501","미확정: 원본 handler/template 추적 필요","TEST_MISSING","중복정의·동적 template·상위함수 호출을 실제 렌더 결과와 연결","해당 원본 컨트롤의 노출 조건·클릭/필터/취소 결과를 Golden fixture로 검증","<button class=""pri"" '+(!c.mobile?'disabled':'')+' onclick=""callContactM(\'mobile\',\''+key+'\')"">"
"C01862","UNRESOLVED_CONTROL","contactCardM: ✉ 문자","페이지 데이터/상태 경로: 정확한 runtime reachability 미확인","직접 literal write 발견 없음; 간접 호출은 미확인","local/mobile.html:1501","미확정: 원본 handler/template 추적 필요","TEST_MISSING","중복정의·동적 template·상위함수 호출을 실제 렌더 결과와 연결","해당 원본 컨트롤의 노출 조건·클릭/필터/취소 결과를 Golden fixture로 검증","<button '+(!c.mobile?'disabled':'')+' onclick=""smsContactM(\''+key+'\')"">"
"C01863","UNRESOLVED_CONTROL","contactCardM: 💬 카카오","페이지 데이터/상태 경로: 정확한 runtime reachability 미확인","직접 literal write 발견 없음; 간접 호출은 미확인","local/mobile.html:1501","미확정: 원본 handler/template 추적 필요","TEST_MISSING","중복정의·동적 template·상위함수 호출을 실제 렌더 결과와 연결","해당 원본 컨트롤의 노출 조건·클릭/필터/취소 결과를 Golden fixture로 검증","<button '+(!c.mobile?'disabled':'')+' onclick=""kakaoContactM(\''+key+'\')"">"
"C01864","UNRESOLVED_CONTROL","contactCardM: 연락처 수정","페이지 데이터/상태 경로: 정확한 runtime reachability 미확인","직접 literal write 발견 없음; 간접 호출은 미확인","local/mobile.html:1501","미확정: 원본 handler/template 추적 필요","TEST_MISSING","중복정의·동적 template·상위함수 호출을 실제 렌더 결과와 연결","해당 원본 컨트롤의 노출 조건·클릭/필터/취소 결과를 Golden fixture로 검증","<button onclick=""contactEditSheetM(\''+key+'\')"">"
"C01865","UNRESOLVED_CONTROL","contactEditSheetM: input","페이지 데이터/상태 경로: 정확한 runtime reachability 미확인","직접 literal write 발견 없음; 간접 호출은 미확인","local/mobile.html:1505","미확정: 원본 handler/template 추적 필요","TEST_MISSING","중복정의·동적 template·상위함수 호출을 실제 렌더 결과와 연결","해당 원본 컨트롤의 노출 조건·클릭/필터/취소 결과를 Golden fixture로 검증","<input id=""ce-office"" inputmode=""tel"" value=""'+escAttr(c.officeTel)+'"" style=""width:100%;margin:6px 0 10px;border:1px solid var(--line-2);border-radius:11px;padding:12px;font:inherit"">"
"C01866","UNRESOLVED_CONTROL","contactEditSheetM: '+CONTACT_ROLES.map(function(r){return '","페이지 데이터/상태 경로: 정확한 runtime reachability 미확인","직접 literal write 발견 없음; 간접 호출은 미확인","local/mobile.html:1505","미확정: 원본 handler/template 추적 필요","TEST_MISSING","중복정의·동적 template·상위함수 호출을 실제 렌더 결과와 연결","해당 원본 컨트롤의 노출 조건·클릭/필터/취소 결과를 Golden fixture로 검증","<select id=""ce-role"" style=""width:100%;margin:6px 0 10px;border:1px solid var(--line-2);border-radius:11px;padding:12px;font:inherit"">"
"C01867","UNRESOLVED_CONTROL","contactEditSheetM: input","페이지 데이터/상태 경로: 정확한 runtime reachability 미확인","직접 literal write 발견 없음; 간접 호출은 미확인","local/mobile.html:1505","미확정: 원본 handler/template 추적 필요","TEST_MISSING","중복정의·동적 template·상위함수 호출을 실제 렌더 결과와 연결","해당 원본 컨트롤의 노출 조건·클릭/필터/취소 결과를 Golden fixture로 검증","<input id=""ce-name"" value=""'+escAttr(c.name)+'"" style=""width:100%;margin:6px 0 10px;border:1px solid var(--line-2);border-radius:11px;padding:12px;font:inherit"">"
"C01868","UNRESOLVED_CONTROL","contactEditSheetM: input","페이지 데이터/상태 경로: 정확한 runtime reachability 미확인","직접 literal write 발견 없음; 간접 호출은 미확인","local/mobile.html:1505","미확정: 원본 handler/template 추적 필요","TEST_MISSING","중복정의·동적 template·상위함수 호출을 실제 렌더 결과와 연결","해당 원본 컨트롤의 노출 조건·클릭/필터/취소 결과를 Golden fixture로 검증","<input id=""ce-mobile"" inputmode=""tel"" value=""'+escAttr(c.mobile)+'"" style=""width:100%;margin:6px 0 10px;border:1px solid var(--line-2);border-radius:11px;padding:12px;font:inherit"">"
"C01869","UNRESOLVED_CONTROL","contactEditSheetM: input","페이지 데이터/상태 경로: 정확한 runtime reachability 미확인","직접 literal write 발견 없음; 간접 호출은 미확인","local/mobile.html:1505","미확정: 원본 handler/template 추적 필요","TEST_MISSING","중복정의·동적 template·상위함수 호출을 실제 렌더 결과와 연결","해당 원본 컨트롤의 노출 조건·클릭/필터/취소 결과를 Golden fixture로 검증","<input id=""ce-email"" type=""email"" value=""'+escAttr(c.officeEmail)+'"" style=""width:100%;margin:6px 0 10px;border:1px solid var(--line-2);border-radius:11px;padding:12px;font:inherit"">"
"C01870","UNRESOLVED_CONTROL","contactEditSheetM: 연락처 저장","페이지 데이터/상태 경로: 정확한 runtime reachability 미확인","직접 literal write 발견 없음; 간접 호출은 미확인","local/mobile.html:1505","미확정: 원본 handler/template 추적 필요","TEST_MISSING","중복정의·동적 template·상위함수 호출을 실제 렌더 결과와 연결","해당 원본 컨트롤의 노출 조건·클릭/필터/취소 결과를 Golden fixture로 검증","<button class=""btn btn-primary"" onclick=""saveContactM()"">"
"C01871","UNRESOLVED_CONTROL","callMemoSheetM: 통화 내용 저장","페이지 데이터/상태 경로: 정확한 runtime reachability 미확인","직접 literal write 발견 없음; 간접 호출은 미확인","local/mobile.html:1507","미확정: 원본 handler/template 추적 필요","TEST_MISSING","중복정의·동적 template·상위함수 호출을 실제 렌더 결과와 연결","해당 원본 컨트롤의 노출 조건·클릭/필터/취소 결과를 Golden fixture로 검증","<button class=""btn btn-primary"" style=""margin-top:12px"" data-gate=""cm"" disabled onclick=""saveCallMemoM()"">"
"C01872","UNRESOLVED_CONTROL","managerMoveSheetM: '
 +'","페이지 데이터/상태 경로: 정확한 runtime reachability 미확인","직접 literal write 발견 없음; 간접 호출은 미확인","local/mobile.html:1511","미확정: 원본 handler/template 추적 필요","TEST_MISSING","중복정의·동적 template·상위함수 호출을 실제 렌더 결과와 연결","해당 원본 컨트롤의 노출 조건·클릭/필터/취소 결과를 Golden fixture로 검증","<input id=""mm-site"" placeholder=""예: 매탄임광아파트"" style=""width:100%;margin:6px 0 10px;border:1px solid var(--line-2);border-radius:11px;padding:12px;font:inherit"">"
"C01873","UNRESOLVED_CONTROL","managerMoveSheetM: '
 +'","페이지 데이터/상태 경로: 정확한 runtime reachability 미확인","직접 literal write 발견 없음; 간접 호출은 미확인","local/mobile.html:1512","미확정: 원본 handler/template 추적 필요","TEST_MISSING","중복정의·동적 template·상위함수 호출을 실제 렌더 결과와 연결","해당 원본 컨트롤의 노출 조건·클릭/필터/취소 결과를 Golden fixture로 검증","<input id=""mm-office"" inputmode=""tel"" placeholder=""예: 031-123-4567"" style=""width:100%;margin:6px 0 10px;border:1px solid var(--line-2);border-radius:11px;padding:12px;font:inherit"">"
"C01874","UNRESOLVED_CONTROL","managerMoveSheetM: '
 +mReason('mm','예: 관리소장님 통화로 9월부터 매탄임광아파트로 이동 확인')+'","페이지 데이터/상태 경로: 정확한 runtime reachability 미확인","직접 literal write 발견 없음; 간접 호출은 미확인","local/mobile.html:1513","미확정: 원본 handler/template 추적 필요","TEST_MISSING","중복정의·동적 template·상위함수 호출을 실제 렌더 결과와 연결","해당 원본 컨트롤의 노출 조건·클릭/필터/취소 결과를 Golden fixture로 검증","<input id=""mm-date"" type=""date"" value=""'+today+'"" style=""width:100%;margin:6px 0 10px;border:1px solid var(--line-2);border-radius:11px;padding:12px;font:inherit"">"
"C01875","UNRESOLVED_CONTROL","managerMoveSheetM: 근무지 이동 저장","페이지 데이터/상태 경로: 정확한 runtime reachability 미확인","직접 literal write 발견 없음; 간접 호출은 미확인","local/mobile.html:1514","미확정: 원본 handler/template 추적 필요","TEST_MISSING","중복정의·동적 template·상위함수 호출을 실제 렌더 결과와 연결","해당 원본 컨트롤의 노출 조건·클릭/필터/취소 결과를 Golden fixture로 검증","<button class=""btn btn-primary"" style=""margin-top:12px"" data-gate=""mm"" disabled onclick=""saveManagerMoveM()"">"
"C01876","UNRESOLVED_CONTROL","rDeal: '+IC.back+'","페이지 데이터/상태 경로: 정확한 runtime reachability 미확인","직접 literal write 발견 없음; 간접 호출은 미확인","local/mobile.html:1529","미확정: 원본 handler/template 추적 필요","TEST_MISSING","중복정의·동적 template·상위함수 호출을 실제 렌더 결과와 연결","해당 원본 컨트롤의 노출 조건·클릭/필터/취소 결과를 Golden fixture로 검증","<button class=""iconbtn"" onclick=""G.deal=null;render()"">"
"C01877","UNRESOLVED_CONTROL","rDeal: 재배정","페이지 데이터/상태 경로: 정확한 runtime reachability 미확인","직접 literal write 발견 없음; 간접 호출은 미확인","local/mobile.html:1529","미확정: 원본 handler/template 추적 필요","TEST_MISSING","중복정의·동적 template·상위함수 호출을 실제 렌더 결과와 연결","해당 원본 컨트롤의 노출 조건·클릭/필터/취소 결과를 Golden fixture로 검증","<button style=""color:var(--violet);font-weight:700;font-size:13px;padding:0 6px"" onclick=""reassignSheet()"">"
"C01878","UNRESOLVED_CONTROL","rDeal: '+(workItemsM(d).length?'공종 수정':'공종 분류')+'","페이지 데이터/상태 경로: 정확한 runtime reachability 미확인","직접 literal write 발견 없음; 간접 호출은 미확인","local/mobile.html:1532","미확정: 원본 handler/template 추적 필요","TEST_MISSING","중복정의·동적 template·상위함수 호출을 실제 렌더 결과와 연결","해당 원본 컨트롤의 노출 조건·클릭/필터/취소 결과를 Golden fixture로 검증","<button class=""badge badge-gray"" onclick=""workSheetM()"">"
"C01879","UNRESOLVED_CONTROL","rDeal: 이력 '+d.businessHistory.length+'","페이지 데이터/상태 경로: 정확한 runtime reachability 미확인","직접 literal write 발견 없음; 간접 호출은 미확인","local/mobile.html:1539","미확정: 원본 handler/template 추적 필요","TEST_MISSING","중복정의·동적 template·상위함수 호출을 실제 렌더 결과와 연결","해당 원본 컨트롤의 노출 조건·클릭/필터/취소 결과를 Golden fixture로 검증","<button onclick=""bizHistSheet()"">"
"C01880","UNRESOLVED_CONTROL","rDeal: 변경","페이지 데이터/상태 경로: 정확한 runtime reachability 미확인","직접 literal write 발견 없음; 간접 호출은 미확인","local/mobile.html:1539","미확정: 원본 handler/template 추적 필요","TEST_MISSING","중복정의·동적 template·상위함수 호출을 실제 렌더 결과와 연결","해당 원본 컨트롤의 노출 조건·클릭/필터/취소 결과를 Golden fixture로 검증","<button class=""primary"" onclick=""bizSheet()"">"
"C01881","UNRESOLVED_CONTROL","rDeal: '+IC.mic+'음성","페이지 데이터/상태 경로: 정확한 runtime reachability 미확인","직접 literal write 발견 없음; 간접 호출은 미확인","local/mobile.html:1543","미확정: 원본 handler/template 추적 필요","TEST_MISSING","중복정의·동적 template·상위함수 호출을 실제 렌더 결과와 연결","해당 원본 컨트롤의 노출 조건·클릭/필터/취소 결과를 Golden fixture로 검증","<button onclick=""voiceMemo()"" style=""color:var(--blue);font-weight:700;font-size:12.5px;display:flex;align-items:center;gap:4px"">"
"C01882","UNRESOLVED_CONTROL","rDeal: '+IC.camera+'사진","페이지 데이터/상태 경로: 정확한 runtime reachability 미확인","직접 literal write 발견 없음; 간접 호출은 미확인","local/mobile.html:1543","미확정: 원본 handler/template 추적 필요","TEST_MISSING","중복정의·동적 template·상위함수 호출을 실제 렌더 결과와 연결","해당 원본 컨트롤의 노출 조건·클릭/필터/취소 결과를 Golden fixture로 검증","<button onclick=""photoSheet()"" style=""color:var(--sub);font-weight:700;font-size:12.5px;display:flex;align-items:center;gap:4px"">"
"C01883","UNRESOLVED_CONTROL","rDeal: '+IC.msg+'템플릿","페이지 데이터/상태 경로: 정확한 runtime reachability 미확인","직접 literal write 발견 없음; 간접 호출은 미확인","local/mobile.html:1543","미확정: 원본 handler/template 추적 필요","TEST_MISSING","중복정의·동적 template·상위함수 호출을 실제 렌더 결과와 연결","해당 원본 컨트롤의 노출 조건·클릭/필터/취소 결과를 Golden fixture로 검증","<button onclick=""tmplSheet()"" style=""color:var(--violet);font-weight:700;font-size:12.5px;display:flex;align-items:center;gap:4px"">"
"C01884","UNRESOLVED_CONTROL","rDeal: '+(d.outcome==='won'?'시공 단계 진행 →':'다음 단계로 →')+'","페이지 데이터/상태 경로: 정확한 runtime reachability 미확인","직접 literal write 발견 없음; 간접 호출은 미확인","local/mobile.html:1546","미확정: 원본 handler/template 추적 필요","TEST_MISSING","중복정의·동적 template·상위함수 호출을 실제 렌더 결과와 연결","해당 원본 컨트롤의 노출 조건·클릭/필터/취소 결과를 Golden fixture로 검증","<button class=""btn btn-primary"" onclick=""nextSheet()"">"
"C01885","UNRESOLVED_CONTROL","rDeal: 사업유형 변경","페이지 데이터/상태 경로: 정확한 runtime reachability 미확인","직접 literal write 발견 없음; 간접 호출은 미확인","local/mobile.html:1546","미확정: 원본 handler/template 추적 필요","TEST_MISSING","중복정의·동적 template·상위함수 호출을 실제 렌더 결과와 연결","해당 원본 컨트롤의 노출 조건·클릭/필터/취소 결과를 Golden fixture로 검증","<button class=""btn btn-line"" style=""margin-top:7px"" onclick=""bizSheet()"">"
"C01886","UNRESOLVED_CONTROL","rDeal: 예외 이동 · 종료 처리 — 전체 단계에서 선택 (사유 필수)","페이지 데이터/상태 경로: 정확한 runtime reachability 미확인","직접 literal write 발견 없음; 간접 호출은 미확인","local/mobile.html:1546","미확정: 원본 handler/template 추적 필요","TEST_MISSING","중복정의·동적 template·상위함수 호출을 실제 렌더 결과와 연결","해당 원본 컨트롤의 노출 조건·클릭/필터/취소 결과를 Golden fixture로 검증","<button class=""hint"" style=""display:block;width:100%;text-align:center;margin-top:7px"" onclick=""exSheet()"">"
"C01887","UNRESOLVED_CONTROL","workSheetM: 공종 저장","페이지 데이터/상태 경로: 정확한 runtime reachability 미확인","직접 literal write 발견 없음; 간접 호출은 미확인","local/mobile.html:1552","미확정: 원본 handler/template 추적 필요","TEST_MISSING","중복정의·동적 template·상위함수 호출을 실제 렌더 결과와 연결","해당 원본 컨트롤의 노출 조건·클릭/필터/취소 결과를 Golden fixture로 검증","<button class=""btn btn-primary"" style=""margin-top:12px"" data-gate=""workedit"" disabled onclick=""saveWorkSheetM()"">"
"C01888","UNRESOLVED_CONTROL","workSheetM: 취소","페이지 데이터/상태 경로: 정확한 runtime reachability 미확인","직접 literal write 발견 없음; 간접 호출은 미확인","local/mobile.html:1552","미확정: 원본 handler/template 추적 필요","TEST_MISSING","중복정의·동적 template·상위함수 호출을 실제 렌더 결과와 연결","해당 원본 컨트롤의 노출 조건·클릭/필터/취소 결과를 Golden fixture로 검증","<button class=""btn btn-line"" style=""margin-top:8px"" onclick=""closeSheet()"">"
"C01889","UNRESOLVED_CONTROL","respCardM: 응대 전체보기 ('+R.length+')","페이지 데이터/상태 경로: 정확한 runtime reachability 미확인","직접 literal write 발견 없음; 간접 호출은 미확인","local/mobile.html:1577","미확정: 원본 handler/template 추적 필요","TEST_MISSING","중복정의·동적 template·상위함수 호출을 실제 렌더 결과와 연결","해당 원본 컨트롤의 노출 조건·클릭/필터/취소 결과를 Golden fixture로 검증","<button onclick=""respSheet()"" style=""color:var(--blue);font-weight:700;font-size:12.5px"">"
"C01890","UNRESOLVED_CONTROL","nextSheet: button","페이지 데이터/상태 경로: 정확한 runtime reachability 미확인","직접 literal write 발견 없음; 간접 호출은 미확인","local/mobile.html:1601","미확정: 원본 handler/template 추적 필요","TEST_MISSING","중복정의·동적 template·상위함수 호출을 실제 렌더 결과와 연결","해당 원본 컨트롤의 노출 조건·클릭/필터/취소 결과를 Golden fixture로 검증","<button class=""cchip '+(win?'g':'b')+'"" onclick=""moveTo('+i+')"">"
"C01891","UNRESOLVED_CONTROL","nextSheet: '+OUTCOMES[o].nm+'","페이지 데이터/상태 경로: 정확한 runtime reachability 미확인","직접 literal write 발견 없음; 간접 호출은 미확인","local/mobile.html:1604","미확정: 원본 handler/template 추적 필요","TEST_MISSING","중복정의·동적 template·상위함수 호출을 실제 렌더 결과와 연결","해당 원본 컨트롤의 노출 조건·클릭/필터/취소 결과를 Golden fixture로 검증","<button class=""cchip '+OUTCOMES[o].color+'"" onclick=""closeSheetFlow(\''+o+'\')"">"
"C01892","UNRESOLVED_CONTROL","moveTo: 다음 단계로 저장","페이지 데이터/상태 경로: 정확한 runtime reachability 미확인","직접 literal write 발견 없음; 간접 호출은 미확인","local/mobile.html:1616","미확정: 원본 handler/template 추적 필요","TEST_MISSING","중복정의·동적 template·상위함수 호출을 실제 렌더 결과와 연결","해당 원본 컨트롤의 노출 조건·클릭/필터/취소 결과를 Golden fixture로 검증","<button class=""btn btn-primary"" style=""margin-top:14px"" data-gate=""mv"" disabled onclick=""commitMoveWithReason()"">"
"C01893","UNRESOLVED_CONTROL","closeSheetFlow: '+r+'","페이지 데이터/상태 경로: 정확한 runtime reachability 미확인","직접 literal write 발견 없음; 간접 호출은 미확인","local/mobile.html:1636","미확정: 원본 handler/template 추적 필요","TEST_MISSING","중복정의·동적 template·상위함수 호출을 실제 렌더 결과와 연결","해당 원본 컨트롤의 노출 조건·클릭/필터/취소 결과를 Golden fixture로 검증","<button class=""cchip '+(G.clKind===r?'b':'gr')+'"" data-r=""'+escAttr(r)+'"" onclick=""G.clKind=this.dataset.r;closeSheetFlow(\''+o+'\')"">"
"C01894","UNRESOLVED_CONTROL","closeSheetFlow: 종료 저장","페이지 데이터/상태 경로: 정확한 runtime reachability 미확인","직접 literal write 발견 없음; 간접 호출은 미확인","local/mobile.html:1639","미확정: 원본 handler/template 추적 필요","TEST_MISSING","중복정의·동적 template·상위함수 호출을 실제 렌더 결과와 연결","해당 원본 컨트롤의 노출 조건·클릭/필터/취소 결과를 Golden fixture로 검증","<button class=""btn btn-primary"" style=""margin-top:14px"" data-gate=""cl"" disabled onclick=""commitCloseR(\''+o+'\')"">"
"C01895","UNRESOLVED_CONTROL","amtSheet: '+n+'","페이지 데이터/상태 경로: 정확한 runtime reachability 미확인","직접 literal write 발견 없음; 간접 호출은 미확인","local/mobile.html:1660","미확정: 원본 handler/template 추적 필요","TEST_MISSING","중복정의·동적 template·상위함수 호출을 실제 렌더 결과와 연결","해당 원본 컨트롤의 노출 조건·클릭/필터/취소 결과를 Golden fixture로 검증","<button onclick=""amtKey(\''+n+'\',\''+to+'\')"">"
"C01896","UNRESOLVED_CONTROL","amtSheet: 🎉 수주 확정","페이지 데이터/상태 경로: 정확한 runtime reachability 미확인","직접 literal write 발견 없음; 간접 호출은 미확인","local/mobile.html:1661","미확정: 원본 handler/template 추적 필요","TEST_MISSING","중복정의·동적 template·상위함수 호출을 실제 렌더 결과와 연결","해당 원본 컨트롤의 노출 조건·클릭/필터/취소 결과를 Golden fixture로 검증","<button class=""btn btn-primary"" style=""margin-top:12px"" '+(num?'':'disabled')+' onclick=""amtOk(\''+to+'\')"">"
"C01897","UNRESOLVED_CONTROL","renderWon: 확인","페이지 데이터/상태 경로: 정확한 runtime reachability 미확인","직접 literal write 발견 없음; 간접 호출은 미확인","local/mobile.html:1684","미확정: 원본 handler/template 추적 필요","TEST_MISSING","중복정의·동적 template·상위함수 호출을 실제 렌더 결과와 연결","해당 원본 컨트롤의 노출 조건·클릭/필터/취소 결과를 Golden fixture로 검증","<button class=""btn btn-primary"" style=""margin-top:16px"" onclick=""render()"">"
"C01898","UNRESOLVED_CONTROL","mReason: ⌨ 직접 입력","페이지 데이터/상태 경로: 정확한 runtime reachability 미확인","직접 literal write 발견 없음; 간접 호출은 미확인","local/mobile.html:1718","미확정: 원본 handler/template 추적 필요","TEST_MISSING","중복정의·동적 template·상위함수 호출을 실제 렌더 결과와 연결","해당 원본 컨트롤의 노출 조건·클릭/필터/취소 결과를 Golden fixture로 검증","<button class=""on"" data-m=""text"" onclick=""mrMode(\''+id+'\',\'text\')"">"
"C01899","UNRESOLVED_CONTROL","mReason: '+IC.mic+' 음성 입력","페이지 데이터/상태 경로: 정확한 runtime reachability 미확인","직접 literal write 발견 없음; 간접 호출은 미확인","local/mobile.html:1719","미확정: 원본 handler/template 추적 필요","TEST_MISSING","중복정의·동적 template·상위함수 호출을 실제 렌더 결과와 연결","해당 원본 컨트롤의 노출 조건·클릭/필터/취소 결과를 Golden fixture로 검증","<button data-m=""voice"" onclick=""mrMode(\''+id+'\',\'voice\')"">"
"C01900","UNRESOLVED_CONTROL","mReason: textarea","페이지 데이터/상태 경로: 정확한 runtime reachability 미확인","직접 literal write 발견 없음; 간접 호출은 미확인","local/mobile.html:1720","미확정: 원본 handler/template 추적 필요","TEST_MISSING","중복정의·동적 template·상위함수 호출을 실제 렌더 결과와 연결","해당 원본 컨트롤의 노출 조건·클릭/필터/취소 결과를 Golden fixture로 검증","<textarea id=""'+id+'-t"" oninput=""mrGate(\''+id+'\')"" placeholder=""'+escAttr(ph||'무엇을 확인했고 왜 바꾸는지 적어주세요')+'"">"
"C01901","UNRESOLVED_CONTROL","mReason: '+IC.mic+' 녹음 시작","페이지 데이터/상태 경로: 정확한 runtime reachability 미확인","직접 literal write 발견 없음; 간접 호출은 미확인","local/mobile.html:1721","미확정: 원본 handler/template 추적 필요","TEST_MISSING","중복정의·동적 template·상위함수 호출을 실제 렌더 결과와 연결","해당 원본 컨트롤의 노출 조건·클릭/필터/취소 결과를 Golden fixture로 검증","<button class=""btn btn-line rrec"" id=""'+id+'-b"" onclick=""mrRec(\''+id+'\')"">"
"C01902","UNRESOLVED_CONTROL","bizSheet: '+esc(b)+'","페이지 데이터/상태 경로: 정확한 runtime reachability 미확인","직접 literal write 발견 없음; 간접 호출은 미확인","local/mobile.html:1756","미확정: 원본 handler/template 추적 필요","TEST_MISSING","중복정의·동적 template·상위함수 호출을 실제 렌더 결과와 연결","해당 원본 컨트롤의 노출 조건·클릭/필터/취소 결과를 Golden fixture로 검증","<button class=""cchip '+(G.bzTo===b?'b':'gr')+'"" data-b=""'+escAttr(b)+'"" onclick=""G.bzTo=this.dataset.b;bizSheet()"">"
"C01903","UNRESOLVED_CONTROL","bizSheet: '
  +'","페이지 데이터/상태 경로: 정확한 runtime reachability 미확인","직접 literal write 발견 없음; 간접 호출은 미확인","local/mobile.html:1760","미확정: 원본 handler/template 추적 필요","TEST_MISSING","중복정의·동적 template·상위함수 호출을 실제 렌더 결과와 연결","해당 원본 컨트롤의 노출 조건·클릭/필터/취소 결과를 Golden fixture로 검증","<input id=""bz-na"" value=""'+escAttr(G.bzNa||'')+'"" oninput=""G.bzNa=this.value"" placeholder=""예: 기술자문 계약서 작성"" style=""width:100%;border:1px solid var(--line-2);border-radius:12px;padding:13px;font:inherit;font-size:15px;outline:none;box-sizing:border-box"">"
"C01904","UNRESOLVED_CONTROL","bizSheet: 변경 저장","페이지 데이터/상태 경로: 정확한 runtime reachability 미확인","직접 literal write 발견 없음; 간접 호출은 미확인","local/mobile.html:1761","미확정: 원본 handler/template 추적 필요","TEST_MISSING","중복정의·동적 template·상위함수 호출을 실제 렌더 결과와 연결","해당 원본 컨트롤의 노출 조건·클릭/필터/취소 결과를 Golden fixture로 검증","<button class=""btn btn-primary"" style=""margin-top:14px"" data-gate=""bz"" disabled onclick=""commitBiz()"">"
"C01905","UNRESOLVED_CONTROL","rMy: button","페이지 데이터/상태 경로: 정확한 runtime reachability 미확인","직접 literal write 발견 없음; 간접 호출은 미확인","local/mobile.html:1814","미확정: 원본 handler/template 추적 필요","TEST_MISSING","중복정의·동적 template·상위함수 호출을 실제 렌더 결과와 연결","해당 원본 컨트롤의 노출 조건·클릭/필터/취소 결과를 Golden fixture로 검증","<button>"
"C01906","UNRESOLVED_CONTROL","rMy: button","페이지 데이터/상태 경로: 정확한 runtime reachability 미확인","직접 literal write 발견 없음; 간접 호출은 미확인","local/mobile.html:1815","미확정: 원본 handler/template 추적 필요","TEST_MISSING","중복정의·동적 template·상위함수 호출을 실제 렌더 결과와 연결","해당 원본 컨트롤의 노출 조건·클릭/필터/취소 결과를 Golden fixture로 검증","<button>"
"C01907","UNRESOLVED_CONTROL","rMy: button","페이지 데이터/상태 경로: 정확한 runtime reachability 미확인","직접 literal write 발견 없음; 간접 호출은 미확인","local/mobile.html:1816","미확정: 원본 handler/template 추적 필요","TEST_MISSING","중복정의·동적 template·상위함수 호출을 실제 렌더 결과와 연결","해당 원본 컨트롤의 노출 조건·클릭/필터/취소 결과를 Golden fixture로 검증","<button onclick=""G.sub={t:\'hyg\'};render()"">"
"C01908","UNRESOLVED_CONTROL","rCtrl: button","페이지 데이터/상태 경로: 정확한 runtime reachability 미확인","직접 literal write 발견 없음; 간접 호출은 미확인","local/mobile.html:1824","미확정: 원본 handler/template 추적 필요","TEST_MISSING","중복정의·동적 template·상위함수 호출을 실제 렌더 결과와 연결","해당 원본 컨트롤의 노출 조건·클릭/필터/취소 결과를 Golden fixture로 검증","<button class=""'+(G.sigK===s.k?'on':'')+'"" onclick=""G.sigK=\''+s.k+'\';render()"">"
"C01909","UNRESOLVED_CONTROL","rCtrl: '+x[1]+' '+n+'","페이지 데이터/상태 경로: 정확한 runtime reachability 미확인","직접 literal write 발견 없음; 간접 호출은 미확인","local/mobile.html:1825","미확정: 원본 handler/template 추적 필요","TEST_MISSING","중복정의·동적 template·상위함수 호출을 실제 렌더 결과와 연결","해당 원본 컨트롤의 노출 조건·클릭/필터/취소 결과를 Golden fixture로 검증","<button class=""'+(G.inqState===x[0]?'on':'')+'"" onclick=""G.inqState=\''+x[0]+'\';render()"">"
"C01910","UNRESOLVED_CONTROL","rCtrl: 배정","페이지 데이터/상태 경로: 정확한 runtime reachability 미확인","직접 literal write 발견 없음; 간접 호출은 미확인","local/mobile.html:1827","미확정: 원본 handler/template 추적 필요","TEST_MISSING","중복정의·동적 template·상위함수 호출을 실제 렌더 결과와 연결","해당 원본 컨트롤의 노출 조건·클릭/필터/취소 결과를 Golden fixture로 검증","<button class=""btn btn-primary btn-sm"" onclick=""assignSheet('+i+')"">"
"C01911","UNRESOLVED_CONTROL","rCtrl: 쪼기","페이지 데이터/상태 경로: 정확한 runtime reachability 미확인","직접 literal write 발견 없음; 간접 호출은 미확인","local/mobile.html:1828","미확정: 원본 handler/template 추적 필요","TEST_MISSING","중복정의·동적 template·상위함수 호출을 실제 렌더 결과와 연결","해당 원본 컨트롤의 노출 조건·클릭/필터/취소 결과를 Golden fixture로 검증","<button class=""btn btn-line btn-sm"" onclick=""nudgeSheet(\''+r.nm+'\')"">"
"C01912","UNRESOLVED_CONTROL","rCtrl: 보기","페이지 데이터/상태 경로: 정확한 runtime reachability 미확인","직접 literal write 발견 없음; 간접 호출은 미확인","local/mobile.html:1829","미확정: 원본 handler/template 추적 필요","TEST_MISSING","중복정의·동적 template·상위함수 호출을 실제 렌더 결과와 연결","해당 원본 컨트롤의 노출 조건·클릭/필터/취소 결과를 Golden fixture로 검증","<button class=""btn btn-line btn-sm"" onclick=""drill(\''+r.nm+'\')"">"
"C01913","UNRESOLVED_CONTROL","rCtrl: '+esc(r.nm)+'","페이지 데이터/상태 경로: 정확한 runtime reachability 미확인","직접 literal write 발견 없음; 간접 호출은 미확인","local/mobile.html:1834","미확정: 원본 handler/template 추적 필요","TEST_MISSING","중복정의·동적 template·상위함수 호출을 실제 렌더 결과와 연결","해당 원본 컨트롤의 노출 조건·클릭/필터/취소 결과를 Golden fixture로 검증","<span class=""pn"" style=""cursor:pointer"" onclick=""'+go+'"">"
"C01914","UNRESOLVED_CONTROL","rPipe: '+tile(IC.chart,'var(--blue)','var(--blue-50)')+'","페이지 데이터/상태 경로: 정확한 runtime reachability 미확인","직접 literal write 발견 없음; 간접 호출은 미확인","local/mobile.html:1847","미확정: 원본 handler/template 추적 필요","TEST_MISSING","중복정의·동적 template·상위함수 호출을 실제 렌더 결과와 연결","해당 원본 컨트롤의 노출 조건·클릭/필터/취소 결과를 Golden fixture로 검증","<button class=""krow"" onclick=""G.stage=\''+MACRO5[i].k+'\';G.ssf=null;G.alf=null;render()"">"
"C01915","UNRESOLVED_CONTROL","band: '+tile(c[0]==='won'?IC.check:IC.alert,col[0],col[1])+'","페이지 데이터/상태 경로: 정확한 runtime reachability 미확인","직접 literal write 발견 없음; 간접 호출은 미확인","local/mobile.html:1860","미확정: 원본 handler/template 추적 필요","TEST_MISSING","중복정의·동적 template·상위함수 호출을 실제 렌더 결과와 연결","해당 원본 컨트롤의 노출 조건·클릭/필터/취소 결과를 Golden fixture로 검증","<button class=""krow"" onclick=""G.cl=\''+c[0]+'\';G.sub={t:\'closed\'};render()"">"
"C01916","UNRESOLVED_CONTROL","band: 조치 필요 보기","페이지 데이터/상태 경로: 정확한 runtime reachability 미확인","직접 literal write 발견 없음; 간접 호출은 미확인","local/mobile.html:1862","미확정: 원본 handler/template 추적 필요","TEST_MISSING","중복정의·동적 template·상위함수 호출을 실제 렌더 결과와 연결","해당 원본 컨트롤의 노출 조건·클릭/필터/취소 결과를 Golden fixture로 검증","<button class=""badge badge-danger"" onclick=""G.sub={t:\'stale\'};render()"">"
"C01917","UNRESOLVED_CONTROL","band: '+v[1]+'","페이지 데이터/상태 경로: 정확한 runtime reachability 미확인","직접 literal write 발견 없음; 간접 호출은 미확인","local/mobile.html:1864","미확정: 원본 handler/template 추적 필요","TEST_MISSING","중복정의·동적 template·상위함수 호출을 실제 렌더 결과와 연결","해당 원본 컨트롤의 노출 조건·클릭/필터/취소 결과를 Golden fixture로 검증","<button class=""'+((G.pv||'st')===v[0]?'on':'')+'"" onclick=""G.pv=\''+v[0]+'\';render()"">"
"C01918","UNRESOLVED_CONTROL","band: '+tile(IC.user,'var(--violet)','var(--violet-bg)')+'","페이지 데이터/상태 경로: 정확한 runtime reachability 미확인","직접 literal write 발견 없음; 간접 호출은 미확인","local/mobile.html:1867","미확정: 원본 handler/template 추적 필요","TEST_MISSING","중복정의·동적 template·상위함수 호출을 실제 렌더 결과와 연결","해당 원본 컨트롤의 노출 조건·클릭/필터/취소 결과를 Golden fixture로 검증","<button class=""krow"" onclick=""drill(\''+r[0]+'\')"">"
"C01919","UNRESOLVED_CONTROL","rStageList: 전체 '+all.length+'","페이지 데이터/상태 경로: 정확한 runtime reachability 미확인","직접 literal write 발견 없음; 간접 호출은 미확인","local/mobile.html:1882","미확정: 원본 handler/template 추적 필요","TEST_MISSING","중복정의·동적 template·상위함수 호출을 실제 렌더 결과와 연결","해당 원본 컨트롤의 노출 조건·클릭/필터/취소 결과를 Golden fixture로 검증","<button class=""'+(!G.ssf&&!G.alf?'on':'')+'"" onclick=""G.ssf=null;G.alf=null;render()"">"
"C01920","UNRESOLVED_CONTROL","rStageList: '+s+' '+all.filter(function(d){return stageLabel(d.code)===s}).length+'","페이지 데이터/상태 경로: 정확한 runtime reachability 미확인","직접 literal write 발견 없음; 간접 호출은 미확인","local/mobile.html:1883","미확정: 원본 handler/template 추적 필요","TEST_MISSING","중복정의·동적 template·상위함수 호출을 실제 렌더 결과와 연결","해당 원본 컨트롤의 노출 조건·클릭/필터/취소 결과를 Golden fixture로 검증","<button class=""'+(G.ssf===s?'on':'')+'"" onclick=""G.ssf=\''+s+'\';G.alf=null;render()"">"
"C01921","UNRESOLVED_CONTROL","rStageList: '+AL.label+' '+alerts.length+'","페이지 데이터/상태 경로: 정확한 runtime reachability 미확인","직접 literal write 발견 없음; 간접 호출은 미확인","local/mobile.html:1884","미확정: 원본 handler/template 추적 필요","TEST_MISSING","중복정의·동적 template·상위함수 호출을 실제 렌더 결과와 연결","해당 원본 컨트롤의 노출 조건·클릭/필터/취소 결과를 Golden fixture로 검증","<button class=""'+(G.alf?'on':'')+'"" style=""color:var(--danger)"" onclick=""G.alf=!G.alf;render()"">"
"C01922","UNRESOLVED_CONTROL","rStageList: '+IC.back+'","페이지 데이터/상태 경로: 정확한 runtime reachability 미확인","직접 literal write 발견 없음; 간접 호출은 미확인","local/mobile.html:1887","미확정: 원본 handler/template 추적 필요","TEST_MISSING","중복정의·동적 template·상위함수 호출을 실제 렌더 결과와 연결","해당 원본 컨트롤의 노출 조건·클릭/필터/취소 결과를 Golden fixture로 검증","<button class=""iconbtn"" onclick=""G.stage=null;G.ssf=null;G.alf=null;render()"">"
"C01923","UNRESOLVED_CONTROL","rStageList: '+meta[3]+(G.alf?' ✕':' — 보기')+'","페이지 데이터/상태 경로: 정확한 runtime reachability 미확인","직접 literal write 발견 없음; 간접 호출은 미확인","local/mobile.html:1889","미확정: 원본 handler/template 추적 필요","TEST_MISSING","중복정의·동적 template·상위함수 호출을 실제 렌더 결과와 연결","해당 원본 컨트롤의 노출 조건·클릭/필터/취소 결과를 Golden fixture로 검증","<button class=""badge badge-danger"" onclick=""G.alf=!G.alf;render()"">"
"C01924","UNRESOLVED_CONTROL","rStageList: '+tile(IC.folder,'var(--blue)','var(--blue-50)')
   +'","페이지 데이터/상태 경로: 정확한 runtime reachability 미확인","직접 literal write 발견 없음; 간접 호출은 미확인","local/mobile.html:1892","미확정: 원본 handler/template 추적 필요","TEST_MISSING","중복정의·동적 template·상위함수 호출을 실제 렌더 결과와 연결","해당 원본 컨트롤의 노출 조건·클릭/필터/취소 결과를 Golden fixture로 검증","<div class=""lrow"" data-id=""'+escAttr(d.id)+'"" onclick=""G.deal=this.dataset.id;render()"">"
"C01925","UNRESOLVED_CONTROL","rStageList: '+IC.bell+' 이 목록 담당자 쪼기","페이지 데이터/상태 경로: 정확한 runtime reachability 미확인","직접 literal write 발견 없음; 간접 호출은 미확인","local/mobile.html:1897","미확정: 원본 handler/template 추적 필요","TEST_MISSING","중복정의·동적 template·상위함수 호출을 실제 렌더 결과와 연결","해당 원본 컨트롤의 노출 조건·클릭/필터/취소 결과를 Golden fixture로 검증","<button class=""btn btn-line"" onclick=""nudgeSheet(\''+(function(){var r=[];list.forEach(function(d){if(r.indexOf(d.rep)<0)r.push(d.rep)});return r.join(', ')})()+'\',\''+macroNm(st)+' '+AL.label+' '+list.length+'건\')"">"
"C01926","UNRESOLVED_CONTROL","appbarS: '+IC.back+'","페이지 데이터/상태 경로: 정확한 runtime reachability 미확인","직접 literal write 발견 없음; 간접 호출은 미확인","local/mobile.html:1908","미확정: 원본 handler/template 추적 필요","TEST_MISSING","중복정의·동적 template·상위함수 호출을 실제 렌더 결과와 연결","해당 원본 컨트롤의 노출 조건·클릭/필터/취소 결과를 Golden fixture로 검증","<button class=""iconbtn"" onclick=""subBack()"">"
"C01927","UNRESOLVED_CONTROL","dealRow: '+tile(IC.folder,'var(--blue)','var(--blue-50)')
 +'","페이지 데이터/상태 경로: 정확한 runtime reachability 미확인","직접 literal write 발견 없음; 간접 호출은 미확인","local/mobile.html:1909","미확정: 원본 handler/template 추적 필요","TEST_MISSING","중복정의·동적 template·상위함수 호출을 실제 렌더 결과와 연결","해당 원본 컨트롤의 노출 조건·클릭/필터/취소 결과를 Golden fixture로 검증","<div class=""lrow"" data-id=""'+escAttr(d.id)+'"" onclick=""G.deal=this.dataset.id;render()"">"
"C01928","UNRESOLVED_CONTROL","rSearch: '
 +'","페이지 데이터/상태 경로: 정확한 runtime reachability 미확인","직접 literal write 발견 없음; 간접 호출은 미확인","local/mobile.html:1916","미확정: 원본 handler/template 추적 필요","TEST_MISSING","중복정의·동적 template·상위함수 호출을 실제 렌더 결과와 연결","해당 원본 컨트롤의 노출 조건·클릭/필터/취소 결과를 Golden fixture로 검증","<input id=""srch"" placeholder=""현장명·담당자 검색"" style=""width:100%;border:1.5px solid var(--blue);background:#fff;border-radius:13px;padding:14px;font:inherit;font-size:15px;outline:none"" oninput=""srchDo(this.value)"">"
"C01929","UNRESOLVED_CONTROL","rInq: 기존 건에 연결","페이지 데이터/상태 경로: 정확한 runtime reachability 미확인","직접 literal write 발견 없음; 간접 호출은 미확인","local/mobile.html:1938","미확정: 원본 handler/template 추적 필요","TEST_MISSING","중복정의·동적 template·상위함수 호출을 실제 렌더 결과와 연결","해당 원본 컨트롤의 노출 조건·클릭/필터/취소 결과를 Golden fixture로 검증","<button class=""btn btn-line btn-sm"" style=""flex:1"" onclick=""toast(\'기존 건에 이어붙이기 — 과거 노트 포함 배정 (목업)\')"">"
"C01930","UNRESOLVED_CONTROL","rInq: 별개 현장","페이지 데이터/상태 경로: 정확한 runtime reachability 미확인","직접 literal write 발견 없음; 간접 호출은 미확인","local/mobile.html:1938","미확정: 원본 handler/template 추적 필요","TEST_MISSING","중복정의·동적 template·상위함수 호출을 실제 렌더 결과와 연결","해당 원본 컨트롤의 노출 조건·클릭/필터/취소 결과를 Golden fixture로 검증","<button class=""btn btn-line btn-sm"" style=""flex:1"" onclick=""toast(\'별개 현장으로 처리 — 사유 기록 (목업)\')"">"
"C01931","UNRESOLVED_CONTROL","rInq: '+IC.phone+' 전화","페이지 데이터/상태 경로: 정확한 runtime reachability 미확인","직접 literal write 발견 없음; 간접 호출은 미확인","local/mobile.html:1939","미확정: 원본 handler/template 추적 필요","TEST_MISSING","중복정의·동적 template·상위함수 호출을 실제 렌더 결과와 연결","해당 원본 컨트롤의 노출 조건·클릭/필터/취소 결과를 Golden fixture로 검증","<button class=""btn btn-line"" style=""flex:1"" onclick=""callInquiry('+s.i+')"">"
"C01932","UNRESOLVED_CONTROL","rInq: '+(q.rep==='미배정'?'배정하기':'재배정')+'","페이지 데이터/상태 경로: 정확한 runtime reachability 미확인","직접 literal write 발견 없음; 간접 호출은 미확인","local/mobile.html:1939","미확정: 원본 handler/template 추적 필요","TEST_MISSING","중복정의·동적 template·상위함수 호출을 실제 렌더 결과와 연결","해당 원본 컨트롤의 노출 조건·클릭/필터/취소 결과를 Golden fixture로 검증","<button class=""btn btn-primary"" style=""flex:1"" onclick=""assignSheet('+s.i+')"">"
"C01933","UNRESOLVED_CONTROL","rInqAssigned: '+esc(phoneFmt(q.phone))+'","페이지 데이터/상태 경로: 정확한 runtime reachability 미확인","직접 literal write 발견 없음; 간접 호출은 미확인","local/mobile.html:1942","미확정: 원본 handler/template 추적 필요","TEST_MISSING","중복정의·동적 template·상위함수 호출을 실제 렌더 결과와 연결","해당 원본 컨트롤의 노출 조건·클릭/필터/취소 결과를 Golden fixture로 검증","<button class=""v"" style=""color:var(--blue)"" onclick=""location.href=\'tel:'+phoneN(q.phone)+'\'"">"
"C01934","UNRESOLVED_CONTROL","rInqAssigned: '+IC.phone+' 전화하기","페이지 데이터/상태 경로: 정확한 runtime reachability 미확인","직접 literal write 발견 없음; 간접 호출은 미확인","local/mobile.html:1942","미확정: 원본 handler/template 추적 필요","TEST_MISSING","중복정의·동적 template·상위함수 호출을 실제 렌더 결과와 연결","해당 원본 컨트롤의 노출 조건·클릭/필터/취소 결과를 Golden fixture로 검증","<button class=""btn btn-primary"" onclick=""location.href=\'tel:'+phoneN(q.phone)+'\'"">"
"C01935","UNRESOLVED_CONTROL","rInqAssigned: '+v+'","페이지 데이터/상태 경로: 정확한 runtime reachability 미확인","직접 literal write 발견 없음; 간접 호출은 미확인","local/mobile.html:1942","미확정: 원본 handler/template 추적 필요","TEST_MISSING","중복정의·동적 template·상위함수 호출을 실제 렌더 결과와 연결","해당 원본 컨트롤의 노출 조건·클릭/필터/취소 결과를 Golden fixture로 검증","<button class=""cchip gr"" data-v=""'+escAttr(v)+'"" onclick=""recordInquiryResponse(\''+jsAttr(q.key)+'\',this.dataset.v)"">"
"C01936","UNRESOLVED_CONTROL","assignSheet: textarea","페이지 데이터/상태 경로: 정확한 runtime reachability 미확인","직접 literal write 발견 없음; 간접 호출은 미확인","local/mobile.html:1951","미확정: 원본 handler/template 추적 필요","TEST_MISSING","중복정의·동적 template·상위함수 호출을 실제 렌더 결과와 연결","해당 원본 컨트롤의 노출 조건·클릭/필터/취소 결과를 Golden fixture로 검증","<textarea id=""inq-reassign-reason"" rows=""3"" maxlength=""2000"" placeholder=""예: 지역·공종·현재 업무량 기준"" style=""width:100%;box-sizing:border-box;margin:0 0 12px;border:1px solid var(--line-2);border-radius:11px;padding:12px;font:inherit;resize:vertical"">"
"C01937","UNRESOLVED_CONTROL","assignSheet: button","페이지 데이터/상태 경로: 정확한 runtime reachability 미확인","직접 literal write 발견 없음; 간접 호출은 미확인","local/mobile.html:1952","미확정: 원본 handler/template 추적 필요","TEST_MISSING","중복정의·동적 template·상위함수 호출을 실제 렌더 결과와 연결","해당 원본 컨트롤의 노출 조건·클릭/필터/취소 결과를 Golden fixture로 검증","<button class=""cchip '+(rec?'b':'gr')+'"" onclick=""pickAssign('+i+',\''+r+'\')"">"
"C01938","UNRESOLVED_CONTROL","rOverdue: 이 단계 쪼기","페이지 데이터/상태 경로: 정확한 runtime reachability 미확인","직접 literal write 발견 없음; 간접 호출은 미확인","local/mobile.html:1962","미확정: 원본 handler/template 추적 필요","TEST_MISSING","중복정의·동적 template·상위함수 호출을 실제 렌더 결과와 연결","해당 원본 컨트롤의 노출 조건·클릭/필터/취소 결과를 Golden fixture로 검증","<button class=""btn btn-line btn-sm"" onclick=""nudgeSheet(\''+s.nm+'\',\''+macroNm(st)+' '+lbl+' '+L.length+'건\')"">"
"C01939","UNRESOLVED_CONTROL","rOverdue: 이 단계 쪼기","페이지 데이터/상태 경로: 정확한 runtime reachability 미확인","직접 literal write 발견 없음; 간접 호출은 미확인","local/mobile.html:1968","미확정: 원본 handler/template 추적 필요","TEST_MISSING","중복정의·동적 template·상위함수 호출을 실제 렌더 결과와 연결","해당 원본 컨트롤의 노출 조건·클릭/필터/취소 결과를 Golden fixture로 검증","<button class=""btn btn-line btn-sm"" onclick=""nudgeSheet(\''+s.nm+'\',\'견적문의 응대 초과 '+iq.length+'건\')"">"
"C01940","UNRESOLVED_CONTROL","rOverdue: '+tile(IC.phone,'var(--warn)','var(--warn-bg)')
      +'","페이지 데이터/상태 경로: 정확한 runtime reachability 미확인","직접 literal write 발견 없음; 간접 호출은 미확인","local/mobile.html:1970","미확정: 원본 handler/template 추적 필요","TEST_MISSING","중복정의·동적 template·상위함수 호출을 실제 렌더 결과와 연결","해당 원본 컨트롤의 노출 조건·클릭/필터/취소 결과를 Golden fixture로 검증","<div class=""lrow"" onclick=""toast(\'문의 상세 — 원문·연락처·이력 (목업 생략)\')"">"
"C01941","UNRESOLVED_CONTROL","rOverdue: '+IC.bell+' 전체 쪼기","페이지 데이터/상태 경로: 정확한 runtime reachability 미확인","직접 literal write 발견 없음; 간접 호출은 미확인","local/mobile.html:1980","미확정: 원본 handler/template 추적 필요","TEST_MISSING","중복정의·동적 template·상위함수 호출을 실제 렌더 결과와 연결","해당 원본 컨트롤의 노출 조건·클릭/필터/취소 결과를 Golden fixture로 검증","<button class=""btn btn-primary"" onclick=""nudgeSheet(\''+s.nm+'\',\'전체 '+total+'건\')"">"
"C01942","UNRESOLVED_CONTROL","nudgeSheet: 팀 채널로 발송","페이지 데이터/상태 경로: 정확한 runtime reachability 미확인","직접 literal write 발견 없음; 간접 호출은 미확인","local/mobile.html:1988","미확정: 원본 handler/template 추적 필요","TEST_MISSING","중복정의·동적 template·상위함수 호출을 실제 렌더 결과와 연결","해당 원본 컨트롤의 노출 조건·클릭/필터/취소 결과를 Golden fixture로 검증","<button class=""btn btn-primary"" onclick=""closeSheet();toast(\'쪼기 발송 완료 — 팀 채널 + 이행률 기록\')"">"
"C01943","UNRESOLVED_CONTROL","skipSheet: '+r+'","페이지 데이터/상태 경로: 정확한 runtime reachability 미확인","직접 literal write 발견 없음; 간접 호출은 미확인","local/mobile.html:2029","미확정: 원본 handler/template 추적 필요","TEST_MISSING","중복정의·동적 template·상위함수 호출을 실제 렌더 결과와 연결","해당 원본 컨트롤의 노출 조건·클릭/필터/취소 결과를 Golden fixture로 검증","<button class=""cchip gr"" onclick=""pickSkip('+i+',\''+r+'\')"">"
"C01944","UNRESOLVED_CONTROL","exSheet: '+stageLabel(s)+'","페이지 데이터/상태 경로: 정확한 runtime reachability 미확인","직접 literal write 발견 없음; 간접 호출은 미확인","local/mobile.html:2041","미확정: 원본 handler/template 추적 필요","TEST_MISSING","중복정의·동적 template·상위함수 호출을 실제 렌더 결과와 연결","해당 원본 컨트롤의 노출 조건·클릭/필터/취소 결과를 Golden fixture로 검증","<button class=""cchip gr"" onclick=""exReason(\''+s+'\')"">"
"C01945","UNRESOLVED_CONTROL","exReason: '+r+'","페이지 데이터/상태 경로: 정확한 runtime reachability 미확인","직접 literal write 발견 없음; 간접 호출은 미확인","local/mobile.html:2045","미확정: 원본 handler/template 추적 필요","TEST_MISSING","중복정의·동적 template·상위함수 호출을 실제 렌더 결과와 연결","해당 원본 컨트롤의 노출 조건·클릭/필터/취소 결과를 Golden fixture로 검증","<button class=""cchip gr"" onclick=""commitMoveR(\''+to+'\',\'예외: '+r+'\')"">"
"C01946","UNRESOLVED_CONTROL","reassignSheet: button","페이지 데이터/상태 경로: 정확한 runtime reachability 미확인","직접 literal write 발견 없음; 간접 호출은 미확인","local/mobile.html:2053","미확정: 원본 handler/template 추적 필요","TEST_MISSING","중복정의·동적 template·상위함수 호출을 실제 렌더 결과와 연결","해당 원본 컨트롤의 노출 조건·클릭/필터/취소 결과를 Golden fixture로 검증","<button class=""cchip '+(ri===0?'b':'gr')+'"" onclick=""pickReassign(\''+r+'\')"">"
"C01947","UNRESOLVED_CONTROL","prospectWorkHTML: =0?'on':'')+'"" data-k=""'+escAttr(k)+'"" onclick=""toggleProspectWork(this.dataset.","페이지 데이터/상태 경로: 정확한 runtime reachability 미확인","직접 literal write 발견 없음; 간접 호출은 미확인","local/mobile.html:2076","미확정: 원본 handler/template 추적 필요","TEST_MISSING","중복정의·동적 template·상위함수 호출을 실제 렌더 결과와 연결","해당 원본 컨트롤의 노출 조건·클릭/필터/취소 결과를 Golden fixture로 검증","<button type=""button"" class=""m-workopt '+(G.pWorkItems.indexOf(k)>"
"C01948","UNRESOLVED_CONTROL","prospectWorkHTML: ':'')+'","페이지 데이터/상태 경로: 정확한 runtime reachability 미확인","직접 literal write 발견 없음; 간접 호출은 미확인","local/mobile.html:2076","미확정: 원본 handler/template 추적 필요","TEST_MISSING","중복정의·동적 template·상위함수 호출을 실제 렌더 결과와 연결","해당 원본 컨트롤의 노출 조건·클릭/필터/취소 결과를 Golden fixture로 검증","<input id=""pworkother"" class=""m-workother"" value=""'+escAttr(G.pWorkOther||'')+'"" oninput=""G.pWorkOther=this.value;paintProspectWorkSummary()"" placeholder=""기타 공종 직접 입력"">"
"C01949","UNRESOLVED_CONTROL","prospectWorkHTML: select","페이지 데이터/상태 경로: 정확한 runtime reachability 미확인","직접 literal write 발견 없음; 간접 호출은 미확인","local/mobile.html:2076","미확정: 원본 handler/template 추적 필요","TEST_MISSING","중복정의·동적 template·상위함수 호출을 실제 렌더 결과와 연결","해당 원본 컨트롤의 노출 조건·클릭/필터/취소 결과를 Golden fixture로 검증","<select id=""pworkprimary"" class=""m-workprimary"" onchange=""G.pPrimaryWork=this.value;paintProspectWorkSummary()"">"
"C01950","UNRESOLVED_CONTROL","rProspect: '
 +'","페이지 데이터/상태 경로: 정확한 runtime reachability 미확인","직접 literal write 발견 없음; 간접 호출은 미확인","local/mobile.html:2084","미확정: 원본 handler/template 추적 필요","TEST_MISSING","중복정의·동적 template·상위함수 호출을 실제 렌더 결과와 연결","해당 원본 컨트롤의 노출 조건·클릭/필터/취소 결과를 Golden fixture로 검증","<input id=""pname"" value=""'+escAttr(G.pnm||'')+'"" oninput=""G.pnm=this.value"" placeholder=""예: [수원] 광교더리브아파트"" style=""width:100%;border:1px solid var(--line-2);border-radius:12px;padding:13px;font:inherit;font-size:15px;outline:none;box-sizing:border-box"">"
"C01951","UNRESOLVED_CONTROL","rProspect: '+IC.camera+' 명함·현수막 촬영으로 자동 인식","페이지 데이터/상태 경로: 정확한 runtime reachability 미확인","직접 literal write 발견 없음; 간접 호출은 미확인","local/mobile.html:2085","미확정: 원본 handler/template 추적 필요","TEST_MISSING","중복정의·동적 template·상위함수 호출을 실제 렌더 결과와 연결","해당 원본 컨트롤의 노출 조건·클릭/필터/취소 결과를 Golden fixture로 검증","<button class=""btn btn-line"" style=""margin-top:10px"" onclick=""scanCard()"">"
"C01952","UNRESOLVED_CONTROL","rProspect: '
 +'","페이지 데이터/상태 경로: 정확한 runtime reachability 미확인","직접 literal write 발견 없음; 간접 호출은 미확인","local/mobile.html:2086","미확정: 원본 handler/template 추적 필요","TEST_MISSING","중복정의·동적 template·상위함수 호출을 실제 렌더 결과와 연결","해당 원본 컨트롤의 노출 조건·클릭/필터/취소 결과를 Golden fixture로 검증","<input id=""pwork"" value=""'+escAttr(G.pwork||'')+'"" oninput=""G.pwork=this.value"" placeholder=""예: 옥상 방수 재도장공사"" style=""width:100%;border:1px solid var(--line-2);border-radius:12px;padding:13px;font:inherit;font-size:15px;outline:none;box-sizing:border-box"">"
"C01953","UNRESOLVED_CONTROL","rProspect: '+esc(b)+'","페이지 데이터/상태 경로: 정확한 runtime reachability 미확인","직접 literal write 발견 없음; 간접 호출은 미확인","local/mobile.html:2088","미확정: 원본 handler/template 추적 필요","TEST_MISSING","중복정의·동적 template·상위함수 호출을 실제 렌더 결과와 연결","해당 원본 컨트롤의 노출 조건·클릭/필터/취소 결과를 Golden fixture로 검증","<button class=""cchip '+(biz===b?'b':'gr')+'"" data-b=""'+escAttr(b)+'"" onclick=""G.pbiz=this.dataset.b;render()"">"
"C01954","UNRESOLVED_CONTROL","rProspect: '
 +'","페이지 데이터/상태 경로: 정확한 runtime reachability 미확인","직접 literal write 발견 없음; 간접 호출은 미확인","local/mobile.html:2090","미확정: 원본 handler/template 추적 필요","TEST_MISSING","중복정의·동적 template·상위함수 호출을 실제 렌더 결과와 연결","해당 원본 컨트롤의 노출 조건·클릭/필터/취소 결과를 Golden fixture로 검증","<input id=""pamt"" type=""text"" inputmode=""decimal"" data-money min=""0"" step=""1000000"" value=""'+escAttr(G.pamt||'')+'"" oninput=""G.pamt=this.value"" placeholder=""예: 150,000,000"" style=""width:100%;border:1px solid var(--line-2);border-radius:12px;padding:13px;font:inherit;font-size:15px;outline:none;box-sizing:border-box"">"
"C01955","UNRESOLVED_CONTROL","rProspect: '
 +'","페이지 데이터/상태 경로: 정확한 runtime reachability 미확인","직접 literal write 발견 없음; 간접 호출은 미확인","local/mobile.html:2091","미확정: 원본 handler/template 추적 필요","TEST_MISSING","중복정의·동적 template·상위함수 호출을 실제 렌더 결과와 연결","해당 원본 컨트롤의 노출 조건·클릭/필터/취소 결과를 Golden fixture로 검증","<input id=""paddr"" value=""'+escAttr(G.paddr||'')+'"" oninput=""G.paddr=this.value"" placeholder=""예: 경기 수원시 영통구 ..."" style=""width:100%;border:1px solid var(--line-2);border-radius:12px;padding:13px;font:inherit;font-size:15px;outline:none;box-sizing:border-box"">"
"C01956","UNRESOLVED_CONTROL","rProspect: '
 +'","페이지 데이터/상태 경로: 정확한 runtime reachability 미확인","직접 literal write 발견 없음; 간접 호출은 미확인","local/mobile.html:2092","미확정: 원본 handler/template 추적 필요","TEST_MISSING","중복정의·동적 template·상위함수 호출을 실제 렌더 결과와 연결","해당 원본 컨트롤의 노출 조건·클릭/필터/취소 결과를 Golden fixture로 검증","<input id=""poffice"" inputmode=""tel"" value=""'+escAttr(G.poffice||'')+'"" oninput=""G.poffice=this.value"" placeholder=""예: 031-123-4567"" style=""width:100%;border:1px solid var(--line-2);border-radius:12px;padding:13px;font:inherit;font-size:15px;outline:none;box-sizing:border-box"">"
"C01957","UNRESOLVED_CONTROL","rProspect: '
 +'","페이지 데이터/상태 경로: 정확한 runtime reachability 미확인","직접 literal write 발견 없음; 간접 호출은 미확인","local/mobile.html:2093","미확정: 원본 handler/template 추적 필요","TEST_MISSING","중복정의·동적 template·상위함수 호출을 실제 렌더 결과와 연결","해당 원본 컨트롤의 노출 조건·클릭/필터/취소 결과를 Golden fixture로 검증","<input id=""pmanager"" value=""'+escAttr(G.pmanager||'')+'"" oninput=""G.pmanager=this.value"" placeholder=""예: 김민수"" style=""width:100%;border:1px solid var(--line-2);border-radius:12px;padding:13px;font:inherit;font-size:15px;outline:none;box-sizing:border-box"">"
"C01958","UNRESOLVED_CONTROL","rProspect: input","페이지 데이터/상태 경로: 정확한 runtime reachability 미확인","직접 literal write 발견 없음; 간접 호출은 미확인","local/mobile.html:2094","미확정: 원본 handler/template 추적 필요","TEST_MISSING","중복정의·동적 template·상위함수 호출을 실제 렌더 결과와 연결","해당 원본 컨트롤의 노출 조건·클릭/필터/취소 결과를 Golden fixture로 검증","<input id=""pmobile"" inputmode=""tel"" value=""'+escAttr(G.pmobile||'')+'"" oninput=""G.pmobile=this.value;managerHintM()"" placeholder=""예: 010-1234-5678"" style=""width:100%;border:1px solid var(--line-2);border-radius:12px;padding:13px;font:inherit;font-size:15px;outline:none;box-sizing:border-box"">"
"C01959","UNRESOLVED_CONTROL","rProspect: '
 +'","페이지 데이터/상태 경로: 정확한 runtime reachability 미확인","직접 literal write 발견 없음; 간접 호출은 미확인","local/mobile.html:2095","미확정: 원본 handler/template 추적 필요","TEST_MISSING","중복정의·동적 template·상위함수 호출을 실제 렌더 결과와 연결","해당 원본 컨트롤의 노출 조건·클릭/필터/취소 결과를 Golden fixture로 검증","<input id=""pemail"" type=""email"" value=""'+escAttr(G.pemail||'')+'"" oninput=""G.pemail=this.value"" placeholder=""예: office@example.com"" style=""width:100%;border:1px solid var(--line-2);border-radius:12px;padding:13px;font:inherit;font-size:15px;outline:none;box-sizing:border-box"">"
"C01960","UNRESOLVED_CONTROL","rProspect: 등록하기","페이지 데이터/상태 경로: 정확한 runtime reachability 미확인","직접 literal write 발견 없음; 간접 호출은 미확인","local/mobile.html:2097","미확정: 원본 handler/template 추적 필요","TEST_MISSING","중복정의·동적 template·상위함수 호출을 실제 렌더 결과와 연결","해당 원본 컨트롤의 노출 조건·클릭/필터/취소 결과를 Golden fixture로 검증","<button class=""btn btn-primary"" style=""margin-top:14px"" data-gate=""nd"" disabled onclick=""addProspect()"">"
"C01961","UNRESOLVED_CONTROL","dupSheet: button","페이지 데이터/상태 경로: 정확한 runtime reachability 미확인","직접 literal write 발견 없음; 간접 호출은 미확인","local/mobile.html:2130","미확정: 원본 handler/template 추적 필요","TEST_MISSING","중복정의·동적 template·상위함수 호출을 실제 렌더 결과와 연결","해당 원본 컨트롤의 노출 조건·클릭/필터/취소 결과를 Golden fixture로 검증","<button class=""cchip b"" data-id=""'+escAttr(d.id)+'"" onclick=""closeSheet();G.deal=this.dataset.id;G.tab=\'mine\';render()"">"
"C01962","UNRESOLVED_CONTROL","rNoti: 열기","페이지 데이터/상태 경로: 정확한 runtime reachability 미확인","직접 literal write 발견 없음; 간접 호출은 미확인","local/mobile.html:2138","미확정: 원본 handler/template 추적 필요","TEST_MISSING","중복정의·동적 template·상위함수 호출을 실제 렌더 결과와 연결","해당 원본 컨트롤의 노출 조건·클릭/필터/취소 결과를 Golden fixture로 검증","<button class=""btn btn-line btn-sm"" onclick=""G.sub=null;G.tab=\'today\';render()"">"
"C01963","UNRESOLVED_CONTROL","rNoti: 보기","페이지 데이터/상태 경로: 정확한 runtime reachability 미확인","직접 literal write 발견 없음; 간접 호출은 미확인","local/mobile.html:2139","미확정: 원본 handler/template 추적 필요","TEST_MISSING","중복정의·동적 template·상위함수 호출을 실제 렌더 결과와 연결","해당 원본 컨트롤의 노출 조건·클릭/필터/취소 결과를 Golden fixture로 검증","<button class=""btn btn-line btn-sm"" onclick=""G.sub=null;G.deal=3;render()"">"
"C01964","UNRESOLVED_CONTROL","rNoti: 정리","페이지 데이터/상태 경로: 정확한 runtime reachability 미확인","직접 literal write 발견 없음; 간접 호출은 미확인","local/mobile.html:2143","미확정: 원본 handler/template 추적 필요","TEST_MISSING","중복정의·동적 template·상위함수 호출을 실제 렌더 결과와 연결","해당 원본 컨트롤의 노출 조건·클릭/필터/취소 결과를 Golden fixture로 검증","<button class=""btn btn-line btn-sm"" onclick=""G.sub={t:\'hyg\'};render()"">"
"C01965","UNRESOLVED_CONTROL","rNoti: 설정","페이지 데이터/상태 경로: 정확한 runtime reachability 미확인","직접 literal write 발견 없음; 간접 호출은 미확인","local/mobile.html:2144","미확정: 원본 handler/template 추적 필요","TEST_MISSING","중복정의·동적 template·상위함수 호출을 실제 렌더 결과와 연결","해당 원본 컨트롤의 노출 조건·클릭/필터/취소 결과를 Golden fixture로 검증","<button class=""btn btn-line btn-sm"" onclick=""G.sub={t:\'set\'};render()"">"
"C01966","UNRESOLVED_CONTROL","rSet: '+(s.quiet?'켜짐':'꺼짐')+'","페이지 데이터/상태 경로: 정확한 runtime reachability 미확인","직접 literal write 발견 없음; 간접 호출은 미확인","local/mobile.html:2153","미확정: 원본 handler/template 추적 필요","TEST_MISSING","중복정의·동적 template·상위함수 호출을 실제 렌더 결과와 연결","해당 원본 컨트롤의 노출 조건·클릭/필터/취소 결과를 Golden fixture로 검증","<button class=""badge '+(s.quiet?'badge-ok':'badge-gray')+'"" onclick=""G.set.quiet=!G.set.quiet;render()"">"
"C01967","UNRESOLVED_CONTROL","rSet: '+h+'","페이지 데이터/상태 경로: 정확한 runtime reachability 미확인","직접 literal write 발견 없음; 간접 호출은 미확인","local/mobile.html:2154","미확정: 원본 handler/template 추적 필요","TEST_MISSING","중복정의·동적 template·상위함수 호출을 실제 렌더 결과와 연결","해당 원본 컨트롤의 노출 조건·클릭/필터/취소 결과를 Golden fixture로 검증","<button class=""cchip '+(s.hour===h?'b':'gr')+'"" onclick=""G.set.hour=\''+h+'\';render()"">"
"C01968","UNRESOLVED_CONTROL","rSet: '+(s.vac?'사용 중':'꺼짐')+'","페이지 데이터/상태 경로: 정확한 runtime reachability 미확인","직접 literal write 발견 없음; 간접 호출은 미확인","local/mobile.html:2155","미확정: 원본 handler/template 추적 필요","TEST_MISSING","중복정의·동적 template·상위함수 호출을 실제 렌더 결과와 연결","해당 원본 컨트롤의 노출 조건·클릭/필터/취소 결과를 Golden fixture로 검증","<button class=""badge '+(s.vac?'badge-warn':'badge-gray')+'"" onclick=""G.set.vac=!G.set.vac;render()"">"
"C01969","UNRESOLVED_CONTROL","rSet: '+r+'","페이지 데이터/상태 경로: 정확한 runtime reachability 미확인","직접 literal write 발견 없음; 간접 호출은 미확인","local/mobile.html:2156","미확정: 원본 handler/template 추적 필요","TEST_MISSING","중복정의·동적 template·상위함수 호출을 실제 렌더 결과와 연결","해당 원본 컨트롤의 노출 조건·클릭/필터/취소 결과를 Golden fixture로 검증","<button class=""cchip '+(s.deleg===r?'b':'gr')+'"" onclick=""G.set.deleg=\''+r+'\';toast(\'휴가 중 알림이 '+r+'님에게 갑니다\');render()"">"
"C01970","UNRESOLVED_CONTROL","rClosed: '
   +tile(d.outcome==='won'?IC.check:IC.alert,d.outcome==='won'?'var(--ok)':'v","페이지 데이터/상태 경로: 정확한 runtime reachability 미확인","직접 literal write 발견 없음; 간접 호출은 미확인","local/mobile.html:2169","미확정: 원본 handler/template 추적 필요","TEST_MISSING","중복정의·동적 template·상위함수 호출을 실제 렌더 결과와 연결","해당 원본 컨트롤의 노출 조건·클릭/필터/취소 결과를 Golden fixture로 검증","<div class=""lrow"" data-id=""'+escAttr(d.id)+'"" onclick=""G.deal=this.dataset.id;render()"">"
"C01971","UNRESOLVED_CONTROL","rClosed: '+OUTCOMES[o].nm+' '+cnt[o]+'","페이지 데이터/상태 경로: 정확한 runtime reachability 미확인","직접 literal write 발견 없음; 간접 호출은 미확인","local/mobile.html:2176","미확정: 원본 handler/template 추적 필요","TEST_MISSING","중복정의·동적 template·상위함수 호출을 실제 렌더 결과와 연결","해당 원본 컨트롤의 노출 조건·클릭/필터/취소 결과를 Golden fixture로 검증","<button class=""'+(G.cl===o?'on':'')+'"" data-o=""'+o+'"" onclick=""G.cl=this.dataset.o;render()"">"
"C01972","UNRESOLVED_CONTROL","rAxis: 면담 안건 만들기","페이지 데이터/상태 경로: 정확한 runtime reachability 미확인","직접 literal write 발견 없음; 간접 호출은 미확인","local/mobile.html:2188","미확정: 원본 handler/template 추적 필요","TEST_MISSING","중복정의·동적 template·상위함수 호출을 실제 렌더 결과와 연결","해당 원본 컨트롤의 노출 조건·클릭/필터/취소 결과를 Golden fixture로 검증","<button class=""btn btn-primary"" onclick=""coachSheet(\''+s.nm+'\')"">"
"C01973","UNRESOLVED_CONTROL","rCoach: 안건","페이지 데이터/상태 경로: 정확한 runtime reachability 미확인","직접 literal write 발견 없음; 간접 호출은 미확인","local/mobile.html:2196","미확정: 원본 handler/template 추적 필요","TEST_MISSING","중복정의·동적 template·상위함수 호출을 실제 렌더 결과와 연결","해당 원본 컨트롤의 노출 조건·클릭/필터/취소 결과를 Golden fixture로 검증","<button class=""btn btn-line btn-sm"" onclick=""coachSheet(\''+r[0]+'\')"">"
"C01974","UNRESOLVED_CONTROL","coachSheet: 잔디로 보내기","페이지 데이터/상태 경로: 정확한 runtime reachability 미확인","직접 literal write 발견 없음; 간접 호출은 미확인","local/mobile.html:2201","미확정: 원본 handler/template 추적 필요","TEST_MISSING","중복정의·동적 template·상위함수 호출을 실제 렌더 결과와 연결","해당 원본 컨트롤의 노출 조건·클릭/필터/취소 결과를 Golden fixture로 검증","<button class=""btn btn-primary"" onclick=""closeSheet();toast(\'면담 안건 저장 — 잔디 1:1로 발송 (목업)\')"">"
"C01975","UNRESOLVED_CONTROL","rMonthly: PDF 미리보기","페이지 데이터/상태 경로: 정확한 runtime reachability 미확인","직접 literal write 발견 없음; 간접 호출은 미확인","local/mobile.html:2219","미확정: 원본 handler/template 추적 필요","TEST_MISSING","중복정의·동적 template·상위함수 호출을 실제 렌더 결과와 연결","해당 원본 컨트롤의 노출 조건·클릭/필터/취소 결과를 Golden fixture로 검증","<button class=""btn btn-line"" style=""flex:1"" onclick=""toast(\'PDF 미리보기 생성 (목업)\')"">"
"C01976","UNRESOLVED_CONTROL","rMonthly: 잔디 발송","페이지 데이터/상태 경로: 정확한 runtime reachability 미확인","직접 literal write 발견 없음; 간접 호출은 미확인","local/mobile.html:2219","미확정: 원본 handler/template 추적 필요","TEST_MISSING","중복정의·동적 template·상위함수 호출을 실제 렌더 결과와 연결","해당 원본 컨트롤의 노출 조건·클릭/필터/취소 결과를 Golden fixture로 검증","<button class=""btn btn-primary"" style=""flex:1"" onclick=""toast(\'대표 보고 채널로 발송 (목업)\')"">"
"C01977","UNRESOLVED_CONTROL","rDups: '+tile(IC.folder,'var(--warn)','var(--warn-bg)')+'","페이지 데이터/상태 경로: 정확한 runtime reachability 미확인","직접 literal write 발견 없음; 간접 호출은 미확인","local/mobile.html:2228","미확정: 원본 handler/template 추적 필요","TEST_MISSING","중복정의·동적 template·상위함수 호출을 실제 렌더 결과와 연결","해당 원본 컨트롤의 노출 조건·클릭/필터/취소 결과를 Golden fixture로 검증","<div class=""lrow"" onclick=""G._dg['+gi+']=!G._dg['+gi+'];render()"">"
"C01978","UNRESOLVED_CONTROL","rDups: 확인했어요 — 병합 요청","페이지 데이터/상태 경로: 정확한 runtime reachability 미확인","직접 literal write 발견 없음; 간접 호출은 미확인","local/mobile.html:2229","미확정: 원본 handler/template 추적 필요","TEST_MISSING","중복정의·동적 template·상위함수 호출을 실제 렌더 결과와 연결","해당 원본 컨트롤의 노출 조건·클릭/필터/취소 결과를 Golden fixture로 검증","<button class=""btn btn-line btn-sm"" style=""margin:8px 0 10px"" onclick=""toast(\'병합 요청 기록 — 관리자 확인 후 처리 (목업)\')"">"
"C01979","UNRESOLVED_CONTROL","photoSheet: '+IC.camera+' 촬영·추가","페이지 데이터/상태 경로: 정확한 runtime reachability 미확인","직접 literal write 발견 없음; 간접 호출은 미확인","local/mobile.html:2239","미확정: 원본 handler/template 추적 필요","TEST_MISSING","중복정의·동적 template·상위함수 호출을 실제 렌더 결과와 연결","해당 원본 컨트롤의 노출 조건·클릭/필터/취소 결과를 Golden fixture로 검증","<button class=""btn btn-primary"" onclick=""addPhoto()"">"
"C01980","UNRESOLVED_CONTROL","tmplSheet: button","페이지 데이터/상태 경로: 정확한 runtime reachability 미확인","직접 literal write 발견 없음; 간접 호출은 미확인","local/mobile.html:2253","미확정: 원본 handler/template 추적 필요","TEST_MISSING","중복정의·동적 template·상위함수 호출을 실제 렌더 결과와 연결","해당 원본 컨트롤의 노출 조건·클릭/필터/취소 결과를 Golden fixture로 검증","<button class=""cchip '+(i===0?'b':'gr')+'"" onclick=""sendTmpl(\''+t[0]+'\')"">"
"C01981","UNRESOLVED_CONTROL","rPerf: '+tile('","페이지 데이터/상태 경로: 정확한 runtime reachability 미확인","직접 literal write 발견 없음; 간접 호출은 미확인","local/mobile.html:2264","미확정: 원본 handler/template 추적 필요","TEST_MISSING","중복정의·동적 template·상위함수 호출을 실제 렌더 결과와 연결","해당 원본 컨트롤의 노출 조건·클릭/필터/취소 결과를 Golden fixture로 검증","<div class=""prow"" style=""cursor:pointer"" onclick=""G.sub={t:\'axis\',nm:\''+r[0]+'\',amt:\''+r[1]+'\'};render()"">"
"C01982","UNRESOLVED_CONTROL","rPerf: 코칭 신호 3건 보기","페이지 데이터/상태 경로: 정확한 runtime reachability 미확인","직접 literal write 발견 없음; 간접 호출은 미확인","local/mobile.html:2265","미확정: 원본 handler/template 추적 필요","TEST_MISSING","중복정의·동적 template·상위함수 호출을 실제 렌더 결과와 연결","해당 원본 컨트롤의 노출 조건·클릭/필터/취소 결과를 Golden fixture로 검증","<button class=""btn btn-line btn-sm"" style=""margin-top:8px"" onclick=""G.sub={t:\'coach\'};render()"">"
"C01983","UNRESOLVED_CONTROL","rRpt: '+tile(IC.sun,'var(--blue)','var(--blue-50)')+'","페이지 데이터/상태 경로: 정확한 runtime reachability 미확인","직접 literal write 발견 없음; 간접 호출은 미확인","local/mobile.html:2272","미확정: 원본 handler/template 추적 필요","TEST_MISSING","중복정의·동적 template·상위함수 호출을 실제 렌더 결과와 연결","해당 원본 컨트롤의 노출 조건·클릭/필터/취소 결과를 Golden fixture로 검증","<div class=""prow"" style=""cursor:pointer"" onclick=""G.sub={t:\'brief\'};render()"">"
"C01984","UNRESOLVED_CONTROL","rRpt: '+tile(IC.doc,'var(--blue)','var(--blue-50)')+'","페이지 데이터/상태 경로: 정확한 runtime reachability 미확인","직접 literal write 발견 없음; 간접 호출은 미확인","local/mobile.html:2273","미확정: 원본 handler/template 추적 필요","TEST_MISSING","중복정의·동적 template·상위함수 호출을 실제 렌더 결과와 연결","해당 원본 컨트롤의 노출 조건·클릭/필터/취소 결과를 Golden fixture로 검증","<div class=""prow"" style=""cursor:pointer"" onclick=""G.sub={t:\'monthly\'};render()"">"
"C01985","UNRESOLVED_CONTROL","rRpt: '+tile(IC.alert,'var(--warn)','var(--warn-bg)')+'","페이지 데이터/상태 경로: 정확한 runtime reachability 미확인","직접 literal write 발견 없음; 간접 호출은 미확인","local/mobile.html:2274","미확정: 원본 handler/template 추적 필요","TEST_MISSING","중복정의·동적 template·상위함수 호출을 실제 렌더 결과와 연결","해당 원본 컨트롤의 노출 조건·클릭/필터/취소 결과를 Golden fixture로 검증","<div class=""prow"" style=""cursor:pointer"" onclick=""G.sub={t:\'dups\'};render()"">"
"C01986","F41","rmBadgesM: ＋ 연락처 추가","contacts/people/contact_assignment","contact_upsert","local/mobile.html:2292","contact-write v2 없음","CONTRACT_MISSING","직함/대표번호/개인휴대폰·재직기간·이동이력·동의 범위 보존","이름같음 자동병합금지·이동시 양쪽현장/history·UUID+권한","<button class=""btn btn-primary"" onclick=""contactEditSheetM(\'\')"">"
"C01987","F41","rmBadgesM: ＋ 추가","contacts/people/contact_assignment","contact_upsert","local/mobile.html:2293","contact-write v2 없음","CONTRACT_MISSING","직함/대표번호/개인휴대폰·재직기간·이동이력·동의 범위 보존","이름같음 자동병합금지·이동시 양쪽현장/history·UUID+권한","<button onclick=""contactEditSheetM(\'\')"" style=""color:var(--blue);font-weight:800"">"
"C01988","F41","rmBadgesM: button","contacts/people/contact_assignment","contact_upsert","local/mobile.html:2295","contact-write v2 없음","CONTRACT_MISSING","직함/대표번호/개인휴대폰·재직기간·이동이력·동의 범위 보존","이름같음 자동병합금지·이동시 양쪽현장/history·UUID+권한","<button '+(!c.officeTel?'disabled':'')+' onclick=""callContactM(\'office\',\''+key+'\')"">"
"C01989","F41","rmBadgesM: button","contacts/people/contact_assignment","contact_upsert","local/mobile.html:2295","contact-write v2 없음","CONTRACT_MISSING","직함/대표번호/개인휴대폰·재직기간·이동이력·동의 범위 보존","이름같음 자동병합금지·이동시 양쪽현장/history·UUID+권한","<button '+(!c.mobile?'disabled':'')+' onclick=""callContactM(\'mobile\',\''+key+'\')"">"
"C01990","F41","rmBadgesM: 📞 전화","contacts/people/contact_assignment","contact_upsert","local/mobile.html:2295","contact-write v2 없음","CONTRACT_MISSING","직함/대표번호/개인휴대폰·재직기간·이동이력·동의 범위 보존","이름같음 자동병합금지·이동시 양쪽현장/history·UUID+권한","<button class=""pri"" '+(!c.mobile?'disabled':'')+' onclick=""callContactM(\'mobile\',\''+key+'\')"">"
"C01991","F41","rmBadgesM: ✉ 문자","contacts/people/contact_assignment","contact_upsert","local/mobile.html:2295","contact-write v2 없음","CONTRACT_MISSING","직함/대표번호/개인휴대폰·재직기간·이동이력·동의 범위 보존","이름같음 자동병합금지·이동시 양쪽현장/history·UUID+권한","<button '+(!c.mobile?'disabled':'')+' onclick=""smsContactM(\''+key+'\')"">"
"C01992","F41","rmBadgesM: 💬 카카오","contacts/people/contact_assignment","contact_upsert","local/mobile.html:2295","contact-write v2 없음","CONTRACT_MISSING","직함/대표번호/개인휴대폰·재직기간·이동이력·동의 범위 보존","이름같음 자동병합금지·이동시 양쪽현장/history·UUID+권한","<button '+(!c.mobile?'disabled':'')+' onclick=""kakaoContactM(\''+key+'\')"">"
"C01993","F41","rmBadgesM: 📎 자료발송","contacts/people/contact_assignment","contact_upsert","local/mobile.html:2295","contact-write v2 없음","CONTRACT_MISSING","직함/대표번호/개인휴대폰·재직기간·이동이력·동의 범위 보존","이름같음 자동병합금지·이동시 양쪽현장/history·UUID+권한","<button '+(!c.mobile?'disabled':'')+' onclick=""openContextualMaterialM(\''+key+'\')"">"
"C01994","F41","rmBadgesM: 연락처·동의 수정","contacts/people/contact_assignment","contact_upsert","local/mobile.html:2295","contact-write v2 없음","CONTRACT_MISSING","직함/대표번호/개인휴대폰·재직기간·이동이력·동의 범위 보존","이름같음 자동병합금지·이동시 양쪽현장/history·UUID+권한","<button onclick=""contactEditSheetM(\''+key+'\')"">"
"C01995","F41","rmBadgesM: input","contacts/people/contact_assignment","contact_upsert","local/mobile.html:2298","contact-write v2 없음","CONTRACT_MISSING","직함/대표번호/개인휴대폰·재직기간·이동이력·동의 범위 보존","이름같음 자동병합금지·이동시 양쪽현장/history·UUID+권한","<input id=""ce-office"" inputmode=""tel"" value=""'+escAttr(c.officeTel)+'"" style=""width:100%;margin:6px 0 10px;border:1px solid var(--line-2);border-radius:11px;padding:12px;font:inherit"">"
"C01996","F41","rmBadgesM: '+CONTACT_ROLES.map(function(r){return '","contacts/people/contact_assignment","contact_upsert","local/mobile.html:2298","contact-write v2 없음","CONTRACT_MISSING","직함/대표번호/개인휴대폰·재직기간·이동이력·동의 범위 보존","이름같음 자동병합금지·이동시 양쪽현장/history·UUID+권한","<select id=""ce-role"" style=""width:100%;margin:6px 0 10px;border:1px solid var(--line-2);border-radius:11px;padding:12px;font:inherit"">"
"C01997","F41","rmBadgesM: input","contacts/people/contact_assignment","contact_upsert","local/mobile.html:2298","contact-write v2 없음","CONTRACT_MISSING","직함/대표번호/개인휴대폰·재직기간·이동이력·동의 범위 보존","이름같음 자동병합금지·이동시 양쪽현장/history·UUID+권한","<input id=""ce-name"" value=""'+escAttr(c.name)+'"" style=""width:100%;margin:6px 0 10px;border:1px solid var(--line-2);border-radius:11px;padding:12px;font:inherit"">"
"C01998","F41","rmBadgesM: input","contacts/people/contact_assignment","contact_upsert","local/mobile.html:2298","contact-write v2 없음","CONTRACT_MISSING","직함/대표번호/개인휴대폰·재직기간·이동이력·동의 범위 보존","이름같음 자동병합금지·이동시 양쪽현장/history·UUID+권한","<input id=""ce-mobile"" inputmode=""tel"" value=""'+escAttr(c.mobile)+'"" style=""width:100%;margin:6px 0 10px;border:1px solid var(--line-2);border-radius:11px;padding:12px;font:inherit"">"
"C01999","F41","rmBadgesM: input","contacts/people/contact_assignment","contact_upsert","local/mobile.html:2298","contact-write v2 없음","CONTRACT_MISSING","직함/대표번호/개인휴대폰·재직기간·이동이력·동의 범위 보존","이름같음 자동병합금지·이동시 양쪽현장/history·UUID+권한","<input id=""ce-email"" type=""email"" value=""'+escAttr(c.officeEmail)+'"" style=""width:100%;margin:6px 0 10px;border:1px solid var(--line-2);border-radius:11px;padding:12px;font:inherit"">"
"C02000","F41","rmBadgesM:  문자 광고성 정보 수신 동의","contacts/people/contact_assignment","contact_upsert","local/mobile.html:2298","contact-write v2 없음","CONTRACT_MISSING","직함/대표번호/개인휴대폰·재직기간·이동이력·동의 범위 보존","이름같음 자동병합금지·이동시 양쪽현장/history·UUID+권한","<input id=""ce-sms"" type=""checkbox"" '+(c.smsConsent?'checked':'')+'>"
"C02001","F41","rmBadgesM:  카카오 광고성 정보 수신 동의","contacts/people/contact_assignment","contact_upsert","local/mobile.html:2298","contact-write v2 없음","CONTRACT_MISSING","직함/대표번호/개인휴대폰·재직기간·이동이력·동의 범위 보존","이름같음 자동병합금지·이동시 양쪽현장/history·UUID+권한","<input id=""ce-kakao"" type=""checkbox"" '+(c.kakaoConsent?'checked':'')+'>"
"C02002","F41","rmBadgesM:  수신거부·발송 차단","contacts/people/contact_assignment","contact_upsert","local/mobile.html:2298","contact-write v2 없음","CONTRACT_MISSING","직함/대표번호/개인휴대폰·재직기간·이동이력·동의 범위 보존","이름같음 자동병합금지·이동시 양쪽현장/history·UUID+권한","<input id=""ce-block"" type=""checkbox"" '+(c.sendBlocked?'checked':'')+'>"
"C02003","F41","rmBadgesM: input","contacts/people/contact_assignment","contact_upsert","local/mobile.html:2298","contact-write v2 없음","CONTRACT_MISSING","직함/대표번호/개인휴대폰·재직기간·이동이력·동의 범위 보존","이름같음 자동병합금지·이동시 양쪽현장/history·UUID+권한","<input id=""ce-consent-at"" type=""datetime-local"" value=""'+escAttr(c.consentAt?String(c.consentAt).slice(0,16):'')+'"">"
"C02004","F41","rmBadgesM: input","contacts/people/contact_assignment","contact_upsert","local/mobile.html:2298","contact-write v2 없음","CONTRACT_MISSING","직함/대표번호/개인휴대폰·재직기간·이동이력·동의 범위 보존","이름같음 자동병합금지·이동시 양쪽현장/history·UUID+권한","<input id=""ce-block-reason"" type=""text"" value=""'+escAttr(c.sendBlockedReason)+'"" placeholder=""예: 고객 수신거부 요청"">"
"C02005","F41","rmBadgesM: 연락처·동의 저장","contacts/people/contact_assignment","contact_upsert","local/mobile.html:2298","contact-write v2 없음","CONTRACT_MISSING","직함/대표번호/개인휴대폰·재직기간·이동이력·동의 범위 보존","이름같음 자동병합금지·이동시 양쪽현장/history·UUID+권한","<button class=""btn btn-primary"" onclick=""saveContactM()"">"
"C02006","UNRESOLVED_CONTROL","messageSheetM: button","페이지 데이터/상태 경로: 정확한 runtime reachability 미확인","직접 literal write 발견 없음; 간접 호출은 미확인","local/mobile.html:2333","미확정: 원본 handler/template 추적 필요","TEST_MISSING","중복정의·동적 template·상위함수 호출을 실제 렌더 결과와 연결","해당 원본 컨트롤의 노출 조건·클릭/필터/취소 결과를 Golden fixture로 검증","<button class=""m-rmtemplate '+(i===idx?'on':'')+'"" onclick=""rmPickM('+i+')"">"
"C02007","UNRESOLVED_CONTROL","messageSheetM: '+esc(t.body)+'","페이지 데이터/상태 경로: 정확한 runtime reachability 미확인","직접 literal write 발견 없음; 간접 호출은 미확인","local/mobile.html:2333","미확정: 원본 handler/template 추적 필요","TEST_MISSING","중복정의·동적 template·상위함수 호출을 실제 렌더 결과와 연결","해당 원본 컨트롤의 노출 조건·클릭/필터/취소 결과를 Golden fixture로 검증","<textarea class=""m-rmbody"" id=""m-rmbody"" oninput=""rmRenderM()"">"
"C02008","UNRESOLVED_CONTROL","messageSheetM: 💬 카카오","페이지 데이터/상태 경로: 정확한 runtime reachability 미확인","직접 literal write 발견 없음; 간접 호출은 미확인","local/mobile.html:2333","미확정: 원본 handler/template 추적 필요","TEST_MISSING","중복정의·동적 template·상위함수 호출을 실제 렌더 결과와 연결","해당 원본 컨트롤의 노출 조건·클릭/필터/취소 결과를 Golden fixture로 검증","<button id=""m-rmchkakao"" onclick=""rmSwitchChannelM(\'kakao\')"">"
"C02009","UNRESOLVED_CONTROL","messageSheetM: ✉ 문자","페이지 데이터/상태 경로: 정확한 runtime reachability 미확인","직접 literal write 발견 없음; 간접 호출은 미확인","local/mobile.html:2333","미확정: 원본 handler/template 추적 필요","TEST_MISSING","중복정의·동적 template·상위함수 호출을 실제 렌더 결과와 연결","해당 원본 컨트롤의 노출 조건·클릭/필터/취소 결과를 Golden fixture로 검증","<button id=""m-rmchsms"" onclick=""rmSwitchChannelM(\'sms\')"">"
"C02010","UNRESOLVED_CONTROL","messageSheetM:  지금 확인","페이지 데이터/상태 경로: 정확한 runtime reachability 미확인","직접 literal write 발견 없음; 간접 호출은 미확인","local/mobile.html:2333","미확정: 원본 handler/template 추적 필요","TEST_MISSING","중복정의·동적 template·상위함수 호출을 실제 렌더 결과와 연결","해당 원본 컨트롤의 노출 조건·클릭/필터/취소 결과를 Golden fixture로 검증","<input type=""radio"" name=""m-rmmode"" '+(RM_M.mode==='now'?'checked':'')+' onchange=""rmModeM(\'now\')"">"
"C02011","UNRESOLVED_CONTROL","messageSheetM:  예약 알림","페이지 데이터/상태 경로: 정확한 runtime reachability 미확인","직접 literal write 발견 없음; 간접 호출은 미확인","local/mobile.html:2333","미확정: 원본 handler/template 추적 필요","TEST_MISSING","중복정의·동적 template·상위함수 호출을 실제 렌더 결과와 연결","해당 원본 컨트롤의 노출 조건·클릭/필터/취소 결과를 Golden fixture로 검증","<input type=""radio"" name=""m-rmmode"" '+(RM_M.mode==='schedule'?'checked':'')+' onchange=""rmModeM(\'schedule\')"">"
"C02012","UNRESOLVED_CONTROL","messageSheetM: input","페이지 데이터/상태 경로: 정확한 runtime reachability 미확인","직접 literal write 발견 없음; 간접 호출은 미확인","local/mobile.html:2333","미확정: 원본 handler/template 추적 필요","TEST_MISSING","중복정의·동적 template·상위함수 호출을 실제 렌더 결과와 연결","해당 원본 컨트롤의 노출 조건·클릭/필터/취소 결과를 Golden fixture로 검증","<input id=""m-rmschedule"" type=""datetime-local"" value=""'+escAttr(RM_M.scheduleAt)+'"" min=""'+escAttr(rmDefaultScheduleM())+'"" onchange=""rmScheduleChangedM()"">"
"C02013","UNRESOLVED_CONTROL","messageSheetM:  고객 요청 자료·일정 안내 또는 계약 이행에 필요한 정보이며 광고 문구를 섞지 않았습니다.","페이지 데이터/상태 경로: 정확한 runtime reachability 미확인","직접 literal write 발견 없음; 간접 호출은 미확인","local/mobile.html:2333","미확정: 원본 handler/template 추적 필요","TEST_MISSING","중복정의·동적 template·상위함수 호출을 실제 렌더 결과와 연결","해당 원본 컨트롤의 노출 조건·클릭/필터/취소 결과를 Golden fixture로 검증","<input id=""m-rminfo"" type=""checkbox"" onchange=""rmRenderM()"">"
"C02014","UNRESOLVED_CONTROL","messageSheetM:  발송 후 ","페이지 데이터/상태 경로: 정확한 runtime reachability 미확인","직접 literal write 발견 없음; 간접 호출은 미확인","local/mobile.html:2333","미확정: 원본 handler/template 추적 필요","TEST_MISSING","중복정의·동적 template·상위함수 호출을 실제 렌더 결과와 연결","해당 원본 컨트롤의 노출 조건·클릭/필터/취소 결과를 Golden fixture로 검증","<input id=""m-rmnext"" type=""checkbox"" checked>"
"C02015","UNRESOLVED_CONTROL","messageSheetM: select","페이지 데이터/상태 경로: 정확한 runtime reachability 미확인","직접 literal write 발견 없음; 간접 호출은 미확인","local/mobile.html:2333","미확정: 원본 handler/template 추적 필요","TEST_MISSING","중복정의·동적 template·상위함수 호출을 실제 렌더 결과와 연결","해당 원본 컨트롤의 노출 조건·클릭/필터/취소 결과를 Golden fixture로 검증","<select id=""m-rmnextdays"">"
"C02016","UNRESOLVED_CONTROL","messageSheetM: '+(channel==='sms'?'문자 앱에서 확인':'카카오에서 확인')+'","페이지 데이터/상태 경로: 정확한 runtime reachability 미확인","직접 literal write 발견 없음; 간접 호출은 미확인","local/mobile.html:2333","미확정: 원본 handler/template 추적 필요","TEST_MISSING","중복정의·동적 template·상위함수 호출을 실제 렌더 결과와 연결","해당 원본 컨트롤의 노출 조건·클릭/필터/취소 결과를 Golden fixture로 검증","<button class=""btn btn-primary"" id=""m-rmgo"" onclick=""rmLaunchM()"">"
"C02017","UNRESOLVED_CONTROL","messageSheetM: 문구만 복사","페이지 데이터/상태 경로: 정확한 runtime reachability 미확인","직접 literal write 발견 없음; 간접 호출은 미확인","local/mobile.html:2333","미확정: 원본 handler/template 추적 필요","TEST_MISSING","중복정의·동적 template·상위함수 호출을 실제 렌더 결과와 연결","해당 원본 컨트롤의 노출 조건·클릭/필터/취소 결과를 Golden fixture로 검증","<button class=""btn btn-line"" style=""margin-top:7px"" onclick=""rmCopyM()"">"
"C02018","UNRESOLVED_CONTROL","messageSheetM: 발송 완료","페이지 데이터/상태 경로: 정확한 runtime reachability 미확인","직접 literal write 발견 없음; 간접 호출은 미확인","local/mobile.html:2333","미확정: 원본 handler/template 추적 필요","TEST_MISSING","중복정의·동적 template·상위함수 호출을 실제 렌더 결과와 연결","해당 원본 컨트롤의 노출 조건·클릭/필터/취소 결과를 Golden fixture로 검증","<button class=""btn btn-primary"" onclick=""rmConfirmM(\'sent\')"">"
"C02019","UNRESOLVED_CONTROL","messageSheetM: 발송 실패","페이지 데이터/상태 경로: 정확한 runtime reachability 미확인","직접 literal write 발견 없음; 간접 호출은 미확인","local/mobile.html:2333","미확정: 원본 handler/template 추적 필요","TEST_MISSING","중복정의·동적 template·상위함수 호출을 실제 렌더 결과와 연결","해당 원본 컨트롤의 노출 조건·클릭/필터/취소 결과를 Golden fixture로 검증","<button class=""btn btn-line"" onclick=""rmConfirmM(\'failed\')"">"
"C02020","UNRESOLVED_CONTROL","messageSheetM: 발송 안 함","페이지 데이터/상태 경로: 정확한 runtime reachability 미확인","직접 literal write 발견 없음; 간접 호출은 미확인","local/mobile.html:2333","미확정: 원본 handler/template 추적 필요","TEST_MISSING","중복정의·동적 template·상위함수 호출을 실제 렌더 결과와 연결","해당 원본 컨트롤의 노출 조건·클릭/필터/취소 결과를 Golden fixture로 검증","<button class=""btn btn-line"" style=""margin-top:7px"" onclick=""rmConfirmM(\'cancelled\')"">"
"C02021","UNRESOLVED_CONTROL","nearbyHTMLM: 같이 방문","페이지 데이터/상태 경로: 정확한 runtime reachability 미확인","직접 literal write 발견 없음; 간접 호출은 미확인","local/mobile.html:2368","미확정: 원본 handler/template 추적 필요","TEST_MISSING","중복정의·동적 template·상위함수 호출을 실제 렌더 결과와 연결","해당 원본 컨트롤의 노출 조건·클릭/필터/취소 결과를 Golden fixture로 검증","<button data-id=""'+escAttr(x.d.id)+'"" onclick=""event.stopPropagation();G.deal=this.dataset.id;G.tab=\'mine\';render()"">"
"C02022","UNRESOLVED_CONTROL","execTaskRowM: div","페이지 데이터/상태 경로: 정확한 runtime reachability 미확인","직접 literal write 발견 없음; 간접 호출은 미확인","local/mobile.html:2369","미확정: 원본 handler/template 추적 필요","TEST_MISSING","중복정의·동적 template·상위함수 호출을 실제 렌더 결과와 연결","해당 원본 컨트롤의 노출 조건·클릭/필터/취소 결과를 Golden fixture로 검증","<div class=""today-task-top"" onclick=""openTodayItem('+i+')"">"
"C02023","UNRESOLVED_CONTROL","execTaskRowM: 📞 전화하기","페이지 데이터/상태 경로: 정확한 runtime reachability 미확인","직접 literal write 발견 없음; 간접 호출은 미확인","local/mobile.html:2369","미확정: 원본 handler/template 추적 필요","TEST_MISSING","중복정의·동적 template·상위함수 호출을 실제 렌더 결과와 연결","해당 원본 컨트롤의 노출 조건·클릭/필터/취소 결과를 Golden fixture로 검증","<button class=""call"" onclick=""startTodayCall('+i+')"">"
"C02024","UNRESOLVED_CONTROL","execTaskRowM: 상세 보기","페이지 데이터/상태 경로: 정확한 runtime reachability 미확인","직접 literal write 발견 없음; 간접 호출은 미확인","local/mobile.html:2369","미확정: 원본 handler/template 추적 필요","TEST_MISSING","중복정의·동적 template·상위함수 호출을 실제 렌더 결과와 연결","해당 원본 컨트롤의 노출 조건·클릭/필터/취소 결과를 Golden fixture로 검증","<button onclick=""openTodayItem('+i+')"">"
"C02025","UNRESOLVED_CONTROL","execTaskRowM: ✓ 완료","페이지 데이터/상태 경로: 정확한 runtime reachability 미확인","직접 literal write 발견 없음; 간접 호출은 미확인","local/mobile.html:2369","미확정: 원본 handler/template 추적 필요","TEST_MISSING","중복정의·동적 template·상위함수 호출을 실제 렌더 결과와 연결","해당 원본 컨트롤의 노출 조건·클릭/필터/취소 결과를 Golden fixture로 검증","<button class=""done"" '+(done?'disabled':'')+' onclick=""todayCompleteM('+i+')"">"
"C02026","UNRESOLVED_CONTROL","execTaskRowM: 연기","페이지 데이터/상태 경로: 정확한 runtime reachability 미확인","직접 literal write 발견 없음; 간접 호출은 미확인","local/mobile.html:2369","미확정: 원본 handler/template 추적 필요","TEST_MISSING","중복정의·동적 template·상위함수 호출을 실제 렌더 결과와 연결","해당 원본 컨트롤의 노출 조건·클릭/필터/취소 결과를 Golden fixture로 검증","<button '+(done?'disabled':'')+' onclick=""todayPostponeM('+i+')"">"
"C02027","UNRESOLVED_CONTROL","reactivationHTMLM: button","페이지 데이터/상태 경로: 정확한 runtime reachability 미확인","직접 literal write 발견 없음; 간접 호출은 미확인","local/mobile.html:2372","미확정: 원본 handler/template 추적 필요","TEST_MISSING","중복정의·동적 template·상위함수 호출을 실제 렌더 결과와 연결","해당 원본 컨트롤의 노출 조건·클릭/필터/취소 결과를 Golden fixture로 검증","<button class=""wake-row"" data-id=""'+escAttr(x.d.id)+'"" onclick=""G.deal=this.dataset.id;G.tab=\'mine\';render()"">"
"C02028","UNRESOLVED_CONTROL","askResultHTMLM: button","페이지 데이터/상태 경로: 정확한 runtime reachability 미확인","직접 literal write 발견 없음; 간접 호출은 미확인","local/mobile.html:2374","미확정: 원본 handler/template 추적 필요","TEST_MISSING","중복정의·동적 template·상위함수 호출을 실제 렌더 결과와 연결","해당 원본 컨트롤의 노출 조건·클릭/필터/취소 결과를 Golden fixture로 검증","<button class=""lrow"" data-id=""'+escAttr(d.id)+'"" onclick=""G.deal=this.dataset.id;G.tab=\'mine\';render()"">"
"C02029","UNRESOLVED_CONTROL","rToday: button","페이지 데이터/상태 경로: 정확한 runtime reachability 미확인","직접 literal write 발견 없음; 간접 호출은 미확인","local/mobile.html:2378","미확정: 원본 handler/template 추적 필요","TEST_MISSING","중복정의·동적 template·상위함수 호출을 실제 렌더 결과와 연결","해당 원본 컨트롤의 노출 조건·클릭/필터/취소 결과를 Golden fixture로 검증","<button>"
"C02030","UNRESOLVED_CONTROL","rToday: button","페이지 데이터/상태 경로: 정확한 runtime reachability 미확인","직접 literal write 발견 없음; 간접 호출은 미확인","local/mobile.html:2378","미확정: 원본 handler/template 추적 필요","TEST_MISSING","중복정의·동적 template·상위함수 호출을 실제 렌더 결과와 연결","해당 원본 컨트롤의 노출 조건·클릭/필터/취소 결과를 Golden fixture로 검증","<button>"
"C02031","UNRESOLVED_CONTROL","rToday: button","페이지 데이터/상태 경로: 정확한 runtime reachability 미확인","직접 literal write 발견 없음; 간접 호출은 미확인","local/mobile.html:2378","미확정: 원본 handler/template 추적 필요","TEST_MISSING","중복정의·동적 template·상위함수 호출을 실제 렌더 결과와 연결","해당 원본 컨트롤의 노출 조건·클릭/필터/취소 결과를 Golden fixture로 검증","<button>"
"C02032","UNRESOLVED_CONTROL","rToday: button","페이지 데이터/상태 경로: 정확한 runtime reachability 미확인","직접 literal write 발견 없음; 간접 호출은 미확인","local/mobile.html:2378","미확정: 원본 handler/template 추적 필요","TEST_MISSING","중복정의·동적 template·상위함수 호출을 실제 렌더 결과와 연결","해당 원본 컨트롤의 노출 조건·클릭/필터/취소 결과를 Golden fixture로 검증","<button>"
"C02033","UNRESOLVED_CONTROL","rToday: input","페이지 데이터/상태 경로: 정확한 runtime reachability 미확인","직접 literal write 발견 없음; 간접 호출은 미확인","local/mobile.html:2378","미확정: 원본 handler/template 추적 필요","TEST_MISSING","중복정의·동적 template·상위함수 호출을 실제 렌더 결과와 연결","해당 원본 컨트롤의 노출 조건·클릭/필터/취소 결과를 Golden fixture로 검증","<input id=""crm-ask-m"" value=""'+escAttr(G.crmAsk||'')+'"" placeholder=""CRM에게 물어보기"" onkeydown=""if(event.key===\'Enter\')askSubmitM()"">"
"C02034","UNRESOLVED_CONTROL","rToday: 찾기","페이지 데이터/상태 경로: 정확한 runtime reachability 미확인","직접 literal write 발견 없음; 간접 호출은 미확인","local/mobile.html:2378","미확정: 원본 handler/template 추적 필요","TEST_MISSING","중복정의·동적 template·상위함수 호출을 실제 렌더 결과와 연결","해당 원본 컨트롤의 노출 조건·클릭/필터/취소 결과를 Golden fixture로 검증","<button onclick=""askSubmitM()"">"
"C02035","UNRESOLVED_CONTROL","rToday: 오늘 전화","페이지 데이터/상태 경로: 정확한 runtime reachability 미확인","직접 literal write 발견 없음; 간접 호출은 미확인","local/mobile.html:2378","미확정: 원본 handler/template 추적 필요","TEST_MISSING","중복정의·동적 template·상위함수 호출을 실제 렌더 결과와 연결","해당 원본 컨트롤의 노출 조건·클릭/필터/취소 결과를 Golden fixture로 검증","<button onclick=""askExampleM(\'내가 오늘 전화해야 하는 곳\')"">"
"C02036","UNRESOLVED_CONTROL","rToday: 이번 주 방문","페이지 데이터/상태 경로: 정확한 runtime reachability 미확인","직접 literal write 발견 없음; 간접 호출은 미확인","local/mobile.html:2378","미확정: 원본 handler/template 추적 필요","TEST_MISSING","중복정의·동적 template·상위함수 호출을 실제 렌더 결과와 연결","해당 원본 컨트롤의 노출 조건·클릭/필터/취소 결과를 Golden fixture로 검증","<button onclick=""askExampleM(\'이번 주 방문 예정 현장\')"">"
"C02037","UNRESOLVED_CONTROL","rToday: 30일 미접촉","페이지 데이터/상태 경로: 정확한 runtime reachability 미확인","직접 literal write 발견 없음; 간접 호출은 미확인","local/mobile.html:2378","미확정: 원본 handler/template 추적 필요","TEST_MISSING","중복정의·동적 template·상위함수 호출을 실제 렌더 결과와 연결","해당 원본 컨트롤의 노출 조건·클릭/필터/취소 결과를 Golden fixture로 검증","<button onclick=""askExampleM(\'30일 넘게 연락 안 한 곳\')"">"
"C02038","UNRESOLVED_CONTROL","rToday: 1억·Next 없음","페이지 데이터/상태 경로: 정확한 runtime reachability 미확인","직접 literal write 발견 없음; 간접 호출은 미확인","local/mobile.html:2378","미확정: 원본 handler/template 추적 필요","TEST_MISSING","중복정의·동적 template·상위함수 호출을 실제 렌더 결과와 연결","해당 원본 컨트롤의 노출 조건·클릭/필터/취소 결과를 Golden fixture로 검증","<button onclick=""askExampleM(\'견적 1억 이상인데 다음 행동 없는 곳\')"">"
"C02039","UNRESOLVED_CONTROL","rToday: button","페이지 데이터/상태 경로: 정확한 runtime reachability 미확인","직접 literal write 발견 없음; 간접 호출은 미확인","local/mobile.html:2378","미확정: 원본 handler/template 추적 필요","TEST_MISSING","중복정의·동적 template·상위함수 호출을 실제 렌더 결과와 연결","해당 원본 컨트롤의 노출 조건·클릭/필터/취소 결과를 Golden fixture로 검증","<button class=""pri"" onclick=""G.tab=\'mine\';render()"">"
"C02040","UNRESOLVED_CONTROL","rToday: button","페이지 데이터/상태 경로: 정확한 runtime reachability 미확인","직접 literal write 발견 없음; 간접 호출은 미확인","local/mobile.html:2378","미확정: 원본 handler/template 추적 필요","TEST_MISSING","중복정의·동적 template·상위함수 호출을 실제 렌더 결과와 연결","해당 원본 컨트롤의 노출 조건·클릭/필터/취소 결과를 Golden fixture로 검증","<button onclick=""G.tab=\'find\';render()"">"
"C02041","UNRESOLVED_CONTROL","todayPostponeM: '+x[0]+'","페이지 데이터/상태 경로: 정확한 runtime reachability 미확인","직접 literal write 발견 없음; 간접 호출은 미확인","local/mobile.html:2380","미확정: 원본 handler/template 추적 필요","TEST_MISSING","중복정의·동적 template·상위함수 호출을 실제 렌더 결과와 연결","해당 원본 컨트롤의 노출 조건·클릭/필터/취소 결과를 Golden fixture로 검증","<button class=""cchip gr"" onclick=""applyTodayPostponeM('+x[1]+')"">"
"C02042","UNRESOLVED_CONTROL","stageGuideHTMLM: button","페이지 데이터/상태 경로: 정확한 runtime reachability 미확인","직접 literal write 발견 없음; 간접 호출은 미확인","local/mobile.html:2386","미확정: 원본 handler/template 추적 필요","TEST_MISSING","중복정의·동적 template·상위함수 호출을 실제 렌더 결과와 연결","해당 원본 컨트롤의 노출 조건·클릭/필터/취소 결과를 Golden fixture로 검증","<button class=""stage-guide-item '+(st[i]?'on':'')+'"" onclick=""toggleStageGuideM('+i+')"">"
"C02043","UNRESOLVED_CONTROL","relationshipMapHTMLM: 관계 설정","페이지 데이터/상태 경로: 정확한 runtime reachability 미확인","직접 literal write 발견 없음; 간접 호출은 미확인","local/mobile.html:2392","미확정: 원본 handler/template 추적 필요","TEST_MISSING","중복정의·동적 template·상위함수 호출을 실제 렌더 결과와 연결","해당 원본 컨트롤의 노출 조건·클릭/필터/취소 결과를 Golden fixture로 검증","<button class=""hint"" style=""margin-top:7px;color:var(--blue)"" onclick=""relationshipEditSheetM(\''+k+'\')"">"
"C02044","UNRESOLVED_CONTROL","relationshipEditSheetM: '+['의사결정자','핵심담당자','실무자','영향자','정보제공자'].map(function(x){return '","페이지 데이터/상태 경로: 정확한 runtime reachability 미확인","직접 literal write 발견 없음; 간접 호출은 미확인","local/mobile.html:2393","미확정: 원본 handler/template 추적 필요","TEST_MISSING","중복정의·동적 template·상위함수 호출을 실제 렌더 결과와 연결","해당 원본 컨트롤의 노출 조건·클릭/필터/취소 결과를 Golden fixture로 검증","<select id=""rel-role-m"" style=""width:100%;margin:6px 0 12px;border:1px solid var(--line-2);border-radius:11px;padding:12px;font:inherit"">"
"C02045","UNRESOLVED_CONTROL","relationshipEditSheetM: '+['우호적','중립','부정적','미확인'].map(function(x){return '","페이지 데이터/상태 경로: 정확한 runtime reachability 미확인","직접 literal write 발견 없음; 간접 호출은 미확인","local/mobile.html:2393","미확정: 원본 handler/template 추적 필요","TEST_MISSING","중복정의·동적 template·상위함수 호출을 실제 렌더 결과와 연결","해당 원본 컨트롤의 노출 조건·클릭/필터/취소 결과를 Golden fixture로 검증","<select id=""rel-tone-m"" style=""width:100%;margin:6px 0 14px;border:1px solid var(--line-2);border-radius:11px;padding:12px;font:inherit"">"
"C02046","UNRESOLVED_CONTROL","relationshipEditSheetM: 관계 저장","페이지 데이터/상태 경로: 정확한 runtime reachability 미확인","직접 literal write 발견 없음; 간접 호출은 미확인","local/mobile.html:2393","미확정: 원본 handler/template 추적 필요","TEST_MISSING","중복정의·동적 template·상위함수 호출을 실제 렌더 결과와 연결","해당 원본 컨트롤의 노출 조건·클릭/필터/취소 결과를 Golden fixture로 검증","<button class=""btn btn-primary"" onclick=""saveRelationshipM()"">"
"C02047","UNRESOLVED_CONTROL","quoteHistoryHTMLM: ＋ 새 버전","페이지 데이터/상태 경로: 정확한 runtime reachability 미확인","직접 literal write 발견 없음; 간접 호출은 미확인","local/mobile.html:2396","미확정: 원본 handler/template 추적 필요","TEST_MISSING","중복정의·동적 template·상위함수 호출을 실제 렌더 결과와 연결","해당 원본 컨트롤의 노출 조건·클릭/필터/취소 결과를 Golden fixture로 검증","<button onclick=""quoteSheetM()"" style=""color:var(--blue);font-weight:850"">"
"C02048","UNRESOLVED_CONTROL","quoteSheetM: input","페이지 데이터/상태 경로: 정확한 runtime reachability 미확인","직접 literal write 발견 없음; 간접 호출은 미확인","local/mobile.html:2397","미확정: 원본 handler/template 추적 필요","TEST_MISSING","중복정의·동적 template·상위함수 호출을 실제 렌더 결과와 연결","해당 원본 컨트롤의 노출 조건·클릭/필터/취소 결과를 Golden fixture로 검증","<input id=""qv-amt-m"" type=""text"" inputmode=""decimal"" data-money min=""0"" step=""10000"" value=""'+(last||'')+'"" style=""width:100%;box-sizing:border-box;margin:6px 0 10px;border:1px solid var(--line-2);border-radius:11px;padding:12px;font:inherit"">"
"C02049","UNRESOLVED_CONTROL","quoteSheetM: textarea","페이지 데이터/상태 경로: 정확한 runtime reachability 미확인","직접 literal write 발견 없음; 간접 호출은 미확인","local/mobile.html:2397","미확정: 원본 handler/template 추적 필요","TEST_MISSING","중복정의·동적 template·상위함수 호출을 실제 렌더 결과와 연결","해당 원본 컨트롤의 노출 조건·클릭/필터/취소 결과를 Golden fixture로 검증","<textarea id=""qv-reason-m"" rows=""3"" placeholder=""예: 공사 범위 조정"" style=""width:100%;box-sizing:border-box;margin:6px 0 12px;border:1px solid var(--line-2);border-radius:11px;padding:12px;font:inherit"">"
"C02050","UNRESOLVED_CONTROL","quoteSheetM: 새 견적 버전 저장","페이지 데이터/상태 경로: 정확한 runtime reachability 미확인","직접 literal write 발견 없음; 간접 호출은 미확인","local/mobile.html:2397","미확정: 원본 handler/template 추적 필요","TEST_MISSING","중복정의·동적 template·상위함수 호출을 실제 렌더 결과와 연결","해당 원본 컨트롤의 노출 조건·클릭/필터/취소 결과를 Golden fixture로 검증","<button class=""btn btn-primary"" onclick=""saveQuoteVersionM()"">"
"C02051","UNRESOLVED_CONTROL","attachmentPanelHTMLM: 📷 사진 추가","페이지 데이터/상태 경로: 정확한 runtime reachability 미확인","직접 literal write 발견 없음; 간접 호출은 미확인","local/mobile.html:2416","미확정: 원본 handler/template 추적 필요","TEST_MISSING","중복정의·동적 template·상위함수 호출을 실제 렌더 결과와 연결","해당 원본 컨트롤의 노출 조건·클릭/필터/취소 결과를 Golden fixture로 검증","<button onclick=""openAttachmentPickerM(\'photo\')"">"
"C02052","UNRESOLVED_CONTROL","attachmentPanelHTMLM: 📎 자료 추가","페이지 데이터/상태 경로: 정확한 runtime reachability 미확인","직접 literal write 발견 없음; 간접 호출은 미확인","local/mobile.html:2416","미확정: 원본 handler/template 추적 필요","TEST_MISSING","중복정의·동적 template·상위함수 호출을 실제 렌더 결과와 연결","해당 원본 컨트롤의 노출 조건·클릭/필터/취소 결과를 Golden fixture로 검증","<button onclick=""openAttachmentPickerM(\'file\')"">"
"C02053","UNRESOLVED_CONTROL","attachmentPanelHTMLM: button","페이지 데이터/상태 경로: 정확한 runtime reachability 미확인","직접 literal write 발견 없음; 간접 호출은 미확인","local/mobile.html:2416","미확정: 원본 handler/template 추적 필요","TEST_MISSING","중복정의·동적 template·상위함수 호출을 실제 렌더 결과와 연결","해당 원본 컨트롤의 노출 조건·클릭/필터/취소 결과를 Golden fixture로 검증","<button class=""attach-tile '+(/^image\//.test(x.mime_type||'')?'':'file')+'"" onclick=""openAttachmentGalleryM()"">"
"C02054","UNRESOLVED_CONTROL","attachmentPanelHTMLM: 최근 사진 '+photos.length+'장 · 전체보기 →","페이지 데이터/상태 경로: 정확한 runtime reachability 미확인","직접 literal write 발견 없음; 간접 호출은 미확인","local/mobile.html:2416","미확정: 원본 handler/template 추적 필요","TEST_MISSING","중복정의·동적 template·상위함수 호출을 실제 렌더 결과와 연결","해당 원본 컨트롤의 노출 조건·클릭/필터/취소 결과를 Golden fixture로 검증","<button class=""hint"" style=""width:100%;margin-top:9px;text-align:right;color:var(--blue);font-weight:850"" onclick=""openAttachmentGalleryM()"">"
"C02055","UNRESOLVED_CONTROL","installAttachmentInputsM: input","페이지 데이터/상태 경로: 정확한 runtime reachability 미확인","직접 literal write 발견 없음; 간접 호출은 미확인","local/mobile.html:2417","미확정: 원본 handler/template 추적 필요","TEST_MISSING","중복정의·동적 template·상위함수 호출을 실제 렌더 결과와 연결","해당 원본 컨트롤의 노출 조건·클릭/필터/취소 결과를 Golden fixture로 검증","<input id=""attach-photo-m"" type=""file"" accept=""image/*"" capture=""environment"" multiple>"
"C02056","UNRESOLVED_CONTROL","installAttachmentInputsM: ';document.body.appendChild(box);document.getElementById('attach-photo-m').oncha","페이지 데이터/상태 경로: 정확한 runtime reachability 미확인","직접 literal write 발견 없음; 간접 호출은 미확인","local/mobile.html:2417","미확정: 원본 handler/template 추적 필요","TEST_MISSING","중복정의·동적 template·상위함수 호출을 실제 렌더 결과와 연결","해당 원본 컨트롤의 노출 조건·클릭/필터/취소 결과를 Golden fixture로 검증","<input id=""attach-file-m"" type=""file"" accept=""image/*,.pdf,.doc,.docx,.xls,.xlsx,.ppt,.pptx"" multiple>"
"C02057","UNRESOLVED_CONTROL","openAttachmentMetaM: '+ATTACH_CATEGORIES_M.map(function(x){return '","페이지 데이터/상태 경로: 정확한 runtime reachability 미확인","직접 literal write 발견 없음; 간접 호출은 미확인","local/mobile.html:2421","미확정: 원본 handler/template 추적 필요","TEST_MISSING","중복정의·동적 template·상위함수 호출을 실제 렌더 결과와 연결","해당 원본 컨트롤의 노출 조건·클릭/필터/취소 결과를 Golden fixture로 검증","<select id=""attach-cat-m"">"
"C02058","UNRESOLVED_CONTROL","openAttachmentMetaM: =0?'on':'')+'"" data-tag=""'+escAttr(x)+'"" onclick=""toggleAttachTagM(this.dataset.","페이지 데이터/상태 경로: 정확한 runtime reachability 미확인","직접 literal write 발견 없음; 간접 호출은 미확인","local/mobile.html:2421","미확정: 원본 handler/template 추적 필요","TEST_MISSING","중복정의·동적 template·상위함수 호출을 실제 렌더 결과와 연결","해당 원본 컨트롤의 노출 조건·클릭/필터/취소 결과를 Golden fixture로 검증","<button class=""'+((G.attachTags||[]).indexOf(x)>"
"C02059","UNRESOLVED_CONTROL","openAttachmentMetaM: '+esc(memo)+'","페이지 데이터/상태 경로: 정확한 runtime reachability 미확인","직접 literal write 발견 없음; 간접 호출은 미확인","local/mobile.html:2421","미확정: 원본 handler/template 추적 필요","TEST_MISSING","중복정의·동적 template·상위함수 호출을 실제 렌더 결과와 연결","해당 원본 컨트롤의 노출 조건·클릭/필터/취소 결과를 Golden fixture로 검증","<textarea id=""attach-memo-m"" rows=""3"" placeholder=""예: 배수로 주변 들뜸 확인"">"
"C02060","UNRESOLVED_CONTROL","openAttachmentMetaM: '+files.length+'개 파일 등록","페이지 데이터/상태 경로: 정확한 runtime reachability 미확인","직접 literal write 발견 없음; 간접 호출은 미확인","local/mobile.html:2421","미확정: 원본 handler/template 추적 필요","TEST_MISSING","중복정의·동적 template·상위함수 호출을 실제 렌더 결과와 연결","해당 원본 컨트롤의 노출 조건·클릭/필터/취소 결과를 Golden fixture로 검증","<button class=""btn btn-primary"" id=""attach-save-m"" onclick=""saveAttachmentsM()"">"
"C02061","UNRESOLVED_CONTROL","quickSitesHTMLM: '+x[1]+'","페이지 데이터/상태 경로: 정확한 runtime reachability 미확인","직접 literal write 발견 없음; 간접 호출은 미확인","local/mobile.html:2433","미확정: 원본 handler/template 추적 필요","TEST_MISSING","중복정의·동적 template·상위함수 호출을 실제 렌더 결과와 연결","해당 원본 컨트롤의 노출 조건·클릭/필터/취소 결과를 Golden fixture로 검증","<button class=""'+(mode===x[0]?'on':'')+'"" onclick=""G.quickMode=\''+x[0]+'\';render()"">"
"C02062","UNRESOLVED_CONTROL","quickSitesHTMLM: button","페이지 데이터/상태 경로: 정확한 runtime reachability 미확인","직접 literal write 발견 없음; 간접 호출은 미확인","local/mobile.html:2433","미확정: 원본 handler/template 추적 필요","TEST_MISSING","중복정의·동적 template·상위함수 호출을 실제 렌더 결과와 연결","해당 원본 컨트롤의 노출 조건·클릭/필터/취소 결과를 Golden fixture로 검증","<button class=""quick-row"" data-id=""'+escAttr(d.id)+'"" onclick=""G.deal=this.dataset.id;render()"">"
"C02063","UNRESOLVED_CONTROL","quickSitesHTMLM: '+(d.favorite?'★ 즐겨찾기':'☆ 즐겨찾기')+'","페이지 데이터/상태 경로: 정확한 runtime reachability 미확인","직접 literal write 발견 없음; 간접 호출은 미확인","local/mobile.html:2437","미확정: 원본 handler/template 추적 필요","TEST_MISSING","중복정의·동적 template·상위함수 호출을 실제 렌더 결과와 연결","해당 원본 컨트롤의 노출 조건·클릭/필터/취소 결과를 Golden fixture로 검증","<button class=""favorite-btn-m '+(d.favorite?'on':'')+'"" onclick=""toggleFavoriteM()"">"
"C02064","UNRESOLVED_CONTROL","stageGuideHTMLM: button","페이지 데이터/상태 경로: 정확한 runtime reachability 미확인","직접 literal write 발견 없음; 간접 호출은 미확인","local/mobile.html:2459","미확정: 원본 handler/template 추적 필요","TEST_MISSING","중복정의·동적 template·상위함수 호출을 실제 렌더 결과와 연결","해당 원본 컨트롤의 노출 조건·클릭/필터/취소 결과를 Golden fixture로 검증","<button class=""stage-guide-item '+(on?'on ':'')+(x.auto?'auto ':'')+(x.required?'required':'')+'"" onclick=""toggleStageGuideM('+i+')"">"
"C02065","UNRESOLVED_CONTROL","askResultHTMLM: button","페이지 데이터/상태 경로: 정확한 runtime reachability 미확인","직접 literal write 발견 없음; 간접 호출은 미확인","local/mobile.html:2467","미확정: 원본 handler/template 추적 필요","TEST_MISSING","중복정의·동적 template·상위함수 호출을 실제 렌더 결과와 연결","해당 원본 컨트롤의 노출 조건·클릭/필터/취소 결과를 Golden fixture로 검증","<button class=""lrow"" data-id=""'+escAttr(d.id)+'"" onclick=""G.deal=this.dataset.id;G.tab=\'mine\';render()"">"
"C02066","UNRESOLVED_CONTROL","askResultHTMLM: 소장 번호 없음","페이지 데이터/상태 경로: 정확한 runtime reachability 미확인","직접 literal write 발견 없음; 간접 호출은 미확인","local/mobile.html:2469","미확정: 원본 handler/template 추적 필요","TEST_MISSING","중복정의·동적 template·상위함수 호출을 실제 렌더 결과와 연결","해당 원본 컨트롤의 노출 조건·클릭/필터/취소 결과를 Golden fixture로 검증","<button data-field=""missing"" onclick=""askExampleM(\'관리소장 휴대폰이 없는 현장\')"">"
"C02067","UNRESOLVED_CONTROL","askResultHTMLM: 견적 후 정체","페이지 데이터/상태 경로: 정확한 runtime reachability 미확인","직접 literal write 발견 없음; 간접 호출은 미확인","local/mobile.html:2469","미확정: 원본 handler/template 추적 필요","TEST_MISSING","중복정의·동적 template·상위함수 호출을 실제 렌더 결과와 연결","해당 원본 컨트롤의 노출 조건·클릭/필터/취소 결과를 Golden fixture로 검증","<button onclick=""askExampleM(\'이번 달 견적 보냈는데 아직 경쟁단계로 안 간 곳\')"">"
"C02068","UNRESOLVED_CONTROL","relCardM: '+esc(i.nba)+'","페이지 데이터/상태 경로: 정확한 runtime reachability 미확인","직접 literal write 발견 없음; 간접 호출은 미확인","local/mobile.html:2500","미확정: 원본 handler/template 추적 필요","TEST_MISSING","중복정의·동적 template·상위함수 호출을 실제 렌더 결과와 연결","해당 원본 컨트롤의 노출 조건·클릭/필터/취소 결과를 Golden fixture로 검증","<button class=""primary"" onclick=""relActionM(\''+(i.channel==='call'?'call':'kakao')+'\')"">"
"C02069","UNRESOLVED_CONTROL","relCardM: 30일 접촉 보류","페이지 데이터/상태 경로: 정확한 runtime reachability 미확인","직접 literal write 발견 없음; 간접 호출은 미확인","local/mobile.html:2500","미확정: 원본 handler/template 추적 필요","TEST_MISSING","중복정의·동적 template·상위함수 호출을 실제 렌더 결과와 연결","해당 원본 컨트롤의 노출 조건·클릭/필터/취소 결과를 Golden fixture로 검증","<button onclick=""relHoldM(30)"">"
"C02070","F43","relPurposeChangedM: '+REL_PURPOSES_M.map(function(x){return '","stage/contact/work/Next/lastMeaningful/lastOutbound","message_log, relationship_response, message_stage_advanced","local/mobile.html:2512","messaging scoped read/write 없음","CONTRACT_MISSING","추천2~3개/내용편집/초안·실제발송확인·후속Next 유지","단계/계절/견적템플릿·개별Deal맥락·copy≠sent","<select id=""m-rmpurpose"" onchange=""relPurposeChangedM()"">"
"C02071","UNRESOLVED_CONTROL","ctxHeaderM:  발송이력에 견적 Version 연결","페이지 데이터/상태 경로: 정확한 runtime reachability 미확인","직접 literal write 발견 없음; 간접 호출은 미확인","local/mobile.html:2534","미확정: 원본 handler/template 추적 필요","TEST_MISSING","중복정의·동적 template·상위함수 호출을 실제 렌더 결과와 연결","해당 원본 컨트롤의 노출 조건·클릭/필터/취소 결과를 Golden fixture로 검증","<input id=""m-ctx-quote"" type=""checkbox"" '+(RM_M.attachQuote?'checked':'')+' '+(!q?'disabled':'')+' onchange=""ctxQuoteChangedM()"">"
"C02072","UNRESOLVED_CONTROL","asqCardM: 아파트스퀘어 프로젝트 열기 ↗","페이지 데이터/상태 경로: 정확한 runtime reachability 미확인","직접 literal write 발견 없음; 간접 호출은 미확인","local/mobile.html:2586","미확정: 원본 handler/template 추적 필요","TEST_MISSING","중복정의·동적 template·상위함수 호출을 실제 렌더 결과와 연결","해당 원본 컨트롤의 노출 조건·클릭/필터/취소 결과를 Golden fixture로 검증","<a class=""m-asq-open"" href=""'+escAttr(url)+'"" target=""_blank"" rel=""noopener noreferrer"">"
"C02073","UNRESOLVED_CONTROL","asqCardM: button","페이지 데이터/상태 경로: 정확한 runtime reachability 미확인","직접 literal write 발견 없음; 간접 호출은 미확인","local/mobile.html:2590","미확정: 원본 handler/template 추적 필요","TEST_MISSING","중복정의·동적 template·상위함수 호출을 실제 렌더 결과와 연결","해당 원본 컨트롤의 노출 조건·클릭/필터/취소 결과를 Golden fixture로 검증","<button class=""wake-row"" data-id=""'+escAttr(x.d.id)+'"" onclick=""G.deal=this.dataset.id;G.tab=\'mine\';render()"">"
"C02074","UNRESOLVED_CONTROL","subHtml: '+secondary[g].map(t=>'","페이지 데이터/상태 경로: 정확한 runtime reachability 미확인","직접 literal write 발견 없음; 간접 호출은 미확인","local/next-action-picker.js:11","미확정: 원본 handler/template 추적 필요","TEST_MISSING","중복정의·동적 template·상위함수 호출을 실제 렌더 결과와 연결","해당 원본 컨트롤의 노출 조건·클릭/필터/취소 결과를 Golden fixture로 검증","<select id=""'+id+'-sub"">"
"C02075","L14","html: '+groups.map(t=>'","공용분류→기존세부type/추천","직접 literal write 발견 없음; 간접 호출은 미확인","local/next-action-picker.js:12","새Next 초안4type은동등아님","CONTRACT_MISSING","전화/메시지/이메일자료/방문미팅/견적준비/후속/입찰계약/기타 유지","2차유형·기존사진메모예약불변·추천은클릭후만저장","<select hidden id=""'+id+'"" data-original=""'+escape(original)+'"" onchange=""NextActionPicker.change(\''+id+'\')"">"
"C02076","L14","html: '+t+'","공용분류→기존세부type/추천","직접 literal write 발견 없음; 간접 호출은 미확인","local/next-action-picker.js:12","새Next 초안4type은동등아님","CONTRACT_MISSING","전화/메시지/이메일자료/방문미팅/견적준비/후속/입찰계약/기타 유지","2차유형·기존사진메모예약불변·추천은클릭후만저장","<button type=""button"" data-group=""'+t+'"" aria-pressed=""'+(t===g)+'"" onclick=""NextActionPicker.choose(\''+id+'\',this.dataset.group)"">"
"C02077","L14","html: 추천 · '+r.label+'","공용분류→기존세부type/추천","직접 literal write 발견 없음; 간접 호출은 미확인","local/next-action-picker.js:12","새Next 초안4type은동등아님","CONTRACT_MISSING","전화/메시지/이메일자료/방문미팅/견적준비/후속/입찰계약/기타 유지","2차유형·기존사진메모예약불변·추천은클릭후만저장","<button class=""next-picker-recommend"" type=""button"" data-stage=""'+escape(stage)+'"" onclick=""NextActionPicker.recommend(\''+id+'\',this.dataset.stage,\''+textId+'\',\''+dueId+'\')"">"
"C02078","UNRESOLVED_CONTROL","fieldHTML: '+esc(x)+'","페이지 데이터/상태 경로: 정확한 runtime reachability 미확인","직접 literal write 발견 없음; 간접 호출은 미확인","local/stage-transition-ui.js:9","미확정: 원본 handler/template 추적 필요","TEST_MISSING","중복정의·동적 template·상위함수 호출을 실제 렌더 결과와 연결","해당 원본 컨트롤의 노출 조건·클릭/필터/취소 결과를 Golden fixture로 검증","<input type=""checkbox"" name=""'+id+'"" value=""'+esc(x)+'"" '+(Array.isArray(v)&&v.includes(x)?'checked':'')+'>"
"C02079","UNRESOLVED_CONTROL","fieldHTML: select","페이지 데이터/상태 경로: 정확한 runtime reachability 미확인","직접 literal write 발견 없음; 간접 호출은 미확인","local/stage-transition-ui.js:13","미확정: 원본 handler/template 추적 필요","TEST_MISSING","중복정의·동적 template·상위함수 호출을 실제 렌더 결과와 연결","해당 원본 컨트롤의 노출 조건·클릭/필터/취소 결과를 Golden fixture로 검증","<select id=""'+id+'"">"
"C02080","UNRESOLVED_CONTROL","fieldHTML: ';
  return '","페이지 데이터/상태 경로: 정확한 runtime reachability 미확인","직접 literal write 발견 없음; 간접 호출은 미확인","local/stage-transition-ui.js:14","미확정: 원본 handler/template 추적 필요","TEST_MISSING","중복정의·동적 template·상위함수 호출을 실제 렌더 결과와 연결","해당 원본 컨트롤의 노출 조건·클릭/필터/취소 결과를 Golden fixture로 검증","<input id=""'+id+'"" type=""'+(f.type==='date'?'date':'text')+'"" '+(f.type==='money'?'data-money inputmode=""decimal"" ':'')+'value=""'+esc(f.type==='money'&&v!==''&&v!=null?Number(v).toLocaleString('ko-KR'):v)+'"">"
"C02081","UNRESOLVED_CONTROL","paint: '+S.choices(ctx.from).map(k=>'","페이지 데이터/상태 경로: 정확한 runtime reachability 미확인","직접 literal write 발견 없음; 간접 호출은 미확인","local/stage-transition-ui.js:33","미확정: 원본 handler/template 추적 필요","TEST_MISSING","중복정의·동적 template·상위함수 호출을 실제 렌더 결과와 연결","해당 원본 컨트롤의 노출 조건·클릭/필터/취소 결과를 Golden fixture로 검증","<select id=""sf-target"">"
"C02082","UNRESOLVED_CONTROL","paint: input","페이지 데이터/상태 경로: 정확한 runtime reachability 미확인","직접 literal write 발견 없음; 간접 호출은 미확인","local/stage-transition-ui.js:33","미확정: 원본 handler/template 추적 필요","TEST_MISSING","중복정의·동적 template·상위함수 호출을 실제 렌더 결과와 연결","해당 원본 컨트롤의 노출 조건·클릭/필터/취소 결과를 Golden fixture로 검증","<input id=""sf-date"" type=""date"" max=""'+today()+'"" value=""'+esc(draft.transition_date)+'"">"
"C02083","UNRESOLVED_CONTROL","paint: '+esc(draft.skip_reason)+'","페이지 데이터/상태 경로: 정확한 runtime reachability 미확인","직접 literal write 발견 없음; 간접 호출은 미확인","local/stage-transition-ui.js:33","미확정: 원본 handler/template 추적 필요","TEST_MISSING","중복정의·동적 template·상위함수 호출을 실제 렌더 결과와 연결","해당 원본 컨트롤의 노출 조건·클릭/필터/취소 결과를 Golden fixture로 검증","<textarea id=""sf-skip"" placeholder=""실제 진행상태에 맞춰 보정하는 이유를 입력해 주세요."">"
"C02084","UNRESOLVED_CONTROL","paint: '+esc(draft.memo)+'","페이지 데이터/상태 경로: 정확한 runtime reachability 미확인","직접 literal write 발견 없음; 간접 호출은 미확인","local/stage-transition-ui.js:33","미확정: 원본 handler/template 추적 필요","TEST_MISSING","중복정의·동적 template·상위함수 호출을 실제 렌더 결과와 연결","해당 원본 컨트롤의 노출 조건·클릭/필터/취소 결과를 Golden fixture로 검증","<textarea id=""sf-memo"">"
"C02085","UNRESOLVED_CONTROL","paint: 취소","페이지 데이터/상태 경로: 정확한 runtime reachability 미확인","직접 literal write 발견 없음; 간접 호출은 미확인","local/stage-transition-ui.js:33","미확정: 원본 handler/template 추적 필요","TEST_MISSING","중복정의·동적 template·상위함수 호출을 실제 렌더 결과와 연결","해당 원본 컨트롤의 노출 조건·클릭/필터/취소 결과를 Golden fixture로 검증","<button type=""button"" id=""sf-cancel"">"
"C02086","UNRESOLVED_CONTROL","paint: '+esc(def.label)+' · '+(ctx.to==='won'?'종료 확인':'전환 저장')+'","페이지 데이터/상태 경로: 정확한 runtime reachability 미확인","직접 literal write 발견 없음; 간접 호출은 미확인","local/stage-transition-ui.js:33","미확정: 원본 handler/template 추적 필요","TEST_MISSING","중복정의·동적 template·상위함수 호출을 실제 렌더 결과와 연결","해당 원본 컨트롤의 노출 조건·클릭/필터/취소 결과를 Golden fixture로 검증","<button type=""submit"" class=""sf-primary"">"