id,file,line,owner,tag,label_hint,source
"C00001","golden/crm.html","1768","(top-level/template)","div","","<div class=""mi on clk"" data-p=""dash"" onclick=""nav(this)"">"
"C00002","golden/crm.html","1769","(top-level/template)","div","","<div class=""mi clk"" data-p=""inq"" onclick=""nav(this)"">"
"C00003","golden/crm.html","1770","(top-level/template)","div","","<div class=""mi clk"" data-p=""pipe"" onclick=""nav(this)"">"
"C00004","golden/crm.html","1772","(top-level/template)","div","","<div class=""mi clk"" data-p=""mgmt"" onclick=""nav(this)"">"
"C00005","golden/crm.html","1773","(top-level/template)","div","","<div class=""mi clk"" data-p=""perf"" onclick=""nav(this)"">"
"C00006","golden/crm.html","1774","(top-level/template)","div","","<div class=""mi clk"" data-p=""gyeongnam"" onclick=""nav(this)"">"
"C00007","golden/crm.html","1775","(top-level/template)","div","","<div class=""mi clk"" data-p=""brief"" onclick=""nav(this)"">"
"C00008","golden/crm.html","1777","(top-level/template)","div","","<div class=""mi clk"" data-p=""work"" onclick=""nav(this)"">"
"C00009","golden/crm.html","1778","(top-level/template)","div","","<div class=""mi clk"" data-p=""sites"" onclick=""nav(this)"">"
"C00010","golden/crm.html","1779","(top-level/template)","div","","<div class=""mi clk"" data-p=""report"" onclick=""nav(this)"">"
"C00011","golden/crm.html","1781","(top-level/template)","div","","<div class=""mi clk"" data-p=""dup"" onclick=""nav(this)"">"
"C00012","golden/crm.html","1788","(top-level/template)","input","","<input id=""q"" placeholder=""현장·담당자 검색"" oninput=""G.q=this.value.trim();paint()"">"
"C00013","golden/crm.html","1794","(top-level/template)","button","JSON","<button class=""rf clk"" onclick=""exportFullDataJSON()"" title=""전체 CRM 데이터 JSON 내보내기"" style=""width:auto;padding:0 10px;background:#fff;border:1px solid var(--line2);color:var(--blue);font-size:12px;font-weight:900"">"
"C00014","golden/crm.html","1794","(top-level/template)","button","🔍","<button class=""rf clk"" onclick=""runDiag()"" title=""연결 점검 — 데이터가 안 뜰 때 원인 확인"" style=""background:#fff;border:1px solid var(--line2);color:var(--ink2);margin-right:-4px"">"
"C00015","golden/crm.html","1794","(top-level/template)","button","↻","<button class=""rf clk"" onclick=""loadData()"" title=""새로고침"">"
"C00016","golden/crm.html","1804","(top-level/template)","form","
    ","<form onsubmit=""authSignIn();return false"">"
"C00017","golden/crm.html","1806","(top-level/template)","input","","<input id=""au-name"" autocomplete=""username"" placeholder=""예: 황윤선"">"
"C00018","golden/crm.html","1808","(top-level/template)","input","","<input id=""au-pw"" type=""password"" inputmode=""numeric"" autocomplete=""current-password"" placeholder=""본인 핸드폰 번호"">"
"C00019","golden/crm.html","1809","(top-level/template)","button","로그인","<button class=""abtn"" id=""au-btn"" type=""submit"">"
"C00020","golden/crm.html","1814","(top-level/template)","button","
      ","<button class=""gbtn"" onclick=""authGoogle()"">"
"C00021","golden/crm.html","1879","(top-level/template)","button","📱 모바일","<button id=""mv-app"" class=""on"" onclick=""setMobPanel(false)"">"
"C00022","golden/crm.html","1880","(top-level/template)","button","📋 관리 항목 · SLA 표","<button id=""mv-panel"" onclick=""setMobPanel(true)"">"
"C00023","golden/crm.html","1922","(top-level/template)","div","","<div id=""ovl"" onclick=""closeDrw()"">"
"C00024","golden/crm.html","1924","(top-level/template)","button","✕","<button class=""x"" onclick=""closeDrw()"">"
"C00025","golden/crm.html","1928","(top-level/template)","button","← 목록으로","<button class=""backbtn"" onclick=""closeDetail()"">"
"C00026","golden/crm.html","1931","(top-level/template)","div","
  ","<div class=""modalshade"" id=""transitionModal"" aria-hidden=""true"" onclick=""if(event.target===this)closeTransition()"">"
"C00027","golden/crm.html","1933","(top-level/template)","button","✕","<button class=""modalclose"" onclick=""closeTransition()"">"
"C00028","golden/crm.html","1937","(top-level/template)","div","
  ","<div class=""modalshade"" id=""bulkModal"" aria-hidden=""true"" onclick=""if(event.target===this)closeBulkDialog()"">"
"C00029","golden/crm.html","1939","(top-level/template)","button","✕","<button class=""modalclose"" onclick=""closeBulkDialog()"">"
"C00030","golden/crm.html","1943","(top-level/template)","div","
  ","<div class=""modalshade"" id=""quickContactModal"" aria-hidden=""true"" onclick=""if(event.target===this)closeQuickContact()"">"
"C00031","golden/crm.html","1945","(top-level/template)","button","✕","<button class=""modalclose"" onclick=""closeQuickContact()"" aria-label=""닫기"">"
"C00032","golden/crm.html","1949","(top-level/template)","div","
  ","<div class=""modalshade"" id=""kakaoModal"" aria-hidden=""true"" onclick=""if(event.target===this)closeKakaoModal()"">"
"C00033","golden/crm.html","1951","(top-level/template)","button","✕","<button class=""modalclose"" onclick=""closeKakaoModal()"" aria-label=""닫기"">"
"C00034","golden/crm.html","1955","(top-level/template)","div","
  ","<div class=""modalshade"" id=""splitEditModal"" aria-hidden=""true"" onclick=""if(event.target===this)splitForm(null)"">"
"C00035","golden/crm.html","1957","(top-level/template)","button","✕","<button class=""modalclose"" onclick=""splitForm(null)"" aria-label=""닫기"">"
"C00036","golden/crm.html","1961","(top-level/template)","div","
  ","<div class=""modalshade"" id=""newDealModal"" aria-hidden=""true"" onclick=""if(event.target===this)closeNewDeal()"">"
"C00037","golden/crm.html","1963","(top-level/template)","button","✕","<button class=""modalclose"" onclick=""closeNewDeal()"" aria-label=""닫기"">"
"C00038","golden/crm.html","1967","(top-level/template)","div","
  ","<div class=""modalshade perf-drawer"" id=""perfDrawer"" aria-hidden=""true"" onclick=""if(event.target===this)closePerfDrawer()"">"
"C00039","golden/crm.html","1969","(top-level/template)","button","✕","<button class=""modalclose"" onclick=""closePerfDrawer()"" aria-label=""닫기"">"
"C00040","golden/crm.html","1973","(top-level/template)","div","
  ","<div class=""modalshade report-drill"" id=""reportDrill"" aria-hidden=""true"" onclick=""if(event.target===this)closeReportDrill()"">"
"C00041","golden/crm.html","1975","(top-level/template)","button","✕","<button class=""modalclose"" onclick=""closeReportDrill()"" aria-label=""닫기"">"
"C00042","golden/crm.html","1979","(top-level/template)","div","
  ","<div class=""modalshade site-drawer"" id=""siteDrawer"" aria-hidden=""true"" onclick=""if(event.target===this)closeSiteDrawer()"">"
"C00043","golden/crm.html","1981","(top-level/template)","button","✕","<button class=""modalclose"" onclick=""closeSiteDrawer()"" aria-label=""닫기"">"
"C00044","golden/crm.html","1985","(top-level/template)","div","
  ","<div class=""modalshade"" id=""inquiryControlModal"" aria-hidden=""true"" onclick=""if(event.target===this)closeInquiryControlModal()"">"
"C00045","golden/crm.html","1987","(top-level/template)","button","✕","<button class=""modalclose"" onclick=""closeInquiryControlModal()"" aria-label=""닫기"">"
"C00046","golden/crm.html","2096","authBadge","span","로그아웃","<span class=""out"" onclick=""authSignOut()"">"
"C00047","golden/crm.html","2697","runDiag","button","↻ 다시 불러오기","<button onclick=""loadData()"">"
"C00048","golden/crm.html","2697","runDiag","button","📋 결과 복사","<button onclick=""copyDiag()"">"
"C00049","golden/crm.html","2697","runDiag","button","닫기","<button onclick=""document.getElementById(\'err\').style.display=\'none\'"">"
"C00050","golden/crm.html","2776","loadData","button","🔍 연결 점검","<button class=""errbtn"" onclick=""runDiag()"">"
"C00051","golden/crm.html","2779","loadData","button","🔍 연결 점검","<button class=""errbtn"" onclick=""runDiag()"">"
"C00052","golden/crm.html","2822","cnt","span","'+y+'","<span class=""yr clk '+(G.year===y?'on':'')+'"" onclick=""G.year=\''+y+'\';G.quarter=0;paint()"">"
"C00053","golden/crm.html","2824","cnt","span","'+q+'분기","<span class=""qbt clk '+(G.quarter===q?'on':'')+'"" onclick=""G.quarter=(G.quarter==='+q+'?0:'+q+');if(G.year===\'전체\')G.year=CUR_Y;paint()"">"
"C00054","golden/crm.html","2825","cnt","span","연간","<span class=""qbt clk '+(!G.quarter&&G.year!=='전체'?'on':'')+'"" onclick=""G.quarter=0;paint()"">"
"C00055","golden/crm.html","2826","cnt","select","'+workFilterOptions(G.workFilter)+'","<select id=""global-work-filter"" onchange=""G.workFilter=this.value;G.splitKey=null;paint()"">"
"C00056","golden/crm.html","2935","ws","div","'
   +'","<div class=""mcard2 '+(c.bad?'risk ':'')+(G.towerDrill===c.k?'on':'')+'"" title=""'+escAttr(c.tip)+'"" data-k=""'+c.k+'"" onclick=""towerDrill(this.dataset.k)"">"
"C00057","golden/crm.html","2976","paintTowerDrill","button","닫기","<button class=""dact"" onclick=""towerDrill(null)"">"
"C00058","golden/crm.html","2978","paintTowerDrill","td","'+r.n+'","<td class=""clk""'+(r.ci!=null?' onclick=""towerGoStage('+r.ci+')""':'')+'>"
"C00059","golden/crm.html","2982","paintTowerDrill","button","","<button class=""hchip bad"" data-k=""'+r.k+'"" onclick=""towerGoAct(this.dataset.k)"">"
"C00060","golden/crm.html","3009","pipeBox","div","'
  +'","<div class=""pbox'+(o.cls?' '+o.cls:'')+(o.on?' on':'')+'""'
  +(o.go?' onclick=""'+o.go+'""':'')+(o.tip?' title=""'+escAttr(o.tip)+'""':'')+'>"
"C00061","golden/crm.html","3040","paintSalesPipe","","","<=made.length?pctOf(A.length,made.length)+'%':'직접·과거 포함',go:""towerGoRep(G.rep,null,null,'all')""},
  {nm:'경쟁·입찰',n:comp.length,amt:cAmt,conv:'기회 중 '+pctOf(comp.length,A.length)+'%',go:'towerGoRep(G.rep,2,null)'},
  {nm:'수주',n:wonP.length,amt:wonAmtPeriod,conv:'확정일 기준',go:'towerGoWon(G.rep)'}
 ];
 var fmax=Math.max.apply(null,funnel.map(function(x){return x.n}).concat([1]));
 var fhtml=funnel.map(function(x,i){return '<button class=""flow-step"" onclick=""'+x.go+'"">"
"C00062","golden/crm.html","3054","paintSalesPipe","button","","<button class=""money-stage-row"" data-codes=""'+x.codes.join('|')+'"" data-label=""'+escAttr(x.nm)+'"" onclick=""dashboardGoStages(this.dataset.codes,this.dataset.label,true)"">"
"C00063","golden/crm.html","3078","paintTowerDiag","button","닫기","<button class=""dact"" onclick=""towerDiag(null)"">"
"C00064","golden/crm.html","3084","paintTowerDiag","button","","<button class=""drow"" data-k=""'+x.k+'"" data-c=""'+G.pipeDiag+'"" onclick=""towerGoNeck(Number(this.dataset.c),this.dataset.k)"">"
"C00065","golden/crm.html","3086","paintTowerDiag","button","","<button class=""drow"" data-n=""'+escAttr(x.nm)+'"" data-c=""'+G.pipeDiag+'"" onclick=""towerGoRep(this.dataset.n,Number(this.dataset.c),null)"">"
"C00066","golden/crm.html","3087","paintTowerDiag","button","해당 현장 '+L.length+'건 보기 →","<button class=""dact pri"" data-c=""'+G.pipeDiag+'"" onclick=""towerGoStage(Number(this.dataset.c))"">"
"C00067","golden/crm.html","3102","paintTowerToday","div","'
     +'","<div class=""neckrow"" data-id=""'+escAttr(dealKey(d))+'"" onclick=""towerOpen(this.dataset.id)"">"
"C00068","golden/crm.html","3214","path","button","'+m[1]+'","<button class=""'+(kind===m[0]?'on':'')+'"" data-k=""'+m[0]+'"" onclick=""G.yoyKind=this.dataset.k;paint()"">"
"C00069","golden/crm.html","3219","path","button","'+(goal?'목표 수정':'목표 설정')+'","<button onclick=""setYearGoal()"">"
"C00070","golden/crm.html","3265","nearbyHTML","div","'
     +'","<div class=""nbrow"" data-k=""'+escAttr(dealKey(x.d))+'"" onclick=""nearbyOpen(this.dataset.k)"">"
"C00071","golden/crm.html","3321","paintTowerMine","button","'
     +'","<button class=""'+(t.cls||'')+(tab===t.k?' on':'')+'"" data-k=""'+t.k+'"" onclick=""setTodoTab(this.dataset.k)"">"
"C00072","golden/crm.html","3326","paintTowerMine","div","'
      +esc(r.q.site||'현장명 없음')+'","<div class=""tsite"" data-k=""'+escAttr(inqKey(r.q))+'"" onclick=""todoOpenInq(this.dataset.k)"">"
"C00073","golden/crm.html","3329","paintTowerMine","button","열기","<button class=""pri"" data-k=""'+escAttr(inqKey(r.q))+'"" onclick=""todoOpenInq(this.dataset.k)"">"
"C00074","golden/crm.html","3337","paintTowerMine","div","'+esc(r.d.site||'현장명 없음')+'","<div class=""tsite"" data-k=""'+escAttr(k)+'"" onclick=""todoOpen(this.dataset.k)"">"
"C00075","golden/crm.html","3339","paintTowerMine","button","📍 같은 지역 '+r.nb+'곳","<button class=""tnb"" data-k=""'+escAttr(k)+'"" onclick=""event.stopPropagation();todoOpen(this.dataset.k)"">"
"C00076","golden/crm.html","3342","paintTowerMine","button","📞 전화","<button class=""pri"" data-k=""'+escAttr(k)+'"" onclick=""todoCall(this.dataset.k)""'+(ph.tel?'':' disabled title=""연락처가 없습니다 — 견적문의와 연결하면 번호가 생깁니다""')+'>"
"C00077","golden/crm.html","3343","paintTowerMine","button","✓ 완료","<button class=""ok"" data-k=""'+escAttr(k)+'"" onclick=""todoDone(this.dataset.k)"">"
"C00078","golden/crm.html","3344","paintTowerMine","button","연기 +3일","<button data-k=""'+escAttr(k)+'"" onclick=""todoDelay(this.dataset.k)"">"
"C00079","golden/crm.html","3351","paintTowerMine","button","잡으러 가기","<button class=""act"" onclick=""todoGoNone()"">"
"C00080","golden/crm.html","3429","paintTowerFunnel","div","'
     +'","<div class=""fstep '+(x.won?'won':'')+'"" onclick=""'+(x.won?'towerGoWon()':(x.ci!=null?'towerGoStage('+x.ci+')':'towerGoStage(null)'))+'"">"
"C00081","golden/crm.html","3556","paintTowerStageBrand","button","","<button class=""velocity-row '+(bad?'alert':'')+'"" data-codes=""'+s.codes.join('|')+'"" data-label=""'+escAttr(s.nm)+'"" onclick=""dashboardGoStages(this.dataset.codes,this.dataset.label,true)"">"
"C00082","golden/crm.html","3564","paintTowerStageBrand","tr","","<tr class=""'+(G.brand===r.nm?'on':'')+'"" data-b=""'+escAttr(r.nm)+'"" onclick=""G.brand=G.brand===this.dataset.b?\'전체\':this.dataset.b;paint()"">"
"C00083","golden/crm.html","3566","paintTowerStageBrand","button","","<button '+(tracked.length?'onclick=""dashboardGoRisk(\'advanced\')""':'disabled')+'>"
"C00084","golden/crm.html","3566","paintTowerStageBrand","button","","<button onclick=""dashboardGoSnapshot(\'active\')"">"
"C00085","golden/crm.html","3566","paintTowerStageBrand","button","","<button class=""risk"" onclick=""dashboardGoRisk(\'stageSla\')"">"
"C00086","golden/crm.html","3577","paintTowerCharts","button","'+esc(r.nm)+'","<button class=""chart-rep"" data-n=""'+escAttr(r.nm)+'"" onclick=""towerGoRepMetric(this.dataset.n,\'active\')"">"
"C00087","golden/crm.html","3578","paintTowerCharts","button","","<button class=""chart-track pipe'+(r.p?'':' zero')+'"" data-n=""'+escAttr(r.nm)+'"" onclick=""towerGoRepMetric(this.dataset.n,\'active\')"" aria-label=""'+escAttr(r.nm+' 진행 Pipeline '+eok(r.p))+'"">"
"C00088","golden/crm.html","3579","paintTowerCharts","button","","<button class=""chart-track compete'+(r.c?'':' zero')+'"" data-n=""'+escAttr(r.nm)+'"" onclick=""dashboardGoRepStages(this.dataset.n,\'compete|imminent|bidding\',\'경쟁·입찰\')"" aria-label=""'+escAttr(r.nm+' 경쟁 입찰 '+eok(r.c))+'"">"
"C00089","golden/crm.html","3580","paintTowerCharts","button","","<button class=""chart-track won'+(r.w?'':' zero')+'"" data-n=""'+escAttr(r.nm)+'"" onclick=""towerGoWon(this.dataset.n)"" aria-label=""'+escAttr(r.nm+' 수주 '+eok(r.w))+'"">"
"C00090","golden/crm.html","3592","paintTowerReps","button","'+esc(x[1])+'","<button class=""'+(scope===x[0]?'on':'')+'"" data-s=""'+x[0]+'"" onclick=""setRepScope(this.dataset.s)"">"
"C00091","golden/crm.html","3600","paintTowerReps","td","'+r.iq+'","<td class=""clk"" data-n=""'+escAttr(r.nm)+'"" onclick=""towerGoInq(this.dataset.n)"">"
"C00092","golden/crm.html","3601","paintTowerReps","td","'+(r.iq?r.made:'—')+(r.iwon?'","<td class=""clk"" title=""이 수치의 견적문의 근거 목록 열기"" data-n=""'+escAttr(r.nm)+'"" onclick=""towerGoRepMetric(this.dataset.n,\'inqMade\')"">"
"C00093","golden/crm.html","3602","paintTowerReps","td","'+(r.iq?r.mrate+'%':'—')+'","<td class=""clk conv '+mcls+'"" title=""메이드율의 전체 견적문의 근거 열기"" data-n=""'+escAttr(r.nm)+'"" onclick=""towerGoRepMetric(this.dataset.n,\'inqAll\')"">"
"C00094","golden/crm.html","3603","paintTowerReps","td","'+r.asg
       +'","<td class=""clk"" data-n=""'+escAttr(r.nm)+'"" onclick=""towerGoRepMetric(this.dataset.n,\'assigned\')"">"
"C00095","golden/crm.html","3605","paintTowerReps","td","'+r.self+(r.self?'","<td class=""clk"" title=""직접영업 근거 현장 열기"" data-n=""'+escAttr(r.nm)+'"" onclick=""towerGoRepMetric(this.dataset.n,\'self\')"">"
"C00096","golden/crm.html","3606","paintTowerReps","td","'+eok(r.q)+'","<td class=""clk"" title=""영업기회 금액의 현장 목록 열기"" data-n=""'+escAttr(r.nm)+'"" onclick=""towerGoRepMetric(this.dataset.n,\'all\')"">"
"C00097","golden/crm.html","3607","paintTowerReps","td","'+eok(r.p)+'","<td class=""clk"" data-n=""'+escAttr(r.nm)+'"" onclick=""towerGoRepMetric(this.dataset.n,\'active\')"">"
"C00098","golden/crm.html","3608","paintTowerReps","td","'+eok(r.c)+'","<td class=""clk"" data-n=""'+escAttr(r.nm)+'"" onclick=""dashboardGoRepStages(this.dataset.n,\'compete|imminent|bidding\',\'경쟁·입찰\')"">"
"C00099","golden/crm.html","3609","paintTowerReps","td","'+eok(r.w)+'","<td class=""clk"" data-n=""'+escAttr(r.nm)+'"" onclick=""towerGoWon(this.dataset.n)"">"
"C00100","golden/crm.html","3610","paintTowerReps","td","'+r.conv+'%","<td class=""clk conv '+cls+'"" title=""금액수주율의 전체 영업기회 근거 열기"" data-n=""'+escAttr(r.nm)+'"" onclick=""towerGoRepMetric(this.dataset.n,\'all\')"">"
"C00101","golden/crm.html","3612","paintTowerReps","td","'+(r.ql.resp==null?'—':r.ql.resp+'%')+'","<td class=""clk q'+(r.ql.resp!=null&&r.ql.resp<80?' lo':'')+'"" title=""응대율의 배정 견적문의 근거 열기"" data-n=""'+escAttr(r.nm)+'"" onclick=""towerGoRepMetric(this.dataset.n,\'inqAssigned\')"">"
"C00102","golden/crm.html","3613","paintTowerReps","td","'+(r.ql.next==null?'—':r.ql.next+'%')+'","<td class=""clk q'+(r.ql.next!=null&&r.ql.next<80?' lo':'')+'"" title=""Next 설정률의 진행 Pipeline 근거 열기"" data-n=""'+escAttr(r.nm)+'"" onclick=""towerGoRepMetric(this.dataset.n,\'active\')"">"
"C00103","golden/crm.html","3614","paintTowerReps","td","'+(r.ql.keep==null?'—':r.ql.keep+'%')+'","<td class=""clk q'+(r.ql.keep!=null&&r.ql.keep<80?' lo':'')+'"" title=""기한준수율의 기한 설정 현장 근거 열기"" data-n=""'+escAttr(r.nm)+'"" onclick=""towerGoRepMetric(this.dataset.n,\'due\')"">"
"C00104","golden/crm.html","3615","paintTowerReps","td","","<td class=""clk"" data-n=""'+escAttr(r.nm)+'"" onclick=""towerGoRepMetric(this.dataset.n,\'risk\')"">"
"C00105","golden/crm.html","3617","paintTowerReps","td","","<td class=""clk"" title=""진단의 진행 Pipeline 근거 열기"" data-n=""'+escAttr(r.nm)+'"" onclick=""towerGoRepMetric(this.dataset.n,\'active\')"">"
"C00106","golden/crm.html","3623","paintTowerReps","button","연결 확인 열기","<button class=""act"" onclick=""G.inqView=String.fromCharCode(108,105,110,107);goPage(String.fromCharCode(105,110,113))"">"
"C00107","golden/crm.html","3657","paintRepFlow","button","'+esc(r.nm)+'","<button class=""rep-flow-name"" data-i=""'+i+'"" onclick=""openRepFlowDrawer(Number(this.dataset.i))"">"
"C00108","golden/crm.html","3657","paintRepFlow","button","'+(r.risk?'● '+r.risk+'건':'✓ 0건')+'","<button class=""rep-flow-risk '+riskCls+'"" data-i=""'+i+'"" onclick=""repFlowGoRisk(Number(this.dataset.i))"">"
"C00109","golden/crm.html","3663","openRepFlowDrawer","button","","<button class=""rep-flow-bar"" data-i=""'+i+'"" data-codes=""'+escAttr(x.codes.join('|'))+'"" data-label=""'+escAttr(x.label)+'"" onclick=""repFlowGoStage(Number(this.dataset.i),this.dataset.codes,this.dataset.label)"">"
"C00110","golden/crm.html","3663","openRepFlowDrawer","button","","<button class=""perf-focus-row perf-risk-row"" data-j=""'+j+'"" onclick=""openRepFlowRiskDeal(Number(this.dataset.j))"">"
"C00111","golden/crm.html","3664","openRepFlowDrawer","button","문제 현장 전체보기","<button data-i=""'+i+'"" onclick=""repFlowGoRisk(Number(this.dataset.i))"">"
"C00112","golden/crm.html","3682","paintTowerNeck","div","'
     +'","<div class=""neckrow"" data-ci=""'+r.ci+'"" data-k=""'+(r.wk||'')+'"" onclick=""towerGoNeck(Number(this.dataset.ci),this.dataset.k)"">"
"C00113","golden/crm.html","3708","paintTowerAction","div","'
     +'","<div class=""neckrow"" data-ci=""'+r.ci+'"" data-k=""'+(r.wk||'')+'"" onclick=""towerGoNeck(Number(this.dataset.ci),this.dataset.k)"">"
"C00114","golden/crm.html","3717","paintTowerAction","div","'
     +'","<div class=""neckrow"" data-id=""'+escAttr(dealKey(d))+'"" onclick=""towerOpen(this.dataset.id)"">"
"C00115","golden/crm.html","3746","paintTowerHealth","button","","<button class=""health-signal '+x.cls+'"" '+(disabled?'disabled':'onclick=""'+x.go+'""')+'>"
"C00116","golden/crm.html","3783","applyHomeRole","button","'+esc(x[1])+'","<button class=""'+(r===x[0]?'on':'')+'"" data-r=""'+x[0]+'"" onclick=""setHomeRole(this.dataset.r)"">"
"C00117","golden/crm.html","3796","paintHeadline","button","지금 보기 →","<button class=""hlgo"" onclick=""dashboardGoSnapshot(\'risk\')"">"
"C00118","golden/crm.html","3885","paintRotList","div","'
    +'","<div class=""trow clk"" style=""grid-template-columns:90px 1.7fr 120px 120px 120px 110px"" onclick=\'drwDeal('+JSON.stringify(JSON.stringify(d))+')\'>"
"C00119","golden/crm.html","3906","cell","button","'
     +'","<button class=""lkcard '+cls+(G.lostKind===k?' on':'')+'"" data-k=""'+k+'"" onclick=""G.lostKind=(G.lostKind===this.dataset.k?null:this.dataset.k);paint()"">"
"C00120","golden/crm.html","3928","paintClosed","button","← 칸반으로","<button class=""reset"" onclick=""G.pipeView=\'kb\';G.stageCol=null;G.consoleMacro=null;paint()"">"
"C00121","golden/crm.html","3931","paintClosed","button","'+x+'","<button class=""'+(t===x?'on':'')+'"" data-t=""'+x+'"" onclick=""setClosedTab(this.dataset.t)"">"
"C00122","golden/crm.html","3936","paintClosed","div","'
      +'","<div class=""trow clk"" style=""grid-template-columns:1.6fr 110px 90px 110px 100px"" onclick=\'drwDeal('+JSON.stringify(JSON.stringify(d))+')\'>"
"C00123","golden/crm.html","3973","top2","div","","<div class=""fc-row"" style=""border-left:4px solid var(--ok)"" onclick=""alert(\'계약·시공 '+commit.length+'건 — 칸반에서 확인\')"">"
"C00124","golden/crm.html","4047","paintMobile","button","7일 SLA","<button class=""'+(G.mobView==='week'?'on':'')+'"" onclick=""setMobView(\'week\')"">"
"C00125","golden/crm.html","4047","paintMobile","button","30일 SLA","<button class=""'+(G.mobView==='month'?'on':'')+'"" onclick=""setMobView(\'month\')"">"
"C00126","golden/crm.html","4049","paintMobile","div","","<div class=""mobrow '+(s.late?'bad':'')+'"" style=""cursor:pointer"" onclick=""openDealAt('+idx+')"">"
"C00127","golden/crm.html","4078","paintReport","div","","<div class=""kpi clk"" onclick=""window.print()"">"
"C00128","golden/crm.html","4149","paintWorkAnalysis","button","","<button class=""wa-bar-row"" onclick=""workAnalysisDrill(\'pipeline\','+i+')"">"
"C00129","golden/crm.html","4149","paintWorkAnalysis","button","","<button class=""wa-combo"" onclick=""workAnalysisComboDrill('+i+')"">"
"C00130","golden/crm.html","4150","paintWorkAnalysis","button","'+r.opp.length+'건","<button class=""wa-cell"" onclick=""workAnalysisDrill(\'opp\','+i+')"">"
"C00131","golden/crm.html","4150","paintWorkAnalysis","button","'+reportAmount(r.pipeline)+'","<button class=""wa-cell"" onclick=""workAnalysisDrill(\'pipeline\','+i+')"">"
"C00132","golden/crm.html","4150","paintWorkAnalysis","button","'+r.comp.length+'건 · '+reportAmount(r.compete)+'","<button class=""wa-cell"" onclick=""workAnalysisDrill(\'compete\','+i+')"">"
"C00133","golden/crm.html","4150","paintWorkAnalysis","button","'+r.won.length+'건 · '+reportAmount(r.wonAmount)+'","<button class=""wa-cell"" onclick=""workAnalysisDrill(\'won\','+i+')"">"
"C00134","golden/crm.html","4151","paintWorkAnalysis","button","","<button class=""wa-kpi"" onclick=""workAnalysisDrill(\'opp\')"">"
"C00135","golden/crm.html","4151","paintWorkAnalysis","button","","<button class=""wa-kpi"" onclick=""workAnalysisDrill(\'pipeline\')"">"
"C00136","golden/crm.html","4151","paintWorkAnalysis","button","","<button class=""wa-kpi"" onclick=""workAnalysisDrill(\'won\')"">"
"C00137","golden/crm.html","4151","paintWorkAnalysis","button","","<button class=""wa-kpi warn"" onclick=""workAnalysisDrill(\'multi\')"">"
"C00138","golden/crm.html","4151","paintWorkAnalysis","button","","<button class=""wa-kpi danger"" onclick=""workAnalysisDrill(\'unclassified\')"">"
"C00139","golden/crm.html","4152","paintWorkAnalysis","button","","<button onclick=""workAnalysisDrill(\'singleWon\')"">"
"C00140","golden/crm.html","4152","paintWorkAnalysis","button","","<button onclick=""workAnalysisDrill(\'multiWon\')"">"
"C00141","golden/crm.html","4153","paintWorkAnalysis","button","Pipeline순","<button class=""'+(G.workSort==='pipeline'?'on':'')+'"" onclick=""workAnalysisSetSort(\'pipeline\')"">"
"C00142","golden/crm.html","4153","paintWorkAnalysis","button","수주순","<button class=""'+(G.workSort==='won'?'on':'')+'"" onclick=""workAnalysisSetSort(\'won\')"">"
"C00143","golden/crm.html","4153","paintWorkAnalysis","button","건수순","<button class=""'+(G.workSort==='opp'?'on':'')+'"" onclick=""workAnalysisSetSort(\'opp\')"">"
"C00144","golden/crm.html","4174","paintSites","button","","<button class=""site-health-card '+(G.siteStatus===x[0]?'on':'')+'"" onclick=""setSiteStatus(\''+x[0]+'\')"">"
"C00145","golden/crm.html","4175","paintSites","select","'+brandOpts+'","<select onchange=""G.siteBrand=this.value;G.siteStatus=\'전체\';paintSites()"">"
"C00146","golden/crm.html","4175","paintSites","select","'+ownerOpts+'","<select onchange=""G.siteOwner=this.value;G.siteStatus=\'전체\';paintSites()"">"
"C00147","golden/crm.html","4175","paintSites","select","'+workFilterOptions(G.workFilter)+'","<select onchange=""G.workFilter=this.value;G.siteStatus=\'전체\';paintSites()"">"
"C00148","golden/crm.html","4175","paintSites","select","'+['관계우선','최근접촉순','수주금액순','진행기회순'].map(function(x){return '","<select onchange=""G.siteSort=this.value;paintSites()"">"
"C00149","golden/crm.html","4175","paintSites","button","","<button class=""site-table-row data"" onclick=""openSiteMaster('+i+')"">"
"C00150","golden/crm.html","4182","openSiteMaster","a","전화","<a href=""tel:'+phoneN(c.mobile)+'"">"
"C00151","golden/crm.html","4182","openSiteMaster","a","문자","<a href=""sms:'+phoneN(c.mobile)+'"">"
"C00152","golden/crm.html","4182","openSiteMaster","button","현재 현장","<button data-site=""'+escAttr(c.currentSite)+'"" onclick=""openRelatedSite(this.dataset.site)"">"
"C00153","golden/crm.html","4182","openSiteMaster","button","","<button class=""site-opp-row"" onclick=""openSiteDeal('+j+')"">"
"C00154","golden/crm.html","4193","renderDups","div","","<div class=""grph clk"" onclick=""document.getElementById(\'g'+i+'\').classList.toggle(\'open\')"">"
"C00155","golden/crm.html","4247","detailChecks","input","","<input type=""checkbox"" '+(ch[i]?'checked':'')+' onchange=""toggleDetailCheck('+i+',this.checked)"">"
"C00156","golden/crm.html","4262","nextActionHero","button","이 행동 완료","<button class=""dact pri"" onclick=""completeNextAction()"">"
"C00157","golden/crm.html","4262","nextActionHero","button","수정","<button class=""dact"" onclick=""document.getElementById(\'nextActionCard\').scrollIntoView({behavior:\'smooth\'})"">"
"C00158","golden/crm.html","4264","nextStepChip","5","다음: '+esc(n)+' →","<5?'step:'+(idx+1):'won',n=idx<5?FLOW_STEPS[idx+1]:'수주 성공';return '<button class=""dact next"" onclick=""chipTransition(\''+v+'\')"">"
"C00159","golden/crm.html","4275","contactDirectoryHTML","button","＋ 연락처 추가","<button class=""dact pri"" onclick=""openQuickContact(\'new\')"">"
"C00160","golden/crm.html","4297","contactCardHTML","button","📞 관리사무소","<button '+(!c.officeTel?'disabled':'')+' onclick=""contactDial(\'office\')"">"
"C00161","golden/crm.html","4297","contactCardHTML","button","📱 소장 전화","<button class=""pri"" '+(!c.mobile?'disabled':'')+' onclick=""contactDial(\'mobile\')"">"
"C00162","golden/crm.html","4297","contactCardHTML","button","✉ 문자","<button '+(!c.mobile?'disabled':'')+' onclick=""contactSms()"">"
"C00163","golden/crm.html","4297","contactCardHTML","button","💬 카카오","<button '+(!c.mobile?'disabled':'')+' onclick=""contactKakao()"">"
"C00164","golden/crm.html","4298","contactCardHTML","button","🎙 통화 완료 → 내용 말하기","<button class=""contactvoice"" '+(!c.mobile?'disabled':'')+' onclick=""contactVoiceComplete()"">"
"C00165","golden/crm.html","4299","contactCardHTML","input","","<input id=""ct-office"" inputmode=""tel"" value=""'+escAttr(c.officeTel)+'"">"
"C00166","golden/crm.html","4299","contactCardHTML","input","","<input id=""ct-name"" value=""'+escAttr(c.name)+'"">"
"C00167","golden/crm.html","4299","contactCardHTML","input","","<input id=""ct-mobile"" inputmode=""tel"" value=""'+escAttr(c.mobile)+'"">"
"C00168","golden/crm.html","4299","contactCardHTML","input","","<input id=""ct-email"" type=""email"" value=""'+escAttr(c.officeEmail)+'"">"
"C00169","golden/crm.html","4299","contactCardHTML","button","연락처 저장","<button class=""dact"" onclick=""saveContactInfo()"">"
"C00170","golden/crm.html","4299","contactCardHTML","button","관리소장 근무지 이동","<button class=""dact warn"" onclick=""openManagerMove()"">"
"C00171","golden/crm.html","4299","contactCardHTML","button","📅 일정 잡기","<button class=""dact"" onclick=""contactSchedule()"">"
"C00172","golden/crm.html","4311","openQuickContact","input","","<input id=""qc-office"" inputmode=""tel"" autocomplete=""tel"" value=""'+escAttr(c.officeTel)+'"" placeholder=""예: 02-1234-5678"">"
"C00173","golden/crm.html","4312","openQuickContact","select","'+CONTACT_ROLES.map(function(r){return '","<select id=""qc-role"">"
"C00174","golden/crm.html","4313","openQuickContact","input","","<input id=""qc-name"" value=""'+escAttr(c.name)+'"" placeholder=""예: 홍길동"">"
"C00175","golden/crm.html","4314","openQuickContact","input","","<input id=""qc-mobile"" inputmode=""tel"" autocomplete=""tel"" value=""'+escAttr(c.mobile)+'"" placeholder=""예: 010-1234-5678"">"
"C00176","golden/crm.html","4315","openQuickContact","input","","<input id=""qc-email"" type=""email"" value=""'+escAttr(c.officeEmail)+'"" placeholder=""선택 입력"">"
"C00177","golden/crm.html","4316","openQuickContact","button","취소","<button class=""dact"" onclick=""closeQuickContact()"">"
"C00178","golden/crm.html","4316","openQuickContact","button","연락처 저장","<button class=""dact pri"" onclick=""saveQuickContact()"">"
"C00179","golden/crm.html","4335","openKakaoModal","select","","<select id=""kk-type"" onchange=""renderKakaoDraft()"">"
"C00180","golden/crm.html","4335","openKakaoModal","input","","<input id=""kk-customer"" value=""'+escAttr(c.name||'')+'"" oninput=""renderKakaoDraft()"">"
"C00181","golden/crm.html","4335","openKakaoModal","input","","<input id=""kk-site"" value=""'+escAttr(item.site||'')+'"" oninput=""renderKakaoDraft()"">"
"C00182","golden/crm.html","4335","openKakaoModal","input","","<input id=""kk-visit"" placeholder=""예: 9월 10일 오후 2시"" oninput=""renderKakaoDraft()"">"
"C00183","golden/crm.html","4335","openKakaoModal","input"," 브랜드명 포함(선택)","<input type=""checkbox"" id=""kk-use-brand"" onchange=""renderKakaoDraft()"">"
"C00184","golden/crm.html","4335","openKakaoModal","input","","<input id=""kk-brand"" style=""display:none;margin-top:8px"" placeholder=""브랜드명 입력"" oninput=""renderKakaoDraft()"">"
"C00185","golden/crm.html","4335","openKakaoModal","button","취소","<button class=""dact"" onclick=""closeKakaoModal()"">"
"C00186","golden/crm.html","4335","openKakaoModal","button","검수 승인 후 발송 가능","<button class=""dact pri"" id=""kk-send"" disabled>"
"C00187","golden/crm.html","4340","openManagerMove","input","","<input id=""mv-site"" placeholder=""예: 매탄임광아파트"">"
"C00188","golden/crm.html","4340","openManagerMove","input","","<input id=""mv-office"" inputmode=""tel"" placeholder=""예: 031-000-0000"">"
"C00189","golden/crm.html","4340","openManagerMove","input","","<input id=""mv-date"" type=""date"" value=""'+today+'"">"
"C00190","golden/crm.html","4340","openManagerMove","input","","<input id=""mv-reason"" placeholder=""예: 관리소장 통화로 근무지 이동 확인"">"
"C00191","golden/crm.html","4340","openManagerMove","button","이동 이력 저장","<button class=""dact pri"" onclick=""saveManagerMove()"">"
"C00192","golden/crm.html","4340","openManagerMove","button","취소","<button class=""dact"" onclick=""openManagerMove()"">"
"C00193","golden/crm.html","4351","detailAssigneeControlHTML","select","'+repOptions(item.assignee)+'","<select id=""dv-assignee"">"
"C00194","golden/crm.html","4351","detailAssigneeControlHTML","button","담당자 변경 저장","<button class=""dact"" onclick=""saveAssigneeChange()"">"
"C00195","golden/crm.html","4352","detailAssigneeControlHTML","button","확인함으로 이동","<button class=""dact pri"" onclick=""G.inqBucket=INQ_TECH_REVIEW_TAB;paint()"">"
"C00196","golden/crm.html","4352","detailAssigneeControlHTML","button","연결된 영업기회 열기","<button class=""dact"" onclick=""G.page=\'pipe\';G.brand=\'기술자문\';setCurDetail(inqTechLinkedDeal(CUR_DETAIL.item));paint()"">"
"C00197","golden/crm.html","4354","detailAssigneeControlHTML","button","'+(assigned?'배정 변경':'담당자 배정')+'","<button class=""dact pri"" data-k=""'+escAttr(inqKey(item))+'"" data-mode=""'+(assigned?'reassign':'assign')+'"" onclick=""inqCtlOpenAssign(this.dataset.mode,this.dataset.k)"">"
"C00198","golden/crm.html","4357","transitionAssigneeFieldHTML","select","'+repOptions(item.assignee)+'","<select id=""tr-assignee"">"
"C00199","golden/crm.html","4358","transitionAssigneeFieldHTML","input","","<input id=""tr-assignee"" type=""hidden"" value=""'+escAttr(repN(item.assignee))+'"">"
"C00200","golden/crm.html","4361","nextActionAssigneeFieldHTML","select","'+repOptions(na&&na.assignee||item.assignee)+'","<select id=""dv-na-assignee"">"
"C00201","golden/crm.html","4362","nextActionAssigneeFieldHTML","input","","<input id=""dv-na-assignee"" type=""hidden"" value=""'+escAttr(repN(item.assignee))+'"">"
"C00202","golden/crm.html","4378","renderDetailBase","button","'+(workScopeOf(item)==='unclassified'?'공종 분류':'공종 수정')+'","<button class=""dact"" style=""margin-top:8px"" onclick=""openWorkEdit()"">"
"C00203","golden/crm.html","4378","renderDetailBase","input","","<input id=""dv-qamt"" type=""number"" min=""0"" step=""10000"" value=""'+(quoteAmt(item)||'')+'"" placeholder=""견적준비 시 영업대상 금액"">"
"C00204","golden/crm.html","4378","renderDetailBase","input","","<input id=""dv-amt"" type=""number"" min=""0"" step=""10000"" value=""'+(amt||'')+'"" placeholder=""예: 150000000"">"
"C00205","golden/crm.html","4378","renderDetailBase","input","","<input id=""dv-wamt"" type=""number"" min=""0"" step=""10000"" value=""'+(wonAmt(item)||'')+'"" placeholder=""계약 확정 금액"">"
"C00206","golden/crm.html","4378","renderDetailBase","button","금액 저장","<button class=""dact"" style=""width:100%"" onclick=""saveBasics()"">"
"C00207","golden/crm.html","4380","renderDetailBase","select","'+ACTIVITY_TYPES.map(function(t){return '","<select id=""dv-act-type"">"
"C00208","golden/crm.html","4380","renderDetailBase","input","","<input id=""dv-act-at"" type=""datetime-local"" value=""'+localDateTimeValue()+'"">"
"C00209","golden/crm.html","4380","renderDetailBase","textarea","","<textarea id=""dv-act-note"" placeholder=""예: 관리소장과 통화해 옥상 방수 범위 확인"">"
"C00210","golden/crm.html","4380","renderDetailBase","textarea","","<textarea id=""dv-act-result"" placeholder=""예: 도면 수신 후 견적 요청, 9/2 재통화"">"
"C00211","golden/crm.html","4380","renderDetailBase","button","활동 저장","<button class=""dact pri"" onclick=""addDetailActivity()"">"
"C00212","golden/crm.html","4382","renderDetailBase","select","'+ACTIVITY_TYPES.map(function(t){return '","<select id=""dv-na-type"">"
"C00213","golden/crm.html","4382","renderDetailBase","input","","<input id=""dv-na-date"" type=""date"" value=""'+escAttr(na&&na.due||'')+'"">"
"C00214","golden/crm.html","4382","renderDetailBase","input","","<input id=""dv-na-text"" value=""'+escAttr(na&&na.text||'')+'"" placeholder=""예: 견적서 검토 여부 확인 전화"">"
"C00215","golden/crm.html","4382","renderDetailBase","button","다음 행동 저장","<button class=""dact pri"" onclick=""saveNextAction()"">"
"C00216","golden/crm.html","4382","renderDetailBase","button","7일 재접촉 자동입력","<button class=""dact warn"" onclick=""scheduleFocus()"">"
"C00217","golden/crm.html","4384","renderDetailBase","button","＋ 활동 기록","<button class=""dact"" onclick=""detailTabFocus(\'영업활동\')"">"
"C00218","golden/crm.html","4384","renderDetailBase","button","🔀 사업유형 전환","<button class=""dact warn"" onclick=""openBizChange()"">"
"C00219","golden/crm.html","4384","renderDetailBase","button","단계 전환 →","<button class=""dact pri"" onclick=""openTransition()"">"
"C00220","golden/crm.html","4427","openTransition","select","'+transitionOptions(idx,CUR_DETAIL.kind)+'","<select id=""tr-target"" onchange=""transitionTargetChanged()"">"
"C00221","golden/crm.html","4427","openTransition","textarea","","<textarea id=""tr-did"" placeholder=""예: 현장 실측과 관리소장 요구사항 확인 완료"">"
"C00222","golden/crm.html","4427","openTransition","textarea","","<textarea id=""tr-result"" placeholder=""예: 견적 산출 가능, 경쟁사 2곳과 비교 예정"">"
"C00223","golden/crm.html","4427","openTransition","select","'+reasonOptionsFor($('#tr-target')?$('#tr-target').value:'')+'","<select id=""tr-reason"">"
"C00224","golden/crm.html","4427","openTransition","input","","<input id=""tr-next"" placeholder=""예: 견적서 발송 후 확인 전화"">"
"C00225","golden/crm.html","4427","openTransition","input","","<input id=""tr-due"" type=""date"">"
"C00226","golden/crm.html","4427","openTransition","button","취소","<button class=""dact"" onclick=""closeTransition()"">"
"C00227","golden/crm.html","4427","openTransition","button","전환 내용 저장","<button class=""dact pri"" onclick=""confirmTransition()"">"
"C00228","golden/crm.html","4433","trStageQuick","button","'+esc(stageNoLabel(c))+'","<button type=""button"" class=""trq next"" onclick=""trPick(\''+c+'\')"">"
"C00229","golden/crm.html","4435","trStageQuick","button","'+esc(x[1])+'","<button type=""button"" class=""trq end"" onclick=""trPick(\''+x[0]+'\')"">"
"C00230","golden/crm.html","4622","sharedFilterBar","select","'+reps.map(function(r){return '","<select onchange=""G.rep=this.value;G.stageCol=null;paint()"">"
"C00231","golden/crm.html","4622","sharedFilterBar","select","'+subs.map(function(s){return '","<select onchange=""G.pipeSub=this.value;paint()"">"
"C00232","golden/crm.html","4622","sharedFilterBar","select","'+['전체','기한초과','미응대','무행동','장기정체','다음행동없음','오늘','정상','미래대기'].map(function(s){ret","<select onchange=""G.pipeStatus=this.value;paint()"">"
"C00233","golden/crm.html","4622","sharedFilterBar","select","'+[['전체','전체'],['30','30일+'],['90','90일+'],['180','180일+'],['365','365일+']].map(","<select onchange=""G.pipeAge=this.value;paint()"">"
"C00234","golden/crm.html","4622","sharedFilterBar","select","'+['우선순위','최근 활동','오래된 활동','금액 큰순','담당자'].map(function(s){return '","<select onchange=""G.pipeSort=this.value;paint()"">"
"C00235","golden/crm.html","4622","sharedFilterBar","button","필터 초기화","<button class=""reset"" onclick=""G.rep=&quot;전체&quot;;G.pipeSub=&quot;전체&quot;;G.pipeStatus=&quot;전체&quot;;G.pipeAge=&quot;전체&quot;;G.pipeSort=&quot;우선순위&quot;;G.stageCol=null;paint()"">"
"C00236","golden/crm.html","4623","pipelineMatrix","","","<=5}).length;h+='<div class=""mc"" data-rep=""'+esc(r)+'"" data-stage=""'+ci+'"" onclick=""matrixFilter(this.dataset.rep,Number(this.dataset.stage))"">"
"C00237","golden/crm.html","4625","denseCard","div","","<div class=""dense-card '+p.cls+'"" onclick=\'drwDeal('+JSON.stringify(JSON.stringify(d))+')\'>"
"C00238","golden/crm.html","4628","paintStageList","button","← 칸반","<button class=""reset"" onclick=""G.stageCol=null;G.pipeView=\'kb\';paint()"">"
"C00239","golden/crm.html","4628","paintStageList","select","","<select id=""bulkAssignee"">"
"C00240","golden/crm.html","4628","paintStageList","select","","<select id=""bulkStage"">"
"C00241","golden/crm.html","4628","paintStageList","input","","<input id=""bulkNext"" placeholder=""공통 다음 행동"">"
"C00242","golden/crm.html","4628","paintStageList","input","","<input id=""bulkReason"" placeholder=""변경 사유(필수)"">"
"C00243","golden/crm.html","4628","paintStageList","button","선택 건 적용","<button onclick=""applyBulk()"">"
"C00244","golden/crm.html","4628","paintStageList","div","","<div class=""stage-list-row"" onclick=\'drwDeal('+JSON.stringify(JSON.stringify(d))+')\'>"
"C00245","golden/crm.html","4628","paintStageList","input","","<input type=""checkbox"" '+(BULK_SEL[k]?'checked':'')+' onclick=""event.stopPropagation();toggleBulk('+JSON.stringify(k)+',this.checked)"">"
"C00246","golden/crm.html","4628","paintStageList","button","다음 50건 더 보기","<button class=""dense-more"" onclick=""G.stagePage++;paint()"">"
"C00247","golden/crm.html","4638","paintPipe","span","'+b+'","<span class=""bt clk '+(G.brand===b?'on':'')+'"" data-brand=""'+escAttr(b)+'"" onclick=""G.brand=this.dataset.brand;G.stageCol=null;paint()"">"
"C00248","golden/crm.html","4638","paintPipe","button","＋ 영업 추가","<button class=""addbiz"" onclick=""openNewDeal()"">"
"C00249","golden/crm.html","4638","paintPipe","span","🗂️ 칸반 보드","<span class=""clk '+(['fc','closed','console','split'].indexOf(G.pipeView)<0?'on':'')+'"" onclick=""G.pipeView=\'kb\';G.stageCol=null;G.consoleMacro=null;paint()"">"
"C00250","golden/crm.html","4638","paintPipe","span","🪟 스플릿","<span class=""clk '+(G.pipeView==='split'?'on':'')+'"" onclick=""G.pipeView=\'split\';paint()"">"
"C00251","golden/crm.html","4638","paintPipe","span","📈 포캐스트","<span class=""clk '+(G.pipeView==='fc'?'on':'')+'"" onclick=""setPipeView(\'fc\')"">"
"C00252","golden/crm.html","4650","ctlMatrix","","","<=5}).length;h+='<div class=""mc"" onclick=\'G.rep='+JSON.stringify(rep)+';G.ctlStage='+JSON.stringify(String(i))+';G.ctlKpi=""전체"";paint()\'>"
"C00253","golden/crm.html","4658","flowHTML","active","","<active,now=active===i,v=counts&&Number.isFinite(Number(counts[i]))?Number(counts[i]):null;return '<div class=""jstep '+(done?'done ':'')+(now?'now':'')+'"" onclick=""journeyStageClick('+i+')"">"
"C00254","golden/crm.html","4808","unifiedTimelineHTML","div","","<div class=""utlhead"" onclick=""utlToggle(this)"">"
"C00255","golden/crm.html","4819","unifiedTimelineHTML","button","이전 응대 '+(R.length-lim)+'건 더 보기","<button class=""utlmore"" onclick=""utlShowAll()"">"
"C00256","golden/crm.html","4873","bEmpty","button","'+esc(btn)+'","<button data-a=""'+escAttr(arg||'')+'"" onclick=""'+act+'"">"
"C00257","golden/crm.html","4879","briefHTML","button","📞 전화","<button class=""pri"" onclick=""briefCall()"">"
"C00258","golden/crm.html","4880","briefHTML","button","✉ 문자","<button onclick=""briefSms()"">"
"C00259","golden/crm.html","4881","briefHTML","button","📋 번호 복사","<button onclick=""briefCopy()"">"
"C00260","golden/crm.html","4882","briefHTML","button","📞 전화","<button disabled title=""이 현장에 연락처가 없습니다"">"
"C00261","golden/crm.html","4883","briefHTML","button","✉ 문자","<button disabled title=""이 현장에 연락처가 없습니다"">"
"C00262","golden/crm.html","4884","briefHTML","button","📅 다음 행동","<button data-a=""일정"" onclick=""detailTabFocus(this.dataset.a)"">"
"C00263","golden/crm.html","4886","briefHTML","button","＋ 연락처 없음","<button class=""bph no"" onclick=""openQuickContact()"">"
"C00264","golden/crm.html","4891","briefHTML","button","통화 완료 · 내용 남기기","<button onclick=""briefCallDone()"">"
"C00265","golden/crm.html","4892","briefHTML","button","취소","<button class=""gh"" onclick=""briefCallCancel()"">"
"C00266","golden/crm.html","4971","renderDetail","button","'+t+'","<button class=""'+(G.detailTab===t?'on':'')+'"" data-tab=""'+esc(t)+'"" onclick=""detailTabFocus(this.dataset.tab)"">"
"C00267","golden/crm.html","4971","renderDetail","button","'+t+'","<button class=""'+(G.actFilter===t?'on':'')+'"" data-type=""'+esc(t)+'"" onclick=""setActivityFilter(this.dataset.type)"">"
"C00268","golden/crm.html","5092","numLink","button","'+n+'","<button class=""linknum"" onclick=""goOpsIssue(\''+kind+'\',\''+(rep||'전체')+'\','+(stage===undefined?'null':stage)+')"">"
"C00269","golden/crm.html","5094","metricCard","button","","<button class=""ops-kpi '+(pend?'pend':(tone||''))+'"" title=""'+esc(pend?'모바일 운영 후 자동 집계됩니다':(help||'문제 현장 바로보기'))+'"" onclick=""goOpsIssue(\''+kind+'\',\''+(targetNameFilter()||'전체')+'\',null)"">"
"C00270","golden/crm.html","5102","paintMgmt","95","","<95?'warn':'good','현장·공사·사업·공종·담당·연락처·단계·다음 행동'),
qItems=[['미배정',S.unassigned.length,'unassigned'],['미응대',S.noResponse.length,'noResponse'],['Next Action 없음',S.nextMissing.length,'nextMissing'],['장기정체',S.stale.length,'stale']],
qHtml=qItems.map(function(x){return '<button onclick=""goOpsIssue(\''+x[2]+'\',\''+(targetNameFilter()||'전체')+'\',null)"">"
"C00271","golden/crm.html","5105","paintMgmt","button","'+n+'","<button onclick=""goPerfRep(\''+n+'\')"">"
"C00272","golden/crm.html","5105","paintMgmt","button","'+n+'","<button onclick=""goPerfRep(\''+n+'\')"">"
"C00273","golden/crm.html","5105","paintMgmt","button","","<button class=""matrixcell"" onclick=""goOpsIssue(\'all\',\''+n+'\','+i+')"">"
"C00274","golden/crm.html","5136","perfScoreSub","100","","<100?' · 미수집 '+(100-P.available)+'점':'')}
function perfKpiButton(m,group){var pend=m.rate===null||m.rate===undefined,fill=pend?0:Math.max(0,Math.min(100,m.inverse?(m.rate<=m.targetRate?100:m.targetRate/m.rate*100):(m.targetRate?m.rate/m.targetRate*100:m.rate))),score=m.score===null?'미산정':m.score+' / '+m.weight;return '<button class=""perf-kpi"" onclick=""showPerfEvidence(\''+m.kind+'\',\''+m.name+'\')"" title=""'+escAttr(m.help||'근거 목록 보기')+'"">"
"C00275","golden/crm.html","5159","idx","button","","<button class=""perf-focus-row"" onclick=""openPerfDrawerDeal('+idx(d)+')"">"
"C00276","golden/crm.html","5159","idx","button","","<button class=""perf-focus-row perf-risk-row"" onclick=""openPerfDrawerDeal('+idx(d)+')"">"
"C00277","golden/crm.html","5166","perfEvidence","div","","<div class=""stage-list-row v3"" style=""grid-template-columns:minmax(260px,1.8fr) 120px 130px 130px"" onclick=""openPerfInq('+i+')"">"
"C00278","golden/crm.html","5167","perfEvidence","0","","<0}),why=kind==='advanced'?'단계 전진 이력':kind==='perfIncomplete'?'필수 '+perfCrmMissing(d)+'개 누락':labs[0]||'정상';return '<div class=""stage-list-row v3"" style=""grid-template-columns:minmax(240px,1.6fr) 110px 150px 120px 120px"" onclick=""openPerfDeal('+i+')"">"
"C00279","golden/crm.html","5170","paintPerf","tr","","<tr onclick=""openPerfDrawer(\''+P.name+'\')"">"
"C00280","golden/crm.html","5173","paintBrief","button","'+n+'","<button onclick=""goPerfRep(\''+n+'\')"">"
"C00281","golden/crm.html","5174","briefRows","0","","<0});return '<button class=""brief-row"" onclick=""openBriefDeal('+(off+i)+')"">"
"C00282","golden/crm.html","5175","briefRows","button","","<button onclick=""goPage(\'perf\')"">"
"C00283","golden/crm.html","5175","briefRows","button","","<button onclick=""goOpsIssue(\'all\',\''+(target||'전체')+'\',-1)"">"
"C00284","golden/crm.html","5175","briefRows","button","","<button onclick=""G.ctlFilter=\'신규\';goPage(\'inq\')"">"
"C00285","golden/crm.html","5175","briefRows","button","","<button onclick=""goOpsIssue(\'all\',\''+(target||'전체')+'\',-1)"">"
"C00286","golden/crm.html","5219","briefActionRows","button","","<button class=""brief-action-row hot"" onclick=""openBriefDeal('+idx+')"">"
"C00287","golden/crm.html","5219","briefActionRows","button","","<button class=""brief-action-row '+(briefIsRevenueAction(x)?'hot':'')+'"" onclick=""openBriefDeal('+idx+')"">"
"C00288","golden/crm.html","5220","briefDecisionRows","button","","<button class=""brief-decision-row"" onclick=""openBriefDeal('+idx+')"">"
"C00289","golden/crm.html","5229","briefViewButtons","button","주간 의사결정판","<button class=""'+(G.briefView==='week'?'on':'')+'"" onclick=""setBriefView(\'week\')"">"
"C00290","golden/crm.html","5229","briefViewButtons","button","월간 일정","<button class=""'+(G.briefView==='month'?'on':'')+'"" onclick=""setBriefView(\'month\')"">"
"C00291","golden/crm.html","5230","briefFilterOptions","select","","<select onchange=""briefSetRep(this.value)"">"
"C00292","golden/crm.html","5230","briefFilterOptions","select","","<select onchange=""briefSetBrand(this.value)"">"
"C00293","golden/crm.html","5232","briefSignal","button","3?'bad':n>1?'mid':'')+'"">'+(n>3?'🔴':n>1?'🟡':'🟢')+' '+n+'","<button class=""brief-week-signal '+(n>"
"C00294","golden/crm.html","5235","paintBriefV2","button","","<button onclick=""briefFocusRep(\''+n+'\',\'brief-reps\')"">"
"C00295","golden/crm.html","5235","paintBriefV2","button","'+rs.length+'건","<button onclick=""briefFocusRep(\''+n+'\',\'brief-actions\')"">"
"C00296","golden/crm.html","5235","paintBriefV2","td","'+briefSignal(rr.length)+'","<td onclick=""briefFocusRep(\''+n+'\',\'brief-decisions\')"">"
"C00297","golden/crm.html","5237","paintBriefV2","button","","<button class=""brief-stat"" onclick=""briefJump(\'brief-movement\')"">"
"C00298","golden/crm.html","5237","paintBriefV2","button","","<button class=""brief-stat"" onclick=""briefJump(\'brief-actions\')"">"
"C00299","golden/crm.html","5237","paintBriefV2","button","","<button class=""brief-stat"" onclick=""goPage(\'pipe\')"">"
"C00300","golden/crm.html","5237","paintBriefV2","button","","<button class=""brief-stat"" onclick=""goPage(\'pipe\')"">"
"C00301","golden/crm.html","5237","paintBriefV2","button","","<button class=""brief-stat"" onclick=""briefJump(\'brief-actions\')"">"
"C00302","golden/crm.html","5237","paintBriefV2","button","","<button class=""brief-stat danger"" onclick=""briefJump(\'brief-decisions\')"">"
"C00303","golden/crm.html","5239","paintBriefV2","summary","","<summary>"
"C00304","golden/crm.html","5239","paintBriefV2","summary","","<summary>"
"C00305","golden/crm.html","5239","paintBriefV2","summary","","<summary>"
"C00306","golden/crm.html","5241","paintBriefV2","button","","<button class=""brief-exception"" onclick=""briefGoIssue(\'unassigned\')"">"
"C00307","golden/crm.html","5241","paintBriefV2","button","","<button class=""brief-exception"" onclick=""briefGoIssue(\'noResponse\')"">"
"C00308","golden/crm.html","5241","paintBriefV2","button","","<button class=""brief-exception"" onclick=""briefGoIssue(\'nextMissing\')"">"
"C00309","golden/crm.html","5241","paintBriefV2","button","","<button class=""brief-exception"" onclick=""briefGoIssue(\'overdue\')"">"
"C00310","golden/crm.html","5241","paintBriefV2","button","","<button class=""brief-exception"" onclick=""briefGoIssue(\'stale\')"">"
"C00311","golden/crm.html","5241","paintBriefV2","button","","<button class=""brief-exception"" onclick=""briefGoIssue(\'briefNoAmount\')"">"
"C00312","golden/crm.html","5241","paintBriefV2","button","","<button class=""brief-exception"" onclick=""briefGoIssue(\'briefSilentHot\')"">"
"C00313","golden/crm.html","5259","gnKpi","button","","<button class=""gn-kpi '+(danger?'danger':'')+'"" data-kind=""'+kind+'"" onclick=""gnShow(this.dataset.kind)"">"
"C00314","golden/crm.html","5262","gnRepRows","tr","","<tr onclick=""gnShow(\'rep\',\''+escAttr(r.name)+'\')"">"
"C00315","golden/crm.html","5263","gnHandoffRows","tr","","<tr onclick=""gnOpenInquiry('+i+')"">"
"C00316","golden/crm.html","5263","gnHandoffRows","td","","<td onclick=""event.stopPropagation()"">"
"C00317","golden/crm.html","5263","gnHandoffRows","button","'+(rep?'담당 변경':'실담당 지정')+'","<button class=""gn-owner-btn"" onclick=""gnOpenOwner('+i+')"">"
"C00318","golden/crm.html","5270","paintGyeongnam","button","","<button class=""gn-risk critical"" onclick=""gnShow(\'unnamed\')"">"
"C00319","golden/crm.html","5270","paintGyeongnam","button","","<button class=""gn-risk critical"" onclick=""gnShow(\'unresponded\')"">"
"C00320","golden/crm.html","5270","paintGyeongnam","button","","<button class=""gn-risk"" onclick=""gnShow(\'noNext\')"">"
"C00321","golden/crm.html","5270","paintGyeongnam","button","","<button class=""gn-risk"" onclick=""gnShow(\'stale\')"">"
"C00322","golden/crm.html","5270","paintGyeongnam","button","","<button class=""gn-risk critical"" onclick=""gnShow(\'hot\')"">"
"C00323","golden/crm.html","5274","gnOpenOwner","input","","<input id=""inq-ctl-reason"" '+(reassign?'required ':'')+'oninput=""inqCtlUpdateAssignConfirm()"" placeholder=""예: 현장 권역 및 현재 업무량 기준"">"
"C00324","golden/crm.html","5274","gnOpenOwner","button","미지정으로 유지","<button onclick=""gnSetOwnerPool('+i+')"">"
"C00325","golden/crm.html","5274","gnOpenOwner","button","취소","<button onclick=""closeInquiryControlModal()"">"
"C00326","golden/crm.html","5274","gnOpenOwner","button","실담당자 지정","<button class=""primary"" id=""inq-ctl-confirm"" disabled onclick=""gnConfirmOwner()"">"
"C00327","golden/crm.html","5277","gnShow","button","","<button class=""report-drill-row"" onclick=""gnOpenInquiry('+i+')"">"
"C00328","golden/crm.html","5277","gnShow","button","","<button class=""report-drill-row"" onclick=""gnOpenDeal('+i+')"">"
"C00329","golden/crm.html","5306","openReportDrill","button","","<button class=""report-drill-row"" onclick=""openReportDrillDeal('+i+')"">"
"C00330","golden/crm.html","5312","paintReportV2","","","<=10}),within30Amt=sumBy(within30,oppAmt),risk=open.filter(briefIsRisk).sort(function(a,b){return reportRiskScore(b)-reportRiskScore(a)}),critical=risk.filter(reportCritical),decisions=(critical.length?critical:risk).slice(0,5),months=[-5,-4,-3,-2,-1,0].map(function(n){var w=reportMonthWindow(n),a=reportWonIn(raw,w);return {w:w,a:a,amt:sumBy(a,function(d){return wonAmt(d)||oppAmt(d)||quoteAmt(d)})}}),monthMax=Math.max.apply(null,[1].concat(months.map(function(x){return x.amt}))),year=new Date().getFullYear(),py=year-1;
 var summary=[['누적 수주',reportAmount(wonAmtAll),won.length+'건 · '+perfPeriodLabel(),'ceo-trend'],['이번 달 수주',reportAmount(monthWonAmt),monthWon.length+'건 · '+month.long,'ceo-trend'],['진행 파이프라인',open.length+'건 · '+reportAmount(pipeAmt),'현재 살아있는 기회','ceo-pipeline'],['가중 예상매출',reportAmount(forecast),'STAGE_MASTER 확률','ceo-pipeline'],['수주 임박',reportAmount(nearAmt),'PT·입찰·계약 '+ne"
"C00331","golden/crm.html","5315","paintReportV2","button","","<button class=""ceo-pipe-row"" onclick=""reportGoPipeline('+x[2]+',\''+x[1].join('|')+'\',\''+x[0]+'\')"">"
"C00332","golden/crm.html","5316","paintReportV2","tr","","<tr onclick=""reportGoBrand(\''+escAttr(b)+'\')"">"
"C00333","golden/crm.html","5317","paintReportV2","tr","","<tr onclick=""openPerfDrawer(\''+n+'\')"">"
"C00334","golden/crm.html","5317","paintReportV2","","","<=10}),rr=o.filter(briefIsRisk);return '<tr onclick=""openReportDrill(\''+escAttr(repDisplay(n))+' 진행 현장\',\'외부채널 · '+escAttr(p.team==='gyeongnam'?'경남지사':'일반 외부')+'\',reportOpenDeals().filter(function(d){return repN(d.assignee)===\''+escAttr(n)+'\'}))"">"
"C00335","golden/crm.html","5319","paintReportV2","button","","<button class=""ceo-risk-row"" onclick=""reportOpenDeal('+i+')"">"
"C00336","golden/crm.html","5319","paintReportV2","button","","<button class=""ceo-decision-row"" onclick=""reportOpenDeal('+j+')"">"
"C00337","golden/crm.html","5320","paintReportV2","button","인쇄 · PDF","<button class=""ceo-print"" onclick=""window.print()"">"
"C00338","golden/crm.html","5322","paintReportV2","button","","<button onclick=""reportJump(\'ceo-risk\')"">"
"C00339","golden/crm.html","5322","paintReportV2","button","","<button onclick=""reportGoPipeline(2,\'compete|imminent|bidding|contract\',\'경쟁 이후 수주 임박\')"">"
"C00340","golden/crm.html","5353","stageFilterBar","select","'+groupedAssigneeOptions(G.rep,true,false)+'","<select onchange=""G.rep=this.value;G.stagePage=1;paint()"">"
"C00341","golden/crm.html","5354","stageFilterBar","select","'
    +[['all','전체'],['nextMissing','Next Action 없음'],['overdue','기한초과'],['stale","<select onchange=""G.opsIssue=this.value;G.stagePage=1;paint()"">"
"C00342","golden/crm.html","5358","stageFilterBar","button","'+(more?'− 상세필터 닫기':'+ 상세필터')+'","<button class=""reset"" onclick=""G.filterMore=!G.filterMore;paint()"">"
"C00343","golden/crm.html","5359","stageFilterBar","button","필터 초기화","<button class=""reset"" onclick=""resetStageFilters()"">"
"C00344","golden/crm.html","5362","stageFilterBar","select","'+subs.map(function(s){return '","<select onchange=""G.pipeSub=this.value;G.stagePage=1;paint()"">"
"C00345","golden/crm.html","5363","stageFilterBar","select","'
    +[['전체','전체 운영'],['recent30','최근 30일 내 활동'],['30','30일+ 정체'],['90','90일+ 장","<select onchange=""G.pipeAge=this.value;G.stagePage=1;paint()"">"
"C00346","golden/crm.html","5366","stageFilterBar","select","'
    +['우선순위','오래된 활동순','최근 활동순','Next Action 임박순','기한초과 심한순','금액 큰순','담당자순']
 ","<select onchange=""G.pipeSort=this.value;paint()"">"
"C00347","golden/crm.html","5370","stageFilterBar","button","'+esc(x[1])+' ","<button data-f=""'+x[0]+'"" onclick=""clearStageFilter(this.dataset.f)"">"
"C00348","golden/crm.html","5381","stageIssueSummary","button","'
    +'","<button class=""'+(x[0]==='overdue'||x[0]==='stale'?'danger ':'')+(G.opsIssue===x[0]?'on':'')+'"" onclick=""setStageIssue(\''+x[0]+'\')"">"
"C00349","golden/crm.html","5393","paintStageListV2","button","← 칸반으로","<button class=""reset"" onclick=""G.stageCol=null;G.consoleMacro=null;G.macroSub=\'전체\';G.pipeView=\'kb\';G.opsIssue=\'all\';G.reportStageCodes=null;G.reportStageLabel=\'\';paint()"">"
"C00350","golden/crm.html","5393","paintStageListV2","button","ⓘ 사용방법","<button class=""howtoggle"" onclick=""G.howto=!G.howto;paint()"">"
"C00351","golden/crm.html","5398","paintStageListV2","input","","<input type=""checkbox"" data-key=""'+esc(k)+'"" '+(BULK_SEL[k]?'checked':'')+' onclick=""toggleBulk(this.dataset.key,this.checked)"">"
"C00352","golden/crm.html","5399","paintStageListV2","span","'+esc(d.site||'현장명 미입력')+(d.localCreated?'","<span class=""sl-site clk"" onclick=""openStageDeal('+i+')"">"
"C00353","golden/crm.html","5404","paintStageListV2","button","← 이전 50건","<button '+(page<=1?'disabled':'')+' onclick=""G.stagePage--;paint()"">"
"C00354","golden/crm.html","5404","paintStageListV2","button","=pages?'disabled':'')+' onclick=""G.stagePage++;paint()"">다음 50건 →","<button '+(page>"
"C00355","golden/crm.html","5404","paintStageListV2","button","단계 변경","<button onclick=""openBulkDialog(\'stage\')"">"
"C00356","golden/crm.html","5404","paintStageListV2","button","세부상태 변경","<button onclick=""openBulkDialog(\'sub\')"">"
"C00357","golden/crm.html","5404","paintStageListV2","button","담당자 변경","<button onclick=""openBulkDialog(\'assignee\')"">"
"C00358","golden/crm.html","5404","paintStageListV2","button","장기현장 검토","<button onclick=""openBulkDialog(\'review\')"">"
"C00359","golden/crm.html","5404","paintStageListV2","button","Next Action 등록","<button class=""primary"" onclick=""openBulkDialog(\'next\')"">"
"C00360","golden/crm.html","5416","openBulkDialog","select","'+PD_COLS.map(function(x,i){return '","<select id=""bulkValue"">"
"C00361","golden/crm.html","5416","openBulkDialog","input","","<input id=""bulkValue"" placeholder=""예: 고객 회신 대기"">"
"C00362","golden/crm.html","5416","openBulkDialog","select","'+repWorkloadOptions()+'","<select id=""bulkValue"">"
"C00363","golden/crm.html","5416","openBulkDialog","input","","<input id=""bulkValue"" placeholder=""예: 관리소장 재통화"">"
"C00364","golden/crm.html","5416","openBulkDialog","input","","<input id=""bulkDueV3"" type=""date"">"
"C00365","golden/crm.html","5416","openBulkDialog","select","","<select id=""bulkValue"" onchange=""bulkReviewTgl()"">"
"C00366","golden/crm.html","5416","openBulkDialog","input","","<input id=""bulkDueV3"" type=""date"">"
"C00367","golden/crm.html","5416","openBulkDialog","input","","<input id=""bulkNextV3"" placeholder=""예: 재도장 예산 편성 여부 확인 전화"">"
"C00368","golden/crm.html","5416","openBulkDialog","textarea","","<textarea id=""bulkReasonV3"" rows=""3"" placeholder=""판단 근거와 후속 조치를 입력하세요"">"
"C00369","golden/crm.html","5416","openBulkDialog","button","검토 후 '+keys.length+'건 적용","<button class=""bulk-submit"" onclick=""applyBulkDialog()"">"
"C00370","golden/crm.html","5416","openBulkDialog","button","닫기 ✕","<button class=""ib-x"" onclick=""closeBulkDialog()"">"
"C00371","golden/crm.html","5436","paintRepTabs","0","'
  +(isCur?'✓ ':'')+(n==='전체'?'전체 담당자':n)+'","<0){if(limited)G.rep='전체';else names.push(G.rep)}
/* 열어 본 현장의 담당자는 «표시»만 한다. 현장을 눌렀다고 목록이 그 사람 것만
   남아버리면 옆 현장으로 넘어갈 수가 없다. 필터는 칩을 직접 눌렀을 때만 걸린다.
   그 담당자가 현재 목록에 0건이라도(미배정 포함) 칩은 보여 준다 — 안 그러면 «누구 건지» 가 사라진다. */
var cur=curDetailRep();
if(cur&&!limited&&names.indexOf(cur)<0)names.push(cur);
r.innerHTML=['전체'].concat(names).map(function(n){var c=n==='전체'?src.length:(cnt[n]||0);
 var isCur=!!cur&&n===cur;
 return '<button class=""rtab '+(G.rep===n?'on ':'')+(isCur?'cur':'')+'""'
  +(isCur?' title=""지금 열어 본 현장의 담당자 — 누르면 이 담당자로 목록을 거릅니다""':'')
  +' onclick=""G.rep=\''+n+'\';G.lastRep=null;if(G.page===\'perf\')G.perfDetail='+(n==='전체'?'null':""'""+n+""'"")+';paint()"">"
"C00372","golden/crm.html","5468","stageSeqIdx","STAGE_SEQ","","<STAGE_SEQ.length;i++)if(STAGE_NM[STAGE_SEQ[i]]===s)return i;return 99}
function stageSeqSort(a,b){var x=stageSeqIdx(a),y=stageSeqIdx(b);return x-y||a.localeCompare(b,'ko')}
/* 모바일 lrow 딜 카드: 현장명 크게 + 담당·금액·세부상태 한 줄 + 관리상태 배지 */
function mDealRow(d){var p=priorityInfo(d,'deal'),a=age(d);return '<div class=""mlrow"" onclick=\'drwDeal('+JSON.stringify(JSON.stringify(d))+')\'>"
"C00373","golden/crm.html","5475","kbCard","div","","<div class=""kbcard"" onclick=\'drwDeal('+JSON.stringify(JSON.stringify(d))+')\'>"
"C00374","golden/crm.html","5500","kb5Card","div","'
   +'","<div class=""k5c"" onclick=""openKb5('+i+')"">"
"C00375","golden/crm.html","5575","macroGroupBar","button","'
     +'","<button class=""mgcard'+(on?' on':'')+'"" data-k=""'+c[0]+'"" onclick=""macroSubSet(this.dataset.k)"">"
"C00376","golden/crm.html","5619","paintKanban","button","🕐 '+UIT.stale+' '+rot+'건 ('+UIT.staleHint+')'+(G.pipeAge==='30'?' ✕':'')+'","<button class=""k5chip red'+(G.pipeAge==='30'?' on':'')+'"" onclick=""G.pipeAge=G.pipeAge===\'30\'?\'전체\':\'30\';paint()"">"
"C00377","golden/crm.html","5620","paintKanban","button","수주 '+won+'","<button class=""k5chip gray"" onclick=""setClosedTab(\'수주\')"">"
"C00378","golden/crm.html","5621","paintKanban","button","실주 '+lost+'","<button class=""k5chip gray"" onclick=""setClosedTab(\'실주\')"">"
"C00379","golden/crm.html","5622","paintKanban","button","정리 대상 '+etc+'","<button class=""k5chip gray"" onclick=""setClosedTab(\'기타\')"">"
"C00380","golden/crm.html","5632","paintKanban","div","'
        +'","<div class=""k5h"" data-k=""'+c.k+'"" onclick=""kb5ToConsole(this.dataset.k)"">"
"C00381","golden/crm.html","5646","injectConsoleTabs","button","'+t[1]+'","<button class=""'+(String(G.stageCol)===t[0]?'on':'')+'"" data-ci=""'+t[0]+'"" onclick=""G.stageCol=Number(this.dataset.ci);G.stagePage=1;paint()"">"
"C00382","golden/crm.html","5669","splitInlinePanel","button","＋ 한 일 기록","<button class=""mbadge '+(f==='act'?'blue':'gray')+'"" style=""padding:9px 14px;border:0;cursor:pointer;font-family:inherit"" onclick=""splitForm(\'act\')"">"
"C00383","golden/crm.html","5670","splitInlinePanel","button","🗓 다음 할 일","<button class=""mbadge '+(f==='next'?'blue':'gray')+'"" style=""padding:9px 14px;border:0;cursor:pointer;font-family:inherit"" onclick=""splitForm(\'next\')"">"
"C00384","golden/crm.html","5671","splitInlinePanel","button","→ 단계 바꾸기","<button class=""mbadge '+(f==='stage'?'blue':'gray')+'"" style=""padding:9px 14px;border:0;cursor:pointer;font-family:inherit"" onclick=""splitForm(\'stage\')"">"
"C00385","golden/crm.html","5677","splitInlinePanel","select","'+QUICK_ACTIVITY_TYPES.map(function(x){return '","<select id=""sp-act-type"">"
"C00386","golden/crm.html","5678","splitInlinePanel","input","","<input id=""sp-act-note"" placeholder=""예: 관리소장 통화 — 예산 일정 확인"">"
"C00387","golden/crm.html","5679","splitInlinePanel","input","","<input id=""sp-act-result"" placeholder=""예: 9월 중 재검토, 9/8 재통화 요청"">"
"C00388","golden/crm.html","5680","splitInlinePanel","input"," 고객과 실제로 통화·미팅함 (고객접촉일 갱신)","<input type=""checkbox"" id=""sp-act-contact"" checked>"
"C00389","golden/crm.html","5681","splitInlinePanel","button","활동 저장","<button class=""dact pri"" onclick=""spSaveAct()"">"
"C00390","golden/crm.html","5681","splitInlinePanel","button","닫기","<button class=""dact"" onclick=""splitForm(null)"">"
"C00391","golden/crm.html","5685","splitInlinePanel","select","'+ACTIVITY_TYPES.map(function(x){return '","<select id=""sp-na-type"">"
"C00392","golden/crm.html","5686","splitInlinePanel","input","","<input id=""sp-na-due"" type=""date"" value=""'+escAttr(na&&na.due||'')+'"">"
"C00393","golden/crm.html","5687","splitInlinePanel","input","","<input id=""sp-na-text"" value=""'+escAttr(na&&na.text||'')+'"" placeholder=""예: 견적 검토 여부 확인 전화"">"
"C00394","golden/crm.html","5688","splitInlinePanel","button","다음 행동 저장","<button class=""dact pri"" onclick=""spSaveNext()"">"
"C00395","golden/crm.html","5688","splitInlinePanel","button","닫기","<button class=""dact"" onclick=""splitForm(null)"">"
"C00396","golden/crm.html","5692","splitInlinePanel","select","'+transitionOptions(idx,'deal')+'","<select id=""sp-tr-target"" onchange=""spTargetChanged()"">"
"C00397","golden/crm.html","5693","splitInlinePanel","select","","<select id=""sp-tr-reason"">"
"C00398","golden/crm.html","5694","splitInlinePanel","input","","<input id=""sp-tr-did"" placeholder=""예: PT 일정 협의 완료"">"
"C00399","golden/crm.html","5695","splitInlinePanel","input","","<input id=""sp-tr-result"" placeholder=""예: 9/15 PT 확정"">"
"C00400","golden/crm.html","5696","splitInlinePanel","input","","<input id=""sp-tr-next"" placeholder=""예: PT 자료 최종 확인"">"
"C00401","golden/crm.html","5697","splitInlinePanel","input","","<input id=""sp-tr-due"" type=""date"">"
"C00402","golden/crm.html","5698","splitInlinePanel","button","전환 저장","<button class=""dact pri"" onclick=""spSaveStage()"">"
"C00403","golden/crm.html","5698","splitInlinePanel","button","닫기","<button class=""dact"" onclick=""splitForm(null)"">"
"C00404","golden/crm.html","5799","paintSplit","button","전체 ","<button class=""pfc '+(ci<0&&!CL?'on':'')+'"" onclick=""setSplitCol(null)"">"
"C00405","golden/crm.html","5801","paintSplit","button","'+esc(c.nm)+' ","<button class=""pfc '+(!CL&&ci===i?'on':'')+'"" data-ci=""'+i+'"" onclick=""setSplitCol(Number(this.dataset.ci))"">"
"C00406","golden/crm.html","5807","paintSplit","button","전체 ","<button class=""pfc s '+(!G.splitStage?'on':'')+'"" onclick=""setSplitStage(null)"">"
"C00407","golden/crm.html","5809","paintSplit","button","'+esc(stageNoLabel(c))+' ","<button class=""pfc s '+(G.splitStage===c?'on':'')+'"" data-c=""'+escAttr(c)+'"" onclick=""setSplitStage(this.dataset.c)"">"
"C00408","golden/crm.html","5815","paintSplit","button","'+esc(a.nm)+' ","<button class=""pfc a '+(G.splitAct===a.k?'on':'')+'"" data-k=""'+a.k+'"" onclick=""setSplitAct(this.dataset.k)"">"
"C00409","golden/crm.html","5816","paintSplit","button","금액 미입력 ","<button class=""pfc q '+(G.pipeNoAmt?'on':'')+'"" onclick=""setNoAmt()"" title=""금액이 비면 전환율이 실제보다 좋아 보입니다"">"
"C00410","golden/crm.html","5823","paintSplit","button","'+esc(x.nm)+' ","<button class=""pfc e '+(G.splitClosed===x.k?'on':'')+'"" data-k=""'+x.k+'"" onclick=""setSplitClosed(this.dataset.k)"">"
"C00411","golden/crm.html","5824","paintSplit","button","필터 해제","<button class=""pfreset"" onclick=""G.splitCol=null;G.splitStage=null;G.splitAct=null;G.splitClosed=null;G.pipeNoAmt=false;G.splitKey=null;paint()"">"
"C00412","golden/crm.html","5830","paintSplit","div","","<div class=""mlrow '+(k===G.splitKey?'sel':'')+'"" data-k=""'+escAttr(k)+'"" onclick=""G.splitScroll=this.parentElement.scrollTop;G.splitKey=this.dataset.k;G.splitForm=null;paint()"">"
"C00413","golden/crm.html","5859","quickPanelHTML","button","📞 전화","<button '+(!c.mobile?'disabled':'')+' onclick=""contactDial(\'mobile\')"">"
"C00414","golden/crm.html","5859","quickPanelHTML","button","✉ 문자","<button '+(!c.mobile?'disabled':'')+' onclick=""contactSms()"">"
"C00415","golden/crm.html","5859","quickPanelHTML","button","💬 카카오","<button '+(!c.mobile?'disabled':'')+' onclick=""contactKakao()"">"
"C00416","golden/crm.html","5860","quickPanelHTML","button","연락처 없음 · 등록하기","<button class=""quickfull"" style=""margin:0"" onclick=""openQuickContact()"">"
"C00417","golden/crm.html","5864","quickPanelHTML","button","＋ 한 일 기록","<button class=""primary"" onclick=""splitForm(\'act\')"">"
"C00418","golden/crm.html","5864","quickPanelHTML","button","📅 다음 행동 예약","<button onclick=""splitForm(\'next\')"">"
"C00419","golden/crm.html","5864","quickPanelHTML","button","단계 변경","<button onclick=""splitForm(\'stage\')"">"
"C00420","golden/crm.html","5864","quickPanelHTML","button","전체 상세 보기 →","<button class=""quickfull"" onclick=""openFullDealFromQuick()"">"
"C00421","golden/crm.html","5874","paintSplit","button","전체 ","<button class=""pfc '+(!G.quickClosed&&ci<0?'on':'')+'"" onclick=""G.quickClosed=false;setSplitCol(null)"">"
"C00422","golden/crm.html","5875","paintSplit","button","'+esc(c.nm)+' ","<button class=""pfc '+(!G.quickClosed&&ci===i?'on':'')+'"" onclick=""G.quickClosed=false;setSplitCol('+i+')"">"
"C00423","golden/crm.html","5876","paintSplit","button","종료 현장 보기","<button class=""pfc e '+(G.quickClosed?'on':'')+'"" onclick=""quickClosedToggle()"">"
"C00424","golden/crm.html","5877","paintSplit","button","'+esc(metricDealLabel(G.pipeOrigin,D.length))+'","<button class=""pfc on"">"
"C00425","golden/crm.html","5877","paintSplit","button","근거 필터 해제","<button class=""pfreset"" onclick=""G.pipeOrigin=null;G.splitKey=null;paint()"">"
"C00426","golden/crm.html","5877","paintSplit","button","'+esc(a.nm)+' ","<button class=""pfc a '+(G.splitAct===a.k?'on':'')+'"" onclick=""setSplitAct(\''+a.k+'\')"">"
"C00427","golden/crm.html","5877","paintSplit","button","금액 미입력 ","<button class=""pfc q '+(G.pipeNoAmt?'on':'')+'"" onclick=""setNoAmt()"">"
"C00428","golden/crm.html","5878","paintSplit","button","'+esc(issueHuman(G.quickIssueKind))+' '+D.length+'건","<button class=""pfc on"">"
"C00429","golden/crm.html","5878","paintSplit","button","근거 필터 해제","<button class=""pfreset"" onclick=""G.quickIssueKind=\'all\';G.splitKey=null;paint()"">"
"C00430","golden/crm.html","5880","paintSplit","div","","<div class=""mlrow '+(k===G.splitKey?'sel':'')+'"" data-k=""'+escAttr(k)+'"" onclick=""G.splitScroll=this.parentElement.scrollTop;G.splitKey=this.dataset.k;G.splitForm=null;paint()"">"
"C00431","golden/crm.html","5901","quickAssign","0","","<0)return alert('견적문의에 직접 배정할 수 없는 담당자입니다.');inqCtlRecordAssignment(q,rep,'피드 빠른 배정');saveLocal();G.inqNotice=(q.site||'문의')+'를 '+rep+' 담당으로 배정했습니다.';paint()}
function inqRowHTML(q,extra){var p=priorityInfo(q,'inq');return '<div class=""mlrow"" onclick=\'drwInq('+JSON.stringify(JSON.stringify(q))+')\'>"
"C00432","golden/crm.html","5963","inqLink","button","연결","<button class=""lbtn"" data-i=""'+i+'"" data-j=""'+j+'"" onclick=""linkConfirm(Number(this.dataset.i),Number(this.dataset.j))"">"
"C00433","golden/crm.html","5966","inqLink","button","나머지 '+(rows.length-lim)+'건 더 보기","<button class=""utlmore"" onclick=""G.linkAll=true;paint()"">"
"C00434","golden/crm.html","5990","inqBrandChips","button","'
     +(BICON[b]?BICON[b][0]+' ':'')+esc(b)+' ","<button class=""'+(G.brand===b?'on':'')+'"" data-b=""'+escAttr(b)+'"" onclick=""G.brand=this.dataset.b;G.inqSelKey=null;paint()"">"
"C00435","golden/crm.html","6003","paintInq","button","'+x[1]+'","<button class=""'+(v===x[0]?'on':'')+'"" data-v=""'+x[0]+'"" onclick=""G.inqView=this.dataset.v;G.inqNotice=\'\';paint()"">"
"C00436","golden/crm.html","6004","paintInq","button","'
  +'","<button class=""hidetgl '+(G.hideClosed?'on':'')+'"" onclick=""toggleHideClosed()"" title=""수주·실주·배드핏·연락두절 상태와 과거 종료 데이터를 목록에서 제외합니다"">"
"C00437","golden/crm.html","6009","paintInq","button","필터 해제","<button class=""act"" onclick=""clearBriefInquiry()"">"
"C00438","golden/crm.html","6010","paintInq","button","필터 해제","<button class=""act"" onclick=""clearInquiryIssue()"">"
"C00439","golden/crm.html","6011","paintInq","button","인계 대기만 보기","<button class=""act"" onclick=""G.inqPhase=\'인계 대기\';G.inqView=\'split\';G.inqSelKey=null;paint()"">"
"C00440","golden/crm.html","6012","paintInq","button","인계 건 내보내기","<button class=""act"" onclick=""exportPromotions()"">"
"C00441","golden/crm.html","6030","inqFeed","button","'+r[0]+' '+r[1]+'","<button class=""mbadge gray"" style=""border:0;cursor:pointer;font-family:inherit;padding:7px 11px"" data-k=""'+escAttr(k)+'"" data-r=""'+escAttr(r[0])+'"" onclick=""event.stopPropagation();quickAssign(this.dataset.k,this.dataset.r)"">"
"C00442","golden/crm.html","6031","inqFeed","select","","<select data-k=""'+escAttr(k)+'"" onclick=""event.stopPropagation()"" onchange=""if(this.value)quickAssign(this.dataset.k,this.value)"" style=""font:inherit;font-size:12px;font-weight:800;border:1px solid var(--line);border-radius:999px;padding:6px 8px;background:#fff;color:var(--ink2)"">"
"C00443","golden/crm.html","6032","inqFeed","button","상세 →","<button class=""mbadge blue"" style=""border:0;cursor:pointer;font-family:inherit;padding:7px 13px"" onclick=\'event.stopPropagation();drwInq('+JSON.stringify(JSON.stringify(q))+')\'>"
"C00444","golden/crm.html","6040","inqFeed","button","'+(open?'접기 ▴':L.length-5+'건 더 보기 ▾')+'","<button class=""mmore"" data-g=""'+g[0]+'"" onclick=""feedMore(this.dataset.g)"">"
"C00445","golden/crm.html","6043","inqFeed","button","30일 이전 '+old+'건 — 보드+콘솔에서 보기 →","<button class=""mmore"" style=""margin-top:10px"" onclick=""G.inqView=\'console\';paint()"">"
"C00446","golden/crm.html","6091","inqConsole","button","'
    +'","<button class=""iqc-card '+x[1]+(on?' on':'')+'"" data-p=""'+escAttr(x[0])+'"" onclick=""G.inqPhase=this.dataset.p===G.inqPhase?\'전체\':this.dataset.p;paint()"">"
"C00447","golden/crm.html","6100","inqConsole","div","'
    +'","<div class=""iqc-row'+(sla?' sla':'')+'"" style=""'+cols+'"" onclick=""openSplitFrom('+i+')"">"
"C00448","golden/crm.html","6101","inqConsole","span","","<span onclick=""event.stopPropagation()"">"
"C00449","golden/crm.html","6101","inqConsole","input","","<input type=""checkbox"" data-k=""'+escAttr(k)+'"" '+(INQ_SEL[k]?'checked':'')+' onclick=""inqTick(this.dataset.k,this.checked)"">"
"C00450","golden/crm.html","6106","inqConsole","span","'+(un
        ?'","<span onclick=""event.stopPropagation()"">"
"C00451","golden/crm.html","6107","inqConsole","select","","<select class=""un"" onchange=""quickAssign(this.dataset.k,this.value)"" data-k=""'+escAttr(k)+'"">"
"C00452","golden/crm.html","6115","inqConsole","button","일괄 배정","<button class=""'+(mode==='assign'?'on':'')+'"" onclick=""inqBulkMode(\'assign\')"">"
"C00453","golden/crm.html","6116","inqConsole","button","🔔 잔디 쪼기","<button onclick=""nudgeSelected()"">"
"C00454","golden/crm.html","6117","inqConsole","button","다음 행동 등록","<button class=""pri '+(mode==='action'?'on':'')+'"" onclick=""inqBulkMode(\'action\')"">"
"C00455","golden/crm.html","6118","inqConsole","select","","<select id=""inqBulkRep"">"
"C00456","golden/crm.html","6119","inqConsole","input","","<input id=""inqBulkReason"" placeholder=""배정 사유 (필수)"">"
"C00457","golden/crm.html","6119","inqConsole","button","배정 실행","<button class=""pri"" onclick=""applyInqBulk()"">"
"C00458","golden/crm.html","6121","inqConsole","input","","<input id=""inqActText"" placeholder=""다음 행동 (예: 확인 전화)"">"
"C00459","golden/crm.html","6121","inqConsole","input","'
     +'","<input id=""inqActDue"" type=""date"">"
"C00460","golden/crm.html","6122","inqConsole","button","등록 실행","<button class=""pri"" onclick=""applyInqBulkAction()"">"
"C00461","golden/crm.html","6140","inqRegion","button","","<button data-r=""'+x.r+'"" onclick=""G.inqRegion=this.dataset.r;paint()"" style=""width:'+sz+'px;height:'+sz+'px;border-radius:50%;cursor:pointer;border:0;font-family:inherit;display:flex;flex-direction:column;align-items:center;justify-content:center;'+(on?'background:var(--blue);color:#fff;box-shadow:0 10px 24px -8px rgba(51,102,255,.5)':'background:var(--blue-100);color:var(--blue)')+'"">"
"C00462","golden/crm.html","6323","splitActForm","input","","<input id=""spNextText"" placeholder=""다음 행동 (예: 견적 확인 전화)"" autofocus>"
"C00463","golden/crm.html","6324","splitActForm","input","","<input id=""spNextDue"" type=""date"" required>"
"C00464","golden/crm.html","6324","splitActForm","button","저장","<button class=""pri"" onclick=""splitSaveNext()"">"
"C00465","golden/crm.html","6324","splitActForm","button","취소","<button onclick=""inqAct(null)"">"
"C00466","golden/crm.html","6325","splitActForm","select","'+INQ_STATUS_LIST.concat(CLOSED_INPUT_ST).map(function(s){return '","<select id=""spStatus"">"
"C00467","golden/crm.html","6326","splitActForm","button","변경","<button class=""pri"" onclick=""splitSaveStatus()"">"
"C00468","golden/crm.html","6326","splitActForm","button","취소","<button onclick=""inqAct(null)"">"
"C00469","golden/crm.html","6327","splitActForm","button","배정 창 열기","<button class=""pri"" data-k=""'+escAttr(inqKey(q))+'"" data-mode=""'+(repN(q.assignee)==='미배정'?'assign':'reassign')+'"" onclick=""inqCtlOpenAssign(this.dataset.mode,this.dataset.k)"">"
"C00470","golden/crm.html","6327","splitActForm","button","취소","<button onclick=""inqAct(null)"">"
"C00471","golden/crm.html","6328","splitActForm","select","","<select id=""spLogType"">"
"C00472","golden/crm.html","6329","splitActForm","input","","<input id=""spLogNote"" placeholder=""한 줄 기록 (예: 관리소장 통화, 예산 확정 후 재연락)"">"
"C00473","golden/crm.html","6329","splitActForm","button","기록","<button class=""pri"" onclick=""splitSaveLog()"">"
"C00474","golden/crm.html","6329","splitActForm","button","취소","<button onclick=""inqAct(null)"">"
"C00475","golden/crm.html","6336","inqSplit","button","'+k+' ","<button class=""c'+i+(pf===k?' on':'')+'"" onclick=""inqPhaseSetAt('+i+')"">"
"C00476","golden/crm.html","6352","inqSplit","0","'
     +'","<0)sel=SPLIT_CACHE[0];
  G.inqSelKey=inqKey(sel);
  setCurDetail(sel);
  var pos=SPLIT_CACHE.map(inqKey).indexOf(inqKey(sel))+1;
  var list=SPLIT_CACHE.map(function(q,i){var on=inqKey(q)===G.inqSelKey,p=priorityInfo(q,'inq');
    return '<div class=""sp-row'+(on?' on':'')+((on&&G.inqPinned&&i===0)?' pinned':'')+'"" onclick=""splitPick('+i+')"">"
"C00477","golden/crm.html","6375","inqSplit","button","📅 다음 행동","<button class=""'+(G.inqAct==='next'?'on':'pri')+'"" onclick=""inqAct(\'next\')"">"
"C00478","golden/crm.html","6376","inqSplit","button","🔄 상태 변경","<button class=""'+(G.inqAct==='status'?'on':'')+'"" onclick=""inqAct(\'status\')"">"
"C00479","golden/crm.html","6377","inqSplit","button","👤 담당자","<button class=""'+(G.inqAct==='rep'?'on':'')+'"" onclick=""inqAct(\'rep\')"">"
"C00480","golden/crm.html","6378","inqSplit","button","📞 활동 기록","<button class=""'+(G.inqAct==='log'?'on':'')+'"" onclick=""inqAct(\'log\')"">"
"C00481","golden/crm.html","6393","inqSplit","button","↑ 이전","<button class=""mini"" onclick=""splitMove(-1)"">"
"C00482","golden/crm.html","6393","inqSplit","button","↓ 다음","<button class=""mini"" onclick=""splitMove(1)"">"
"C00483","golden/crm.html","6522","promoteBlock","button","파이프라인에서 보기 →","<button class=""pl-btn"" onclick=""openPromotedDeal()"">"
"C00484","golden/crm.html","6526","promoteBlock","input","'
      +'","<input id=""'+promoteAmtId()+'"" type=""number"" min=""0"" step=""100"" placeholder=""예상금액 (만원)"">"
"C00485","golden/crm.html","6527","promoteBlock","button","📤 파이프라인으로 넘기기","<button class=""pl-btn pri"" onclick=""promoteToPipeline()"">"
"C00486","golden/crm.html","6561","histBlock","button","'+(open?'접기 ▴':'전체 보기 ▾')+'","<button class=""hs-more"" onclick=""toggleHist()"">"
"C00487","golden/crm.html","6604","splitCheckBlock","input","","<input type=""checkbox"" '+(ch[i]?'checked':'')+' onchange=""splitCheck('+i+',this.checked)"">"
"C00488","golden/crm.html","6612","splitActionBar","button","✓ 이 행동 완료","<button class=""sp-ab done"" onclick=""splitDoneAction()"">"
"C00489","golden/crm.html","6613","splitActionBar","button","다음: '+esc(next)+' →","<button class=""sp-ab"" onclick=""iqForm(\'next\')"">"
"C00490","golden/crm.html","6614","splitActionBar","button","단계 전환","<button class=""sp-ab"" onclick=""iqForm(\'stage\')"">"
"C00491","golden/crm.html","6625","iqInlineForm","input","","<input id=""iq-did"" placeholder=""예: 관리소장 통화 — 현장방문 일정 확정"">"
"C00492","golden/crm.html","6626","iqInlineForm","input","","<input id=""iq-res"" placeholder=""예: 9/8 오전 방문 확정"">"
"C00493","golden/crm.html","6627","iqInlineForm","input","","<input id=""iq-next"" placeholder=""예: 방문 전 도면 요청"">"
"C00494","golden/crm.html","6628","iqInlineForm","input","","<input id=""iq-due"" type=""date"">"
"C00495","golden/crm.html","6629","iqInlineForm","button","저장","<button class=""dact pri"" onclick=""iqSaveStep('+idx+')"">"
"C00496","golden/crm.html","6629","iqInlineForm","button","닫기","<button class=""dact"" onclick=""iqForm(null)"">"
"C00497","golden/crm.html","6631","iqInlineForm","select","'+transitionOptions(idx,'inq')+'","<select id=""iq-target"">"
"C00498","golden/crm.html","6632","iqInlineForm","input","","<input id=""iq-did"" placeholder=""무엇을 했는지"">"
"C00499","golden/crm.html","6633","iqInlineForm","input","","<input id=""iq-res"" placeholder=""결과 · 종료면 사유"">"
"C00500","golden/crm.html","6634","iqInlineForm","input","","<input id=""iq-next"" placeholder=""종료면 비워둡니다"">"
"C00501","golden/crm.html","6635","iqInlineForm","input","","<input id=""iq-due"" type=""date"">"
"C00502","golden/crm.html","6636","iqInlineForm","button","전환 저장","<button class=""dact pri"" onclick=""iqSaveStage()"">"
"C00503","golden/crm.html","6636","iqInlineForm","button","닫기","<button class=""dact"" onclick=""iqForm(null)"">"
"C00504","golden/crm.html","6736","reasonBlock","button","⌨ 직접 입력","<button type=""button"" class=""on"" data-m=""text"" onclick=""reasonMode(\''+id+'\',\'text\')"">"
"C00505","golden/crm.html","6737","reasonBlock","button","🎙 음성 기록","<button type=""button"" data-m=""voice"" onclick=""reasonMode(\''+id+'\',\'voice\')"">"
"C00506","golden/crm.html","6738","reasonBlock","textarea","","<textarea id=""'+id+'-text"" oninput=""reasonGate(\''+id+'\')"" placeholder=""'+escAttr(ph||'예: 시공사와 협의 결과 기술자문 계약으로 진행하기로 함')+'"">"
"C00507","golden/crm.html","6739","reasonBlock","button","🎙 녹음 시작","<button type=""button"" class=""recbtn"" id=""'+id+'-rec"" onclick=""reasonRec(\''+id+'\')"">"
"C00508","golden/crm.html","6801","openBizChange","select","'+BIZ_TYPES.filter(function(b){return b!==cur}).map(function(b){return '","<select id=""bz-to"">"
"C00509","golden/crm.html","6803","openBizChange","input","","<input id=""bz-next"" placeholder=""예: 기술자문 계약서 작성"">"
"C00510","golden/crm.html","6804","openBizChange","input","","<input id=""bz-due"" type=""date"" value=""'+due+'"">"
"C00511","golden/crm.html","6805","openBizChange","button","취소","<button class=""dact"" onclick=""closeBiz()"">"
"C00512","golden/crm.html","6806","openBizChange","button","변경 저장","<button class=""dact pri"" data-gate=""rs-biz"" disabled onclick=""confirmBizChange()"">"
"C00513","golden/crm.html","6835","newDealWorkHTML","button","=0?'on':'')+'"" data-k=""'+escAttr(k)+'"" onclick=""toggleNewDealWork(this.dataset.k","<button type=""button"" class=""work-option '+(NEW_DEAL_WORK.items.indexOf(k)>"
"C00514","golden/crm.html","6835","newDealWorkHTML","input","':'')+'","<input class=""work-other"" id=""nd-work-other"" value=""'+escAttr(NEW_DEAL_WORK.other)+'"" oninput=""NEW_DEAL_WORK.other=this.value;paintNewDealWorkSummary()"" placeholder=""기타 공종을 직접 입력해 주세요"">"
"C00515","golden/crm.html","6835","newDealWorkHTML","select","","<select id=""nd-primary-work"" onchange=""NEW_DEAL_WORK.primary=this.value;paintNewDealWorkSummary()"">"
"C00516","golden/crm.html","6844","openWorkEdit","button","취소","<button class=""dact"" onclick=""closeNewDeal()"">"
"C00517","golden/crm.html","6844","openWorkEdit","button","공종 저장","<button class=""dact pri"" data-gate=""rs-work"" disabled onclick=""saveWorkEdit()"">"
"C00518","golden/crm.html","6857","openNewDeal","input","","<input id=""nd-site"" placeholder=""예: 광교더리브아파트"">"
"C00519","golden/crm.html","6858","openNewDeal","input","","<input id=""nd-work"" placeholder=""예: 옥상 방수 재도장"">"
"C00520","golden/crm.html","6860","openNewDeal","select","'+BIZ_TYPES.map(function(b){return '","<select id=""nd-biz"">"
"C00521","golden/crm.html","6861","openNewDeal","select","'+repOptions('')+'","<select id=""nd-rep"">"
"C00522","golden/crm.html","6862","openNewDeal","input","","<input id=""nd-amt"" type=""number"" min=""0"" step=""1000000"" placeholder=""예: 150000000"">"
"C00523","golden/crm.html","6863","openNewDeal","input","","<input id=""nd-office-tel"" inputmode=""tel"" placeholder=""예: 031-123-4567"">"
"C00524","golden/crm.html","6864","openNewDeal","input","","<input id=""nd-manager-name"" placeholder=""예: 김OO"">"
"C00525","golden/crm.html","6865","openNewDeal","input","","<input id=""nd-manager-mobile"" inputmode=""tel"" placeholder=""예: 010-1234-5678"" oninput=""checkManagerHistory()"">"
"C00526","golden/crm.html","6866","openNewDeal","input","","<input id=""nd-office-email"" type=""email"" placeholder=""예: office@example.com"">"
"C00527","golden/crm.html","6867","openNewDeal","input","","<input id=""nd-address"" placeholder=""예: 경기 수원시 영통구 ..."" onkeydown=""if(event.key===\'Enter\'){event.preventDefault();openKakaoAddress()}"">"
"C00528","golden/crm.html","6867","openNewDeal","button","📍 카카오맵 확인","<button type=""button"" onclick=""openKakaoAddress()"">"
"C00529","golden/crm.html","6870","openNewDeal","button","취소","<button class=""dact"" onclick=""closeNewDeal()"">"
"C00530","golden/crm.html","6871","openNewDeal","button","영업 등록","<button class=""dact pri"" onclick=""saveNewDeal()"">"
"C00531","golden/crm.html","7114","relationshipFilterBar","summary","오늘 관계관리 '+total+'건","<summary>"
"C00532","golden/crm.html","7114","relationshipFilterBar","button","'+esc(x[1])+' ","<button class=""relfilter '+(G.relFilter===x[0]?'on':'')+'"" data-k=""'+escAttr(x[0])+'"" onclick=""setRelationshipFilter(this.dataset.k)"">"
"C00533","golden/crm.html","7121","kb5Card","0","","<0?Math.abs(nextDue)+'일 초과':nextDue===0?'오늘 마감':'D-'+nextDue;
 return '<div class=""k5c"" onclick=""openKb5('+i+')"">"
"C00534","golden/crm.html","7122","kb5Card","button","📞 전화","<button '+(!c.mobile?'disabled':'')+' onclick=""event.stopPropagation();pipelineContact('+i+',\'call\')"">"
"C00535","golden/crm.html","7122","kb5Card","button","💬 카카오","<button '+(!c.mobile?'disabled':'')+' onclick=""event.stopPropagation();pipelineContact('+i+',\'kakao\')"">"
"C00536","golden/crm.html","7122","kb5Card","button","✉ 문자","<button '+(!c.mobile?'disabled':'')+' onclick=""event.stopPropagation();pipelineContact('+i+',\'sms\')"">"
"C00537","golden/crm.html","7122","kb5Card","button","＋ 한 일","<button onclick=""event.stopPropagation();pipelineQuick('+i+',\'act\')"">"
"C00538","golden/crm.html","7122","kb5Card","button","📅 다음 행동","<button onclick=""event.stopPropagation();pipelineQuick('+i+',\'next\')"">"
"C00539","golden/crm.html","7141","consentBadges","button","＋ 연락처 추가","<button class=""dact pri"" onclick=""openQuickContact(\'new\')"">"
"C00540","golden/crm.html","7141","consentBadges","button","문자","<button onclick=""openRelationshipMessage(\'sms\',\''+k+'\')"">"
"C00541","golden/crm.html","7141","consentBadges","button","카카오","<button onclick=""openRelationshipMessage(\'kakao\',\''+k+'\')"">"
"C00542","golden/crm.html","7141","consentBadges","button","설정","<button onclick=""openQuickContact(\'edit\',\''+k+'\')"">"
"C00543","golden/crm.html","7146","consentBadges","input","","<input id=""qc-office"" inputmode=""tel"" value=""'+escAttr(c.officeTel)+'"" placeholder=""예: 02-1234-5678"">"
"C00544","golden/crm.html","7146","consentBadges","select","'+CONTACT_ROLES.map(function(r){return '","<select id=""qc-role"">"
"C00545","golden/crm.html","7146","consentBadges","input","","<input id=""qc-name"" value=""'+escAttr(c.name)+'"">"
"C00546","golden/crm.html","7146","consentBadges","input","","<input id=""qc-mobile"" inputmode=""tel"" value=""'+escAttr(c.mobile)+'"">"
"C00547","golden/crm.html","7146","consentBadges","input","","<input id=""qc-email"" type=""email"" value=""'+escAttr(c.officeEmail)+'"">"
"C00548","golden/crm.html","7146","consentBadges","input"," 문자 광고성 정보 수신 동의","<input id=""qc-sms"" type=""checkbox"" '+(c.smsConsent?'checked':'')+'>"
"C00549","golden/crm.html","7146","consentBadges","input"," 카카오 광고성 정보 수신 동의","<input id=""qc-kakao"" type=""checkbox"" '+(c.kakaoConsent?'checked':'')+'>"
"C00550","golden/crm.html","7146","consentBadges","input"," 수신거부·발송 차단","<input id=""qc-block"" type=""checkbox"" '+(c.sendBlocked?'checked':'')+'>"
"C00551","golden/crm.html","7146","consentBadges","input","","<input id=""qc-consent-at"" type=""datetime-local"" value=""'+escAttr(c.consentAt?String(c.consentAt).slice(0,16):'')+'"">"
"C00552","golden/crm.html","7146","consentBadges","input","","<input id=""qc-block-reason"" value=""'+escAttr(c.sendBlockedReason)+'"" placeholder=""예: 고객 수신거부 요청"">"
"C00553","golden/crm.html","7146","consentBadges","button","취소","<button class=""dact"" onclick=""closeQuickContact()"">"
"C00554","golden/crm.html","7146","consentBadges","button","연락처·동의 저장","<button class=""dact pri"" onclick=""saveQuickContact()"">"
"C00555","golden/crm.html","7202","openRelationshipMessage","button","","<button class=""rm-template '+(i===idx?'on':'')+'"" onclick=""relationshipPick('+i+')"">"
"C00556","golden/crm.html","7202","openRelationshipMessage","textarea","","<textarea id=""rm-body"" oninput=""this.dataset.edited=\'1\';renderRelationshipMessage()"">"
"C00557","golden/crm.html","7202","openRelationshipMessage","button","💬 카카오","<button id=""rm-ch-kakao"" onclick=""relationshipSwitchChannel(\'kakao\')"">"
"C00558","golden/crm.html","7202","openRelationshipMessage","button","✉ 문자","<button id=""rm-ch-sms"" onclick=""relationshipSwitchChannel(\'sms\')"">"
"C00559","golden/crm.html","7202","openRelationshipMessage","input"," 지금 확인","<input type=""radio"" name=""rm-mode"" '+(REL_MSG.mode==='now'?'checked':'')+' onchange=""relationshipModeChanged(\'now\')"">"
"C00560","golden/crm.html","7202","openRelationshipMessage","input"," 예약 알림","<input type=""radio"" name=""rm-mode"" '+(REL_MSG.mode==='schedule'?'checked':'')+' onchange=""relationshipModeChanged(\'schedule\')"">"
"C00561","golden/crm.html","7202","openRelationshipMessage","input","","<input id=""rm-schedule-at"" type=""datetime-local"" value=""'+escAttr(REL_MSG.scheduleAt)+'"" min=""'+escAttr(relationshipDefaultSchedule())+'"" onchange=""relationshipScheduleChanged()"">"
"C00562","golden/crm.html","7202","openRelationshipMessage","input"," 이 안내는 고객이 요청한 자료·일정 안내 또는 현재 계약 이행에 필요한 정보이며 광고·권유 내용을 섞지 않았습니다.","<input id=""rm-info-confirm"" type=""checkbox"" onchange=""renderRelationshipMessage()"">"
"C00563","golden/crm.html","7202","openRelationshipMessage","input"," 발송 완료 확인 후 다음 확인을 ","<input id=""rm-next"" type=""checkbox"" checked>"
"C00564","golden/crm.html","7202","openRelationshipMessage","select","","<select id=""rm-next-days"">"
"C00565","golden/crm.html","7202","openRelationshipMessage","button","취소","<button class=""dact"" onclick=""closeKakaoModal()"">"
"C00566","golden/crm.html","7202","openRelationshipMessage","button","문구 복사","<button class=""dact"" onclick=""relationshipCopy()"">"
"C00567","golden/crm.html","7202","openRelationshipMessage","button","'+(channel==='sms'?'문자 앱에서 확인':'카카오 1:1에서 확인')+'","<button class=""dact pri"" id=""rm-go"" onclick=""relationshipChannelHandoff()"">"
"C00568","golden/crm.html","7202","openRelationshipMessage","button","실제 발송 완료","<button class=""dact pri"" onclick=""relationshipConfirm(\'sent\')"">"
"C00569","golden/crm.html","7202","openRelationshipMessage","button","발송 실패","<button class=""dact warn"" onclick=""relationshipConfirm(\'failed\')"">"
"C00570","golden/crm.html","7202","openRelationshipMessage","button","발송 안 함","<button class=""dact"" onclick=""relationshipConfirm(\'cancelled\')"">"
"C00571","golden/crm.html","7233","execGuideHTML","button","","<button class=""exec-guide-item '+(st[i]?'on':'')+'"" onclick=""toggleExecGuide('+i+')"">"
"C00572","golden/crm.html","7239","execRelationBadges","button","＋ 연락처 추가","<button class=""dact pri"" onclick=""openQuickContact(\'new\')"">"
"C00573","golden/crm.html","7239","execRelationBadges","button","문자","<button onclick=""openRelationshipMessage(\'sms\',\''+k+'\')"">"
"C00574","golden/crm.html","7239","execRelationBadges","button","카카오","<button onclick=""openRelationshipMessage(\'kakao\',\''+k+'\')"">"
"C00575","golden/crm.html","7239","execRelationBadges","button","관계·설정","<button onclick=""openQuickContact(\'edit\',\''+k+'\')"">"
"C00576","golden/crm.html","7241","execRelationBadges","select","'+['의사결정자','핵심담당자','실무자','영향자','정보제공자'].map(function(x){return '","<select id=""qc-decision-role"">"
"C00577","golden/crm.html","7241","execRelationBadges","select","'+['우호적','중립','부정적','미확인'].map(function(x){return '","<select id=""qc-relation-tone"">"
"C00578","golden/crm.html","7246","execQuotePanel","button","＋ 새 버전","<button class=""dact pri"" onclick=""openExecQuoteForm()"">"
"C00579","golden/crm.html","7247","openExecQuoteForm","input","","<input id=""exec-qv-amt"" type=""number"" min=""0"" step=""10000"" value=""'+(last||'')+'"">"
"C00580","golden/crm.html","7247","openExecQuoteForm","input","","<input id=""exec-qv-reason"" placeholder=""예: 공사 범위 조정"">"
"C00581","golden/crm.html","7247","openExecQuoteForm","button","취소","<button class=""dact"" onclick=""this.closest(\'.exec-inline-form\').remove()"">"
"C00582","golden/crm.html","7247","openExecQuoteForm","button","새 견적 저장","<button class=""dact pri"" onclick=""saveExecQuoteVersion()"">"
"C00583","golden/crm.html","7264","execAskModal","input","","<input id=""execAskInput"" placeholder=""예: 이필선 담당 중 30일 넘게 연락 안 한 곳"" onkeydown=""if(event.key===\'Enter\')runExecAsk()"">"
"C00584","golden/crm.html","7264","execAskModal","button","찾기","<button onclick=""runExecAsk()"">"
"C00585","golden/crm.html","7264","execAskModal","button","오늘 전화","<button onclick=""execAskExample(\'내가 오늘 전화해야 하는 곳\')"">"
"C00586","golden/crm.html","7264","execAskModal","button","30일 미접촉","<button onclick=""execAskExample(\'이필선 담당 중 30일 넘게 연락 안 한 곳\')"">"
"C00587","golden/crm.html","7264","execAskModal","button","이번 주 방문","<button onclick=""execAskExample(\'이번 주 방문 예정 현장\')"">"
"C00588","golden/crm.html","7264","execAskModal","button","1억·Next 없음","<button onclick=""execAskExample(\'견적 1억 이상인데 다음 행동 없는 곳\')"">"
"C00589","golden/crm.html","7264","execAskModal","button","기술자문 전환","<button onclick=""execAskExample(\'기술자문으로 전환된 현장\')"">"
"C00590","golden/crm.html","7264","execAskModal","button","닫기","<button onclick=""closeExecAsk()"">"
"C00591","golden/crm.html","7268","runExecAsk","button","","<button class=""exec-ask-row"" onclick=""openExecAskResult('+i+')"">"
"C00592","golden/crm.html","7280","execAttachPanel","button","📷 사진 추가","<button onclick=""openExecAttachPicker(\'photo\')"">"
"C00593","golden/crm.html","7280","execAttachPanel","button","📎 자료 추가","<button onclick=""openExecAttachPicker(\'file\')"">"
"C00594","golden/crm.html","7280","execAttachPanel","button","'+(all?'최근 8개만':'전체보기')+'","<button onclick=""toggleExecAttachmentGallery()"">"
"C00595","golden/crm.html","7282","installExecAttachInputs","input","","<input id=""exec-attach-photo"" type=""file"" accept=""image/*"" multiple>"
"C00596","golden/crm.html","7282","installExecAttachInputs","input","';document.body.appendChild(box);document.getElementById('exec-attach-photo').on","<input id=""exec-attach-file"" type=""file"" accept=""image/*,.pdf,.doc,.docx,.xls,.xlsx,.ppt,.pptx"" multiple>"
"C00597","golden/crm.html","7286","renderExecAttachForm","select","'+EXEC_ATTACH_CATEGORIES.map(function(x){return '","<select id=""exec-attach-category"">"
"C00598","golden/crm.html","7286","renderExecAttachForm","button","=0?'on':'')+'"" data-tag=""'+esc(x)+'"" onclick=""toggleExecAttachTag(this.dataset.t","<button class=""'+(EXEC_ATTACH_TAGS.indexOf(x)>"
"C00599","golden/crm.html","7286","renderExecAttachForm","textarea","'+esc(memo)+'","<textarea id=""exec-attach-memo"" rows=""2"" placeholder=""예: 배수로 주변 들뜸 확인"">"
"C00600","golden/crm.html","7286","renderExecAttachForm","button","취소","<button class=""dact"" onclick=""EXEC_ATTACH_FILES=[];renderDetail()"">"
"C00601","golden/crm.html","7286","renderExecAttachForm","button","'+EXEC_ATTACH_FILES.length+'개 파일 등록","<button class=""dact pri"" id=""exec-attach-save"" onclick=""saveExecAttachments()"">"
"C00602","golden/crm.html","7291","saveExecAttachments","EXEC_ATTACH_FILES","'+(d.favorite?'★ 즐겨찾기':'☆ 즐겨찾기')+'","<EXEC_ATTACH_FILES.length;i++)rows.push(FIELD_DEMO?demoExecAttachment(d,EXEC_ATTACH_FILES[i],cat,tags,memo):await uploadExecAttachment(d,EXEC_ATTACH_FILES[i],cat,tags,memo));p.attachments=d.attachments=(execAttachments(d)||[]).concat(rows);var note=(EXEC_ATTACH_KIND==='photo'?'현장사진 ':'자료 ')+rows.length+'개 등록 · '+cat+(tags.length?' · '+tags.join(', '):'');if(FIELD_DEMO){p.activities=p.activities||d.activities||[];p.activities.push({type:'파일첨부',note:note,result:memo,at:isoNow(),actor:(ME&&ME.name)||repN(d.assignee)});d.activities=p.activities}else{var row=logActivity('파일첨부',note,memo,isoNow());pushWrite('activity',{opportunity_id:d.id,type:'파일첨부',note:note,result:memo,occurred_at:row.at})}saveLocal();execTouch(d,'work',true);EXEC_ATTACH_FILES=[];EXEC_ATTACH_TAGS=[];renderDetail();detailTabFocus('현장·견적');showDetailErr(rows.length+'개 파일을 현장 이력에 등록했습니다.',true)}catch(e){btn.disabled=false;btn."
"C00603","golden/crm.html","7319","execGuideHTML","button","","<button class=""exec-guide-item '+(on?'on ':'')+(x.auto?'auto ':'')+(x.required?'required':'')+'"" onclick=""toggleExecGuide('+i+')"">"
"C00604","golden/crm.html","7327","execAskModal","input","","<input id=""execAskInput"" placeholder=""예: 이필선 담당 중 30일 넘게 연락 안 한 곳"" onkeydown=""if(event.key===\'Enter\')runExecAsk()"">"
"C00605","golden/crm.html","7327","execAskModal","button","찾기","<button onclick=""runExecAsk()"">"
"C00606","golden/crm.html","7327","execAskModal","button","오늘 전화","<button onclick=""execAskExample(\'내가 오늘 전화해야 하는 곳\')"">"
"C00607","golden/crm.html","7327","execAskModal","button","30일 미접촉","<button onclick=""execAskExample(\'이필선 담당 중 30일 넘게 연락 안 한 곳\')"">"
"C00608","golden/crm.html","7327","execAskModal","button","1억·Next 없음","<button onclick=""execAskExample(\'견적 1억 이상인데 다음 행동 없는 곳\')"">"
"C00609","golden/crm.html","7327","execAskModal","button","소장 번호 없음","<button onclick=""execAskExample(\'관리소장 휴대폰이 없는 현장\')"">"
"C00610","golden/crm.html","7327","execAskModal","button","견적 후 정체","<button onclick=""execAskExample(\'이번 달 견적 보냈는데 아직 경쟁단계로 안 간 곳\')"">"
"C00611","golden/crm.html","7327","execAskModal","button","닫기","<button onclick=""closeExecAsk()"">"
"C00612","golden/crm.html","7328","runExecAsk","button","","<button class=""exec-ask-row"" onclick=""openExecAskResult('+i+')"">"
"C00613","golden/crm.html","7367","relV8HTML","button","'+esc(i.nba)+'","<button class=""primary"" onclick=""relV8Action(\''+send+'\')"">"
"C00614","golden/crm.html","7367","relV8HTML","button","30일 접촉 보류","<button onclick=""relV8Action(\'hold\')"">"
"C00615","golden/crm.html","7379","relV8PurposeChanged","select","'+REL_PURPOSES.map(function(x){return '","<select id=""rm-purpose"" onchange=""relV8PurposeChanged()"">"
"C00616","golden/crm.html","7461","inqCtlRows","button","'+(BICON[b]?BICON[b][0]+' ':'')+esc(b)+' ","<button class=""'+(G.brand===b?'on':'')+'"" data-b=""'+escAttr(b)+'"" onclick=""G.brand=this.dataset.b;G.inqSelKey=null;paint()"">"
"C00617","golden/crm.html","7468","inqCtlCounts","button","'+t+' ","<button class=""'+(G.inqBucket===t?'on ':'')+(t==='휴지통'?'trash ':t===INQ_TECH_REVIEW_TAB?'tech-review ':'')+'"" data-t=""'+t+'"" onclick=""inqCtlSetTab(this.dataset.t)"">"
"C00618","golden/crm.html","7469","inqCtlCounts","button","'+x[1]+'","<button class=""'+(v===x[0]?'on':'')+'"" data-v=""'+x[0]+'"" onclick=""inqCtlSetView(this.dataset.v)"">"
"C00619","golden/crm.html","7471","inqCtlCounts","button","필터 해제","<button class=""act"" onclick=""clearBriefInquiry()"">"
"C00620","golden/crm.html","7471","inqCtlCounts","button","필터 해제","<button class=""act"" onclick=""clearInquiryIssue()"">"
"C00621","golden/crm.html","7475","inqTechReview","button","'+(d?'영업기회 열기':'분류 검토')+'","<button class=""'+(d?'':'primary')+'"" data-i=""'+i+'"" onclick=""inqTechReviewAction(Number(this.dataset.i))"">"
"C00622","golden/crm.html","7476","inqTechReviewAction","select","'+opts+'","<select id=""inq-tech-brand"">"
"C00623","golden/crm.html","7476","inqTechReviewAction","button","","<button onclick=""inqTechReclassify()"">"
"C00624","golden/crm.html","7476","inqTechReviewAction","button","","<button class=""primary"" onclick=""inqTechPromote()"">"
"C00625","golden/crm.html","7476","inqTechReviewAction","button","취소","<button onclick=""closeInquiryControlModal()"">"
"C00626","golden/crm.html","7484","inqCtlConsole","button","","<button class=""'+(x[2]||'')+'"" onclick=""inqCtlSetTab(\''+x[0]+'\')"">"
"C00627","golden/crm.html","7486","inqCtlConsole","div","","<div class=""inq-ctl-row '+(late||!assigned?'attn':'')+'"" onclick=""inqCtlOpenSingle(this.dataset.k)"" data-k=""'+escAttr(k)+'"">"
"C00628","golden/crm.html","7486","inqCtlConsole","span","","<span onclick=""event.stopPropagation()"">"
"C00629","golden/crm.html","7486","inqCtlConsole","input","","<input type=""checkbox"" data-k=""'+escAttr(k)+'"" '+(INQ_SEL[k]?'checked':'')+' onclick=""inqTick(this.dataset.k,this.checked)"">"
"C00630","golden/crm.html","7486","inqCtlConsole","span","","<span onclick=""event.stopPropagation()"">"
"C00631","golden/crm.html","7486","inqCtlConsole","button","⋯","<button class=""inq-ctl-more"" data-k=""'+escAttr(k)+'"" onclick=""inqCtlOpenMenu(this.dataset.k)"" aria-label=""문의 처리 메뉴"">"
"C00632","golden/crm.html","7487","inqCtlConsole","input","","<input type=""checkbox"" '+(allChecked?'checked':'')+' onclick=""inqCtlTickAll(this.checked)"">"
"C00633","golden/crm.html","7487","inqCtlConsole","button","담당자 배정","<button class=""primary"" onclick=""inqCtlOpenAssign(\'assign\')"">"
"C00634","golden/crm.html","7487","inqCtlConsole","button","재배정","<button onclick=""inqCtlOpenAssign(\'reassign\')"">"
"C00635","golden/crm.html","7487","inqCtlConsole","button","미배정 회수","<button onclick=""inqCtlOpenReason(\'unassign\')"">"
"C00636","golden/crm.html","7487","inqCtlConsole","button","보류","<button onclick=""inqCtlOpenReason(\'hold\')"">"
"C00637","golden/crm.html","7487","inqCtlConsole","button","휴지통","<button class=""danger"" onclick=""inqCtlOpenTrash()"">"
"C00638","golden/crm.html","7497","inqCtlAssignGroup","button","","<button class=""inq-ctl-rep '+(s.score===min&&p.role!=='branch_pool'?'recommended':'')+'"" data-r=""'+escAttr(s.rep)+'"" onclick=""inqCtlChooseRep(this.dataset.r)"">"
"C00639","golden/crm.html","7498","inqCtlOpenAssign","button","","<button class=""inq-branch-handoff"" onclick=""inqCtlOpenBranchHandoffConfirm()"">"
"C00640","golden/crm.html","7498","inqCtlOpenAssign","input","","<input id=""inq-ctl-reason"" '+(reassign?'required ':'')+'oninput=""inqCtlUpdateAssignConfirm()"" placeholder=""예: 지역·공종·현재 업무량 기준"">"
"C00641","golden/crm.html","7498","inqCtlOpenAssign","button","취소","<button onclick=""closeInquiryControlModal()"">"
"C00642","golden/crm.html","7498","inqCtlOpenAssign","button","'+(reassign?'본사 담당자 재배정':'본사 담당자 배정')+'","<button class=""primary"" id=""inq-ctl-confirm"" disabled onclick=""inqCtlConfirmAssign()"">"
"C00643","golden/crm.html","7499","inqCtlOpenBranchHandoffConfirm","input","","<input id=""inq-ctl-reason"" '+(M.reassign?'required ':'')+' placeholder=""예: 경남 권역 문의 지사 인계"">"
"C00644","golden/crm.html","7499","inqCtlOpenBranchHandoffConfirm","button","취소","<button onclick=""closeInquiryControlModal()"">"
"C00645","golden/crm.html","7499","inqCtlOpenBranchHandoffConfirm","button","경남지사 인계","<button class=""primary"" onclick=""inqCtlConfirmBranchHandoff()"">"
"C00646","golden/crm.html","7505","inqCtlOpenReason","textarea","","<textarea id=""inq-ctl-reason"" placeholder=""예: 고객 요청으로 다음 달 재검토"">"
"C00647","golden/crm.html","7505","inqCtlOpenReason","button","취소","<button onclick=""closeInquiryControlModal()"">"
"C00648","golden/crm.html","7505","inqCtlOpenReason","button","'+(hold?'보류 처리':'미배정 회수')+'","<button class=""primary"" onclick=""inqCtlConfirmReason()"">"
"C00649","golden/crm.html","7507","inqCtlOpenTrash","select","'+INQ_DELETE_REASONS.map(function(x){return '","<select id=""inq-ctl-delete-reason"">"
"C00650","golden/crm.html","7507","inqCtlOpenTrash","textarea","","<textarea id=""inq-ctl-delete-note"" placeholder=""기타 사유나 확인 내용을 남겨 주세요."">"
"C00651","golden/crm.html","7507","inqCtlOpenTrash","button","취소","<button onclick=""closeInquiryControlModal()"">"
"C00652","golden/crm.html","7507","inqCtlOpenTrash","button","휴지통으로 이동","<button class=""danger"" onclick=""inqCtlConfirmTrash()"">"
"C00653","golden/crm.html","7512","inqCtlTrash","div","","<div class=""inq-ctl-row"" style=""grid-template-columns:70px minmax(180px,1.4fr) 110px 90px 110px 105px 155px"" onclick=""return false"">"
"C00654","golden/crm.html","7512","inqCtlTrash","button","복원","<button class=""restore"" data-k=""'+escAttr(k)+'"" onclick=""inqCtlRestore(this.dataset.k)"">"
"C00655","golden/crm.html","7512","inqCtlTrash","button","완전삭제","<button class=""purge"" data-k=""'+escAttr(k)+'"" '+(!admin||prot?'disabled title=""영업기회 연결 또는 권한으로 완전삭제 제한""':'')+' onclick=""inqCtlHardDelete(this.dataset.k)"">"
"C00656","golden/crm.html","7513","inqCtlOpenMenu","button","상세 처리","<button class=""dact"" onclick=""inqCtlMenuDo(\'detail\')"">"
"C00657","golden/crm.html","7513","inqCtlOpenMenu","button","'+(assigned?'담당자 재배정':'담당자 배정')+'","<button class=""dact pri"" onclick=""inqCtlMenuDo(\''+(assigned?'reassign':'assign')+'\')"">"
"C00658","golden/crm.html","7513","inqCtlOpenMenu","button","미배정으로 회수","<button class=""dact"" onclick=""inqCtlMenuDo(\'unassign\')"">"
"C00659","golden/crm.html","7513","inqCtlOpenMenu","button","보류","<button class=""dact warn"" onclick=""inqCtlMenuDo(\'hold\')"">"
"C00660","golden/crm.html","7513","inqCtlOpenMenu","button","중복 처리","<button class=""dact"" onclick=""inqCtlMenuDo(\'duplicate\')"">"
"C00661","golden/crm.html","7513","inqCtlOpenMenu","button","휴지통으로 이동","<button class=""dact"" style=""color:var(--danger);border-color:var(--danger-bg)"" onclick=""inqCtlMenuDo(\'trash\')"">"
"C00662","golden/crm.html","7515","inqCtlOpenDuplicate","button","","<button class=""inq-ctl-rep"" style=""grid-template-columns:40px 1fr 110px"" data-target=""'+escAttr(inqKey(x))+'"" onclick=""inqCtlResolveDuplicate(\'link\',this.dataset.target)"">"
"C00663","golden/crm.html","7515","inqCtlOpenDuplicate","button","별도 문의로 유지","<button onclick=""inqCtlResolveDuplicate(\'keep\')"">"
"C00664","golden/crm.html","7515","inqCtlOpenDuplicate","button","중복으로 휴지통","<button class=""danger"" onclick=""inqCtlResolveDuplicate(\'trash\')"">"
"C00665","golden/crm.html","7562","dccHeroHTML","button","'+dccActionLabel(x.key)+'","<button onclick=""dccAction(\''+x.key+'\')"">"
"C00666","golden/crm.html","7564","dccHeroHTML","button","'+(scope==='unclassified'?'공종 입력':'공종 수정')+'","<button class=""primary"" onclick=""openWorkEdit()"">"
"C00667","golden/crm.html","7564","dccHeroHTML","button","사업유형 변경","<button class=""primary"" onclick=""openBizChange()"">"
"C00668","golden/crm.html","7564","dccHeroHTML","button","이력 보기","<button onclick=""detailTabFocus(\'변경이력\')"">"
"C00669","golden/crm.html","7564","dccHeroHTML","button","전화","<button '+(!mobile?'disabled':'')+' onclick=""contactDial(\'mobile\')"">"
"C00670","golden/crm.html","7564","dccHeroHTML","button","카카오","<button '+(!mobile?'disabled':'')+' onclick=""contactKakao()"">"
"C00671","golden/crm.html","7564","dccHeroHTML","button","문자","<button '+(!mobile?'disabled':'')+' onclick=""contactSms()"">"
"C00672","golden/crm.html","7564","dccHeroHTML","button","관리소장 등록","<button class=""primary"" onclick=""openQuickContact(\'new\')"">"
"C00673","golden/crm.html","7564","dccHeroHTML","button","이 발언으로 다음 행동 만들기","<button class=""primary"" onclick=""dccVoiceToNext()"">"
"C00674","golden/crm.html","7564","dccHeroHTML","button","📞 전화","<button '+(!mobile?'disabled':'')+' onclick=""contactDial(\'mobile\')"">"
"C00675","golden/crm.html","7564","dccHeroHTML","button","💬 카카오","<button '+(!mobile?'disabled':'')+' onclick=""contactKakao()"">"
"C00676","golden/crm.html","7564","dccHeroHTML","button","✉ 문자","<button '+(!mobile?'disabled':'')+' onclick=""contactSms()"">"
"C00677","golden/crm.html","7567","dccWaitingEditorHTML","input","","<input id=""dcc-wait-reason"" value=""'+escAttr(w.reason)+'"" placeholder=""예: 장기수선충당금 의결 후 검토"">"
"C00678","golden/crm.html","7567","dccWaitingEditorHTML","input","","<input id=""dcc-wait-speaker"" value=""'+escAttr(w.speaker)+'"" placeholder=""예: 김OO 관리소장"">"
"C00679","golden/crm.html","7567","dccWaitingEditorHTML","textarea","'+esc(w.statement)+'","<textarea id=""dcc-wait-statement"" placeholder=""예: 10월 입주자대표회의 이후 다시 연락주세요."">"
"C00680","golden/crm.html","7567","dccWaitingEditorHTML","input","","<input id=""dcc-wait-wake"" type=""date"" value=""'+escAttr(String(w.wake||'').slice(0,10))+'"">"
"C00681","golden/crm.html","7567","dccWaitingEditorHTML","input","","<input id=""dcc-wait-resume"" type=""date"" value=""'+escAttr(String(w.resume||'').slice(0,10))+'"">"
"C00682","golden/crm.html","7567","dccWaitingEditorHTML","input","","<input id=""dcc-wait-evidence"" value=""'+escAttr(w.evidence)+'"" placeholder=""예: 8/16 관리소장 전화 통화"">"
"C00683","golden/crm.html","7567","dccWaitingEditorHTML","button","대기정보와 재접촉일 저장","<button class=""dact pri"" onclick=""dccSaveWaitingContext()"">"
"C00684","golden/crm.html","7569","dccRecentHTML","button","전체 활동 보기","<button class=""dact"" onclick=""detailTabFocus(\'연락·활동\')"">"
"C00685","golden/crm.html","7577","dccRecentHTML","button","'+esc(dccActionLabel(x.key))+'","<button onclick=""dccAction(\''+x.key+'\')"">"
"C00686","golden/crm.html","7592","dccRecentHTML","button","'+esc(risk.cls==='stable'?'활동 기록':'바로 해결')+'","<button onclick=""dccAction(\''+(risk.cls==='stable'?'activity':primary.key)+'\')"">"
"C00687","golden/crm.html","7596","dccRecentHTML","button","📞 전화","<button class=""primary"" '+(!callable?'disabled':'')+' onclick=""contactDial(\''+callWhich+'\')"">"
"C00688","golden/crm.html","7596","dccRecentHTML","button","💬 카카오","<button '+(!mobile?'disabled':'')+' onclick=""contactKakao()"">"
"C00689","golden/crm.html","7596","dccRecentHTML","button","✉ 문자","<button '+(!mobile?'disabled':'')+' onclick=""contactSms()"">"
"C00690","golden/crm.html","7596","dccRecentHTML","button","연락처 등록","<button class=""primary"" onclick=""openQuickContact(\'new\')"">"
"C00691","golden/crm.html","7599","dccRecentHTML","summary","공종 · 사업유형 · 고객 발언 자세히 보기","<summary>"
"C00692","golden/crm.html","7600","dccRecentHTML","button","'+(scope==='unclassified'?'공종 입력':'공종 수정')+'","<button onclick=""openWorkEdit()"">"
"C00693","golden/crm.html","7601","dccRecentHTML","button","사업유형 변경","<button onclick=""openBizChange()"">"
"C00694","golden/crm.html","7602","dccRecentHTML","button","다음 행동으로 연결","<button onclick=""dccVoiceToNext()"">"
"C00695","golden/crm.html","7606","dccRecentHTML","0","'+t+'","<0)t='개요';G.detailTab=t;$$('#detailView .detailtabs button').forEach(function(b){b.classList.toggle('on',b.dataset.tab===t)});$$('#dv-body .dsec').forEach(function(s){s.style.display=s.dataset.sec===t?'':'none'});var dv=$('#detailView');if(dv)dv.scrollTop=0};
function dccDecorateDetail(){if(!CUR_DETAIL||CUR_DETAIL.kind!=='deal')return;var d=CUR_DETAIL.item,p=currentPatch(),body=$('#dv-body');if(!body)return;var brief=body.querySelector('.brief');if(brief)brief.outerHTML=dccHeroHTML(d,p);var journey=body.querySelector('.journey-wrap');if(journey)journey.outerHTML=dccJourneyHTML(d,p);var why=body.querySelector('.whywait');if(why)why.remove();var tabs=body.querySelector('.detailtabs');if(tabs)tabs.innerHTML=DCC_TABS.map(function(t){return '<button class=""'+(dccTabName(G.detailTab)===t?'on':'')+'"" data-tab=""'+escAttr(t)+'"" onclick=""detailTabFocus(this.dataset.tab)"">"
"C00696","golden/crm.html","7607","dccDecorateDetail","button","＋ 활동기록","<button class=""dact"" onclick=""dccGoActivity()"">"
"C00697","golden/crm.html","7607","dccDecorateDetail","button","'+(needsWake?'재접촉일 지정':'다음 행동 관리')+'","<button class=""dact dcc-context-action"" onclick=""'+(needsWake?'dccFocusWaiting()':'dccGoNext()')+'"">"
"C00698","golden/crm.html","7607","dccDecorateDetail","button","단계 전환 →","<button class=""dact dcc-main-action"" onclick=""openTransition()"">"
"C00699","golden/crm.html","7611","dccDecorateDetail","input","","<input id=""dcc-tr-speaker"" value=""'+escAttr(w.speaker||'')+'"" placeholder=""예: 김OO 관리소장"">"
"C00700","golden/crm.html","7611","dccDecorateDetail","input","","<input id=""dcc-tr-resume"" type=""date"" value=""'+escAttr(String(w.resume||'').slice(0,10))+'"">"
"C00701","golden/crm.html","7611","dccDecorateDetail","textarea","'+esc(w.statement||'')+'","<textarea id=""dcc-tr-statement"" placeholder=""예: 10월 입대의 이후 다시 연락주세요."">"
"C00702","golden/crm.html","7611","dccDecorateDetail","input","","<input id=""dcc-tr-evidence"" value=""'+escAttr(w.evidence||'')+'"" placeholder=""예: 관리소장 전화 통화"">"
"C00703","golden/index.html","157","paintToggle","button","PC","<button class=""' + (view === 'pc' ? 'on' : '') + '"" onclick=""mount(\'pc\')"">"
"C00704","golden/index.html","158","paintToggle","button","모바일","<button class=""' + (view === 'mobile' ? 'on' : '') + '"" onclick=""mount(\'mobile\')"">"
"C00705","golden/mobile.html","380","(top-level/template)","button","흐름도","<button data-v=""flow"" onclick=""nav('flow')"">"
"C00706","golden/mobile.html","382","(top-level/template)","button","1 로그인","<button data-v=""login"" onclick=""nav('login')"">"
"C00707","golden/mobile.html","383","(top-level/template)","button","2 오늘","<button data-v=""today"" onclick=""nav('today')"">"
"C00708","golden/mobile.html","384","(top-level/template)","button","3 결과 기재","<button data-v=""sheet"" onclick=""nav('sheet')"">"
"C00709","golden/mobile.html","385","(top-level/template)","button","4 내 건","<button data-v=""mine"" onclick=""nav('mine')"">"
"C00710","golden/mobile.html","386","(top-level/template)","button","5 딜 상세","<button data-v=""deal"" onclick=""nav('deal')"">"
"C00711","golden/mobile.html","387","(top-level/template)","button","6 수주 완료","<button data-v=""won"" onclick=""nav('won')"">"
"C00712","golden/mobile.html","388","(top-level/template)","button","7 내 실적","<button data-v=""my"" onclick=""nav('my')"">"
"C00713","golden/mobile.html","391","(top-level/template)","button","8 관제","<button data-v=""ctrl"" onclick=""nav('ctrl')"">"
"C00714","golden/mobile.html","392","(top-level/template)","button","9 파이프라인","<button data-v=""pipe"" onclick=""nav('pipe')"">"
"C00715","golden/mobile.html","393","(top-level/template)","button","10 실적","<button data-v=""perf"" onclick=""nav('perf')"">"
"C00716","golden/mobile.html","566","(top-level/template)","div","","<div class=""sheet-bg"" onclick=""closeSheet()"">"
"C00717","golden/mobile.html","1283","rLogin","input","'
 +'","<input id=""lg-nm"" value=""'+escAttr(G.lgName||'')+'"" oninput=""G.lgName=this.value"" placeholder=""예: 황윤선"" autocomplete=""username""'
 +' style=""width:100%;border:1px solid var(--line-2);border-radius:12px;padding:14px;font:inherit;font-size:16px;outline:none;box-sizing:border-box"">"
"C00718","golden/mobile.html","1286","rLogin","input","","<input id=""lg-pw"" type=""password"" inputmode=""numeric"" value=""'+escAttr(G.lgPw||'')+'"" oninput=""G.lgPw=this.value""'
 +' onkeydown=""if(event.key===\'Enter\')doSignIn()"" placeholder=""01012345678"" autocomplete=""current-password""'
 +' style=""width:100%;border:1px solid var(--line-2);border-radius:12px;padding:14px;font:inherit;font-size:16px;outline:none;box-sizing:border-box"">"
"C00719","golden/mobile.html","1290","rLogin","button","'+(G.lgBusy?'확인 중…':'로그인하기')+'","<button class=""btn btn-primary"" style=""margin-top:16px""'+busy+' onclick=""doSignIn()"">"
"C00720","golden/mobile.html","1329","rLocked","button","다시 시도","<button class=""btn btn-primary"" style=""margin-top:16px"" onclick=""LOAD_ERR=null;loadLive();toast(\'다시 시도 중…\')"">"
"C00721","golden/mobile.html","1338","render","button","'+t[1]+'","<button class=""'+(G.tab===t[0]?'on':'')+'"" onclick=""G.tab=\''+t[0]+'\';G.deal=null;G.drill=null;G.stage=null;G.sub=null;render()"">"
"C00722","golden/mobile.html","1340","render","button","'+IC.bell+'","<button class=""iconbtn"" style=""width:34px;height:34px"" aria-label=""알림함"" onclick=""G.sub={t:\'noti\'};render()"">"
"C00723","golden/mobile.html","1341","render","button","내 영업","<button class=""'+(G.mode==='rep'?'on':'')+'"" style=""padding:5px 11px;font-size:11.5px"" onclick=""switchMode(\'rep\')"">"
"C00724","golden/mobile.html","1341","render","button","관리","<button class=""'+(G.mode==='admin'?'on':'')+'"" style=""padding:5px 11px;font-size:11.5px"" onclick=""switchMode(\'admin\')"">"
"C00725","golden/mobile.html","1342","render","button","'+esc(G.user.nm)+' ⏻","<button class=""badge badge-gray"" onclick=""askSignOut()"">"
"C00726","golden/mobile.html","1364","rToday","button","'+IC.phone+'","<button class=""callbtn"" onclick=""event.stopPropagation();startTodayCall('+i+')"" aria-label=""전화"">"
"C00727","golden/mobile.html","1365","rToday","button","확인","<button class=""mini ok"" onclick=""event.stopPropagation();quick('+i+',\'확인 완료\')"">"
"C00728","golden/mobile.html","1365","rToday","button","넘기기","<button class=""mini skip"" onclick=""event.stopPropagation();skipSheet('+i+')"">"
"C00729","golden/mobile.html","1366","rToday","div","'+tl
   +'","<div class=""lrow '+(done?'dim':'')+'"" onclick=""openTodayItem('+i+')"">"
"C00730","golden/mobile.html","1371","rToday","button","","<button class=""pri"" onclick=""G.tab=\'mine\';render()"">"
"C00731","golden/mobile.html","1371","rToday","button","","<button onclick=""G.tab=\'find\';render()"">"
"C00732","golden/mobile.html","1402","callFlow","button","","<button class=""cchip '+c[0]+'"" onclick=""pickToday('+i+',\''+c[2]+'\')"">"
"C00733","golden/mobile.html","1439","rMine","button","'+tile(IC.folder,'var(--blue)','var(--blue-50)')
   +'","<button class=""lrow"" onclick=""tgGrp(\''+key+'\')"">"
"C00734","golden/mobile.html","1441","rMine","button","","<button class=""lrow"" style=""padding-left:14px"" data-id=""'+escAttr(d.id)+'"" onclick=""G.deal=this.dataset.id;render()"">"
"C00735","golden/mobile.html","1446","rMine","button","'+tile(IC.check,'var(--ok)','var(--ok-bg)')
   +'","<button class=""lrow"" onclick=""tgGrp(\'deliv\')"">"
"C00736","golden/mobile.html","1448","rMine","button","","<button class=""lrow"" style=""padding-left:14px"" data-id=""'+escAttr(d.id)+'"" onclick=""G.deal=this.dataset.id;render()"">"
"C00737","golden/mobile.html","1452","rMine","button","종료 '+closedN+'건 (수주·실주·배드핏·연락두절) →","<button class=""mmore card tight"" style=""padding:12px 16px;width:100%;text-align:left"" onclick=""G.sub={t:\'closed\'};render()"">"
"C00738","golden/mobile.html","1454","rMine","button","'+IC.back+'","<button class=""iconbtn"" onclick=""G.drill=null;render()"">"
"C00739","golden/mobile.html","1457","rMine","button","검색","<button onclick=""G.sub={t:\'search\'};render()"" style=""color:var(--blue);font-weight:700;font-size:12.5px"">"
"C00740","golden/mobile.html","1460","rMine","button","'+esc(bizShort(b))+' '+c+'","<button class=""cchip '+((G.bizF||'전체')===b?'b':'gr')+'"" style=""font-size:12px;padding:10px 4px"" data-b=""'+escAttr(b)+'"" onclick=""G.bizF=this.dataset.b;render()"">"
"C00741","golden/mobile.html","1461","rMine","button","'+f[1]+'","<button class=""'+(G.filt===f[0]?'on':'')+'"" onclick=""G.filt=\''+f[0]+'\';render()"">"
"C00742","golden/mobile.html","1488","contactCardM","button","","<button '+(!c.officeTel?'disabled':'')+' onclick=""callContactM(\'office\')"">"
"C00743","golden/mobile.html","1488","contactCardM","button","","<button '+(!c.mobile?'disabled':'')+' onclick=""callContactM(\'mobile\')"">"
"C00744","golden/mobile.html","1489","contactCardM","button","📞 관리사무소","<button '+(!c.officeTel?'disabled':'')+' onclick=""callContactM(\'office\')"">"
"C00745","golden/mobile.html","1489","contactCardM","button","📱 소장 전화","<button class=""pri"" '+(!c.mobile?'disabled':'')+' onclick=""callContactM(\'mobile\')"">"
"C00746","golden/mobile.html","1489","contactCardM","button","✉ 문자","<button '+(!c.mobile?'disabled':'')+' onclick=""smsContactM()"">"
"C00747","golden/mobile.html","1489","contactCardM","button","💬 카카오 열기","<button '+(!c.mobile?'disabled':'')+' onclick=""kakaoContactM()"">"
"C00748","golden/mobile.html","1490","contactCardM","button","🎙 통화 완료 → 내용 말하기","<button class=""mcontact-voice"" '+(!c.mobile?'disabled':'')+' onclick=""callMemoSheetM()"">"
"C00749","golden/mobile.html","1491","contactCardM","button","연락처 수정","<button onclick=""contactEditSheetM()"">"
"C00750","golden/mobile.html","1491","contactCardM","button","근무지 이동","<button onclick=""managerMoveSheetM()"">"
"C00751","golden/mobile.html","1491","contactCardM","button","이력 '+H.length+'건","<button onclick=""historySheetM()"">"
"C00752","golden/mobile.html","1496","contactEditSheetM","input","'
 +'","<input id=""ce-office"" inputmode=""tel"" value=""'+escAttr(c.officeTel)+'"" style=""width:100%;margin:6px 0 10px;border:1px solid var(--line-2);border-radius:11px;padding:12px;font:inherit"">"
"C00753","golden/mobile.html","1497","contactEditSheetM","input","'
 +'","<input id=""ce-name"" value=""'+escAttr(c.name)+'"" style=""width:100%;margin:6px 0 10px;border:1px solid var(--line-2);border-radius:11px;padding:12px;font:inherit"">"
"C00754","golden/mobile.html","1498","contactEditSheetM","input","'
 +'","<input id=""ce-mobile"" inputmode=""tel"" value=""'+escAttr(c.mobile)+'"" style=""width:100%;margin:6px 0 10px;border:1px solid var(--line-2);border-radius:11px;padding:12px;font:inherit"">"
"C00755","golden/mobile.html","1499","contactEditSheetM","input","'
 +'","<input id=""ce-email"" type=""email"" value=""'+escAttr(c.officeEmail)+'"" style=""width:100%;margin:6px 0 10px;border:1px solid var(--line-2);border-radius:11px;padding:12px;font:inherit"">"
"C00756","golden/mobile.html","1500","contactEditSheetM","button","연락처 저장","<button class=""btn btn-primary"" onclick=""saveContactM()"">"
"C00757","golden/mobile.html","1503","contactCardM","button","＋ 연락처 추가","<button class=""btn btn-primary"" onclick=""contactEditSheetM(\'\')"">"
"C00758","golden/mobile.html","1503","contactCardM","button","＋ 추가","<button onclick=""contactEditSheetM(\'\')"" style=""color:var(--blue);font-weight:800"">"
"C00759","golden/mobile.html","1503","contactCardM","button","","<button '+(!c.officeTel?'disabled':'')+' onclick=""callContactM(\'office\',\''+key+'\')"">"
"C00760","golden/mobile.html","1503","contactCardM","button","","<button '+(!c.mobile?'disabled':'')+' onclick=""callContactM(\'mobile\',\''+key+'\')"">"
"C00761","golden/mobile.html","1503","contactCardM","button","📞 사무소","<button '+(!c.officeTel?'disabled':'')+' onclick=""callContactM(\'office\',\''+key+'\')"">"
"C00762","golden/mobile.html","1503","contactCardM","button","📱 전화","<button class=""pri"" '+(!c.mobile?'disabled':'')+' onclick=""callContactM(\'mobile\',\''+key+'\')"">"
"C00763","golden/mobile.html","1503","contactCardM","button","✉ 문자","<button '+(!c.mobile?'disabled':'')+' onclick=""smsContactM(\''+key+'\')"">"
"C00764","golden/mobile.html","1503","contactCardM","button","💬 카카오","<button '+(!c.mobile?'disabled':'')+' onclick=""kakaoContactM(\''+key+'\')"">"
"C00765","golden/mobile.html","1503","contactCardM","button","연락처 수정","<button onclick=""contactEditSheetM(\''+key+'\')"">"
"C00766","golden/mobile.html","1507","contactEditSheetM","input","","<input id=""ce-office"" inputmode=""tel"" value=""'+escAttr(c.officeTel)+'"" style=""width:100%;margin:6px 0 10px;border:1px solid var(--line-2);border-radius:11px;padding:12px;font:inherit"">"
"C00767","golden/mobile.html","1507","contactEditSheetM","select","'+CONTACT_ROLES.map(function(r){return '","<select id=""ce-role"" style=""width:100%;margin:6px 0 10px;border:1px solid var(--line-2);border-radius:11px;padding:12px;font:inherit"">"
"C00768","golden/mobile.html","1507","contactEditSheetM","input","","<input id=""ce-name"" value=""'+escAttr(c.name)+'"" style=""width:100%;margin:6px 0 10px;border:1px solid var(--line-2);border-radius:11px;padding:12px;font:inherit"">"
"C00769","golden/mobile.html","1507","contactEditSheetM","input","","<input id=""ce-mobile"" inputmode=""tel"" value=""'+escAttr(c.mobile)+'"" style=""width:100%;margin:6px 0 10px;border:1px solid var(--line-2);border-radius:11px;padding:12px;font:inherit"">"
"C00770","golden/mobile.html","1507","contactEditSheetM","input","","<input id=""ce-email"" type=""email"" value=""'+escAttr(c.officeEmail)+'"" style=""width:100%;margin:6px 0 10px;border:1px solid var(--line-2);border-radius:11px;padding:12px;font:inherit"">"
"C00771","golden/mobile.html","1507","contactEditSheetM","button","연락처 저장","<button class=""btn btn-primary"" onclick=""saveContactM()"">"
"C00772","golden/mobile.html","1509","callMemoSheetM","button","통화 내용 저장","<button class=""btn btn-primary"" style=""margin-top:12px"" data-gate=""cm"" disabled onclick=""saveCallMemoM()"">"
"C00773","golden/mobile.html","1513","managerMoveSheetM","input","'
 +'","<input id=""mm-site"" placeholder=""예: 매탄임광아파트"" style=""width:100%;margin:6px 0 10px;border:1px solid var(--line-2);border-radius:11px;padding:12px;font:inherit"">"
"C00774","golden/mobile.html","1514","managerMoveSheetM","input","'
 +'","<input id=""mm-office"" inputmode=""tel"" placeholder=""예: 031-123-4567"" style=""width:100%;margin:6px 0 10px;border:1px solid var(--line-2);border-radius:11px;padding:12px;font:inherit"">"
"C00775","golden/mobile.html","1515","managerMoveSheetM","input","'
 +mReason('mm','예: 관리소장님 통화로 9월부터 매탄임광아파트로 이동 확인')+'","<input id=""mm-date"" type=""date"" value=""'+today+'"" style=""width:100%;margin:6px 0 10px;border:1px solid var(--line-2);border-radius:11px;padding:12px;font:inherit"">"
"C00776","golden/mobile.html","1516","managerMoveSheetM","button","근무지 이동 저장","<button class=""btn btn-primary"" style=""margin-top:12px"" data-gate=""mm"" disabled onclick=""saveManagerMoveM()"">"
"C00777","golden/mobile.html","1531","rDeal","button","'+IC.back+'","<button class=""iconbtn"" onclick=""G.deal=null;render()"">"
"C00778","golden/mobile.html","1531","rDeal","button","재배정","<button style=""color:var(--violet);font-weight:700;font-size:13px;padding:0 6px"" onclick=""reassignSheet()"">"
"C00779","golden/mobile.html","1534","rDeal","button","'+(workItemsM(d).length?'공종 수정':'공종 분류')+'","<button class=""badge badge-gray"" onclick=""workSheetM()"">"
"C00780","golden/mobile.html","1541","rDeal","button","이력 '+d.businessHistory.length+'","<button onclick=""bizHistSheet()"">"
"C00781","golden/mobile.html","1541","rDeal","button","변경","<button class=""primary"" onclick=""bizSheet()"">"
"C00782","golden/mobile.html","1545","rDeal","button","'+IC.mic+'음성","<button onclick=""voiceMemo()"" style=""color:var(--blue);font-weight:700;font-size:12.5px;display:flex;align-items:center;gap:4px"">"
"C00783","golden/mobile.html","1545","rDeal","button","'+IC.camera+'사진","<button onclick=""photoSheet()"" style=""color:var(--sub);font-weight:700;font-size:12.5px;display:flex;align-items:center;gap:4px"">"
"C00784","golden/mobile.html","1545","rDeal","button","'+IC.msg+'템플릿","<button onclick=""tmplSheet()"" style=""color:var(--violet);font-weight:700;font-size:12.5px;display:flex;align-items:center;gap:4px"">"
"C00785","golden/mobile.html","1548","rDeal","button","'+(d.outcome==='won'?'시공 단계 진행 →':'다음 단계로 →')+'","<button class=""btn btn-primary"" onclick=""nextSheet()"">"
"C00786","golden/mobile.html","1548","rDeal","button","사업유형 변경","<button class=""btn btn-line"" style=""margin-top:7px"" onclick=""bizSheet()"">"
"C00787","golden/mobile.html","1548","rDeal","button","예외 이동 · 종료 처리 — 전체 단계에서 선택 (사유 필수)","<button class=""hint"" style=""display:block;width:100%;text-align:center;margin-top:7px"" onclick=""exSheet()"">"
"C00788","golden/mobile.html","1554","workSheetM","button","공종 저장","<button class=""btn btn-primary"" style=""margin-top:12px"" data-gate=""workedit"" disabled onclick=""saveWorkSheetM()"">"
"C00789","golden/mobile.html","1554","workSheetM","button","취소","<button class=""btn btn-line"" style=""margin-top:8px"" onclick=""closeSheet()"">"
"C00790","golden/mobile.html","1579","respCardM","button","응대 전체보기 ('+R.length+')","<button onclick=""respSheet()"" style=""color:var(--blue);font-weight:700;font-size:12.5px"">"
"C00791","golden/mobile.html","1603","nextSheet","button","","<button class=""cchip '+(win?'g':'b')+'"" onclick=""moveTo('+i+')"">"
"C00792","golden/mobile.html","1606","nextSheet","button","'+OUTCOMES[o].nm+'","<button class=""cchip '+OUTCOMES[o].color+'"" onclick=""closeSheetFlow(\''+o+'\')"">"
"C00793","golden/mobile.html","1607","nextSheet","button","","<button class=""cchip b"" onclick=""spawnExpansion()"">"
"C00794","golden/mobile.html","1617","moveTo","button","다음 단계로 저장","<button class=""btn btn-primary"" style=""margin-top:14px"" data-gate=""mv"" disabled onclick=""commitMoveWithReason()"">"
"C00795","golden/mobile.html","1637","closeSheetFlow","button","'+r+'","<button class=""cchip '+(G.clKind===r?'b':'gr')+'"" data-r=""'+escAttr(r)+'"" onclick=""G.clKind=this.dataset.r;closeSheetFlow(\''+o+'\')"">"
"C00796","golden/mobile.html","1640","closeSheetFlow","button","종료 저장","<button class=""btn btn-primary"" style=""margin-top:14px"" data-gate=""cl"" disabled onclick=""commitCloseR(\''+o+'\')"">"
"C00797","golden/mobile.html","1661","amtSheet","button","'+n+'","<button onclick=""amtKey(\''+n+'\',\''+to+'\')"">"
"C00798","golden/mobile.html","1662","amtSheet","button","🎉 수주 확정","<button class=""btn btn-primary"" style=""margin-top:12px"" '+(num?'':'disabled')+' onclick=""amtOk(\''+to+'\')"">"
"C00799","golden/mobile.html","1691","renderWon","button","확인","<button class=""btn btn-primary"" style=""margin-top:16px"" onclick=""render()"">"
"C00800","golden/mobile.html","1725","mReason","button","⌨ 직접 입력","<button class=""on"" data-m=""text"" onclick=""mrMode(\''+id+'\',\'text\')"">"
"C00801","golden/mobile.html","1726","mReason","button","'+IC.mic+' 음성 입력","<button data-m=""voice"" onclick=""mrMode(\''+id+'\',\'voice\')"">"
"C00802","golden/mobile.html","1727","mReason","textarea","","<textarea id=""'+id+'-t"" oninput=""mrGate(\''+id+'\')"" placeholder=""'+escAttr(ph||'무엇을 확인했고 왜 바꾸는지 적어주세요')+'"">"
"C00803","golden/mobile.html","1728","mReason","button","'+IC.mic+' 녹음 시작","<button class=""btn btn-line rrec"" id=""'+id+'-b"" onclick=""mrRec(\''+id+'\')"">"
"C00804","golden/mobile.html","1763","bizSheet","button","'+esc(b)+'","<button class=""cchip '+(G.bzTo===b?'b':'gr')+'"" data-b=""'+escAttr(b)+'"" onclick=""G.bzTo=this.dataset.b;bizSheet()"">"
"C00805","golden/mobile.html","1767","bizSheet","input","'
  +'","<input id=""bz-na"" value=""'+escAttr(G.bzNa||'')+'"" oninput=""G.bzNa=this.value"" placeholder=""예: 기술자문 계약서 작성"" style=""width:100%;border:1px solid var(--line-2);border-radius:12px;padding:13px;font:inherit;font-size:15px;outline:none;box-sizing:border-box"">"
"C00806","golden/mobile.html","1768","bizSheet","button","변경 저장","<button class=""btn btn-primary"" style=""margin-top:14px"" data-gate=""bz"" disabled onclick=""commitBiz()"">"
"C00807","golden/mobile.html","1821","rMy","button","","<button>"
"C00808","golden/mobile.html","1822","rMy","button","","<button>"
"C00809","golden/mobile.html","1823","rMy","button","","<button onclick=""G.sub={t:\'hyg\'};render()"">"
"C00810","golden/mobile.html","1831","rCtrl","button","","<button class=""'+(G.sigK===s.k?'on':'')+'"" onclick=""G.sigK=\''+s.k+'\';render()"">"
"C00811","golden/mobile.html","1832","rCtrl","button","'+x[1]+' '+n+'","<button class=""'+(G.inqState===x[0]?'on':'')+'"" onclick=""G.inqState=\''+x[0]+'\';render()"">"
"C00812","golden/mobile.html","1834","rCtrl","button","배정","<button class=""btn btn-primary btn-sm"" onclick=""assignSheet('+i+')"">"
"C00813","golden/mobile.html","1835","rCtrl","button","쪼기","<button class=""btn btn-line btn-sm"" onclick=""nudgeSheet(\''+r.nm+'\')"">"
"C00814","golden/mobile.html","1836","rCtrl","button","보기","<button class=""btn btn-line btn-sm"" onclick=""drill(\''+r.nm+'\')"">"
"C00815","golden/mobile.html","1841","rCtrl","span","'+esc(r.nm)+'","<span class=""pn"" style=""cursor:pointer"" onclick=""'+go+'"">"
"C00816","golden/mobile.html","1854","rPipe","button","'+tile(IC.chart,'var(--blue)','var(--blue-50)')+'","<button class=""krow"" onclick=""G.stage=\''+MACRO5[i].k+'\';G.ssf=null;G.alf=null;render()"">"
"C00817","golden/mobile.html","1867","band","button","'+tile(c[0]==='won'?IC.check:IC.alert,col[0],col[1])+'","<button class=""krow"" onclick=""G.cl=\''+c[0]+'\';G.sub={t:\'closed\'};render()"">"
"C00818","golden/mobile.html","1869","band","button","조치 필요 보기","<button class=""badge badge-danger"" onclick=""G.sub={t:\'stale\'};render()"">"
"C00819","golden/mobile.html","1871","band","button","'+v[1]+'","<button class=""'+((G.pv||'st')===v[0]?'on':'')+'"" onclick=""G.pv=\''+v[0]+'\';render()"">"
"C00820","golden/mobile.html","1874","band","button","'+tile(IC.user,'var(--violet)','var(--violet-bg)')+'","<button class=""krow"" onclick=""drill(\''+r[0]+'\')"">"
"C00821","golden/mobile.html","1889","rStageList","button","전체 '+all.length+'","<button class=""'+(!G.ssf&&!G.alf?'on':'')+'"" onclick=""G.ssf=null;G.alf=null;render()"">"
"C00822","golden/mobile.html","1890","rStageList","button","'+s+' '+all.filter(function(d){return stageLabel(d.code)===s}).length+'","<button class=""'+(G.ssf===s?'on':'')+'"" onclick=""G.ssf=\''+s+'\';G.alf=null;render()"">"
"C00823","golden/mobile.html","1891","rStageList","button","'+AL.label+' '+alerts.length+'","<button class=""'+(G.alf?'on':'')+'"" style=""color:var(--danger)"" onclick=""G.alf=!G.alf;render()"">"
"C00824","golden/mobile.html","1894","rStageList","button","'+IC.back+'","<button class=""iconbtn"" onclick=""G.stage=null;G.ssf=null;G.alf=null;render()"">"
"C00825","golden/mobile.html","1896","rStageList","button","'+meta[3]+(G.alf?' ✕':' — 보기')+'","<button class=""badge badge-danger"" onclick=""G.alf=!G.alf;render()"">"
"C00826","golden/mobile.html","1899","rStageList","div","'+tile(IC.folder,'var(--blue)','var(--blue-50)')
   +'","<div class=""lrow"" data-id=""'+escAttr(d.id)+'"" onclick=""G.deal=this.dataset.id;render()"">"
"C00827","golden/mobile.html","1904","rStageList","button","'+IC.bell+' 이 목록 담당자 쪼기","<button class=""btn btn-line"" onclick=""nudgeSheet(\''+(function(){var r=[];list.forEach(function(d){if(r.indexOf(d.rep)<0)r.push(d.rep)});return r.join(', ')})()+'\',\''+macroNm(st)+' '+AL.label+' '+list.length+'건\')"">"
"C00828","golden/mobile.html","1915","appbarS","button","'+IC.back+'","<button class=""iconbtn"" onclick=""subBack()"">"
"C00829","golden/mobile.html","1916","dealRow","div","'+tile(IC.folder,'var(--blue)','var(--blue-50)')
 +'","<div class=""lrow"" data-id=""'+escAttr(d.id)+'"" onclick=""G.deal=this.dataset.id;render()"">"
"C00830","golden/mobile.html","1923","rSearch","input","'
 +'","<input id=""srch"" placeholder=""현장명·담당자 검색"" style=""width:100%;border:1.5px solid var(--blue);background:#fff;border-radius:13px;padding:14px;font:inherit;font-size:15px;outline:none"" oninput=""srchDo(this.value)"">"
"C00831","golden/mobile.html","1945","rInq","button","기존 건에 연결","<button class=""btn btn-line btn-sm"" style=""flex:1"" onclick=""toast(\'기존 건에 이어붙이기 — 과거 노트 포함 배정 (목업)\')"">"
"C00832","golden/mobile.html","1945","rInq","button","별개 현장","<button class=""btn btn-line btn-sm"" style=""flex:1"" onclick=""toast(\'별개 현장으로 처리 — 사유 기록 (목업)\')"">"
"C00833","golden/mobile.html","1946","rInq","button","'+IC.phone+' 전화","<button class=""btn btn-line"" style=""flex:1"" onclick=""callInquiry('+s.i+')"">"
"C00834","golden/mobile.html","1946","rInq","button","'+(q.rep==='미배정'?'배정하기':'재배정')+'","<button class=""btn btn-primary"" style=""flex:1"" onclick=""assignSheet('+s.i+')"">"
"C00835","golden/mobile.html","1949","rInqAssigned","button","'+esc(phoneFmt(q.phone))+'","<button class=""v"" style=""color:var(--blue)"" onclick=""location.href=\'tel:'+phoneN(q.phone)+'\'"">"
"C00836","golden/mobile.html","1949","rInqAssigned","button","'+IC.phone+' 전화하기","<button class=""btn btn-primary"" onclick=""location.href=\'tel:'+phoneN(q.phone)+'\'"">"
"C00837","golden/mobile.html","1949","rInqAssigned","button","'+v+'","<button class=""cchip gr"" data-v=""'+escAttr(v)+'"" onclick=""recordInquiryResponse(\''+escAttr(q.key)+'\',this.dataset.v)"">"
"C00838","golden/mobile.html","1958","assignSheet","button","","<button class=""cchip '+(rec?'b':'gr')+'"" onclick=""pickAssign('+i+',\''+r+'\')"">"
"C00839","golden/mobile.html","1968","rOverdue","button","이 단계 쪼기","<button class=""btn btn-line btn-sm"" onclick=""nudgeSheet(\''+s.nm+'\',\''+macroNm(st)+' '+lbl+' '+L.length+'건\')"">"
"C00840","golden/mobile.html","1974","rOverdue","button","이 단계 쪼기","<button class=""btn btn-line btn-sm"" onclick=""nudgeSheet(\''+s.nm+'\',\'견적문의 응대 초과 '+iq.length+'건\')"">"
"C00841","golden/mobile.html","1976","rOverdue","div","'+tile(IC.phone,'var(--warn)','var(--warn-bg)')
      +'","<div class=""lrow"" onclick=""toast(\'문의 상세 — 원문·연락처·이력 (목업 생략)\')"">"
"C00842","golden/mobile.html","1986","rOverdue","button","'+IC.bell+' 전체 쪼기","<button class=""btn btn-primary"" onclick=""nudgeSheet(\''+s.nm+'\',\'전체 '+total+'건\')"">"
"C00843","golden/mobile.html","1994","nudgeSheet","button","팀 채널로 발송","<button class=""btn btn-primary"" onclick=""closeSheet();toast(\'쪼기 발송 완료 — 팀 채널 + 이행률 기록\')"">"
"C00844","golden/mobile.html","2035","skipSheet","button","'+r+'","<button class=""cchip gr"" onclick=""pickSkip('+i+',\''+r+'\')"">"
"C00845","golden/mobile.html","2047","exSheet","button","'+stageLabel(s)+'","<button class=""cchip gr"" onclick=""exReason(\''+s+'\')"">"
"C00846","golden/mobile.html","2051","exReason","button","'+r+'","<button class=""cchip gr"" onclick=""commitMoveR(\''+to+'\',\'예외: '+r+'\')"">"
"C00847","golden/mobile.html","2059","reassignSheet","button","","<button class=""cchip '+(ri===0?'b':'gr')+'"" onclick=""pickReassign(\''+r+'\')"">"
"C00848","golden/mobile.html","2082","prospectWorkHTML","button","=0?'on':'')+'"" data-k=""'+escAttr(k)+'"" onclick=""toggleProspectWork(this.dataset.","<button type=""button"" class=""m-workopt '+(G.pWorkItems.indexOf(k)>"
"C00849","golden/mobile.html","2082","prospectWorkHTML","input","':'')+'","<input id=""pworkother"" class=""m-workother"" value=""'+escAttr(G.pWorkOther||'')+'"" oninput=""G.pWorkOther=this.value;paintProspectWorkSummary()"" placeholder=""기타 공종 직접 입력"">"
"C00850","golden/mobile.html","2082","prospectWorkHTML","select","","<select id=""pworkprimary"" class=""m-workprimary"" onchange=""G.pPrimaryWork=this.value;paintProspectWorkSummary()"">"
"C00851","golden/mobile.html","2090","rProspect","input","'
 +'","<input id=""pname"" value=""'+escAttr(G.pnm||'')+'"" oninput=""G.pnm=this.value"" placeholder=""예: [수원] 광교더리브아파트"" style=""width:100%;border:1px solid var(--line-2);border-radius:12px;padding:13px;font:inherit;font-size:15px;outline:none;box-sizing:border-box"">"
"C00852","golden/mobile.html","2091","rProspect","button","'+IC.camera+' 명함·현수막 촬영으로 자동 인식","<button class=""btn btn-line"" style=""margin-top:10px"" onclick=""scanCard()"">"
"C00853","golden/mobile.html","2092","rProspect","input","'
 +'","<input id=""pwork"" value=""'+escAttr(G.pwork||'')+'"" oninput=""G.pwork=this.value"" placeholder=""예: 옥상 방수 재도장공사"" style=""width:100%;border:1px solid var(--line-2);border-radius:12px;padding:13px;font:inherit;font-size:15px;outline:none;box-sizing:border-box"">"
"C00854","golden/mobile.html","2094","rProspect","button","'+esc(b)+'","<button class=""cchip '+(biz===b?'b':'gr')+'"" data-b=""'+escAttr(b)+'"" onclick=""G.pbiz=this.dataset.b;render()"">"
"C00855","golden/mobile.html","2096","rProspect","input","'
 +'","<input id=""pamt"" type=""number"" min=""0"" step=""1000000"" value=""'+escAttr(G.pamt||'')+'"" oninput=""G.pamt=this.value"" placeholder=""예: 150000000"" style=""width:100%;border:1px solid var(--line-2);border-radius:12px;padding:13px;font:inherit;font-size:15px;outline:none;box-sizing:border-box"">"
"C00856","golden/mobile.html","2097","rProspect","input","'
 +'","<input id=""paddr"" value=""'+escAttr(G.paddr||'')+'"" oninput=""G.paddr=this.value"" placeholder=""예: 경기 수원시 영통구 ..."" style=""width:100%;border:1px solid var(--line-2);border-radius:12px;padding:13px;font:inherit;font-size:15px;outline:none;box-sizing:border-box"">"
"C00857","golden/mobile.html","2098","rProspect","input","'
 +'","<input id=""poffice"" inputmode=""tel"" value=""'+escAttr(G.poffice||'')+'"" oninput=""G.poffice=this.value"" placeholder=""예: 031-123-4567"" style=""width:100%;border:1px solid var(--line-2);border-radius:12px;padding:13px;font:inherit;font-size:15px;outline:none;box-sizing:border-box"">"
"C00858","golden/mobile.html","2099","rProspect","input","'
 +'","<input id=""pmanager"" value=""'+escAttr(G.pmanager||'')+'"" oninput=""G.pmanager=this.value"" placeholder=""예: 김민수"" style=""width:100%;border:1px solid var(--line-2);border-radius:12px;padding:13px;font:inherit;font-size:15px;outline:none;box-sizing:border-box"">"
"C00859","golden/mobile.html","2100","rProspect","input","","<input id=""pmobile"" inputmode=""tel"" value=""'+escAttr(G.pmobile||'')+'"" oninput=""G.pmobile=this.value;managerHintM()"" placeholder=""예: 010-1234-5678"" style=""width:100%;border:1px solid var(--line-2);border-radius:12px;padding:13px;font:inherit;font-size:15px;outline:none;box-sizing:border-box"">"
"C00860","golden/mobile.html","2101","rProspect","input","'
 +'","<input id=""pemail"" type=""email"" value=""'+escAttr(G.pemail||'')+'"" oninput=""G.pemail=this.value"" placeholder=""예: office@example.com"" style=""width:100%;border:1px solid var(--line-2);border-radius:12px;padding:13px;font:inherit;font-size:15px;outline:none;box-sizing:border-box"">"
"C00861","golden/mobile.html","2103","rProspect","button","등록하기","<button class=""btn btn-primary"" style=""margin-top:14px"" data-gate=""nd"" disabled onclick=""addProspect()"">"
"C00862","golden/mobile.html","2135","dupSheet","button","","<button class=""cchip b"" data-id=""'+escAttr(d.id)+'"" onclick=""closeSheet();G.deal=this.dataset.id;G.tab=\'mine\';render()"">"
"C00863","golden/mobile.html","2143","rNoti","button","열기","<button class=""btn btn-line btn-sm"" onclick=""G.sub=null;G.tab=\'today\';render()"">"
"C00864","golden/mobile.html","2144","rNoti","button","보기","<button class=""btn btn-line btn-sm"" onclick=""G.sub=null;G.deal=3;render()"">"
"C00865","golden/mobile.html","2148","rNoti","button","정리","<button class=""btn btn-line btn-sm"" onclick=""G.sub={t:\'hyg\'};render()"">"
"C00866","golden/mobile.html","2149","rNoti","button","설정","<button class=""btn btn-line btn-sm"" onclick=""G.sub={t:\'set\'};render()"">"
"C00867","golden/mobile.html","2158","rSet","button","'+(s.quiet?'켜짐':'꺼짐')+'","<button class=""badge '+(s.quiet?'badge-ok':'badge-gray')+'"" onclick=""G.set.quiet=!G.set.quiet;render()"">"
"C00868","golden/mobile.html","2159","rSet","button","'+h+'","<button class=""cchip '+(s.hour===h?'b':'gr')+'"" onclick=""G.set.hour=\''+h+'\';render()"">"
"C00869","golden/mobile.html","2160","rSet","button","'+(s.vac?'사용 중':'꺼짐')+'","<button class=""badge '+(s.vac?'badge-warn':'badge-gray')+'"" onclick=""G.set.vac=!G.set.vac;render()"">"
"C00870","golden/mobile.html","2161","rSet","button","'+r+'","<button class=""cchip '+(s.deleg===r?'b':'gr')+'"" onclick=""G.set.deleg=\''+r+'\';toast(\'휴가 중 알림이 '+r+'님에게 갑니다\');render()"">"
"C00871","golden/mobile.html","2174","rClosed","div","'
   +tile(d.outcome==='won'?IC.check:IC.alert,d.outcome==='won'?'var(--ok)':'va","<div class=""lrow"" data-id=""'+escAttr(d.id)+'"" onclick=""G.deal=this.dataset.id;render()"">"
"C00872","golden/mobile.html","2181","rClosed","button","'+OUTCOMES[o].nm+' '+cnt[o]+'","<button class=""'+(G.cl===o?'on':'')+'"" data-o=""'+o+'"" onclick=""G.cl=this.dataset.o;render()"">"
"C00873","golden/mobile.html","2193","rAxis","button","면담 안건 만들기","<button class=""btn btn-primary"" onclick=""coachSheet(\''+s.nm+'\')"">"
"C00874","golden/mobile.html","2201","rCoach","button","안건","<button class=""btn btn-line btn-sm"" onclick=""coachSheet(\''+r[0]+'\')"">"
"C00875","golden/mobile.html","2206","coachSheet","button","잔디로 보내기","<button class=""btn btn-primary"" onclick=""closeSheet();toast(\'면담 안건 저장 — 잔디 1:1로 발송 (목업)\')"">"
"C00876","golden/mobile.html","2224","rMonthly","button","PDF 미리보기","<button class=""btn btn-line"" style=""flex:1"" onclick=""toast(\'PDF 미리보기 생성 (목업)\')"">"
"C00877","golden/mobile.html","2224","rMonthly","button","잔디 발송","<button class=""btn btn-primary"" style=""flex:1"" onclick=""toast(\'대표 보고 채널로 발송 (목업)\')"">"
"C00878","golden/mobile.html","2233","rDups","div","'+tile(IC.folder,'var(--warn)','var(--warn-bg)')+'","<div class=""lrow"" onclick=""G._dg['+gi+']=!G._dg['+gi+'];render()"">"
"C00879","golden/mobile.html","2234","rDups","button","확인했어요 — 병합 요청","<button class=""btn btn-line btn-sm"" style=""margin:8px 0 10px"" onclick=""toast(\'병합 요청 기록 — 관리자 확인 후 처리 (목업)\')"">"
"C00880","golden/mobile.html","2244","photoSheet","button","'+IC.camera+' 촬영·추가","<button class=""btn btn-primary"" onclick=""addPhoto()"">"
"C00881","golden/mobile.html","2258","tmplSheet","button","","<button class=""cchip '+(i===0?'b':'gr')+'"" onclick=""sendTmpl(\''+t[0]+'\')"">"
"C00882","golden/mobile.html","2269","rPerf","div","'+tile('","<div class=""prow"" style=""cursor:pointer"" onclick=""G.sub={t:\'axis\',nm:\''+r[0]+'\',amt:\''+r[1]+'\'};render()"">"
"C00883","golden/mobile.html","2270","rPerf","button","코칭 신호 3건 보기","<button class=""btn btn-line btn-sm"" style=""margin-top:8px"" onclick=""G.sub={t:\'coach\'};render()"">"
"C00884","golden/mobile.html","2277","rRpt","div","'+tile(IC.sun,'var(--blue)','var(--blue-50)')+'","<div class=""prow"" style=""cursor:pointer"" onclick=""G.sub={t:\'brief\'};render()"">"
"C00885","golden/mobile.html","2278","rRpt","div","'+tile(IC.doc,'var(--blue)','var(--blue-50)')+'","<div class=""prow"" style=""cursor:pointer"" onclick=""G.sub={t:\'monthly\'};render()"">"
"C00886","golden/mobile.html","2279","rRpt","div","'+tile(IC.alert,'var(--warn)','var(--warn-bg)')+'","<div class=""prow"" style=""cursor:pointer"" onclick=""G.sub={t:\'dups\'};render()"">"
"C00887","golden/mobile.html","2295","rmBadgesM","button","＋ 연락처 추가","<button class=""btn btn-primary"" onclick=""contactEditSheetM(\'\')"">"
"C00888","golden/mobile.html","2295","rmBadgesM","button","＋ 추가","<button onclick=""contactEditSheetM(\'\')"" style=""color:var(--blue);font-weight:800"">"
"C00889","golden/mobile.html","2295","rmBadgesM","button","","<button '+(!c.officeTel?'disabled':'')+' onclick=""callContactM(\'office\',\''+key+'\')"">"
"C00890","golden/mobile.html","2295","rmBadgesM","button","","<button '+(!c.mobile?'disabled':'')+' onclick=""callContactM(\'mobile\',\''+key+'\')"">"
"C00891","golden/mobile.html","2295","rmBadgesM","button","📞 사무소","<button '+(!c.officeTel?'disabled':'')+' onclick=""callContactM(\'office\',\''+key+'\')"">"
"C00892","golden/mobile.html","2295","rmBadgesM","button","📱 전화","<button class=""pri"" '+(!c.mobile?'disabled':'')+' onclick=""callContactM(\'mobile\',\''+key+'\')"">"
"C00893","golden/mobile.html","2295","rmBadgesM","button","✉ 문자","<button '+(!c.mobile?'disabled':'')+' onclick=""smsContactM(\''+key+'\')"">"
"C00894","golden/mobile.html","2295","rmBadgesM","button","💬 카카오","<button '+(!c.mobile?'disabled':'')+' onclick=""kakaoContactM(\''+key+'\')"">"
"C00895","golden/mobile.html","2295","rmBadgesM","button","연락처·동의 수정","<button onclick=""contactEditSheetM(\''+key+'\')"">"
"C00896","golden/mobile.html","2296","rmBadgesM","input","","<input id=""ce-office"" inputmode=""tel"" value=""'+escAttr(c.officeTel)+'"" style=""width:100%;margin:6px 0 10px;border:1px solid var(--line-2);border-radius:11px;padding:12px;font:inherit"">"
"C00897","golden/mobile.html","2296","rmBadgesM","select","'+CONTACT_ROLES.map(function(r){return '","<select id=""ce-role"" style=""width:100%;margin:6px 0 10px;border:1px solid var(--line-2);border-radius:11px;padding:12px;font:inherit"">"
"C00898","golden/mobile.html","2296","rmBadgesM","input","","<input id=""ce-name"" value=""'+escAttr(c.name)+'"" style=""width:100%;margin:6px 0 10px;border:1px solid var(--line-2);border-radius:11px;padding:12px;font:inherit"">"
"C00899","golden/mobile.html","2296","rmBadgesM","input","","<input id=""ce-mobile"" inputmode=""tel"" value=""'+escAttr(c.mobile)+'"" style=""width:100%;margin:6px 0 10px;border:1px solid var(--line-2);border-radius:11px;padding:12px;font:inherit"">"
"C00900","golden/mobile.html","2296","rmBadgesM","input","","<input id=""ce-email"" type=""email"" value=""'+escAttr(c.officeEmail)+'"" style=""width:100%;margin:6px 0 10px;border:1px solid var(--line-2);border-radius:11px;padding:12px;font:inherit"">"
"C00901","golden/mobile.html","2296","rmBadgesM","input"," 문자 광고성 정보 수신 동의","<input id=""ce-sms"" type=""checkbox"" '+(c.smsConsent?'checked':'')+'>"
"C00902","golden/mobile.html","2296","rmBadgesM","input"," 카카오 광고성 정보 수신 동의","<input id=""ce-kakao"" type=""checkbox"" '+(c.kakaoConsent?'checked':'')+'>"
"C00903","golden/mobile.html","2296","rmBadgesM","input"," 수신거부·발송 차단","<input id=""ce-block"" type=""checkbox"" '+(c.sendBlocked?'checked':'')+'>"
"C00904","golden/mobile.html","2296","rmBadgesM","input","","<input id=""ce-consent-at"" type=""datetime-local"" value=""'+escAttr(c.consentAt?String(c.consentAt).slice(0,16):'')+'"">"
"C00905","golden/mobile.html","2296","rmBadgesM","input","","<input id=""ce-block-reason"" type=""text"" value=""'+escAttr(c.sendBlockedReason)+'"" placeholder=""예: 고객 수신거부 요청"">"
"C00906","golden/mobile.html","2296","rmBadgesM","button","연락처·동의 저장","<button class=""btn btn-primary"" onclick=""saveContactM()"">"
"C00907","golden/mobile.html","2331","messageSheetM","button","","<button class=""m-rmtemplate '+(i===idx?'on':'')+'"" onclick=""rmPickM('+i+')"">"
"C00908","golden/mobile.html","2331","messageSheetM","textarea","'+esc(t.body)+'","<textarea class=""m-rmbody"" id=""m-rmbody"" oninput=""rmRenderM()"">"
"C00909","golden/mobile.html","2331","messageSheetM","button","💬 카카오","<button id=""m-rmchkakao"" onclick=""rmSwitchChannelM(\'kakao\')"">"
"C00910","golden/mobile.html","2331","messageSheetM","button","✉ 문자","<button id=""m-rmchsms"" onclick=""rmSwitchChannelM(\'sms\')"">"
"C00911","golden/mobile.html","2331","messageSheetM","input"," 지금 확인","<input type=""radio"" name=""m-rmmode"" '+(RM_M.mode==='now'?'checked':'')+' onchange=""rmModeM(\'now\')"">"
"C00912","golden/mobile.html","2331","messageSheetM","input"," 예약 알림","<input type=""radio"" name=""m-rmmode"" '+(RM_M.mode==='schedule'?'checked':'')+' onchange=""rmModeM(\'schedule\')"">"
"C00913","golden/mobile.html","2331","messageSheetM","input","","<input id=""m-rmschedule"" type=""datetime-local"" value=""'+escAttr(RM_M.scheduleAt)+'"" min=""'+escAttr(rmDefaultScheduleM())+'"" onchange=""rmScheduleChangedM()"">"
"C00914","golden/mobile.html","2331","messageSheetM","input"," 고객 요청 자료·일정 안내 또는 계약 이행에 필요한 정보이며 광고 문구를 섞지 않았습니다.","<input id=""m-rminfo"" type=""checkbox"" onchange=""rmRenderM()"">"
"C00915","golden/mobile.html","2331","messageSheetM","input"," 발송 후 ","<input id=""m-rmnext"" type=""checkbox"" checked>"
"C00916","golden/mobile.html","2331","messageSheetM","select","","<select id=""m-rmnextdays"">"
"C00917","golden/mobile.html","2331","messageSheetM","button","'+(channel==='sms'?'문자 앱에서 확인':'카카오에서 확인')+'","<button class=""btn btn-primary"" id=""m-rmgo"" onclick=""rmLaunchM()"">"
"C00918","golden/mobile.html","2331","messageSheetM","button","문구만 복사","<button class=""btn btn-line"" style=""margin-top:7px"" onclick=""rmCopyM()"">"
"C00919","golden/mobile.html","2331","messageSheetM","button","발송 완료","<button class=""btn btn-primary"" onclick=""rmConfirmM(\'sent\')"">"
"C00920","golden/mobile.html","2331","messageSheetM","button","발송 실패","<button class=""btn btn-line"" onclick=""rmConfirmM(\'failed\')"">"
"C00921","golden/mobile.html","2331","messageSheetM","button","발송 안 함","<button class=""btn btn-line"" style=""margin-top:7px"" onclick=""rmConfirmM(\'cancelled\')"">"
"C00922","golden/mobile.html","2366","nearbyHTMLM","button","같이 방문","<button data-id=""'+escAttr(x.d.id)+'"" onclick=""event.stopPropagation();G.deal=this.dataset.id;G.tab=\'mine\';render()"">"
"C00923","golden/mobile.html","2367","execTaskRowM","div","","<div class=""today-task-top"" onclick=""openTodayItem('+i+')"">"
"C00924","golden/mobile.html","2367","execTaskRowM","button","📞 전화하기","<button class=""call"" onclick=""startTodayCall('+i+')"">"
"C00925","golden/mobile.html","2367","execTaskRowM","button","상세 보기","<button onclick=""openTodayItem('+i+')"">"
"C00926","golden/mobile.html","2367","execTaskRowM","button","✓ 완료","<button class=""done"" '+(done?'disabled':'')+' onclick=""todayCompleteM('+i+')"">"
"C00927","golden/mobile.html","2367","execTaskRowM","button","연기","<button '+(done?'disabled':'')+' onclick=""todayPostponeM('+i+')"">"
"C00928","golden/mobile.html","2370","reactivationHTMLM","button","","<button class=""wake-row"" data-id=""'+escAttr(x.d.id)+'"" onclick=""G.deal=this.dataset.id;G.tab=\'mine\';render()"">"
"C00929","golden/mobile.html","2372","askResultHTMLM","button","","<button class=""lrow"" data-id=""'+escAttr(d.id)+'"" onclick=""G.deal=this.dataset.id;G.tab=\'mine\';render()"">"
"C00930","golden/mobile.html","2376","rToday","button","","<button>"
"C00931","golden/mobile.html","2376","rToday","button","","<button>"
"C00932","golden/mobile.html","2376","rToday","button","","<button>"
"C00933","golden/mobile.html","2376","rToday","button","","<button>"
"C00934","golden/mobile.html","2376","rToday","input","","<input id=""crm-ask-m"" value=""'+escAttr(G.crmAsk||'')+'"" placeholder=""CRM에게 물어보기"" onkeydown=""if(event.key===\'Enter\')askSubmitM()"">"
"C00935","golden/mobile.html","2376","rToday","button","찾기","<button onclick=""askSubmitM()"">"
"C00936","golden/mobile.html","2376","rToday","button","오늘 전화","<button onclick=""askExampleM(\'내가 오늘 전화해야 하는 곳\')"">"
"C00937","golden/mobile.html","2376","rToday","button","이번 주 방문","<button onclick=""askExampleM(\'이번 주 방문 예정 현장\')"">"
"C00938","golden/mobile.html","2376","rToday","button","30일 미접촉","<button onclick=""askExampleM(\'30일 넘게 연락 안 한 곳\')"">"
"C00939","golden/mobile.html","2376","rToday","button","1억·Next 없음","<button onclick=""askExampleM(\'견적 1억 이상인데 다음 행동 없는 곳\')"">"
"C00940","golden/mobile.html","2376","rToday","button","","<button class=""pri"" onclick=""G.tab=\'mine\';render()"">"
"C00941","golden/mobile.html","2376","rToday","button","","<button onclick=""G.tab=\'find\';render()"">"
"C00942","golden/mobile.html","2378","todayPostponeM","button","'+x[0]+'","<button class=""cchip gr"" onclick=""applyTodayPostponeM('+x[1]+')"">"
"C00943","golden/mobile.html","2384","stageGuideHTMLM","button","","<button class=""stage-guide-item '+(st[i]?'on':'')+'"" onclick=""toggleStageGuideM('+i+')"">"
"C00944","golden/mobile.html","2390","relationshipMapHTMLM","button","관계 설정","<button class=""hint"" style=""margin-top:7px;color:var(--blue)"" onclick=""relationshipEditSheetM(\''+k+'\')"">"
"C00945","golden/mobile.html","2391","relationshipEditSheetM","select","'+['의사결정자','핵심담당자','실무자','영향자','정보제공자'].map(function(x){return '","<select id=""rel-role-m"" style=""width:100%;margin:6px 0 12px;border:1px solid var(--line-2);border-radius:11px;padding:12px;font:inherit"">"
"C00946","golden/mobile.html","2391","relationshipEditSheetM","select","'+['우호적','중립','부정적','미확인'].map(function(x){return '","<select id=""rel-tone-m"" style=""width:100%;margin:6px 0 14px;border:1px solid var(--line-2);border-radius:11px;padding:12px;font:inherit"">"
"C00947","golden/mobile.html","2391","relationshipEditSheetM","button","관계 저장","<button class=""btn btn-primary"" onclick=""saveRelationshipM()"">"
"C00948","golden/mobile.html","2394","quoteHistoryHTMLM","button","＋ 새 버전","<button onclick=""quoteSheetM()"" style=""color:var(--blue);font-weight:850"">"
"C00949","golden/mobile.html","2395","quoteSheetM","input","","<input id=""qv-amt-m"" type=""number"" min=""0"" step=""10000"" value=""'+(last||'')+'"" style=""width:100%;box-sizing:border-box;margin:6px 0 10px;border:1px solid var(--line-2);border-radius:11px;padding:12px;font:inherit"">"
"C00950","golden/mobile.html","2395","quoteSheetM","textarea","","<textarea id=""qv-reason-m"" rows=""3"" placeholder=""예: 공사 범위 조정"" style=""width:100%;box-sizing:border-box;margin:6px 0 12px;border:1px solid var(--line-2);border-radius:11px;padding:12px;font:inherit"">"
"C00951","golden/mobile.html","2395","quoteSheetM","button","새 견적 버전 저장","<button class=""btn btn-primary"" onclick=""saveQuoteVersionM()"">"
"C00952","golden/mobile.html","2414","attachmentPanelHTMLM","button","📷 사진 추가","<button onclick=""openAttachmentPickerM(\'photo\')"">"
"C00953","golden/mobile.html","2414","attachmentPanelHTMLM","button","📎 자료 추가","<button onclick=""openAttachmentPickerM(\'file\')"">"
"C00954","golden/mobile.html","2414","attachmentPanelHTMLM","button","","<button class=""attach-tile '+(/^image\//.test(x.mime_type||'')?'':'file')+'"" onclick=""openAttachmentGalleryM()"">"
"C00955","golden/mobile.html","2414","attachmentPanelHTMLM","button","최근 사진 '+photos.length+'장 · 전체보기 →","<button class=""hint"" style=""width:100%;margin-top:9px;text-align:right;color:var(--blue);font-weight:850"" onclick=""openAttachmentGalleryM()"">"
"C00956","golden/mobile.html","2415","installAttachmentInputsM","input","","<input id=""attach-photo-m"" type=""file"" accept=""image/*"" capture=""environment"" multiple>"
"C00957","golden/mobile.html","2415","installAttachmentInputsM","input","';document.body.appendChild(box);document.getElementById('attach-photo-m').oncha","<input id=""attach-file-m"" type=""file"" accept=""image/*,.pdf,.doc,.docx,.xls,.xlsx,.ppt,.pptx"" multiple>"
"C00958","golden/mobile.html","2419","openAttachmentMetaM","select","'+ATTACH_CATEGORIES_M.map(function(x){return '","<select id=""attach-cat-m"">"
"C00959","golden/mobile.html","2419","openAttachmentMetaM","button","=0?'on':'')+'"" data-tag=""'+escAttr(x)+'"" onclick=""toggleAttachTagM(this.dataset.","<button class=""'+((G.attachTags||[]).indexOf(x)>"
"C00960","golden/mobile.html","2419","openAttachmentMetaM","textarea","'+esc(memo)+'","<textarea id=""attach-memo-m"" rows=""3"" placeholder=""예: 배수로 주변 들뜸 확인"">"
"C00961","golden/mobile.html","2419","openAttachmentMetaM","button","'+files.length+'개 파일 등록","<button class=""btn btn-primary"" id=""attach-save-m"" onclick=""saveAttachmentsM()"">"
"C00962","golden/mobile.html","2431","quickSitesHTMLM","button","'+x[1]+'","<button class=""'+(mode===x[0]?'on':'')+'"" onclick=""G.quickMode=\''+x[0]+'\';render()"">"
"C00963","golden/mobile.html","2431","quickSitesHTMLM","button","","<button class=""quick-row"" data-id=""'+escAttr(d.id)+'"" onclick=""G.deal=this.dataset.id;render()"">"
"C00964","golden/mobile.html","2435","quickSitesHTMLM","button","'+(d.favorite?'★ 즐겨찾기':'☆ 즐겨찾기')+'","<button class=""favorite-btn-m '+(d.favorite?'on':'')+'"" onclick=""toggleFavoriteM()"">"
"C00965","golden/mobile.html","2457","stageGuideHTMLM","button","","<button class=""stage-guide-item '+(on?'on ':'')+(x.auto?'auto ':'')+(x.required?'required':'')+'"" onclick=""toggleStageGuideM('+i+')"">"
"C00966","golden/mobile.html","2465","askResultHTMLM","button","","<button class=""lrow"" data-id=""'+escAttr(d.id)+'"" onclick=""G.deal=this.dataset.id;G.tab=\'mine\';render()"">"
"C00967","golden/mobile.html","2467","askResultHTMLM","button","소장 번호 없음","<button data-field=""missing"" onclick=""askExampleM(\'관리소장 휴대폰이 없는 현장\')"">"
"C00968","golden/mobile.html","2467","askResultHTMLM","button","견적 후 정체","<button onclick=""askExampleM(\'이번 달 견적 보냈는데 아직 경쟁단계로 안 간 곳\')"">"
"C00969","golden/mobile.html","2498","relCardM","button","'+esc(i.nba)+'","<button class=""primary"" onclick=""relActionM(\''+(i.channel==='call'?'call':'kakao')+'\')"">"
"C00970","golden/mobile.html","2498","relCardM","button","30일 접촉 보류","<button onclick=""relHoldM(30)"">"
"C00971","golden/mobile.html","2510","relPurposeChangedM","select","'+REL_PURPOSES_M.map(function(x){return '","<select id=""m-rmpurpose"" onchange=""relPurposeChangedM()"">"
"C00972","golden/mobile.html","2519","relPurposeChangedM","button","","<button class=""wake-row"" data-id=""'+escAttr(x.d.id)+'"" onclick=""G.deal=this.dataset.id;G.tab=\'mine\';render()"">"
"C00973","local/crm.html","1882","(top-level/template)","div","","<div class=""mi on clk"" data-p=""today"" onclick=""nav(this)"">"
"C00974","local/crm.html","1884","(top-level/template)","div","","<div class=""mi clk"" data-p=""inq"" onclick=""nav(this)"">"
"C00975","local/crm.html","1885","(top-level/template)","div","","<div class=""mi clk"" data-p=""pipe"" onclick=""nav(this)"">"
"C00976","local/crm.html","1887","(top-level/template)","div","","<div class=""mi clk"" data-p=""sites"" onclick=""nav(this)"">"
"C00977","local/crm.html","1888","(top-level/template)","div","","<div class=""mi clk"" data-p=""expansion"" onclick=""nav(this)"">"
"C00978","local/crm.html","1889","(top-level/template)","div","","<div class=""mi clk"" data-p=""campaign"" onclick=""nav(this)"">"
"C00979","local/crm.html","1891","(top-level/template)","div","","<div class=""mi clk"" data-p=""repmanage"" onclick=""nav(this)"">"
"C00980","local/crm.html","1892","(top-level/template)","div","","<div class=""mi clk"" data-p=""mgmt"" onclick=""nav(this)"">"
"C00981","local/crm.html","1893","(top-level/template)","div","","<div class=""mi clk"" data-p=""gyeongnam"" onclick=""nav(this)"">"
"C00982","local/crm.html","1894","(top-level/template)","div","","<div class=""mi clk"" data-p=""brief"" onclick=""nav(this)"">"
"C00983","local/crm.html","1896","(top-level/template)","div","","<div class=""mi clk"" data-p=""dash"" onclick=""nav(this)"">"
"C00984","local/crm.html","1897","(top-level/template)","div","","<div class=""mi clk"" data-p=""perf"" onclick=""nav(this)"">"
"C00985","local/crm.html","1898","(top-level/template)","div","","<div class=""mi clk"" data-p=""work"" onclick=""nav(this)"">"
"C00986","local/crm.html","1899","(top-level/template)","div","","<div class=""mi clk"" data-p=""report"" onclick=""nav(this)"">"
"C00987","local/crm.html","1901","(top-level/template)","div","","<div class=""mi clk"" data-p=""dup"" onclick=""nav(this)"">"
"C00988","local/crm.html","1908","(top-level/template)","input","","<input id=""q"" placeholder=""현장·담당자 검색"" oninput=""G.q=this.value.trim();paint()"">"
"C00989","local/crm.html","1914","(top-level/template)","button","JSON","<button class=""rf clk"" onclick=""exportFullDataJSON()"" title=""관리자 MFA · 기간/사업유형 제한 내보내기"" style=""width:auto;padding:0 10px;background:#fff;border:1px solid var(--line2);color:var(--blue);font-size:12px;font-weight:900"">"
"C00990","local/crm.html","1914","(top-level/template)","button","🔍","<button class=""rf clk"" onclick=""runDiag()"" title=""연결 점검 — 데이터가 안 뜰 때 원인 확인"" style=""background:#fff;border:1px solid var(--line2);color:var(--ink2);margin-right:-4px"">"
"C00991","local/crm.html","1914","(top-level/template)","button","↻","<button class=""rf clk"" onclick=""loadData()"" title=""새로고침"">"
"C00992","local/crm.html","1924","(top-level/template)","form","
    ","<form onsubmit=""authSignIn();return false"">"
"C00993","local/crm.html","1926","(top-level/template)","input","","<input id=""au-name"" autocomplete=""username"" placeholder=""예: 황윤선"">"
"C00994","local/crm.html","1928","(top-level/template)","input","","<input id=""au-pw"" type=""password"" inputmode=""numeric"" autocomplete=""current-password"" placeholder=""본인 핸드폰 번호"">"
"C00995","local/crm.html","1929","(top-level/template)","button","로그인","<button class=""abtn"" id=""au-btn"" type=""submit"">"
"C00996","local/crm.html","1934","(top-level/template)","button","
      ","<button class=""gbtn"" onclick=""authGoogle()"">"
"C00997","local/crm.html","1951","(top-level/template)","summary","담당자 상세 분석 펼치기","<summary>"
"C00998","local/crm.html","1958","(top-level/template)","summary","추가 분석 ","<summary>"
"C00999","local/crm.html","2010","(top-level/template)","button","📱 모바일","<button id=""mv-app"" class=""on"" onclick=""setMobPanel(false)"">"
"C01000","local/crm.html","2011","(top-level/template)","button","📋 관리 항목 · SLA 표","<button id=""mv-panel"" onclick=""setMobPanel(true)"">"
"C01001","local/crm.html","2054","(top-level/template)","div","","<div id=""ovl"" onclick=""closeDrw()"">"
"C01002","local/crm.html","2056","(top-level/template)","button","✕","<button class=""x"" onclick=""closeDrw()"">"
"C01003","local/crm.html","2060","(top-level/template)","button","← 목록으로","<button class=""backbtn"" onclick=""closeDetail()"">"
"C01004","local/crm.html","2063","(top-level/template)","div","
  ","<div class=""modalshade"" id=""transitionModal"" aria-hidden=""true"" onclick=""if(event.target===this)closeTransition()"">"
"C01005","local/crm.html","2065","(top-level/template)","button","✕","<button class=""modalclose"" onclick=""closeTransition()"">"
"C01006","local/crm.html","2069","(top-level/template)","div","
  ","<div class=""modalshade"" id=""bulkModal"" aria-hidden=""true"" onclick=""if(event.target===this)closeBulkDialog()"">"
"C01007","local/crm.html","2071","(top-level/template)","button","✕","<button class=""modalclose"" onclick=""closeBulkDialog()"">"
"C01008","local/crm.html","2075","(top-level/template)","div","
  ","<div class=""modalshade"" id=""quickContactModal"" aria-hidden=""true"" onclick=""if(event.target===this)closeQuickContact()"">"
"C01009","local/crm.html","2077","(top-level/template)","button","✕","<button class=""modalclose"" onclick=""closeQuickContact()"" aria-label=""닫기"">"
"C01010","local/crm.html","2081","(top-level/template)","div","
  ","<div class=""modalshade"" id=""kakaoModal"" aria-hidden=""true"" onclick=""if(event.target===this)closeKakaoModal()"">"
"C01011","local/crm.html","2083","(top-level/template)","button","✕","<button class=""modalclose"" onclick=""closeKakaoModal()"" aria-label=""닫기"">"
"C01012","local/crm.html","2087","(top-level/template)","div","
  ","<div class=""modalshade"" id=""splitEditModal"" aria-hidden=""true"" onclick=""if(event.target===this)splitForm(null)"">"
"C01013","local/crm.html","2089","(top-level/template)","button","✕","<button class=""modalclose"" onclick=""splitForm(null)"" aria-label=""닫기"">"
"C01014","local/crm.html","2093","(top-level/template)","div","
  ","<div class=""modalshade"" id=""newDealModal"" aria-hidden=""true"" onclick=""if(event.target===this)closeNewDeal()"">"
"C01015","local/crm.html","2095","(top-level/template)","button","✕","<button class=""modalclose"" onclick=""closeNewDeal()"" aria-label=""닫기"">"
"C01016","local/crm.html","2099","(top-level/template)","div","
  ","<div class=""modalshade perf-drawer"" id=""perfDrawer"" aria-hidden=""true"" onclick=""if(event.target===this)closePerfDrawer()"">"
"C01017","local/crm.html","2101","(top-level/template)","button","✕","<button class=""modalclose"" onclick=""closePerfDrawer()"" aria-label=""닫기"">"
"C01018","local/crm.html","2105","(top-level/template)","div","
  ","<div class=""modalshade report-drill"" id=""reportDrill"" aria-hidden=""true"" onclick=""if(event.target===this)closeReportDrill()"">"
"C01019","local/crm.html","2107","(top-level/template)","button","✕","<button class=""modalclose"" onclick=""closeReportDrill()"" aria-label=""닫기"">"
"C01020","local/crm.html","2111","(top-level/template)","div","
  ","<div class=""modalshade site-drawer"" id=""siteDrawer"" aria-hidden=""true"" onclick=""if(event.target===this)closeSiteDrawer()"">"
"C01021","local/crm.html","2113","(top-level/template)","button","✕","<button class=""modalclose"" onclick=""closeSiteDrawer()"" aria-label=""닫기"">"
"C01022","local/crm.html","2117","(top-level/template)","div","
  ","<div class=""modalshade"" id=""inquiryControlModal"" aria-hidden=""true"" onclick=""if(event.target===this)closeInquiryControlModal()"">"
"C01023","local/crm.html","2119","(top-level/template)","button","✕","<button class=""modalclose"" onclick=""closeInquiryControlModal()"" aria-label=""닫기"">"
"C01024","local/crm.html","2243","authBadge","span","로그아웃","<span class=""out"" onclick=""authSignOut()"">"
"C01025","local/crm.html","2851","runDiag","button","↻ 다시 불러오기","<button onclick=""loadData()"">"
"C01026","local/crm.html","2851","runDiag","button","📋 결과 복사","<button onclick=""copyDiag()"">"
"C01027","local/crm.html","2851","runDiag","button","닫기","<button onclick=""document.getElementById(\'err\').style.display=\'none\'"">"
"C01028","local/crm.html","2932","loadData","button","🔍 연결 점검","<button class=""errbtn"" onclick=""runDiag()"">"
"C01029","local/crm.html","2935","loadData","button","🔍 연결 점검","<button class=""errbtn"" onclick=""runDiag()"">"
"C01030","local/crm.html","2978","cnt","span","'+y+'","<span class=""yr clk '+(G.year===y?'on':'')+'"" onclick=""G.year=\''+y+'\';G.quarter=0;paint()"">"
"C01031","local/crm.html","2980","cnt","span","'+q+'분기","<span class=""qbt clk '+(G.quarter===q?'on':'')+'"" onclick=""G.quarter=(G.quarter==='+q+'?0:'+q+');if(G.year===\'전체\')G.year=CUR_Y;paint()"">"
"C01032","local/crm.html","2981","cnt","span","연간","<span class=""qbt clk '+(!G.quarter&&G.year!=='전체'?'on':'')+'"" onclick=""G.quarter=0;paint()"">"
"C01033","local/crm.html","2982","cnt","select","'+workFilterOptions(G.workFilter)+'","<select id=""global-work-filter"" onchange=""G.workFilter=this.value;G.splitKey=null;paint()"">"
"C01034","local/crm.html","3091","ws","div","'
   +'","<div class=""mcard2 '+(c.bad?'risk ':'')+(G.towerDrill===c.k?'on':'')+'"" title=""'+escAttr(c.tip)+'"" data-k=""'+c.k+'"" onclick=""towerDrill(this.dataset.k)"">"
"C01035","local/crm.html","3132","paintTowerDrill","button","닫기","<button class=""dact"" onclick=""towerDrill(null)"">"
"C01036","local/crm.html","3134","paintTowerDrill","td","'+r.n+'","<td class=""clk""'+(r.ci!=null?' onclick=""towerGoStage('+r.ci+')""':'')+'>"
"C01037","local/crm.html","3138","paintTowerDrill","button","","<button class=""hchip bad"" data-k=""'+r.k+'"" onclick=""'+IssueModal.bind('tower:risk:'+r.k,r.k,r.rows,r.nm)+'"">"
"C01038","local/crm.html","3165","pipeBox","div","'
  +'","<div class=""pbox'+(o.cls?' '+o.cls:'')+(o.on?' on':'')+'""'
  +(o.go?' onclick=""'+o.go+'""':'')+(o.tip?' title=""'+escAttr(o.tip)+'""':'')+'>"
"C01039","local/crm.html","3196","paintSalesPipe","","","<=made.length?pctOf(A.length,made.length)+'%':'직접·과거 포함',go:""towerGoRep(G.rep,null,null,'all')""},
  {nm:'경쟁·입찰',n:comp.length,amt:cAmt,conv:'기회 중 '+pctOf(comp.length,A.length)+'%',go:'towerGoRep(G.rep,2,null)'},
  {nm:'수주',n:wonP.length,amt:wonAmtPeriod,conv:'확정일 기준',go:'towerGoWon(G.rep)'}
 ];
 var fmax=Math.max.apply(null,funnel.map(function(x){return x.n}).concat([1]));
 var fhtml=funnel.map(function(x,i){return '<button class=""flow-step"" onclick=""'+x.go+'"">"
"C01040","local/crm.html","3210","paintSalesPipe","button","","<button class=""money-stage-row"" data-codes=""'+x.codes.join('|')+'"" data-label=""'+escAttr(x.nm)+'"" onclick=""dashboardGoStages(this.dataset.codes,this.dataset.label,true)"">"
"C01041","local/crm.html","3234","paintTowerDiag","button","닫기","<button class=""dact"" onclick=""towerDiag(null)"">"
"C01042","local/crm.html","3240","paintTowerDiag","button","","<button class=""drow"" data-k=""'+x.k+'"" data-c=""'+G.pipeDiag+'"" onclick=""towerGoNeck(Number(this.dataset.c),this.dataset.k)"">"
"C01043","local/crm.html","3242","paintTowerDiag","button","","<button class=""drow"" data-n=""'+escAttr(x.nm)+'"" data-c=""'+G.pipeDiag+'"" onclick=""towerGoRep(this.dataset.n,Number(this.dataset.c),null)"">"
"C01044","local/crm.html","3243","paintTowerDiag","button","해당 현장 '+L.length+'건 보기 →","<button class=""dact pri"" data-c=""'+G.pipeDiag+'"" onclick=""towerGoStage(Number(this.dataset.c))"">"
"C01045","local/crm.html","3258","paintTowerToday","div","'
     +'","<div class=""neckrow"" data-id=""'+escAttr(dealKey(d))+'"" onclick=""towerOpen(this.dataset.id)"">"
"C01046","local/crm.html","3370","path","button","'+m[1]+'","<button class=""'+(kind===m[0]?'on':'')+'"" data-k=""'+m[0]+'"" onclick=""G.yoyKind=this.dataset.k;paint()"">"
"C01047","local/crm.html","3375","path","button","'+(goal?'목표 수정':'목표 설정')+'","<button onclick=""setYearGoal()"">"
"C01048","local/crm.html","3421","nearbyHTML","div","'
     +'","<div class=""nbrow"" data-k=""'+escAttr(dealKey(x.d))+'"" onclick=""nearbyOpen(this.dataset.k)"">"
"C01049","local/crm.html","3477","paintTowerMine","button","'
     +'","<button class=""'+(t.cls||'')+(tab===t.k?' on':'')+'"" data-k=""'+t.k+'"" onclick=""setTodoTab(this.dataset.k)"">"
"C01050","local/crm.html","3482","paintTowerMine","div","'
      +esc(r.q.site||'현장명 없음')+'","<div class=""tsite"" data-k=""'+escAttr(inqKey(r.q))+'"" onclick=""todoOpenInq(this.dataset.k)"">"
"C01051","local/crm.html","3485","paintTowerMine","button","열기","<button class=""pri"" data-k=""'+escAttr(inqKey(r.q))+'"" onclick=""todoOpenInq(this.dataset.k)"">"
"C01052","local/crm.html","3493","paintTowerMine","div","'+esc(r.d.site||'현장명 없음')+'","<div class=""tsite"" data-k=""'+escAttr(k)+'"" onclick=""todoOpen(this.dataset.k)"">"
"C01053","local/crm.html","3495","paintTowerMine","button","📍 같은 지역 '+r.nb+'곳","<button class=""tnb"" data-k=""'+escAttr(k)+'"" onclick=""event.stopPropagation();todoOpen(this.dataset.k)"">"
"C01054","local/crm.html","3498","paintTowerMine","button","📞 전화","<button class=""pri"" data-k=""'+escAttr(k)+'"" onclick=""todoCall(this.dataset.k)""'+(ph.tel?'':' disabled title=""연락처가 없습니다 — 견적문의와 연결하면 번호가 생깁니다""')+'>"
"C01055","local/crm.html","3499","paintTowerMine","button","✓ 완료","<button class=""ok"" data-k=""'+escAttr(k)+'"" onclick=""todoDone(this.dataset.k)"">"
"C01056","local/crm.html","3500","paintTowerMine","button","연기 +3일","<button data-k=""'+escAttr(k)+'"" onclick=""todoDelay(this.dataset.k)"">"
"C01057","local/crm.html","3507","paintTowerMine","button","잡으러 가기","<button class=""act"" onclick=""todoGoNone()"">"
"C01058","local/crm.html","3585","paintTowerFunnel","div","'
     +'","<div class=""fstep '+(x.won?'won':'')+'"" onclick=""'+(x.won?'towerGoWon()':(x.ci!=null?'towerGoStage('+x.ci+')':'towerGoStage(null)'))+'"">"
"C01059","local/crm.html","3712","paintTowerStageBrand","button","","<button class=""velocity-row '+(bad?'alert':'')+'"" data-codes=""'+s.codes.join('|')+'"" data-label=""'+escAttr(s.nm)+'"" onclick=""dashboardGoStages(this.dataset.codes,this.dataset.label,true)"">"
"C01060","local/crm.html","3720","paintTowerStageBrand","tr","","<tr class=""'+(G.brand===r.nm?'on':'')+'"" data-b=""'+escAttr(r.nm)+'"" onclick=""G.brand=G.brand===this.dataset.b?\'전체\':this.dataset.b;paint()"">"
"C01061","local/crm.html","3722","paintTowerStageBrand","button","","<button '+(tracked.length?'onclick=""dashboardGoRisk(\'advanced\')""':'disabled')+'>"
"C01062","local/crm.html","3722","paintTowerStageBrand","button","","<button onclick=""dashboardGoSnapshot(\'active\')"">"
"C01063","local/crm.html","3722","paintTowerStageBrand","button","","<button class=""risk"" onclick=""'+IssueModal.bind('velocity:stageSla','stageSla',slaOver)+'"">"
"C01064","local/crm.html","3733","paintTowerCharts","button","'+esc(r.nm)+'","<button class=""chart-rep"" data-n=""'+escAttr(r.nm)+'"" onclick=""towerGoRepMetric(this.dataset.n,\'active\')"">"
"C01065","local/crm.html","3734","paintTowerCharts","button","","<button class=""chart-track pipe'+(r.p?'':' zero')+'"" data-n=""'+escAttr(r.nm)+'"" onclick=""towerGoRepMetric(this.dataset.n,\'active\')"" aria-label=""'+escAttr(r.nm+' 진행 Pipeline '+eok(r.p))+'"">"
"C01066","local/crm.html","3735","paintTowerCharts","button","","<button class=""chart-track compete'+(r.c?'':' zero')+'"" data-n=""'+escAttr(r.nm)+'"" onclick=""dashboardGoRepStages(this.dataset.n,\'compete|imminent|bidding\',\'경쟁·입찰\')"" aria-label=""'+escAttr(r.nm+' 경쟁 입찰 '+eok(r.c))+'"">"
"C01067","local/crm.html","3736","paintTowerCharts","button","","<button class=""chart-track won'+(r.w?'':' zero')+'"" data-n=""'+escAttr(r.nm)+'"" onclick=""towerGoWon(this.dataset.n)"" aria-label=""'+escAttr(r.nm+' 수주 '+eok(r.w))+'"">"
"C01068","local/crm.html","3748","paintTowerReps","button","'+esc(x[1])+'","<button class=""'+(scope===x[0]?'on':'')+'"" data-s=""'+x[0]+'"" onclick=""setRepScope(this.dataset.s)"">"
"C01069","local/crm.html","3756","paintTowerReps","td","'+r.iq+'","<td class=""clk"" data-n=""'+escAttr(r.nm)+'"" onclick=""towerGoInq(this.dataset.n)"">"
"C01070","local/crm.html","3757","paintTowerReps","td","'+(r.iq?r.made:'—')+(r.iwon?'","<td class=""clk"" title=""이 수치의 견적문의 근거 목록 열기"" data-n=""'+escAttr(r.nm)+'"" onclick=""towerGoRepMetric(this.dataset.n,\'inqMade\')"">"
"C01071","local/crm.html","3758","paintTowerReps","td","'+(r.iq?r.mrate+'%':'—')+'","<td class=""clk conv '+mcls+'"" title=""메이드율의 전체 견적문의 근거 열기"" data-n=""'+escAttr(r.nm)+'"" onclick=""towerGoRepMetric(this.dataset.n,\'inqAll\')"">"
"C01072","local/crm.html","3759","paintTowerReps","td","'+r.asg
       +'","<td class=""clk"" data-n=""'+escAttr(r.nm)+'"" onclick=""towerGoRepMetric(this.dataset.n,\'assigned\')"">"
"C01073","local/crm.html","3761","paintTowerReps","td","'+r.self+(r.self?'","<td class=""clk"" title=""직접영업 근거 현장 열기"" data-n=""'+escAttr(r.nm)+'"" onclick=""towerGoRepMetric(this.dataset.n,\'self\')"">"
"C01074","local/crm.html","3762","paintTowerReps","td","'+eok(r.q)+'","<td class=""clk"" title=""영업기회 금액의 현장 목록 열기"" data-n=""'+escAttr(r.nm)+'"" onclick=""towerGoRepMetric(this.dataset.n,\'all\')"">"
"C01075","local/crm.html","3763","paintTowerReps","td","'+eok(r.p)+'","<td class=""clk"" data-n=""'+escAttr(r.nm)+'"" onclick=""towerGoRepMetric(this.dataset.n,\'active\')"">"
"C01076","local/crm.html","3764","paintTowerReps","td","'+eok(r.c)+'","<td class=""clk"" data-n=""'+escAttr(r.nm)+'"" onclick=""dashboardGoRepStages(this.dataset.n,\'compete|imminent|bidding\',\'경쟁·입찰\')"">"
"C01077","local/crm.html","3765","paintTowerReps","td","'+eok(r.w)+'","<td class=""clk"" data-n=""'+escAttr(r.nm)+'"" onclick=""towerGoWon(this.dataset.n)"">"
"C01078","local/crm.html","3766","paintTowerReps","td","'+r.conv+'%","<td class=""clk conv '+cls+'"" title=""금액수주율의 전체 영업기회 근거 열기"" data-n=""'+escAttr(r.nm)+'"" onclick=""towerGoRepMetric(this.dataset.n,\'all\')"">"
"C01079","local/crm.html","3768","paintTowerReps","td","'+(r.ql.resp==null?'—':r.ql.resp+'%')+'","<td class=""clk q'+(r.ql.resp!=null&&r.ql.resp<80?' lo':'')+'"" title=""응대율의 배정 견적문의 근거 열기"" data-n=""'+escAttr(r.nm)+'"" onclick=""towerGoRepMetric(this.dataset.n,\'inqAssigned\')"">"
"C01080","local/crm.html","3769","paintTowerReps","td","'+(r.ql.next==null?'—':r.ql.next+'%')+'","<td class=""clk q'+(r.ql.next!=null&&r.ql.next<80?' lo':'')+'"" title=""Next 설정률의 진행 Pipeline 근거 열기"" data-n=""'+escAttr(r.nm)+'"" onclick=""towerGoRepMetric(this.dataset.n,\'active\')"">"
"C01081","local/crm.html","3770","paintTowerReps","td","'+(r.ql.keep==null?'—':r.ql.keep+'%')+'","<td class=""clk q'+(r.ql.keep!=null&&r.ql.keep<80?' lo':'')+'"" title=""기한준수율의 기한 설정 현장 근거 열기"" data-n=""'+escAttr(r.nm)+'"" onclick=""towerGoRepMetric(this.dataset.n,\'due\')"">"
"C01082","local/crm.html","3771","paintTowerReps","td","","<td class=""clk"" data-n=""'+escAttr(r.nm)+'"" onclick=""towerGoRepMetric(this.dataset.n,\'risk\')"">"
"C01083","local/crm.html","3773","paintTowerReps","td","","<td class=""clk"" title=""진단의 진행 Pipeline 근거 열기"" data-n=""'+escAttr(r.nm)+'"" onclick=""towerGoRepMetric(this.dataset.n,\'active\')"">"
"C01084","local/crm.html","3779","paintTowerReps","button","연결 확인 열기","<button class=""act"" onclick=""G.inqView=String.fromCharCode(108,105,110,107);goPage(String.fromCharCode(105,110,113))"">"
"C01085","local/crm.html","3814","paintRepFlow","button","'+esc(r.nm)+'","<button class=""rep-flow-name"" data-i=""'+i+'"" onclick=""openRepFlowDrawer(Number(this.dataset.i))"">"
"C01086","local/crm.html","3814","paintRepFlow","button","'+(r.risk?'● '+r.risk+'건':'✓ 0건')+'","<button class=""rep-flow-risk '+riskCls+'"" data-i=""'+i+'"" onclick=""repFlowGoRisk(Number(this.dataset.i))"">"
"C01087","local/crm.html","3820","openRepFlowDrawer","button","","<button class=""rep-flow-bar"" data-i=""'+i+'"" data-codes=""'+escAttr(x.codes.join('|'))+'"" data-label=""'+escAttr(x.label)+'"" onclick=""repFlowGoStage(Number(this.dataset.i),this.dataset.codes,this.dataset.label)"">"
"C01088","local/crm.html","3820","openRepFlowDrawer","button","","<button class=""perf-focus-row perf-risk-row"" data-j=""'+j+'"" onclick=""openRepFlowRiskDeal(Number(this.dataset.j))"">"
"C01089","local/crm.html","3821","openRepFlowDrawer","button","문제 현장 전체보기","<button data-i=""'+i+'"" onclick=""repFlowGoRisk(Number(this.dataset.i))"">"
"C01090","local/crm.html","3833","repManagerFlowRow","button","'+esc(r.nm)+'","<button class=""rep-flow-name"" data-i=""'+i+'"" onclick=""repManagerOpenDrawer(Number(this.dataset.i))"">"
"C01091","local/crm.html","3833","repManagerFlowRow","button","'+r.risk+'건","<button class=""rm-risk-num '+riskCls+'"" data-i=""'+i+'"" onclick=""repManagerGo(Number(this.dataset.i),\'risk\')"">"
"C01092","local/crm.html","3837","repManagerStageGrid","button","'+esc(r.nm)+'","<button class=""rep"" data-i=""'+i+'"" onclick=""repManagerOpenDrawer(Number(this.dataset.i))"">"
"C01093","local/crm.html","3837","repManagerStageGrid","button","'+s.n+'건","<button data-i=""'+i+'"" data-codes=""'+escAttr(s.codes.join('|'))+'"" data-label=""'+escAttr(s.label)+'"" style=""--heat:'+(s.n?(.06+s.n/max*.42):.025)+'"" onclick=""repManagerStage(Number(this.dataset.i),this.dataset.codes,this.dataset.label)"">"
"C01094","local/crm.html","3838","repManagerMovementTable","button","'+esc(r.nm)+'","<button data-i=""'+i+'"" onclick=""repManagerOpenDrawer(Number(this.dataset.i))"">"
"C01095","local/crm.html","3839","repManagerExecutionTable","button","'+esc(r.nm)+'","<button data-i=""'+i+'"" onclick=""repManagerOpenDrawer(Number(this.dataset.i))"">"
"C01096","local/crm.html","3840","repManagerLoadTable","button","'+esc(r.nm)+'","<button data-i=""'+i+'"" onclick=""repManagerOpenDrawer(Number(this.dataset.i))"">"
"C01097","local/crm.html","3841","repManagerCommentsHtml","input","","<input id=""rm-comment-'+i+'"" value=""'+escAttr(c&&c.comment||'')+'"" placeholder=""이번 주 확인할 약속을 한 줄로 남기세요"">"
"C01098","local/crm.html","3841","repManagerCommentsHtml","button","'+(c&&c.status==='done'?'✓ 완료':'미완료')+'","<button class=""'+(c&&c.status==='done'?'done':'')+'"" '+(!c?'disabled':'')+' onclick=""repManagerToggleComment(\''+jsAttr(r.nm)+'\')"">"
"C01099","local/crm.html","3841","repManagerCommentsHtml","button","저장","<button class=""primary"" onclick=""repManagerSaveComment(\''+jsAttr(r.nm)+'\')"">"
"C01100","local/crm.html","3843","repManagerOpenDrawer","input","","<input id=""rm-drawer-comment"" value=""'+escAttr(c&&c.comment||'')+'"" placeholder=""예: 관계관리 30일+ 현장 금요일까지 3건 정리"">"
"C01101","local/crm.html","3843","repManagerOpenDrawer","button","저장","<button class=""primary"" onclick=""repManagerSaveComment(\''+jsAttr(r.nm)+'\',\'drawer\')"">"
"C01102","local/crm.html","3843","repManagerOpenDrawer","button","담당자 현장 전체보기","<button class=""dact"" data-i=""'+i+'"" onclick=""repManagerGo(Number(this.dataset.i),\'all\')"">"
"C01103","local/crm.html","3843","repManagerOpenDrawer","button","문제현장 보기","<button class=""dact"" data-i=""'+i+'"" onclick=""repManagerGo(Number(this.dataset.i),\'risk\')"">"
"C01104","local/crm.html","3843","repManagerOpenDrawer","button","이번주 일정","<button class=""dact pri"" data-i=""'+i+'"" onclick=""repManagerGo(Number(this.dataset.i),\'schedule\')"">"
"C01105","local/crm.html","3844","paintRepManagement","button","","<button onclick=""dashboardGoSnapshot(\'active\')"">"
"C01106","local/crm.html","3844","paintRepManagement","button","","<button onclick=""goPage(\'perf\')"">"
"C01107","local/crm.html","3844","paintRepManagement","button","","<button class=""move"">"
"C01108","local/crm.html","3844","paintRepManagement","button","","<button>"
"C01109","local/crm.html","3844","paintRepManagement","button","","<button class=""danger"" onclick=""dashboardGoSnapshot(\'risk\')"">"
"C01110","local/crm.html","3844","paintRepManagement","button","","<button class=""rm-intervention '+(x.r.diagnosis.k==='critical'?'':'watch')+'"" data-i=""'+x.i+'"" onclick=""repManagerOpenDrawer(Number(this.dataset.i))"">"
"C01111","local/crm.html","3865","repSupportSeason","","응대 요청","<=9)?'chuseok':new Date().getMonth()===0?'lunar':'yearend';G.campaignTab='send';G.campaignStep=1;G.campaignRep='전체';CAMPAIGN_STATE={selected:{},templateKey:'',body:'',scheduleAt:'',notice:'시즌 인사 대상입니다. 담당자·동의·최근 발송 조건을 확인한 뒤 발송 대상을 선택하세요.'};goPage('campaign')}
function repSupportRecord(row,key,label){var at=isoNow(),client='support-'+Date.now()+'-'+Math.random().toString(36).slice(2,7),actor=(ME&&ME.name)||'관리자',record={client_ref:client,target_type:row.target,target_key:row.key,opportunity_id:row.target==='deal'?row.item.id:null,inquiry_id:row.target==='inq'?String(row.item.id||row.item.key||inqKey(row.item)):null,site_name:row.item.site||'',rep_name:row.owner,action_key:key,action_label:label,reason:row.reason,status:'requested',requested_by:actor,requested_at:at,completion_rule:row.done};var all=repSupportLocal();all.push(record);localStorage.setItem(REP_SUPPORT_KEY,JSON.stringify(all"
"C01112","local/crm.html","3870","repSupportActions","button","문의 상세","<button onclick=""repSupportOpen('+i+',\'inquiry_review\',\'문의 상세 확인\')"">"
"C01113","local/crm.html","3870","repSupportActions","button","전화하기","<button class=""primary"" '+(!row.mobile?'disabled':'')+' onclick=""repSupportCall('+i+')"">"
"C01114","local/crm.html","3870","repSupportActions","button","문자발송","<button class=""message"" onclick=""repSupportMessage('+i+',\'waiting\',\'대기고객 문자 추천\')"">"
"C01115","local/crm.html","3870","repSupportActions","button","결과 기록","<button onclick=""repSupportOpen('+i+',\'recontact_result\',\'재접촉 결과 기록\',\'activity\')"">"
"C01116","local/crm.html","3870","repSupportActions","button","보류사유","<button onclick=""repSupportOpen('+i+',\'waiting_context\',\'보류사유 입력 요청\',\'waiting\')"">"
"C01117","local/crm.html","3870","repSupportActions","button","1차 확인문자","<button class=""message"" onclick=""repSupportMessage('+i+',\'silent\',\'침묵고객 문자 추천\')"">"
"C01118","local/crm.html","3870","repSupportActions","button","관리자 상담","<button onclick=""repSupportOpen('+i+',\'manager_consult\',\'침묵고객 관리자 상담\',\'activity\')"">"
"C01119","local/crm.html","3870","repSupportActions","button","대기 전환 검토","<button onclick=""repSupportOpen('+i+',\'waiting_review\',\'대기 전환 검토\',\'waiting\')"">"
"C01120","local/crm.html","3870","repSupportActions","button","문자 추천","<button class=""message"" onclick=""repSupportMessage('+i+',\'rapport\',\'유대강화 문자 추천\')"">"
"C01121","local/crm.html","3870","repSupportActions","button","자료 보내기","<button onclick=""repSupportOpen('+i+',\'material_support\',\'관계유지 자료 보내기\',\'activity\')"">"
"C01122","local/crm.html","3870","repSupportActions","button","입대의 일정 확인","<button class=""primary"" onclick=""repSupportOpen('+i+',\'meeting_check\',\'입대의 일정 확인\',\'next\')"">"
"C01123","local/crm.html","3870","repSupportActions","button","담당자 확인","<button class=""primary"" onclick=""repSupportOpen('+i+',\'contact_check\',\'현재 고객 담당자 확인\',\'contact\')"">"
"C01124","local/crm.html","3870","repSupportActions","button","결과 기록","<button onclick=""repSupportOpen('+i+',\'contact_activity\',\'연락불가 결과 기록\',\'activity\')"">"
"C01125","local/crm.html","3870","repSupportActions","button","재활성 문자","<button class=""message"" onclick=""repSupportMessage('+i+',\'dormant\',\'장기휴면 재활성 문자\')"">"
"C01126","local/crm.html","3870","repSupportActions","button","재활성화","<button class=""primary"" onclick=""repSupportOpen('+i+',\'reactivate_review\',\'재활성화 검토\',\'activity\')"">"
"C01127","local/crm.html","3870","repSupportActions","button","휴면 검토","<button onclick=""repSupportOpen('+i+',\'dormant_review\',\'휴면 검토\',\'activity\')"">"
"C01128","local/crm.html","3870","repSupportActions","button","재접촉 지정","<button class=""primary"" onclick=""repSupportOpen('+i+',\'recontact_schedule\',\'재접촉 지정\',\'next\')"">"
"C01129","local/crm.html","3870","repSupportActions","button","현장 보기","<button onclick=""repSupportOpen('+i+',\'support_detail\',\'현장 확인\')"">"
"C01130","local/crm.html","3871","repSupportHTML","button","'+g[1]+' ","<button class=""'+(REP_SUPPORT_FILTER===g[0]?'on':'')+'"" onclick=""repSupportSetFilter(\''+g[0]+'\')"">"
"C01131","local/crm.html","3875","repSupportHTML","button","명절·시즌 문자 →","<button onclick=""repSupportSeason()"">"
"C01132","local/crm.html","3907","todaySignal","button","","<button class=""today-signal '+tone+'"" onclick=""'+onclick+'"">"
"C01133","local/crm.html","3919","paintTodayHome","button","","<button class=""today-priority-row"" onclick=""todayOpenPriority('+TODAY_HOME_PRIORITY.indexOf(x)+')"">"
"C01134","local/crm.html","3920","paintTodayHome","button","","<button class=""today-support-mini"" onclick=""todayGoSupport()"">"
"C01135","local/crm.html","3921","paintTodayHome","button","","<button class=""critical"" onclick=""todaySetView(\'all\')"">"
"C01136","local/crm.html","3921","paintTodayHome","button","","<button onclick=""'+IssueModal.bind('today:inquiries','noResponse',X.unassigned.concat(X.delayed),'견적문의 확인','영업담당자 미배정 또는 최초응대 지연 문의입니다.')+'"">"
"C01137","local/crm.html","3921","paintTodayHome","button","","<button onclick=""'+IssueModal.bind('today:sales','salesIssues',X.noNext.concat(X.overdue),'영업 실행','다음 행동이 없거나 등록된 기한이 지난 현장입니다.')+'"">"
"C01138","local/crm.html","3921","paintTodayHome","button","","<button class=""support"" onclick=""todayGoSupport()"">"
"C01139","local/crm.html","3921","paintTodayHome","button","","<button class=""relation"" onclick=""todayRunCampaign(\'silent\')"">"
"C01140","local/crm.html","3921","paintTodayHome","button","'+x[1]+' ","<button class=""'+(view===x[0]?'on':'')+'"" onclick=""todaySetView(\''+x[0]+'\')"">"
"C01141","local/crm.html","3939","paintTowerNeck","div","'
     +'","<div class=""neckrow"" data-ci=""'+r.ci+'"" data-k=""'+(r.wk||'')+'"" onclick=""towerGoNeck(Number(this.dataset.ci),this.dataset.k)"">"
"C01142","local/crm.html","3965","paintTowerAction","div","'
     +'","<div class=""neckrow"" data-ci=""'+r.ci+'"" data-k=""'+(r.wk||'')+'"" onclick=""towerGoNeck(Number(this.dataset.ci),this.dataset.k)"">"
"C01143","local/crm.html","3974","paintTowerAction","div","'
     +'","<div class=""neckrow"" data-id=""'+escAttr(dealKey(d))+'"" onclick=""towerOpen(this.dataset.id)"">"
"C01144","local/crm.html","4003","paintTowerHealth","button","","<button class=""health-signal '+x.cls+'"" '+(disabled?'disabled':'onclick=""'+x.go+'""')+'>"
"C01145","local/crm.html","4040","applyHomeRole","button","'+esc(x[1])+'","<button class=""'+(r===x[0]?'on':'')+'"" data-r=""'+x[0]+'"" onclick=""setHomeRole(this.dataset.r)"">"
"C01146","local/crm.html","4053","paintHeadline","button","지금 보기 →","<button class=""hlgo"" onclick=""dashboardGoSnapshot(\'risk\')"">"
"C01147","local/crm.html","4142","paintRotList","div","'
    +'","<div class=""trow clk"" style=""grid-template-columns:90px 1.7fr 120px 120px 120px 110px"" onclick=\'drwDeal('+escAttr(JSON.stringify(JSON.stringify(d)))+')\'>"
"C01148","local/crm.html","4163","cell","button","'
     +'","<button class=""lkcard '+cls+(G.lostKind===k?' on':'')+'"" data-k=""'+k+'"" onclick=""G.lostKind=(G.lostKind===this.dataset.k?null:this.dataset.k);paint()"">"
"C01149","local/crm.html","4185","paintClosed","button","← 칸반으로","<button class=""reset"" onclick=""G.pipeView=\'kb\';G.stageCol=null;G.consoleMacro=null;paint()"">"
"C01150","local/crm.html","4188","paintClosed","button","'+x+'","<button class=""'+(t===x?'on':'')+'"" data-t=""'+x+'"" onclick=""setClosedTab(this.dataset.t)"">"
"C01151","local/crm.html","4193","paintClosed","div","'
      +'","<div class=""trow clk"" style=""grid-template-columns:1.6fr 110px 90px 110px 100px"" onclick=\'drwDeal('+escAttr(JSON.stringify(JSON.stringify(d)))+')\'>"
"C01152","local/crm.html","4230","top2","div","","<div class=""fc-row"" style=""border-left:4px solid var(--ok)"" onclick=""alert(\'계약·시공 '+commit.length+'건 — 칸반에서 확인\')"">"
"C01153","local/crm.html","4304","paintMobile","button","7일 SLA","<button class=""'+(G.mobView==='week'?'on':'')+'"" onclick=""setMobView(\'week\')"">"
"C01154","local/crm.html","4304","paintMobile","button","30일 SLA","<button class=""'+(G.mobView==='month'?'on':'')+'"" onclick=""setMobView(\'month\')"">"
"C01155","local/crm.html","4306","paintMobile","div","","<div class=""mobrow '+(s.late?'bad':'')+'"" style=""cursor:pointer"" onclick=""openDealAt('+idx+')"">"
"C01156","local/crm.html","4335","paintReport","div","","<div class=""kpi clk"" onclick=""window.print()"">"
"C01157","local/crm.html","4406","paintWorkAnalysis","button","","<button class=""wa-bar-row"" onclick=""workAnalysisDrill(\'pipeline\','+i+')"">"
"C01158","local/crm.html","4406","paintWorkAnalysis","button","","<button class=""wa-combo"" onclick=""workAnalysisComboDrill('+i+')"">"
"C01159","local/crm.html","4407","paintWorkAnalysis","button","'+r.opp.length+'건","<button class=""wa-cell"" onclick=""workAnalysisDrill(\'opp\','+i+')"">"
"C01160","local/crm.html","4407","paintWorkAnalysis","button","'+reportAmount(r.pipeline)+'","<button class=""wa-cell"" onclick=""workAnalysisDrill(\'pipeline\','+i+')"">"
"C01161","local/crm.html","4407","paintWorkAnalysis","button","'+r.comp.length+'건 · '+reportAmount(r.compete)+'","<button class=""wa-cell"" onclick=""workAnalysisDrill(\'compete\','+i+')"">"
"C01162","local/crm.html","4407","paintWorkAnalysis","button","'+r.won.length+'건 · '+reportAmount(r.wonAmount)+'","<button class=""wa-cell"" onclick=""workAnalysisDrill(\'won\','+i+')"">"
"C01163","local/crm.html","4408","paintWorkAnalysis","button","","<button class=""wa-kpi"" onclick=""workAnalysisDrill(\'opp\')"">"
"C01164","local/crm.html","4408","paintWorkAnalysis","button","","<button class=""wa-kpi"" onclick=""workAnalysisDrill(\'pipeline\')"">"
"C01165","local/crm.html","4408","paintWorkAnalysis","button","","<button class=""wa-kpi"" onclick=""workAnalysisDrill(\'won\')"">"
"C01166","local/crm.html","4408","paintWorkAnalysis","button","","<button class=""wa-kpi warn"" onclick=""workAnalysisDrill(\'multi\')"">"
"C01167","local/crm.html","4408","paintWorkAnalysis","button","","<button class=""wa-kpi danger"" onclick=""workAnalysisDrill(\'unclassified\')"">"
"C01168","local/crm.html","4409","paintWorkAnalysis","button","","<button onclick=""workAnalysisDrill(\'singleWon\')"">"
"C01169","local/crm.html","4409","paintWorkAnalysis","button","","<button onclick=""workAnalysisDrill(\'multiWon\')"">"
"C01170","local/crm.html","4410","paintWorkAnalysis","button","Pipeline순","<button class=""'+(G.workSort==='pipeline'?'on':'')+'"" onclick=""workAnalysisSetSort(\'pipeline\')"">"
"C01171","local/crm.html","4410","paintWorkAnalysis","button","수주순","<button class=""'+(G.workSort==='won'?'on':'')+'"" onclick=""workAnalysisSetSort(\'won\')"">"
"C01172","local/crm.html","4410","paintWorkAnalysis","button","건수순","<button class=""'+(G.workSort==='opp'?'on':'')+'"" onclick=""workAnalysisSetSort(\'opp\')"">"
"C01173","local/crm.html","4431","paintSites","button","","<button class=""site-health-card '+(G.siteStatus===x[0]?'on':'')+'"" onclick=""setSiteStatus(\''+x[0]+'\')"">"
"C01174","local/crm.html","4432","paintSites","select","'+brandOpts+'","<select onchange=""G.siteBrand=this.value;G.siteStatus=\'전체\';paintSites()"">"
"C01175","local/crm.html","4432","paintSites","select","'+ownerOpts+'","<select onchange=""G.siteOwner=this.value;G.siteStatus=\'전체\';paintSites()"">"
"C01176","local/crm.html","4432","paintSites","select","'+workFilterOptions(G.workFilter)+'","<select onchange=""G.workFilter=this.value;G.siteStatus=\'전체\';paintSites()"">"
"C01177","local/crm.html","4432","paintSites","select","'+['관계우선','최근접촉순','수주금액순','진행기회순'].map(function(x){return '","<select onchange=""G.siteSort=this.value;paintSites()"">"
"C01178","local/crm.html","4432","paintSites","button","","<button class=""site-table-row data"" onclick=""openSiteMaster('+i+')"">"
"C01179","local/crm.html","4462","openSiteMaster","a","전화","<a href=""tel:'+phoneN(c.mobile)+'"">"
"C01180","local/crm.html","4462","openSiteMaster","a","문자","<a href=""sms:'+phoneN(c.mobile)+'"">"
"C01181","local/crm.html","4462","openSiteMaster","button","현재 현장","<button data-site=""'+escAttr(c.currentSite)+'"" onclick=""openRelatedSite(this.dataset.site)"">"
"C01182","local/crm.html","4462","openSiteMaster","button","","<button class=""site-opp-row"" onclick=""openSiteDeal('+j+')"">"
"C01183","local/crm.html","4517","detailChecks","input","","<input type=""checkbox"" '+(ch[i]?'checked':'')+' onchange=""toggleDetailCheck('+i+',this.checked)"">"
"C01184","local/crm.html","4532","nextActionHero","button","이 행동 완료","<button class=""dact pri"" onclick=""completeNextAction()"">"
"C01185","local/crm.html","4532","nextActionHero","button","수정","<button class=""dact"" onclick=""document.getElementById(\'nextActionCard\').scrollIntoView({behavior:\'smooth\'})"">"
"C01186","local/crm.html","4534","nextStepChip","5","다음: '+esc(n)+' →","<5?'step:'+(idx+1):'won',n=idx<5?FLOW_STEPS[idx+1]:'수주 성공';return '<button class=""dact next"" onclick=""chipTransition(\''+v+'\')"">"
"C01187","local/crm.html","4545","contactDirectoryHTML","button","＋ 연락처 추가","<button class=""dact pri"" onclick=""openQuickContact(\'new\')"">"
"C01188","local/crm.html","4567","contactCardHTML","button","📞 관리사무소","<button '+(!c.officeTel?'disabled':'')+' onclick=""contactDial(\'office\')"">"
"C01189","local/crm.html","4567","contactCardHTML","button","📱 소장 전화","<button class=""pri"" '+(!c.mobile?'disabled':'')+' onclick=""contactDial(\'mobile\')"">"
"C01190","local/crm.html","4567","contactCardHTML","button","✉ 문자","<button '+(!c.mobile?'disabled':'')+' onclick=""contactSms()"">"
"C01191","local/crm.html","4567","contactCardHTML","button","💬 카카오","<button '+(!c.mobile?'disabled':'')+' onclick=""contactKakao()"">"
"C01192","local/crm.html","4568","contactCardHTML","button","🎙 통화 완료 → 내용 말하기","<button class=""contactvoice"" '+(!c.mobile?'disabled':'')+' onclick=""contactVoiceComplete()"">"
"C01193","local/crm.html","4569","contactCardHTML","input","","<input id=""ct-office"" inputmode=""tel"" value=""'+escAttr(c.officeTel)+'"">"
"C01194","local/crm.html","4569","contactCardHTML","input","","<input id=""ct-name"" value=""'+escAttr(c.name)+'"">"
"C01195","local/crm.html","4569","contactCardHTML","input","","<input id=""ct-mobile"" inputmode=""tel"" value=""'+escAttr(c.mobile)+'"">"
"C01196","local/crm.html","4569","contactCardHTML","input","","<input id=""ct-email"" type=""email"" value=""'+escAttr(c.officeEmail)+'"">"
"C01197","local/crm.html","4569","contactCardHTML","button","연락처 저장","<button class=""dact"" onclick=""saveContactInfo()"">"
"C01198","local/crm.html","4569","contactCardHTML","button","관리소장 근무지 이동","<button class=""dact warn"" onclick=""openManagerMove()"">"
"C01199","local/crm.html","4569","contactCardHTML","button","📅 일정 잡기","<button class=""dact"" onclick=""contactSchedule()"">"
"C01200","local/crm.html","4581","openQuickContact","input","","<input id=""qc-office"" inputmode=""tel"" autocomplete=""tel"" value=""'+escAttr(c.officeTel)+'"" placeholder=""예: 02-1234-5678"">"
"C01201","local/crm.html","4582","openQuickContact","select","'+CONTACT_ROLES.map(function(r){return '","<select id=""qc-role"">"
"C01202","local/crm.html","4583","openQuickContact","input","","<input id=""qc-name"" value=""'+escAttr(c.name)+'"" placeholder=""예: 홍길동"">"
"C01203","local/crm.html","4584","openQuickContact","input","","<input id=""qc-mobile"" inputmode=""tel"" autocomplete=""tel"" value=""'+escAttr(c.mobile)+'"" placeholder=""예: 010-1234-5678"">"
"C01204","local/crm.html","4585","openQuickContact","input","","<input id=""qc-email"" type=""email"" value=""'+escAttr(c.officeEmail)+'"" placeholder=""선택 입력"">"
"C01205","local/crm.html","4586","openQuickContact","button","취소","<button class=""dact"" onclick=""closeQuickContact()"">"
"C01206","local/crm.html","4586","openQuickContact","button","연락처 저장","<button class=""dact pri"" onclick=""saveQuickContact()"">"
"C01207","local/crm.html","4605","openKakaoModal","select","","<select id=""kk-type"" onchange=""renderKakaoDraft()"">"
"C01208","local/crm.html","4605","openKakaoModal","input","","<input id=""kk-customer"" value=""'+escAttr(c.name||'')+'"" oninput=""renderKakaoDraft()"">"
"C01209","local/crm.html","4605","openKakaoModal","input","","<input id=""kk-site"" value=""'+escAttr(item.site||'')+'"" oninput=""renderKakaoDraft()"">"
"C01210","local/crm.html","4605","openKakaoModal","input","","<input id=""kk-visit"" placeholder=""예: 9월 10일 오후 2시"" oninput=""renderKakaoDraft()"">"
"C01211","local/crm.html","4605","openKakaoModal","input"," 브랜드명 포함(선택)","<input type=""checkbox"" id=""kk-use-brand"" onchange=""renderKakaoDraft()"">"
"C01212","local/crm.html","4605","openKakaoModal","input","","<input id=""kk-brand"" style=""display:none;margin-top:8px"" placeholder=""브랜드명 입력"" oninput=""renderKakaoDraft()"">"
"C01213","local/crm.html","4605","openKakaoModal","button","취소","<button class=""dact"" onclick=""closeKakaoModal()"">"
"C01214","local/crm.html","4605","openKakaoModal","button","검수 승인 후 발송 가능","<button class=""dact pri"" id=""kk-send"" disabled>"
"C01215","local/crm.html","4610","openManagerMove","input","","<input id=""mv-site"" placeholder=""예: 매탄임광아파트"">"
"C01216","local/crm.html","4610","openManagerMove","input","","<input id=""mv-office"" inputmode=""tel"" placeholder=""예: 031-000-0000"">"
"C01217","local/crm.html","4610","openManagerMove","input","","<input id=""mv-date"" type=""date"" value=""'+today+'"">"
"C01218","local/crm.html","4610","openManagerMove","input","","<input id=""mv-reason"" placeholder=""예: 관리소장 통화로 근무지 이동 확인"">"
"C01219","local/crm.html","4610","openManagerMove","button","이동 이력 저장","<button class=""dact pri"" onclick=""saveManagerMove()"">"
"C01220","local/crm.html","4610","openManagerMove","button","취소","<button class=""dact"" onclick=""openManagerMove()"">"
"C01221","local/crm.html","4621","detailAssigneeControlHTML","select","'+repOptions(item.assignee,'pipeline',item)+'","<select id=""dv-assignee"">"
"C01222","local/crm.html","4621","detailAssigneeControlHTML","button","담당자 변경 저장","<button class=""dact"" onclick=""saveAssigneeChange()"">"
"C01223","local/crm.html","4622","detailAssigneeControlHTML","button","확인함으로 이동","<button class=""dact pri"" onclick=""G.inqBucket=INQ_TECH_REVIEW_TAB;paint()"">"
"C01224","local/crm.html","4622","detailAssigneeControlHTML","button","연결된 영업기회 열기","<button class=""dact"" onclick=""G.page=\'pipe\';G.brand=\'기술자문\';setCurDetail(inqTechLinkedDeal(CUR_DETAIL.item));paint()"">"
"C01225","local/crm.html","4624","detailAssigneeControlHTML","button","'+(assigned?'배정 변경':'담당자 배정')+'","<button class=""dact pri"" data-k=""'+escAttr(inqKey(item))+'"" data-mode=""'+(assigned?'reassign':'assign')+'"" onclick=""inqCtlOpenAssign(this.dataset.mode,this.dataset.k)"">"
"C01226","local/crm.html","4627","transitionAssigneeFieldHTML","select","'+repOptions(item.assignee,'pipeline',item)+'","<select id=""tr-assignee"">"
"C01227","local/crm.html","4628","transitionAssigneeFieldHTML","input","","<input id=""tr-assignee"" type=""hidden"" value=""'+escAttr(repN(item.assignee))+'"">"
"C01228","local/crm.html","4631","nextActionAssigneeFieldHTML","select","'+repOptions(na&&na.assignee||item.assignee,'sales_action',item)+'","<select id=""dv-na-assignee"">"
"C01229","local/crm.html","4632","nextActionAssigneeFieldHTML","input","","<input id=""dv-na-assignee"" type=""hidden"" value=""'+escAttr(repN(item.assignee))+'"">"
"C01230","local/crm.html","4648","renderDetailBase","button","'+(workScopeOf(item)==='unclassified'?'공종 분류':'공종 수정')+'","<button class=""dact"" style=""margin-top:8px"" onclick=""openWorkEdit()"">"
"C01231","local/crm.html","4648","renderDetailBase","input","","<input id=""dv-qamt"" type=""text"" inputmode=""decimal"" data-money min=""0"" step=""10000"" value=""'+(quoteAmt(item)||'')+'"" placeholder=""견적준비 시 영업대상 금액"">"
"C01232","local/crm.html","4648","renderDetailBase","input","","<input id=""dv-amt"" type=""text"" inputmode=""decimal"" data-money min=""0"" step=""10000"" value=""'+(amt||'')+'"" placeholder=""예: 150,000,000"">"
"C01233","local/crm.html","4648","renderDetailBase","input","","<input id=""dv-wamt"" type=""text"" inputmode=""decimal"" data-money min=""0"" step=""10000"" value=""'+(wonAmt(item)||'')+'"" placeholder=""계약 확정 금액"">"
"C01234","local/crm.html","4648","renderDetailBase","button","금액 저장","<button class=""dact"" style=""width:100%"" onclick=""saveBasics()"">"
"C01235","local/crm.html","4650","renderDetailBase","select","'+ACTIVITY_TYPES.map(function(t){return '","<select id=""dv-act-type"">"
"C01236","local/crm.html","4650","renderDetailBase","input","","<input id=""dv-act-at"" type=""datetime-local"" value=""'+localDateTimeValue()+'"">"
"C01237","local/crm.html","4650","renderDetailBase","textarea","","<textarea id=""dv-act-note"" placeholder=""예: 관리소장과 통화해 옥상 방수 범위 확인"">"
"C01238","local/crm.html","4650","renderDetailBase","textarea","","<textarea id=""dv-act-result"" placeholder=""예: 도면 수신 후 견적 요청, 9/2 재통화"">"
"C01239","local/crm.html","4650","renderDetailBase","button","활동 저장","<button class=""dact pri"" onclick=""addDetailActivity()"">"
"C01240","local/crm.html","4652","renderDetailBase","input","","<input id=""dv-na-date"" type=""date"" value=""'+escAttr(na&&na.due||'')+'"">"
"C01241","local/crm.html","4652","renderDetailBase","input","","<input id=""dv-na-text"" value=""'+escAttr(na&&na.text||'')+'"" placeholder=""예: 견적서 검토 여부 확인 전화"">"
"C01242","local/crm.html","4652","renderDetailBase","button","다음 행동 저장","<button class=""dact pri"" onclick=""saveNextAction()"">"
"C01243","local/crm.html","4652","renderDetailBase","button","7일 재접촉 자동입력","<button class=""dact warn"" onclick=""scheduleFocus()"">"
"C01244","local/crm.html","4654","renderDetailBase","button","＋ 활동 기록","<button class=""dact"" onclick=""detailTabFocus(\'영업활동\')"">"
"C01245","local/crm.html","4654","renderDetailBase","button","🔀 사업유형 전환","<button class=""dact warn"" onclick=""openBizChange()"">"
"C01246","local/crm.html","4654","renderDetailBase","button","단계 전환 →","<button class=""dact pri"" onclick=""openTransition()"">"
"C01247","local/crm.html","4698","openTransition","select","'+transitionOptions(idx,CUR_DETAIL.kind)+'","<select id=""tr-target"" onchange=""transitionTargetChanged()"">"
"C01248","local/crm.html","4698","openTransition","textarea","","<textarea id=""tr-did"" placeholder=""예: 현장 실측과 관리소장 요구사항 확인 완료"">"
"C01249","local/crm.html","4698","openTransition","textarea","","<textarea id=""tr-result"" placeholder=""예: 견적 산출 가능, 경쟁사 2곳과 비교 예정"">"
"C01250","local/crm.html","4698","openTransition","select","'+reasonOptionsFor($('#tr-target')?$('#tr-target').value:'')+'","<select id=""tr-reason"">"
"C01251","local/crm.html","4698","openTransition","input","","<input id=""tr-next"" placeholder=""예: 견적서 발송 후 확인 전화"">"
"C01252","local/crm.html","4698","openTransition","input","","<input id=""tr-due"" type=""date"">"
"C01253","local/crm.html","4698","openTransition","button","취소","<button class=""dact"" onclick=""closeTransition()"">"
"C01254","local/crm.html","4698","openTransition","button","전환 내용 저장","<button class=""dact pri"" onclick=""confirmTransition()"">"
"C01255","local/crm.html","4704","trStageQuick","button","'+esc(stageNoLabel(c))+'","<button type=""button"" class=""trq next"" onclick=""trPick(\''+c+'\')"">"
"C01256","local/crm.html","4706","trStageQuick","button","'+esc(x[1])+'","<button type=""button"" class=""trq end"" onclick=""trPick(\''+x[0]+'\')"">"
"C01257","local/crm.html","4901","sharedFilterBar","select","'+reps.map(function(r){return '","<select onchange=""G.rep=this.value;G.stageCol=null;paint()"">"
"C01258","local/crm.html","4901","sharedFilterBar","select","'+subs.map(function(s){return '","<select onchange=""G.pipeSub=this.value;paint()"">"
"C01259","local/crm.html","4901","sharedFilterBar","select","'+['전체','기한초과','미응대','무행동','장기정체','다음행동없음','오늘','정상','미래대기'].map(function(s){ret","<select onchange=""G.pipeStatus=this.value;paint()"">"
"C01260","local/crm.html","4901","sharedFilterBar","select","'+[['전체','전체'],['30','30일+'],['90','90일+'],['180','180일+'],['365','365일+']].map(","<select onchange=""G.pipeAge=this.value;paint()"">"
"C01261","local/crm.html","4901","sharedFilterBar","select","'+['우선순위','최근 활동','오래된 활동','금액 큰순','담당자'].map(function(s){return '","<select onchange=""G.pipeSort=this.value;paint()"">"
"C01262","local/crm.html","4901","sharedFilterBar","button","필터 초기화","<button class=""reset"" onclick=""G.rep=&quot;전체&quot;;G.pipeSub=&quot;전체&quot;;G.pipeStatus=&quot;전체&quot;;G.pipeAge=&quot;전체&quot;;G.pipeSort=&quot;우선순위&quot;;G.stageCol=null;paint()"">"
"C01263","local/crm.html","4902","pipelineMatrix","","","<=5}).length;h+='<div class=""mc"" data-rep=""'+esc(r)+'"" data-stage=""'+ci+'"" onclick=""matrixFilter(this.dataset.rep,Number(this.dataset.stage))"">"
"C01264","local/crm.html","4904","denseCard","div","","<div class=""dense-card '+p.cls+'"" onclick=\'drwDeal('+escAttr(JSON.stringify(JSON.stringify(d)))+')\'>"
"C01265","local/crm.html","4907","paintStageList","button","← 칸반","<button class=""reset"" onclick=""G.stageCol=null;G.pipeView=\'kb\';paint()"">"
"C01266","local/crm.html","4907","paintStageList","select","","<select id=""bulkAssignee"">"
"C01267","local/crm.html","4907","paintStageList","select","","<select id=""bulkStage"">"
"C01268","local/crm.html","4907","paintStageList","input","","<input id=""bulkNext"" placeholder=""공통 다음 행동"">"
"C01269","local/crm.html","4907","paintStageList","input","","<input id=""bulkReason"" placeholder=""변경 사유(필수)"">"
"C01270","local/crm.html","4907","paintStageList","button","선택 건 적용","<button onclick=""applyBulk()"">"
"C01271","local/crm.html","4907","paintStageList","div","","<div class=""stage-list-row"" onclick=\'drwDeal('+escAttr(JSON.stringify(JSON.stringify(d)))+')\'>"
"C01272","local/crm.html","4907","paintStageList","input","","<input type=""checkbox"" '+(BULK_SEL[k]?'checked':'')+' onclick=""event.stopPropagation();toggleBulk('+JSON.stringify(k)+',this.checked)"">"
"C01273","local/crm.html","4907","paintStageList","button","다음 50건 더 보기","<button class=""dense-more"" onclick=""G.stagePage++;paint()"">"
"C01274","local/crm.html","4919","paintPipe","span","'+b+'","<span class=""bt clk '+(G.brand===b?'on':'')+'"" data-brand=""'+escAttr(b)+'"" onclick=""G.brand=this.dataset.brand;G.stageCol=null;paint()"">"
"C01275","local/crm.html","4919","paintPipe","button","＋ 영업 추가","<button class=""addbiz"" onclick=""openNewDeal()"">"
"C01276","local/crm.html","4919","paintPipe","span","🗂️ 칸반 보드","<span class=""clk '+(['fc','closed','console','split'].indexOf(G.pipeView)<0?'on':'')+'"" onclick=""G.pipeView=\'kb\';G.stageCol=null;G.consoleMacro=null;paint()"">"
"C01277","local/crm.html","4919","paintPipe","span","🪟 스플릿","<span class=""clk '+(G.pipeView==='split'?'on':'')+'"" onclick=""G.pipeView=\'split\';paint()"">"
"C01278","local/crm.html","4919","paintPipe","span","📈 포캐스트","<span class=""clk '+(G.pipeView==='fc'?'on':'')+'"" onclick=""setPipeView(\'fc\')"">"
"C01279","local/crm.html","4931","ctlMatrix","","","<=5}).length;h+='<div class=""mc"" onclick=\'G.rep='+escAttr(JSON.stringify(rep))+';G.ctlStage='+escAttr(JSON.stringify(String(i)))+';G.ctlKpi=""전체"";paint()\'>"
"C01280","local/crm.html","4939","flowHTML","active","","<active,now=active===i,v=counts&&Number.isFinite(Number(counts[i]))?Number(counts[i]):null;return '<div class=""jstep '+(done?'done ':'')+(now?'now':'')+'"" onclick=""journeyStageClick('+i+')"">"
"C01281","local/crm.html","5089","unifiedTimelineHTML","div","","<div class=""utlhead"" onclick=""utlToggle(this)"">"
"C01282","local/crm.html","5100","unifiedTimelineHTML","button","이전 응대 '+(R.length-lim)+'건 더 보기","<button class=""utlmore"" onclick=""utlShowAll()"">"
"C01283","local/crm.html","5154","bEmpty","button","'+esc(btn)+'","<button data-a=""'+escAttr(arg||'')+'"" onclick=""'+act+'"">"
"C01284","local/crm.html","5160","briefHTML","button","📞 전화","<button class=""pri"" onclick=""briefCall()"">"
"C01285","local/crm.html","5161","briefHTML","button","✉ 문자","<button onclick=""briefSms()"">"
"C01286","local/crm.html","5162","briefHTML","button","📋 번호 복사","<button onclick=""briefCopy()"">"
"C01287","local/crm.html","5163","briefHTML","button","📞 전화","<button disabled title=""이 현장에 연락처가 없습니다"">"
"C01288","local/crm.html","5164","briefHTML","button","✉ 문자","<button disabled title=""이 현장에 연락처가 없습니다"">"
"C01289","local/crm.html","5165","briefHTML","button","📅 다음 행동","<button data-a=""일정"" onclick=""detailTabFocus(this.dataset.a)"">"
"C01290","local/crm.html","5167","briefHTML","button","＋ 연락처 없음","<button class=""bph no"" onclick=""openQuickContact()"">"
"C01291","local/crm.html","5172","briefHTML","button","통화 완료 · 내용 남기기","<button onclick=""briefCallDone()"">"
"C01292","local/crm.html","5173","briefHTML","button","취소","<button class=""gh"" onclick=""briefCallCancel()"">"
"C01293","local/crm.html","5252","renderDetail","button","'+t+'","<button class=""'+(G.detailTab===t?'on':'')+'"" data-tab=""'+esc(t)+'"" onclick=""detailTabFocus(this.dataset.tab,true)"">"
"C01294","local/crm.html","5252","renderDetail","button","'+t+'","<button class=""'+(G.actFilter===t?'on':'')+'"" data-type=""'+esc(t)+'"" onclick=""setActivityFilter(this.dataset.type)"">"
"C01295","local/crm.html","5378","numLink","button","'+n+'","<button class=""linknum"" onclick=""goOpsIssue(\''+kind+'\',\''+(rep||'전체')+'\','+(stage===undefined?'null':stage)+')"">"
"C01296","local/crm.html","5380","metricCard","button","","<button class=""ops-kpi '+(pend?'pend':(tone||''))+'"" title=""'+esc(pend?'모바일 운영 후 자동 집계됩니다':(help||'문제 현장 바로보기'))+'"" onclick=""goOpsIssue(\''+kind+'\',\''+(targetNameFilter()||'전체')+'\',null)"">"
"C01297","local/crm.html","5388","paintMgmt","95","","<95?'warn':'good','현장·공사·사업·공종·담당·연락처·단계·다음 행동'),
qItems=[['미배정',S.unassigned.length,'unassigned'],['미응대',S.noResponse.length,'noResponse'],['Next Action 없음',S.nextMissing.length,'nextMissing'],['장기정체',S.stale.length,'stale']],
qHtml=qItems.map(function(x){return '<button onclick=""goOpsIssue(\''+x[2]+'\',\''+(targetNameFilter()||'전체')+'\',null)"">"
"C01298","local/crm.html","5391","paintMgmt","button","'+n+'","<button onclick=""goPerfRep(\''+n+'\')"">"
"C01299","local/crm.html","5391","paintMgmt","button","'+n+'","<button onclick=""goPerfRep(\''+n+'\')"">"
"C01300","local/crm.html","5391","paintMgmt","button","","<button class=""matrixcell"" onclick=""goOpsIssue(\'all\',\''+n+'\','+i+')"">"
"C01301","local/crm.html","5422","perfScoreSub","100","","<100?' · 미수집 '+(100-P.available)+'점':'')}
function perfKpiButton(m,group){var pend=m.rate===null||m.rate===undefined,fill=pend?0:Math.max(0,Math.min(100,m.inverse?(m.rate<=m.targetRate?100:m.targetRate/m.rate*100):(m.targetRate?m.rate/m.targetRate*100:m.rate))),score=m.score===null?'미산정':m.score+' / '+m.weight;return '<button class=""perf-kpi"" onclick=""showPerfEvidence(\''+m.kind+'\',\''+m.name+'\')"" title=""'+escAttr(m.help||'근거 목록 보기')+'"">"
"C01302","local/crm.html","5445","idx","button","","<button class=""perf-focus-row"" onclick=""openPerfDrawerDeal('+idx(d)+')"">"
"C01303","local/crm.html","5445","idx","button","","<button class=""perf-focus-row perf-risk-row"" onclick=""openPerfDrawerDeal('+idx(d)+')"">"
"C01304","local/crm.html","5452","perfEvidence","div","","<div class=""stage-list-row v3"" style=""grid-template-columns:minmax(260px,1.8fr) 120px 130px 130px"" onclick=""openPerfInq('+i+')"">"
"C01305","local/crm.html","5453","perfEvidence","0","","<0}),why=kind==='advanced'?'단계 전진 이력':kind==='perfIncomplete'?'필수 '+perfCrmMissing(d)+'개 누락':labs[0]||'정상';return '<div class=""stage-list-row v3"" style=""grid-template-columns:minmax(240px,1.6fr) 110px 150px 120px 120px"" onclick=""openPerfDeal('+i+')"">"
"C01306","local/crm.html","5456","paintPerf","tr","","<tr onclick=""openPerfDrawer(\''+P.name+'\')"">"
"C01307","local/crm.html","5459","paintBrief","button","'+n+'","<button onclick=""goPerfRep(\''+n+'\')"">"
"C01308","local/crm.html","5460","briefRows","0","","<0});return '<button class=""brief-row"" onclick=""openBriefDeal('+(off+i)+')"">"
"C01309","local/crm.html","5461","briefRows","button","","<button onclick=""goPage(\'perf\')"">"
"C01310","local/crm.html","5461","briefRows","button","","<button onclick=""goOpsIssue(\'all\',\''+(target||'전체')+'\',-1)"">"
"C01311","local/crm.html","5461","briefRows","button","","<button onclick=""G.ctlFilter=\'신규\';goPage(\'inq\')"">"
"C01312","local/crm.html","5461","briefRows","button","","<button onclick=""goOpsIssue(\'all\',\''+(target||'전체')+'\',-1)"">"
"C01313","local/crm.html","5505","briefActionRows","button","","<button class=""brief-action-row hot"" onclick=""openBriefDeal('+idx+')"">"
"C01314","local/crm.html","5505","briefActionRows","button","","<button class=""brief-action-row '+(briefIsRevenueAction(x)?'hot':'')+'"" onclick=""openBriefDeal('+idx+')"">"
"C01315","local/crm.html","5506","briefDecisionRows","button","","<button class=""brief-decision-row"" onclick=""openBriefDeal('+idx+')"">"
"C01316","local/crm.html","5515","briefViewButtons","button","주간 의사결정판","<button class=""'+(G.briefView==='week'?'on':'')+'"" onclick=""setBriefView(\'week\')"">"
"C01317","local/crm.html","5515","briefViewButtons","button","월간 일정","<button class=""'+(G.briefView==='month'?'on':'')+'"" onclick=""setBriefView(\'month\')"">"
"C01318","local/crm.html","5516","briefFilterOptions","select","","<select onchange=""briefSetRep(this.value)"">"
"C01319","local/crm.html","5516","briefFilterOptions","select","","<select onchange=""briefSetBrand(this.value)"">"
"C01320","local/crm.html","5518","briefSignal","button","3?'bad':n>1?'mid':'')+'"">'+(n>3?'🔴':n>1?'🟡':'🟢')+' '+n+'","<button class=""brief-week-signal '+(n>"
"C01321","local/crm.html","5521","paintBriefV2","button","","<button onclick=""briefFocusRep(\''+n+'\',\'brief-reps\')"">"
"C01322","local/crm.html","5521","paintBriefV2","button","'+rs.length+'건","<button onclick=""briefFocusRep(\''+n+'\',\'brief-actions\')"">"
"C01323","local/crm.html","5521","paintBriefV2","td","'+briefSignal(rr.length)+'","<td onclick=""briefFocusRep(\''+n+'\',\'brief-decisions\')"">"
"C01324","local/crm.html","5523","paintBriefV2","button","","<button class=""brief-stat"" onclick=""briefJump(\'brief-movement\')"">"
"C01325","local/crm.html","5523","paintBriefV2","button","","<button class=""brief-stat"" onclick=""briefJump(\'brief-actions\')"">"
"C01326","local/crm.html","5523","paintBriefV2","button","","<button class=""brief-stat"" onclick=""goPage(\'pipe\')"">"
"C01327","local/crm.html","5523","paintBriefV2","button","","<button class=""brief-stat"" onclick=""goPage(\'pipe\')"">"
"C01328","local/crm.html","5523","paintBriefV2","button","","<button class=""brief-stat"" onclick=""briefJump(\'brief-actions\')"">"
"C01329","local/crm.html","5523","paintBriefV2","button","","<button class=""brief-stat danger"" onclick=""briefJump(\'brief-decisions\')"">"
"C01330","local/crm.html","5525","paintBriefV2","summary","","<summary>"
"C01331","local/crm.html","5525","paintBriefV2","summary","","<summary>"
"C01332","local/crm.html","5525","paintBriefV2","summary","","<summary>"
"C01333","local/crm.html","5527","paintBriefV2","button","","<button class=""brief-exception"" onclick=""briefGoIssue(\'unassigned\')"">"
"C01334","local/crm.html","5527","paintBriefV2","button","","<button class=""brief-exception"" onclick=""briefGoIssue(\'noResponse\')"">"
"C01335","local/crm.html","5527","paintBriefV2","button","","<button class=""brief-exception"" onclick=""briefGoIssue(\'nextMissing\')"">"
"C01336","local/crm.html","5527","paintBriefV2","button","","<button class=""brief-exception"" onclick=""briefGoIssue(\'overdue\')"">"
"C01337","local/crm.html","5527","paintBriefV2","button","","<button class=""brief-exception"" onclick=""briefGoIssue(\'stale\')"">"
"C01338","local/crm.html","5527","paintBriefV2","button","","<button class=""brief-exception"" onclick=""briefGoIssue(\'briefNoAmount\')"">"
"C01339","local/crm.html","5527","paintBriefV2","button","","<button class=""brief-exception"" onclick=""briefGoIssue(\'briefSilentHot\')"">"
"C01340","local/crm.html","5545","gnKpi","button","","<button class=""gn-kpi '+(danger?'danger':'')+'"" data-kind=""'+kind+'"" onclick=""gnShow(this.dataset.kind)"">"
"C01341","local/crm.html","5548","gnRepRows","tr","","<tr onclick=""gnShow(\'rep\',\''+jsAttr(r.name)+'\')"">"
"C01342","local/crm.html","5549","gnHandoffRows","tr","","<tr onclick=""gnOpenInquiry('+i+')"">"
"C01343","local/crm.html","5549","gnHandoffRows","td","","<td onclick=""event.stopPropagation()"">"
"C01344","local/crm.html","5549","gnHandoffRows","button","'+(rep?'담당 변경':'실담당 지정')+'","<button class=""gn-owner-btn"" onclick=""gnOpenOwner('+i+')"">"
"C01345","local/crm.html","5552","paintGyeongnam","button","지사 고객 문자발송 →","<button class=""gn-campaign-btn"" onclick=""campaignOpenGyeongnam()"">"
"C01346","local/crm.html","5556","paintGyeongnam","button","","<button class=""gn-risk critical"" onclick=""gnShow(\'unnamed\')"">"
"C01347","local/crm.html","5556","paintGyeongnam","button","","<button class=""gn-risk critical"" onclick=""gnShow(\'unresponded\')"">"
"C01348","local/crm.html","5556","paintGyeongnam","button","","<button class=""gn-risk"" onclick=""gnShow(\'noNext\')"">"
"C01349","local/crm.html","5556","paintGyeongnam","button","","<button class=""gn-risk"" onclick=""gnShow(\'stale\')"">"
"C01350","local/crm.html","5556","paintGyeongnam","button","","<button class=""gn-risk critical"" onclick=""gnShow(\'hot\')"">"
"C01351","local/crm.html","5560","gnOpenOwner","input","","<input id=""inq-ctl-reason"" '+(reassign?'required ':'')+'oninput=""inqCtlUpdateAssignConfirm()"" placeholder=""예: 현장 권역 및 현재 업무량 기준"">"
"C01352","local/crm.html","5560","gnOpenOwner","button","미지정으로 유지","<button onclick=""gnSetOwnerPool('+i+')"">"
"C01353","local/crm.html","5560","gnOpenOwner","button","취소","<button onclick=""closeInquiryControlModal()"">"
"C01354","local/crm.html","5560","gnOpenOwner","button","실담당자 지정","<button class=""primary"" id=""inq-ctl-confirm"" disabled onclick=""gnConfirmOwner()"">"
"C01355","local/crm.html","5563","gnShow","button","","<button class=""report-drill-row"" onclick=""gnOpenInquiry('+i+')"">"
"C01356","local/crm.html","5563","gnShow","button","","<button class=""report-drill-row"" onclick=""gnOpenDeal('+i+')"">"
"C01357","local/crm.html","5596","openReportDrill","button","","<button class=""report-drill-row"" onclick=""openReportDrillDeal('+i+')"">"
"C01358","local/crm.html","5602","paintReportV2","","","<=10}),within30Amt=sumBy(within30,oppAmt),risk=open.filter(briefIsRisk).sort(function(a,b){return reportRiskScore(b)-reportRiskScore(a)}),critical=risk.filter(reportCritical),months=[-5,-4,-3,-2,-1,0].map(function(n){var w=reportMonthWindow(n),a=reportWonIn(raw,w);return {w:w,a:a,amt:sumBy(a,function(d){return wonAmt(d)||oppAmt(d)||quoteAmt(d)})}}),monthMax=Math.max.apply(null,[1].concat(months.map(function(x){return x.amt}))),year=new Date().getFullYear(),py=year-1;
 var summary=[['누적 수주',reportAmount(wonAmtAll),won.length+'건 · '+perfPeriodLabel(),'ceo-trend'],['이번 달 수주',reportAmount(monthWonAmt),monthWon.length+'건 · '+month.long,'ceo-trend'],['진행 파이프라인',open.length+'건 · '+reportAmount(pipeAmt),'현재 살아있는 기회','ceo-pipeline'],['가중 예상매출',reportAmount(forecast),'STAGE_MASTER 확률','ceo-pipeline'],['수주 임박',reportAmount(nearAmt),'PT·입찰·계약 '+near.length+'건','ceo-pipeline'],['핵심 리스크',critical.leng"
"C01359","local/crm.html","5605","paintReportV2","button","","<button class=""ceo-pipe-row"" onclick=""reportGoPipeline('+x[2]+',\''+x[1].join('|')+'\',\''+x[0]+'\')"">"
"C01360","local/crm.html","5606","paintReportV2","tr","","<tr onclick=""reportGoBrand(\''+jsAttr(b)+'\')"">"
"C01361","local/crm.html","5607","paintReportV2","tr","","<tr onclick=""openPerfDrawer(\''+n+'\')"">"
"C01362","local/crm.html","5607","paintReportV2","","","<=10}),rr=o.filter(briefIsRisk),badge=p.team==='gyeongnam'?'경남지사':'외부';return '<tr onclick=""openReportDrill(\''+jsAttr(repDisplay(n))+' 진행 현장\',\''+jsAttr(badge)+' 영업기여\',reportOpenDeals().filter(function(d){return repN(d.assignee)===\''+jsAttr(n)+'\'}))"">"
"C01363","local/crm.html","5609","paintReportV2","button","인쇄 · PDF","<button class=""ceo-print"" onclick=""window.print()"">"
"C01364","local/crm.html","5611","paintReportV2","button","","<button onclick=""reportJump(\'report-due30\')"">"
"C01365","local/crm.html","5611","paintReportV2","button","","<button onclick=""reportGoPipeline(2,\'compete|imminent|bidding|contract\',\'경쟁 이후 수주 임박\')"">"
"C01366","local/crm.html","5642","stageFilterBar","select","'+groupedAssigneeOptions(G.rep,true,false)+'","<select onchange=""G.rep=this.value;G.stagePage=1;paint()"">"
"C01367","local/crm.html","5643","stageFilterBar","select","'
    +[['all','전체'],['nextMissing','Next Action 없음'],['overdue','기한초과'],['stal","<select onchange=""G.opsIssue=this.value;G.stagePage=1;paint()"">"
"C01368","local/crm.html","5647","stageFilterBar","button","'+(more?'− 상세필터 닫기':'+ 상세필터')+'","<button class=""reset"" onclick=""G.filterMore=!G.filterMore;paint()"">"
"C01369","local/crm.html","5648","stageFilterBar","button","필터 초기화","<button class=""reset"" onclick=""resetStageFilters()"">"
"C01370","local/crm.html","5651","stageFilterBar","select","'+subs.map(function(s){return '","<select onchange=""G.pipeSub=this.value;G.stagePage=1;paint()"">"
"C01371","local/crm.html","5652","stageFilterBar","select","'
    +[['전체','전체 운영'],['recent30','최근 30일 내 활동'],['30','30일+ 정체'],['90','90일+ ","<select onchange=""G.pipeAge=this.value;G.stagePage=1;paint()"">"
"C01372","local/crm.html","5655","stageFilterBar","select","'
    +['우선순위','오래된 활동순','최근 활동순','Next Action 임박순','기한초과 심한순','금액 큰순','담당자순']","<select onchange=""G.pipeSort=this.value;paint()"">"
"C01373","local/crm.html","5659","stageFilterBar","button","'+esc(x[1])+' ","<button data-f=""'+x[0]+'"" onclick=""clearStageFilter(this.dataset.f)"">"
"C01374","local/crm.html","5670","stageIssueSummary","button","'
    +'","<button class=""'+(x[0]==='overdue'||x[0]==='stale'?'danger ':'')+(G.opsIssue===x[0]?'on':'')+'"" onclick=""setStageIssue(\''+x[0]+'\')"">"
"C01375","local/crm.html","5682","paintStageListV2","button","← 칸반으로","<button class=""reset"" onclick=""G.stageCol=null;G.consoleMacro=null;G.macroSub=\'전체\';G.pipeView=\'kb\';G.opsIssue=\'all\';G.reportStageCodes=null;G.reportStageLabel=\'\';paint()"">"
"C01376","local/crm.html","5682","paintStageListV2","button","ⓘ 사용방법","<button class=""howtoggle"" onclick=""G.howto=!G.howto;paint()"">"
"C01377","local/crm.html","5687","paintStageListV2","input","","<input type=""checkbox"" data-key=""'+esc(k)+'"" '+(BULK_SEL[k]?'checked':'')+' onclick=""toggleBulk(this.dataset.key,this.checked)"">"
"C01378","local/crm.html","5688","paintStageListV2","span","'+esc(d.site||'현장명 미입력')+(d.localCreated?'","<span class=""sl-site clk"" onclick=""openStageDeal('+i+')"">"
"C01379","local/crm.html","5693","paintStageListV2","button","← 이전 50건","<button '+(page<=1?'disabled':'')+' onclick=""G.stagePage--;paint()"">"
"C01380","local/crm.html","5693","paintStageListV2","button","=pages?'disabled':'')+' onclick=""G.stagePage++;paint()"">다음 50건 →","<button '+(page>"
"C01381","local/crm.html","5693","paintStageListV2","button","단계 변경","<button onclick=""openBulkDialog(\'stage\')"">"
"C01382","local/crm.html","5693","paintStageListV2","button","세부상태 변경","<button onclick=""openBulkDialog(\'sub\')"">"
"C01383","local/crm.html","5693","paintStageListV2","button","담당자 변경","<button onclick=""openBulkDialog(\'assignee\')"">"
"C01384","local/crm.html","5693","paintStageListV2","button","장기현장 검토","<button onclick=""openBulkDialog(\'review\')"">"
"C01385","local/crm.html","5693","paintStageListV2","button","Next Action 등록","<button class=""primary"" onclick=""openBulkDialog(\'next\')"">"
"C01386","local/crm.html","5705","openBulkDialog","select","'+PD_COLS.map(function(x,i){return '","<select id=""bulkValue"">"
"C01387","local/crm.html","5705","openBulkDialog","input","","<input id=""bulkValue"" placeholder=""예: 고객 회신 대기"">"
"C01388","local/crm.html","5705","openBulkDialog","select","'+repWorkloadOptions()+'","<select id=""bulkValue"">"
"C01389","local/crm.html","5705","openBulkDialog","input","","<input id=""bulkValue"" placeholder=""예: 관리소장 재통화"">"
"C01390","local/crm.html","5705","openBulkDialog","input","","<input id=""bulkDueV3"" type=""date"">"
"C01391","local/crm.html","5705","openBulkDialog","select","","<select id=""bulkValue"" onchange=""bulkReviewTgl()"">"
"C01392","local/crm.html","5705","openBulkDialog","input","","<input id=""bulkDueV3"" type=""date"">"
"C01393","local/crm.html","5705","openBulkDialog","input","","<input id=""bulkNextV3"" placeholder=""예: 재도장 예산 편성 여부 확인 전화"">"
"C01394","local/crm.html","5705","openBulkDialog","textarea","","<textarea id=""bulkReasonV3"" rows=""3"" placeholder=""판단 근거와 후속 조치를 입력하세요"">"
"C01395","local/crm.html","5705","openBulkDialog","button","검토 후 '+keys.length+'건 적용","<button class=""bulk-submit"" onclick=""applyBulkDialog()"">"
"C01396","local/crm.html","5705","openBulkDialog","button","닫기 ✕","<button class=""ib-x"" onclick=""closeBulkDialog()"">"
"C01397","local/crm.html","5725","paintRepTabs","0","'
  +(isCur?'✓ ':'')+(n==='전체'?'전체 영업담당':repDisplay(n))+'","<0)G.rep='전체';
/* 열어 본 현장의 담당자는 «표시»만 한다. 현장을 눌렀다고 목록이 그 사람 것만
   남아버리면 옆 현장으로 넘어갈 수가 없다. 필터는 칩을 직접 눌렀을 때만 걸린다.
   그 담당자가 현재 목록에 0건이라도(미배정 포함) 칩은 보여 준다 — 안 그러면 «누구 건지» 가 사라진다. */
var cur=curDetailRep(),curProfile=repProfile(cur);
if(cur&&!limited&&curProfile.active&&curProfile.salesRep&&names.indexOf(cur)<0)names.push(cur);
r.innerHTML=['전체'].concat(names).map(function(n){var c=n==='전체'?src.length:(cnt[n]||0);
 var isCur=!!cur&&n===cur;
 return '<button class=""rtab '+(G.rep===n?'on ':'')+(isCur?'cur':'')+'""'
  +(isCur?' title=""지금 열어 본 현장의 담당자 — 누르면 이 담당자로 목록을 거릅니다""':'')
  +' onclick=""G.rep=\''+n+'\';G.lastRep=null;if(G.page===\'perf\')G.perfDetail='+(n==='전체'?'null':""'""+n+""'"")+';paint()"">"
"C01398","local/crm.html","5757","stageSeqIdx","STAGE_SEQ","","<STAGE_SEQ.length;i++)if(STAGE_NM[STAGE_SEQ[i]]===s)return i;return 99}
function stageSeqSort(a,b){var x=stageSeqIdx(a),y=stageSeqIdx(b);return x-y||a.localeCompare(b,'ko')}
/* 모바일 lrow 딜 카드: 현장명 크게 + 담당·금액·세부상태 한 줄 + 관리상태 배지 */
function mDealRow(d){var p=priorityInfo(d,'deal'),a=age(d);return '<div class=""mlrow"" onclick=\'drwDeal('+escAttr(JSON.stringify(JSON.stringify(d)))+')\'>"
"C01399","local/crm.html","5764","kbCard","div","","<div class=""kbcard"" onclick=\'drwDeal('+escAttr(JSON.stringify(JSON.stringify(d)))+')\'>"
"C01400","local/crm.html","5789","kb5Card","div","'
   +'","<div class=""k5c"" onclick=""openKb5('+i+')"">"
"C01401","local/crm.html","5864","macroGroupBar","button","'
     +'","<button class=""mgcard'+(on?' on':'')+'"" data-k=""'+c[0]+'"" onclick=""macroSubSet(this.dataset.k)"">"
"C01402","local/crm.html","5908","paintKanban","button","🕐 '+UIT.stale+' '+rot+'건 ('+UIT.staleHint+')'+(G.pipeAge==='30'?' ✕':'')+'","<button class=""k5chip red'+(G.pipeAge==='30'?' on':'')+'"" onclick=""G.pipeAge=G.pipeAge===\'30\'?\'전체\':\'30\';paint()"">"
"C01403","local/crm.html","5909","paintKanban","button","수주 '+won+'","<button class=""k5chip gray"" onclick=""setClosedTab(\'수주\')"">"
"C01404","local/crm.html","5910","paintKanban","button","실주 '+lost+'","<button class=""k5chip gray"" onclick=""setClosedTab(\'실주\')"">"
"C01405","local/crm.html","5911","paintKanban","button","정리 대상 '+etc+'","<button class=""k5chip gray"" onclick=""setClosedTab(\'기타\')"">"
"C01406","local/crm.html","5921","paintKanban","div","'
        +'","<div class=""k5h"" data-k=""'+c.k+'"" onclick=""kb5ToConsole(this.dataset.k)"">"
"C01407","local/crm.html","5935","injectConsoleTabs","button","'+t[1]+'","<button class=""'+(String(G.stageCol)===t[0]?'on':'')+'"" data-ci=""'+t[0]+'"" onclick=""G.stageCol=Number(this.dataset.ci);G.stagePage=1;paint()"">"
"C01408","local/crm.html","5958","splitInlinePanel","button","＋ 한 일 기록","<button class=""mbadge '+(f==='act'?'blue':'gray')+'"" style=""padding:9px 14px;border:0;cursor:pointer;font-family:inherit"" onclick=""splitForm(\'act\')"">"
"C01409","local/crm.html","5959","splitInlinePanel","button","🗓 다음 할 일","<button class=""mbadge '+(f==='next'?'blue':'gray')+'"" style=""padding:9px 14px;border:0;cursor:pointer;font-family:inherit"" onclick=""splitForm(\'next\')"">"
"C01410","local/crm.html","5960","splitInlinePanel","button","→ 단계 바꾸기","<button class=""mbadge '+(f==='stage'?'blue':'gray')+'"" style=""padding:9px 14px;border:0;cursor:pointer;font-family:inherit"" onclick=""splitForm(\'stage\')"">"
"C01411","local/crm.html","5966","splitInlinePanel","select","'+QUICK_ACTIVITY_TYPES.map(function(x){return '","<select id=""sp-act-type"">"
"C01412","local/crm.html","5967","splitInlinePanel","input","","<input id=""sp-act-note"" placeholder=""예: 관리소장 통화 — 예산 일정 확인"">"
"C01413","local/crm.html","5968","splitInlinePanel","input","","<input id=""sp-act-result"" placeholder=""예: 9월 중 재검토, 9/8 재통화 요청"">"
"C01414","local/crm.html","5969","splitInlinePanel","input"," 고객과 실제로 통화·미팅함 (고객접촉일 갱신)","<input type=""checkbox"" id=""sp-act-contact"" checked>"
"C01415","local/crm.html","5970","splitInlinePanel","button","활동 저장","<button class=""dact pri"" onclick=""spSaveAct()"">"
"C01416","local/crm.html","5970","splitInlinePanel","button","닫기","<button class=""dact"" onclick=""splitForm(null)"">"
"C01417","local/crm.html","5975","splitInlinePanel","input","","<input id=""sp-na-due"" type=""date"" value=""'+escAttr(na&&na.due||'')+'"">"
"C01418","local/crm.html","5976","splitInlinePanel","input","","<input id=""sp-na-text"" value=""'+escAttr(na&&na.text||'')+'"" placeholder=""예: 견적 검토 여부 확인 전화"">"
"C01419","local/crm.html","5977","splitInlinePanel","button","다음 행동 저장","<button class=""dact pri"" onclick=""spSaveNext()"">"
"C01420","local/crm.html","5977","splitInlinePanel","button","닫기","<button class=""dact"" onclick=""splitForm(null)"">"
"C01421","local/crm.html","5981","splitInlinePanel","select","'+transitionOptions(idx,'deal')+'","<select id=""sp-tr-target"" onchange=""spTargetChanged()"">"
"C01422","local/crm.html","5982","splitInlinePanel","select","","<select id=""sp-tr-reason"">"
"C01423","local/crm.html","5983","splitInlinePanel","input","","<input id=""sp-tr-did"" placeholder=""예: PT 일정 협의 완료"">"
"C01424","local/crm.html","5984","splitInlinePanel","input","","<input id=""sp-tr-result"" placeholder=""예: 9/15 PT 확정"">"
"C01425","local/crm.html","5985","splitInlinePanel","input","","<input id=""sp-tr-next"" placeholder=""예: PT 자료 최종 확인"">"
"C01426","local/crm.html","5986","splitInlinePanel","input","","<input id=""sp-tr-due"" type=""date"">"
"C01427","local/crm.html","5987","splitInlinePanel","button","전환 저장","<button class=""dact pri"" onclick=""spSaveStage()"">"
"C01428","local/crm.html","5987","splitInlinePanel","button","닫기","<button class=""dact"" onclick=""splitForm(null)"">"
"C01429","local/crm.html","6091","paintSplit","button","전체 ","<button class=""pfc '+(ci<0&&!CL?'on':'')+'"" onclick=""setSplitCol(null)"">"
"C01430","local/crm.html","6093","paintSplit","button","'+esc(c.nm)+' ","<button class=""pfc '+(!CL&&ci===i?'on':'')+'"" data-ci=""'+i+'"" onclick=""setSplitCol(Number(this.dataset.ci))"">"
"C01431","local/crm.html","6099","paintSplit","button","전체 ","<button class=""pfc s '+(!G.splitStage?'on':'')+'"" onclick=""setSplitStage(null)"">"
"C01432","local/crm.html","6101","paintSplit","button","'+esc(stageNoLabel(c))+' ","<button class=""pfc s '+(G.splitStage===c?'on':'')+'"" data-c=""'+escAttr(c)+'"" onclick=""setSplitStage(this.dataset.c)"">"
"C01433","local/crm.html","6107","paintSplit","button","'+esc(a.nm)+' ","<button class=""pfc a '+(G.splitAct===a.k?'on':'')+'"" data-k=""'+a.k+'"" onclick=""'+IssueModal.bind('pipe:stage:'+a.k,a.k,byStage.filter(a.f),a.nm)+'"">"
"C01434","local/crm.html","6108","paintSplit","button","금액 미입력 ","<button class=""pfc q '+(G.pipeNoAmt?'on':'')+'"" onclick=""'+IssueModal.bind('pipe:stage:noAmount','noAmount',byStage.filter(function(d){return !oppAmt(d)&&!quoteAmt(d)}))+'"" title=""금액이 비면 전환율이 실제보다 좋아 보입니다"">"
"C01435","local/crm.html","6115","paintSplit","button","'+esc(x.nm)+' ","<button class=""pfc e '+(G.splitClosed===x.k?'on':'')+'"" data-k=""'+x.k+'"" onclick=""setSplitClosed(this.dataset.k)"">"
"C01436","local/crm.html","6116","paintSplit","button","필터 해제","<button class=""pfreset"" onclick=""G.splitCol=null;G.splitStage=null;G.splitAct=null;G.splitClosed=null;G.pipeNoAmt=false;G.splitKey=null;paint()"">"
"C01437","local/crm.html","6122","paintSplit","div","","<div class=""mlrow '+(k===G.splitKey?'sel':'')+'"" data-k=""'+escAttr(k)+'"" onclick=""G.splitScroll=this.parentElement.scrollTop;G.splitKey=this.dataset.k;G.splitForm=null;paint()"">"
"C01438","local/crm.html","6151","quickPanelHTML","button","📞 전화","<button '+(!c.mobile?'disabled':'')+' onclick=""contactDial(\'mobile\')"">"
"C01439","local/crm.html","6151","quickPanelHTML","button","✉ 문자","<button '+(!c.mobile?'disabled':'')+' onclick=""contactSms()"">"
"C01440","local/crm.html","6151","quickPanelHTML","button","💬 카카오","<button '+(!c.mobile?'disabled':'')+' onclick=""contactKakao()"">"
"C01441","local/crm.html","6152","quickPanelHTML","button","연락처 없음 · 등록하기","<button class=""quickfull"" style=""margin:0"" onclick=""openQuickContact()"">"
"C01442","local/crm.html","6156","quickPanelHTML","button","＋ 한 일 기록","<button class=""primary"" onclick=""splitForm(\'act\')"">"
"C01443","local/crm.html","6156","quickPanelHTML","button","📅 다음 행동 예약","<button onclick=""splitForm(\'next\')"">"
"C01444","local/crm.html","6156","quickPanelHTML","button","단계 변경","<button onclick=""splitForm(\'stage\')"">"
"C01445","local/crm.html","6156","quickPanelHTML","button","전체 상세 보기 →","<button class=""quickfull"" onclick=""openFullDealFromQuick()"">"
"C01446","local/crm.html","6166","paintSplit","button","전체 ","<button class=""pfc '+(!G.quickClosed&&ci<0?'on':'')+'"" onclick=""G.quickClosed=false;setSplitCol(null)"">"
"C01447","local/crm.html","6167","paintSplit","button","'+esc(c.nm)+' ","<button class=""pfc '+(!G.quickClosed&&ci===i?'on':'')+'"" onclick=""G.quickClosed=false;setSplitCol('+i+')"">"
"C01448","local/crm.html","6168","paintSplit","button","종료 현장 보기","<button class=""pfc e '+(G.quickClosed?'on':'')+'"" onclick=""quickClosedToggle()"">"
"C01449","local/crm.html","6169","paintSplit","button","'+esc(metricDealLabel(G.pipeOrigin,D.length))+'","<button class=""pfc on"">"
"C01450","local/crm.html","6169","paintSplit","button","근거 필터 해제","<button class=""pfreset"" onclick=""G.pipeOrigin=null;G.splitKey=null;paint()"">"
"C01451","local/crm.html","6169","paintSplit","button","'+esc(a.nm)+' ","<button class=""pfc a '+(G.splitAct===a.k?'on':'')+'"" onclick=""'+IssueModal.bind('pipe:quick:'+a.k,a.k,issueBase.filter(a.f),a.nm)+'"">"
"C01452","local/crm.html","6169","paintSplit","button","금액 미입력 ","<button class=""pfc q '+(G.pipeNoAmt?'on':'')+'"" onclick=""'+IssueModal.bind('pipe:quick:noAmount','noAmount',issueBase.filter(function(d){return !oppAmt(d)&&!quoteAmt(d)}))+'"">"
"C01453","local/crm.html","6170","paintSplit","button","'+esc(issueHuman(G.quickIssueKind))+' '+D.length+'건","<button class=""pfc on"">"
"C01454","local/crm.html","6170","paintSplit","button","근거 필터 해제","<button class=""pfreset"" onclick=""G.quickIssueKind=\'all\';G.splitKey=null;paint()"">"
"C01455","local/crm.html","6172","paintSplit","div","","<div class=""mlrow '+(k===G.splitKey?'sel':'')+'"" data-k=""'+escAttr(k)+'"" onclick=""G.splitScroll=this.parentElement.scrollTop;G.splitKey=this.dataset.k;G.splitForm=null;paint()"">"
"C01456","local/crm.html","6193","quickAssign","0","","<0)return alert('견적문의에 직접 배정할 수 없는 담당자입니다.');inqCtlRecordAssignment(q,rep,'피드 빠른 배정');saveLocal();G.inqNotice=(q.site||'문의')+'를 '+rep+' 담당으로 배정했습니다.';paint()}
function inqRowHTML(q,extra){var p=priorityInfo(q,'inq');return '<div class=""mlrow"" onclick=\'drwInq('+escAttr(JSON.stringify(JSON.stringify(q)))+')\'>"
"C01457","local/crm.html","6255","inqLink","button","연결","<button class=""lbtn"" data-i=""'+i+'"" data-j=""'+j+'"" onclick=""linkConfirm(Number(this.dataset.i),Number(this.dataset.j))"">"
"C01458","local/crm.html","6258","inqLink","button","나머지 '+(rows.length-lim)+'건 더 보기","<button class=""utlmore"" onclick=""G.linkAll=true;paint()"">"
"C01459","local/crm.html","6282","inqBrandChips","button","'
     +(BICON[b]?BICON[b][0]+' ':'')+esc(b)+' ","<button class=""'+(G.brand===b?'on':'')+'"" data-b=""'+escAttr(b)+'"" onclick=""G.brand=this.dataset.b;G.inqSelKey=null;paint()"">"
"C01460","local/crm.html","6295","paintInq","button","'+x[1]+'","<button class=""'+(v===x[0]?'on':'')+'"" data-v=""'+x[0]+'"" onclick=""G.inqView=this.dataset.v;G.inqNotice=\'\';paint()"">"
"C01461","local/crm.html","6296","paintInq","button","'
  +'","<button class=""hidetgl '+(G.hideClosed?'on':'')+'"" onclick=""toggleHideClosed()"" title=""수주·실주·배드핏·연락두절 상태와 과거 종료 데이터를 목록에서 제외합니다"">"
"C01462","local/crm.html","6301","paintInq","button","필터 해제","<button class=""act"" onclick=""clearBriefInquiry()"">"
"C01463","local/crm.html","6302","paintInq","button","필터 해제","<button class=""act"" onclick=""clearInquiryIssue()"">"
"C01464","local/crm.html","6303","paintInq","button","인계 대기만 보기","<button class=""act"" onclick=""G.inqPhase=\'인계 대기\';G.inqView=\'split\';G.inqSelKey=null;paint()"">"
"C01465","local/crm.html","6304","paintInq","button","인계 건 내보내기","<button class=""act"" onclick=""exportPromotions()"">"
"C01466","local/crm.html","6322","inqFeed","button","'+r[0]+' '+r[1]+'","<button class=""mbadge gray"" style=""border:0;cursor:pointer;font-family:inherit;padding:7px 11px"" data-k=""'+escAttr(k)+'"" data-r=""'+escAttr(r[0])+'"" onclick=""event.stopPropagation();quickAssign(this.dataset.k,this.dataset.r)"">"
"C01467","local/crm.html","6323","inqFeed","select","","<select data-k=""'+escAttr(k)+'"" onclick=""event.stopPropagation()"" onchange=""if(this.value)quickAssign(this.dataset.k,this.value)"" style=""font:inherit;font-size:12px;font-weight:800;border:1px solid var(--line);border-radius:999px;padding:6px 8px;background:#fff;color:var(--ink2)"">"
"C01468","local/crm.html","6324","inqFeed","button","상세 →","<button class=""mbadge blue"" style=""border:0;cursor:pointer;font-family:inherit;padding:7px 13px"" onclick=\'event.stopPropagation();drwInq('+escAttr(JSON.stringify(JSON.stringify(q)))+')\'>"
"C01469","local/crm.html","6332","inqFeed","button","'+(open?'접기 ▴':L.length-5+'건 더 보기 ▾')+'","<button class=""mmore"" data-g=""'+g[0]+'"" onclick=""feedMore(this.dataset.g)"">"
"C01470","local/crm.html","6335","inqFeed","button","30일 이전 '+old+'건 — 보드+콘솔에서 보기 →","<button class=""mmore"" style=""margin-top:10px"" onclick=""G.inqView=\'console\';paint()"">"
"C01471","local/crm.html","6383","inqConsole","button","'
    +'","<button class=""iqc-card '+x[1]+(on?' on':'')+'"" data-p=""'+escAttr(x[0])+'"" onclick=""G.inqPhase=this.dataset.p===G.inqPhase?\'전체\':this.dataset.p;paint()"">"
"C01472","local/crm.html","6392","inqConsole","div","'
    +'","<div class=""iqc-row'+(sla?' sla':'')+'"" style=""'+cols+'"" onclick=""openSplitFrom('+i+')"">"
"C01473","local/crm.html","6393","inqConsole","span","","<span onclick=""event.stopPropagation()"">"
"C01474","local/crm.html","6393","inqConsole","input","","<input type=""checkbox"" data-k=""'+escAttr(k)+'"" '+(INQ_SEL[k]?'checked':'')+' onclick=""inqTick(this.dataset.k,this.checked)"">"
"C01475","local/crm.html","6398","inqConsole","span","'+(un
        ?'","<span onclick=""event.stopPropagation()"">"
"C01476","local/crm.html","6399","inqConsole","select","","<select class=""un"" onchange=""quickAssign(this.dataset.k,this.value)"" data-k=""'+escAttr(k)+'"">"
"C01477","local/crm.html","6407","inqConsole","button","일괄 배정","<button class=""'+(mode==='assign'?'on':'')+'"" onclick=""inqBulkMode(\'assign\')"">"
"C01478","local/crm.html","6408","inqConsole","button","🔔 잔디 쪼기","<button onclick=""nudgeSelected()"">"
"C01479","local/crm.html","6409","inqConsole","button","다음 행동 등록","<button class=""pri '+(mode==='action'?'on':'')+'"" onclick=""inqBulkMode(\'action\')"">"
"C01480","local/crm.html","6410","inqConsole","select","","<select id=""inqBulkRep"">"
"C01481","local/crm.html","6411","inqConsole","input","","<input id=""inqBulkReason"" placeholder=""배정 사유 (필수)"">"
"C01482","local/crm.html","6411","inqConsole","button","배정 실행","<button class=""pri"" onclick=""applyInqBulk()"">"
"C01483","local/crm.html","6413","inqConsole","input","","<input id=""inqActText"" placeholder=""다음 행동 (예: 확인 전화)"">"
"C01484","local/crm.html","6413","inqConsole","input","'
     +'","<input id=""inqActDue"" type=""date"">"
"C01485","local/crm.html","6414","inqConsole","button","등록 실행","<button class=""pri"" onclick=""applyInqBulkAction()"">"
"C01486","local/crm.html","6432","inqRegion","button","","<button data-r=""'+x.r+'"" onclick=""G.inqRegion=this.dataset.r;paint()"" style=""width:'+sz+'px;height:'+sz+'px;border-radius:50%;cursor:pointer;border:0;font-family:inherit;display:flex;flex-direction:column;align-items:center;justify-content:center;'+(on?'background:var(--blue);color:#fff;box-shadow:0 10px 24px -8px rgba(51,102,255,.5)':'background:var(--blue-100);color:var(--blue)')+'"">"
"C01487","local/crm.html","6616","splitActForm","input","","<input id=""spNextText"" placeholder=""다음 행동 (예: 견적 확인 전화)"" autofocus>"
"C01488","local/crm.html","6617","splitActForm","input","","<input id=""spNextDue"" type=""date"" required>"
"C01489","local/crm.html","6617","splitActForm","button","저장","<button class=""pri"" onclick=""splitSaveNext()"">"
"C01490","local/crm.html","6617","splitActForm","button","취소","<button onclick=""inqAct(null)"">"
"C01491","local/crm.html","6618","splitActForm","select","'+INQ_STATUS_LIST.concat(CLOSED_INPUT_ST).map(function(s){return '","<select id=""spStatus"">"
"C01492","local/crm.html","6619","splitActForm","button","변경","<button class=""pri"" onclick=""splitSaveStatus()"">"
"C01493","local/crm.html","6619","splitActForm","button","취소","<button onclick=""inqAct(null)"">"
"C01494","local/crm.html","6620","splitActForm","button","영업담당 배정 창","<button class=""pri"" data-k=""'+escAttr(inqKey(q))+'"" data-mode=""'+(inquiryAssigned(q)?'reassign':'assign')+'"" onclick=""inqCtlOpenAssign(this.dataset.mode,this.dataset.k)"">"
"C01495","local/crm.html","6620","splitActForm","button","상담담당 지정","<button data-k=""'+escAttr(inqKey(q))+'"" onclick=""inqCtlOpenConsultant(this.dataset.k)"">"
"C01496","local/crm.html","6620","splitActForm","button","취소","<button onclick=""inqAct(null)"">"
"C01497","local/crm.html","6621","splitActForm","select","","<select id=""spLogType"">"
"C01498","local/crm.html","6622","splitActForm","input","","<input id=""spLogNote"" placeholder=""한 줄 기록 (예: 관리소장 통화, 예산 확정 후 재연락)"">"
"C01499","local/crm.html","6622","splitActForm","button","기록","<button class=""pri"" onclick=""splitSaveLog()"">"
"C01500","local/crm.html","6622","splitActForm","button","취소","<button onclick=""inqAct(null)"">"
"C01501","local/crm.html","6629","inqSplit","button","'+k+' ","<button class=""c'+i+(pf===k?' on':'')+'"" onclick=""inqPhaseSetAt('+i+')"">"
"C01502","local/crm.html","6645","inqSplit","0","'
     +'","<0)sel=SPLIT_CACHE[0];
  G.inqSelKey=inqKey(sel);
  setCurDetail(sel);
  var pos=SPLIT_CACHE.map(inqKey).indexOf(inqKey(sel))+1;
  var list=SPLIT_CACHE.map(function(q,i){var on=inqKey(q)===G.inqSelKey,p=priorityInfo(q,'inq');
    return '<div class=""sp-row'+(on?' on':'')+((on&&G.inqPinned&&i===0)?' pinned':'')+'"" onclick=""splitPick('+i+')"">"
"C01503","local/crm.html","6668","inqSplit","button","📅 다음 행동","<button class=""'+(G.inqAct==='next'?'on':'pri')+'"" onclick=""inqAct(\'next\')"">"
"C01504","local/crm.html","6669","inqSplit","button","🔄 상태 변경","<button class=""'+(G.inqAct==='status'?'on':'')+'"" onclick=""inqAct(\'status\')"">"
"C01505","local/crm.html","6670","inqSplit","button","👤 상담·영업담당","<button class=""'+(G.inqAct==='rep'?'on':'')+'"" onclick=""inqAct(\'rep\')"">"
"C01506","local/crm.html","6671","inqSplit","button","📞 활동 기록","<button class=""'+(G.inqAct==='log'?'on':'')+'"" onclick=""inqAct(\'log\')"">"
"C01507","local/crm.html","6686","inqSplit","button","↑ 이전","<button class=""mini"" onclick=""splitMove(-1)"">"
"C01508","local/crm.html","6686","inqSplit","button","↓ 다음","<button class=""mini"" onclick=""splitMove(1)"">"
"C01509","local/crm.html","6817","promoteBlock","button","파이프라인에서 보기 →","<button class=""pl-btn"" onclick=""openPromotedDeal()"">"
"C01510","local/crm.html","6821","promoteBlock","input","'
      +'","<input id=""'+promoteAmtId()+'"" type=""text"" inputmode=""decimal"" data-money min=""0"" step=""100"" placeholder=""예상금액 (만원)"">"
"C01511","local/crm.html","6822","promoteBlock","button","📤 파이프라인으로 넘기기","<button class=""pl-btn pri"" onclick=""promoteToPipeline()"">"
"C01512","local/crm.html","6856","histBlock","button","'+(open?'접기 ▴':'전체 보기 ▾')+'","<button class=""hs-more"" onclick=""toggleHist()"">"
"C01513","local/crm.html","6899","splitCheckBlock","input","","<input type=""checkbox"" '+(ch[i]?'checked':'')+' onchange=""splitCheck('+i+',this.checked)"">"
"C01514","local/crm.html","6907","splitActionBar","button","✓ 이 행동 완료","<button class=""sp-ab done"" onclick=""splitDoneAction()"">"
"C01515","local/crm.html","6908","splitActionBar","button","다음: '+esc(next)+' →","<button class=""sp-ab"" onclick=""iqForm(\'next\')"">"
"C01516","local/crm.html","6909","splitActionBar","button","단계 전환","<button class=""sp-ab"" onclick=""iqForm(\'stage\')"">"
"C01517","local/crm.html","6920","iqInlineForm","input","","<input id=""iq-did"" placeholder=""예: 관리소장 통화 — 현장방문 일정 확정"">"
"C01518","local/crm.html","6921","iqInlineForm","input","","<input id=""iq-res"" placeholder=""예: 9/8 오전 방문 확정"">"
"C01519","local/crm.html","6922","iqInlineForm","input","","<input id=""iq-next"" placeholder=""예: 방문 전 도면 요청"">"
"C01520","local/crm.html","6923","iqInlineForm","input","","<input id=""iq-due"" type=""date"">"
"C01521","local/crm.html","6924","iqInlineForm","button","저장","<button class=""dact pri"" onclick=""iqSaveStep('+idx+')"">"
"C01522","local/crm.html","6924","iqInlineForm","button","닫기","<button class=""dact"" onclick=""iqForm(null)"">"
"C01523","local/crm.html","6926","iqInlineForm","select","'+transitionOptions(idx,'inq')+'","<select id=""iq-target"">"
"C01524","local/crm.html","6927","iqInlineForm","input","","<input id=""iq-did"" placeholder=""무엇을 했는지"">"
"C01525","local/crm.html","6928","iqInlineForm","input","","<input id=""iq-res"" placeholder=""결과 · 종료면 사유"">"
"C01526","local/crm.html","6929","iqInlineForm","input","","<input id=""iq-next"" placeholder=""종료면 비워둡니다"">"
"C01527","local/crm.html","6930","iqInlineForm","input","","<input id=""iq-due"" type=""date"">"
"C01528","local/crm.html","6931","iqInlineForm","button","전환 저장","<button class=""dact pri"" onclick=""iqSaveStage()"">"
"C01529","local/crm.html","6931","iqInlineForm","button","닫기","<button class=""dact"" onclick=""iqForm(null)"">"
"C01530","local/crm.html","7031","reasonBlock","button","⌨ 직접 입력","<button type=""button"" class=""on"" data-m=""text"" onclick=""reasonMode(\''+id+'\',\'text\')"">"
"C01531","local/crm.html","7032","reasonBlock","button","🎙 음성 기록","<button type=""button"" data-m=""voice"" onclick=""reasonMode(\''+id+'\',\'voice\')"">"
"C01532","local/crm.html","7033","reasonBlock","textarea","","<textarea id=""'+id+'-text"" oninput=""reasonGate(\''+id+'\')"" placeholder=""'+escAttr(ph||'예: 시공사와 협의 결과 기술자문 계약으로 진행하기로 함')+'"">"
"C01533","local/crm.html","7034","reasonBlock","button","🎙 녹음 시작","<button type=""button"" class=""recbtn"" id=""'+id+'-rec"" onclick=""reasonRec(\''+id+'\')"">"
"C01534","local/crm.html","7096","openBizChange","select","'+BIZ_TYPES.filter(function(b){return b!==cur}).map(function(b){return '","<select id=""bz-to"">"
"C01535","local/crm.html","7098","openBizChange","input","","<input id=""bz-next"" placeholder=""예: 기술자문 계약서 작성"">"
"C01536","local/crm.html","7099","openBizChange","input","","<input id=""bz-due"" type=""date"" value=""'+due+'"">"
"C01537","local/crm.html","7100","openBizChange","button","취소","<button class=""dact"" onclick=""closeBiz()"">"
"C01538","local/crm.html","7101","openBizChange","button","변경 저장","<button class=""dact pri"" data-gate=""rs-biz"" disabled onclick=""confirmBizChange()"">"
"C01539","local/crm.html","7130","newDealWorkHTML","button","=0?'on':'')+'"" data-k=""'+escAttr(k)+'"" onclick=""toggleNewDealWork(this.dataset.k","<button type=""button"" class=""work-option '+(NEW_DEAL_WORK.items.indexOf(k)>"
"C01540","local/crm.html","7130","newDealWorkHTML","input","':'')+'","<input class=""work-other"" id=""nd-work-other"" value=""'+escAttr(NEW_DEAL_WORK.other)+'"" oninput=""NEW_DEAL_WORK.other=this.value;paintNewDealWorkSummary()"" placeholder=""기타 공종을 직접 입력해 주세요"">"
"C01541","local/crm.html","7130","newDealWorkHTML","select","","<select id=""nd-primary-work"" onchange=""NEW_DEAL_WORK.primary=this.value;paintNewDealWorkSummary()"">"
"C01542","local/crm.html","7139","openWorkEdit","button","취소","<button class=""dact"" onclick=""closeNewDeal()"">"
"C01543","local/crm.html","7139","openWorkEdit","button","공종 저장","<button class=""dact pri"" data-gate=""rs-work"" disabled onclick=""saveWorkEdit()"">"
"C01544","local/crm.html","7152","openNewDeal","input","","<input id=""nd-site"" placeholder=""예: 광교더리브아파트"">"
"C01545","local/crm.html","7153","openNewDeal","input","","<input id=""nd-work"" placeholder=""예: 옥상 방수 재도장"">"
"C01546","local/crm.html","7155","openNewDeal","select","'+BIZ_TYPES.map(function(b){return '","<select id=""nd-biz"">"
"C01547","local/crm.html","7156","openNewDeal","select","'+newDealOwnerOptions()+'","<select id=""nd-rep"" required>"
"C01548","local/crm.html","7157","openNewDeal","input","","<input id=""nd-amt"" type=""text"" inputmode=""decimal"" data-money min=""0"" step=""1000000"" placeholder=""예: 150,000,000"">"
"C01549","local/crm.html","7158","openNewDeal","input","","<input id=""nd-office-tel"" inputmode=""tel"" placeholder=""예: 031-123-4567"">"
"C01550","local/crm.html","7159","openNewDeal","input","","<input id=""nd-manager-name"" placeholder=""예: 김OO"">"
"C01551","local/crm.html","7160","openNewDeal","input","","<input id=""nd-manager-mobile"" inputmode=""tel"" placeholder=""예: 010-1234-5678"" oninput=""checkManagerHistory()"">"
"C01552","local/crm.html","7161","openNewDeal","input","","<input id=""nd-office-email"" type=""email"" placeholder=""예: office@example.com"">"
"C01553","local/crm.html","7162","openNewDeal","input","","<input id=""nd-address"" placeholder=""예: 경기 수원시 영통구 ..."" onkeydown=""if(event.key===\'Enter\'){event.preventDefault();openKakaoAddress()}"">"
"C01554","local/crm.html","7162","openNewDeal","button","📍 카카오맵 확인","<button type=""button"" onclick=""openKakaoAddress()"">"
"C01555","local/crm.html","7165","openNewDeal","button","취소","<button class=""dact"" onclick=""closeNewDeal()"">"
"C01556","local/crm.html","7166","openNewDeal","button","영업 등록","<button class=""dact pri"" onclick=""saveNewDeal()"">"
"C01557","local/crm.html","7423","relationshipFilterBar","summary","오늘 관계관리 '+total+'건","<summary>"
"C01558","local/crm.html","7423","relationshipFilterBar","button","'+esc(x[1])+' ","<button class=""relfilter '+(G.relFilter===x[0]?'on':'')+'"" data-k=""'+escAttr(x[0])+'"" onclick=""setRelationshipFilter(this.dataset.k)"">"
"C01559","local/crm.html","7430","relationshipKb5Card","0","","<0?Math.abs(nextDue)+'일 초과':nextDue===0?'오늘 마감':'D-'+nextDue;
 return '<div class=""k5c"" onclick=""openKb5('+i+')"">"
"C01560","local/crm.html","7431","relationshipKb5Card","button","📞 전화","<button '+(!c.mobile?'disabled':'')+' onclick=""event.stopPropagation();pipelineContact('+i+',\'call\')"">"
"C01561","local/crm.html","7431","relationshipKb5Card","button","💬 카카오","<button '+(!c.mobile?'disabled':'')+' onclick=""event.stopPropagation();pipelineContact('+i+',\'kakao\')"">"
"C01562","local/crm.html","7431","relationshipKb5Card","button","✉ 문자","<button '+(!c.mobile?'disabled':'')+' onclick=""event.stopPropagation();pipelineContact('+i+',\'sms\')"">"
"C01563","local/crm.html","7431","relationshipKb5Card","button","＋ 한 일","<button onclick=""event.stopPropagation();pipelineQuick('+i+',\'act\')"">"
"C01564","local/crm.html","7431","relationshipKb5Card","button","📅 다음 행동","<button onclick=""event.stopPropagation();pipelineQuick('+i+',\'next\')"">"
"C01565","local/crm.html","7450","consentBadges","button","＋ 연락처 추가","<button class=""dact pri"" onclick=""openQuickContact(\'new\')"">"
"C01566","local/crm.html","7450","consentBadges","button","문자","<button onclick=""openRelationshipMessage(\'sms\',\''+k+'\')"">"
"C01567","local/crm.html","7450","consentBadges","button","카카오","<button onclick=""openRelationshipMessage(\'kakao\',\''+k+'\')"">"
"C01568","local/crm.html","7450","consentBadges","button","설정","<button onclick=""openQuickContact(\'edit\',\''+k+'\')"">"
"C01569","local/crm.html","7455","consentBadges","input","","<input id=""qc-office"" inputmode=""tel"" value=""'+escAttr(c.officeTel)+'"" placeholder=""예: 02-1234-5678"">"
"C01570","local/crm.html","7455","consentBadges","select","'+CONTACT_ROLES.map(function(r){return '","<select id=""qc-role"">"
"C01571","local/crm.html","7455","consentBadges","input","","<input id=""qc-name"" value=""'+escAttr(c.name)+'"">"
"C01572","local/crm.html","7455","consentBadges","input","","<input id=""qc-mobile"" inputmode=""tel"" value=""'+escAttr(c.mobile)+'"">"
"C01573","local/crm.html","7455","consentBadges","input","","<input id=""qc-email"" type=""email"" value=""'+escAttr(c.officeEmail)+'"">"
"C01574","local/crm.html","7455","consentBadges","input"," 문자 광고성 정보 수신 동의","<input id=""qc-sms"" type=""checkbox"" '+(c.smsConsent?'checked':'')+'>"
"C01575","local/crm.html","7455","consentBadges","input"," 카카오 광고성 정보 수신 동의","<input id=""qc-kakao"" type=""checkbox"" '+(c.kakaoConsent?'checked':'')+'>"
"C01576","local/crm.html","7455","consentBadges","input"," 수신거부·발송 차단","<input id=""qc-block"" type=""checkbox"" '+(c.sendBlocked?'checked':'')+'>"
"C01577","local/crm.html","7455","consentBadges","input","","<input id=""qc-consent-at"" type=""datetime-local"" value=""'+escAttr(c.consentAt?String(c.consentAt).slice(0,16):'')+'"">"
"C01578","local/crm.html","7455","consentBadges","input","","<input id=""qc-block-reason"" value=""'+escAttr(c.sendBlockedReason)+'"" placeholder=""예: 고객 수신거부 요청"">"
"C01579","local/crm.html","7455","consentBadges","button","취소","<button class=""dact"" onclick=""closeQuickContact()"">"
"C01580","local/crm.html","7455","consentBadges","button","연락처·동의 저장","<button class=""dact pri"" onclick=""saveQuickContact()"">"
"C01581","local/crm.html","7511","openRelationshipMessage","button","","<button class=""rm-template '+(i===idx?'on':'')+'"" onclick=""relationshipPick('+i+')"">"
"C01582","local/crm.html","7511","openRelationshipMessage","textarea","","<textarea id=""rm-body"" oninput=""this.dataset.edited=\'1\';renderRelationshipMessage()"">"
"C01583","local/crm.html","7511","openRelationshipMessage","button","💬 카카오","<button id=""rm-ch-kakao"" onclick=""relationshipSwitchChannel(\'kakao\')"">"
"C01584","local/crm.html","7511","openRelationshipMessage","button","✉ 문자","<button id=""rm-ch-sms"" onclick=""relationshipSwitchChannel(\'sms\')"">"
"C01585","local/crm.html","7511","openRelationshipMessage","input"," 지금 확인","<input type=""radio"" name=""rm-mode"" '+(REL_MSG.mode==='now'?'checked':'')+' onchange=""relationshipModeChanged(\'now\')"">"
"C01586","local/crm.html","7511","openRelationshipMessage","input"," 예약 알림","<input type=""radio"" name=""rm-mode"" '+(REL_MSG.mode==='schedule'?'checked':'')+' onchange=""relationshipModeChanged(\'schedule\')"">"
"C01587","local/crm.html","7511","openRelationshipMessage","input","","<input id=""rm-schedule-at"" type=""datetime-local"" value=""'+escAttr(REL_MSG.scheduleAt)+'"" min=""'+escAttr(relationshipDefaultSchedule())+'"" onchange=""relationshipScheduleChanged()"">"
"C01588","local/crm.html","7511","openRelationshipMessage","input"," 이 안내는 고객이 요청한 자료·일정 안내 또는 현재 계약 이행에 필요한 정보이며 광고·권유 내용을 섞지 않았습니다.","<input id=""rm-info-confirm"" type=""checkbox"" onchange=""renderRelationshipMessage()"">"
"C01589","local/crm.html","7511","openRelationshipMessage","input"," 발송 완료 확인 후 다음 확인을 ","<input id=""rm-next"" type=""checkbox"" checked>"
"C01590","local/crm.html","7511","openRelationshipMessage","select","","<select id=""rm-next-days"">"
"C01591","local/crm.html","7511","openRelationshipMessage","button","취소","<button class=""dact"" onclick=""closeKakaoModal()"">"
"C01592","local/crm.html","7511","openRelationshipMessage","button","문구 복사","<button class=""dact"" onclick=""relationshipCopy()"">"
"C01593","local/crm.html","7511","openRelationshipMessage","button","'+(channel==='sms'?'문자 앱에서 확인':'카카오 1:1에서 확인')+'","<button class=""dact pri"" id=""rm-go"" onclick=""relationshipChannelHandoff()"">"
"C01594","local/crm.html","7511","openRelationshipMessage","button","실제 발송 완료","<button class=""dact pri"" onclick=""relationshipConfirm(\'sent\')"">"
"C01595","local/crm.html","7511","openRelationshipMessage","button","발송 실패","<button class=""dact warn"" onclick=""relationshipConfirm(\'failed\')"">"
"C01596","local/crm.html","7511","openRelationshipMessage","button","발송 안 함","<button class=""dact"" onclick=""relationshipConfirm(\'cancelled\')"">"
"C01597","local/crm.html","7542","execGuideHTML","button","","<button class=""exec-guide-item '+(st[i]?'on':'')+'"" onclick=""toggleExecGuide('+i+')"">"
"C01598","local/crm.html","7548","execRelationBadges","button","＋ 연락처 추가","<button class=""dact pri"" onclick=""openQuickContact(\'new\')"">"
"C01599","local/crm.html","7548","execRelationBadges","button","문자","<button onclick=""openRelationshipMessage(\'sms\',\''+k+'\')"">"
"C01600","local/crm.html","7548","execRelationBadges","button","카카오","<button onclick=""openRelationshipMessage(\'kakao\',\''+k+'\')"">"
"C01601","local/crm.html","7548","execRelationBadges","button","관계·설정","<button onclick=""openQuickContact(\'edit\',\''+k+'\')"">"
"C01602","local/crm.html","7550","execRelationBadges","select","'+['의사결정자','핵심담당자','실무자','영향자','정보제공자'].map(function(x){return '","<select id=""qc-decision-role"">"
"C01603","local/crm.html","7550","execRelationBadges","select","'+['우호적','중립','부정적','미확인'].map(function(x){return '","<select id=""qc-relation-tone"">"
"C01604","local/crm.html","7555","execQuotePanel","button","＋ 새 버전","<button class=""dact pri"" onclick=""openExecQuoteForm()"">"
"C01605","local/crm.html","7556","openExecQuoteForm","input","","<input id=""exec-qv-amt"" type=""text"" inputmode=""decimal"" data-money min=""0"" step=""10000"" value=""'+(last||'')+'"">"
"C01606","local/crm.html","7556","openExecQuoteForm","input","","<input id=""exec-qv-reason"" placeholder=""예: 공사 범위 조정"">"
"C01607","local/crm.html","7556","openExecQuoteForm","button","취소","<button class=""dact"" onclick=""this.closest(\'.exec-inline-form\').remove()"">"
"C01608","local/crm.html","7556","openExecQuoteForm","button","새 견적 저장","<button class=""dact pri"" onclick=""saveExecQuoteVersion()"">"
"C01609","local/crm.html","7573","execAskModal","input","","<input id=""execAskInput"" placeholder=""예: 이필선 담당 중 30일 넘게 연락 안 한 곳"" onkeydown=""if(event.key===\'Enter\')runExecAsk()"">"
"C01610","local/crm.html","7573","execAskModal","button","찾기","<button onclick=""runExecAsk()"">"
"C01611","local/crm.html","7573","execAskModal","button","오늘 전화","<button onclick=""execAskExample(\'내가 오늘 전화해야 하는 곳\')"">"
"C01612","local/crm.html","7573","execAskModal","button","30일 미접촉","<button onclick=""execAskExample(\'이필선 담당 중 30일 넘게 연락 안 한 곳\')"">"
"C01613","local/crm.html","7573","execAskModal","button","이번 주 방문","<button onclick=""execAskExample(\'이번 주 방문 예정 현장\')"">"
"C01614","local/crm.html","7573","execAskModal","button","1억·Next 없음","<button onclick=""execAskExample(\'견적 1억 이상인데 다음 행동 없는 곳\')"">"
"C01615","local/crm.html","7573","execAskModal","button","기술자문 전환","<button onclick=""execAskExample(\'기술자문으로 전환된 현장\')"">"
"C01616","local/crm.html","7573","execAskModal","button","닫기","<button onclick=""closeExecAsk()"">"
"C01617","local/crm.html","7577","runExecAsk","button","","<button class=""exec-ask-row"" onclick=""openExecAskResult('+i+')"">"
"C01618","local/crm.html","7589","execAttachPanel","button","📷 사진 추가","<button onclick=""openExecAttachPicker(\'photo\')"">"
"C01619","local/crm.html","7589","execAttachPanel","button","📎 자료 추가","<button onclick=""openExecAttachPicker(\'file\')"">"
"C01620","local/crm.html","7589","execAttachPanel","button","'+(all?'최근 8개만':'전체보기')+'","<button onclick=""toggleExecAttachmentGallery()"">"
"C01621","local/crm.html","7591","installExecAttachInputs","input","","<input id=""exec-attach-photo"" type=""file"" accept=""image/*"" multiple>"
"C01622","local/crm.html","7591","installExecAttachInputs","input","';document.body.appendChild(box);document.getElementById('exec-attach-photo').on","<input id=""exec-attach-file"" type=""file"" accept=""image/*,.pdf,.doc,.docx,.xls,.xlsx,.ppt,.pptx"" multiple>"
"C01623","local/crm.html","7595","renderExecAttachForm","select","'+EXEC_ATTACH_CATEGORIES.map(function(x){return '","<select id=""exec-attach-category"">"
"C01624","local/crm.html","7595","renderExecAttachForm","button","=0?'on':'')+'"" data-tag=""'+esc(x)+'"" onclick=""toggleExecAttachTag(this.dataset.t","<button class=""'+(EXEC_ATTACH_TAGS.indexOf(x)>"
"C01625","local/crm.html","7595","renderExecAttachForm","textarea","'+esc(memo)+'","<textarea id=""exec-attach-memo"" rows=""2"" placeholder=""예: 배수로 주변 들뜸 확인"">"
"C01626","local/crm.html","7595","renderExecAttachForm","button","취소","<button class=""dact"" onclick=""EXEC_ATTACH_FILES=[];renderDetail()"">"
"C01627","local/crm.html","7595","renderExecAttachForm","button","'+EXEC_ATTACH_FILES.length+'개 파일 등록","<button class=""dact pri"" id=""exec-attach-save"" onclick=""saveExecAttachments()"">"
"C01628","local/crm.html","7600","saveExecAttachments","EXEC_ATTACH_FILES","'+(d.favorite?'★ 즐겨찾기':'☆ 즐겨찾기')+'","<EXEC_ATTACH_FILES.length;i++)rows.push(FIELD_DEMO?demoExecAttachment(d,EXEC_ATTACH_FILES[i],cat,tags,memo):await uploadExecAttachment(d,EXEC_ATTACH_FILES[i],cat,tags,memo));p.attachments=d.attachments=(execAttachments(d)||[]).concat(rows);var note=(EXEC_ATTACH_KIND==='photo'?'현장사진 ':'자료 ')+rows.length+'개 등록 · '+cat+(tags.length?' · '+tags.join(', '):'');if(FIELD_DEMO){p.activities=p.activities||d.activities||[];p.activities.push({type:'파일첨부',note:note,result:memo,at:isoNow(),actor:(ME&&ME.name)||repN(d.assignee)});d.activities=p.activities}else{var row=logActivity('파일첨부',note,memo,isoNow());pushWrite('activity',{opportunity_id:d.id,type:'파일첨부',note:note,result:memo,occurred_at:row.at})}saveLocal();execTouch(d,'work',true);EXEC_ATTACH_FILES=[];EXEC_ATTACH_TAGS=[];renderDetail();detailTabFocus('현장·견적');showDetailErr(rows.length+'개 파일을 현장 이력에 등록했습니다.',true)}catch(e){btn.disabled=false;btn."
"C01629","local/crm.html","7628","execGuideHTML","button","","<button class=""exec-guide-item '+(on?'on ':'')+(x.auto?'auto ':'')+(x.required?'required':'')+'"" onclick=""toggleExecGuide('+i+')"">"
"C01630","local/crm.html","7636","execAskModal","input","","<input id=""execAskInput"" placeholder=""예: 이필선 담당 중 30일 넘게 연락 안 한 곳"" onkeydown=""if(event.key===\'Enter\')runExecAsk()"">"
"C01631","local/crm.html","7636","execAskModal","button","찾기","<button onclick=""runExecAsk()"">"
"C01632","local/crm.html","7636","execAskModal","button","오늘 전화","<button onclick=""execAskExample(\'내가 오늘 전화해야 하는 곳\')"">"
"C01633","local/crm.html","7636","execAskModal","button","30일 미접촉","<button onclick=""execAskExample(\'이필선 담당 중 30일 넘게 연락 안 한 곳\')"">"
"C01634","local/crm.html","7636","execAskModal","button","1억·Next 없음","<button onclick=""execAskExample(\'견적 1억 이상인데 다음 행동 없는 곳\')"">"
"C01635","local/crm.html","7636","execAskModal","button","소장 번호 없음","<button onclick=""execAskExample(\'관리소장 휴대폰이 없는 현장\')"">"
"C01636","local/crm.html","7636","execAskModal","button","견적 후 정체","<button onclick=""execAskExample(\'이번 달 견적 보냈는데 아직 경쟁단계로 안 간 곳\')"">"
"C01637","local/crm.html","7636","execAskModal","button","닫기","<button onclick=""closeExecAsk()"">"
"C01638","local/crm.html","7637","runExecAsk","button","","<button class=""exec-ask-row"" onclick=""openExecAskResult('+i+')"">"
"C01639","local/crm.html","7676","relV8HTML","button","'+esc(i.nba)+'","<button class=""primary"" onclick=""relV8Action(\''+send+'\')"">"
"C01640","local/crm.html","7676","relV8HTML","button","30일 접촉 보류","<button onclick=""relV8Action(\'hold\')"">"
"C01641","local/crm.html","7688","relV8PurposeChanged","select","'+REL_PURPOSES.map(function(x){return '","<select id=""rm-purpose"" onchange=""relV8PurposeChanged()"">"
"C01642","local/crm.html","7770","inqCtlRows","button","'+(BICON[b]?BICON[b][0]+' ':'')+esc(b)+' ","<button class=""'+(G.brand===b?'on':'')+'"" data-b=""'+escAttr(b)+'"" onclick=""G.brand=this.dataset.b;G.inqSelKey=null;paint()"">"
"C01643","local/crm.html","7777","inqCtlCounts","button","'+t+' ","<button class=""'+(G.inqBucket===t?'on ':'')+(t==='휴지통'?'trash ':t===INQ_TECH_REVIEW_TAB?'tech-review ':'')+'"" data-t=""'+t+'"" onclick=""inqCtlSetTab(this.dataset.t)"">"
"C01644","local/crm.html","7778","inqCtlCounts","button","'+x[1]+'","<button class=""'+(v===x[0]?'on':'')+'"" data-v=""'+x[0]+'"" onclick=""inqCtlSetView(this.dataset.v)"">"
"C01645","local/crm.html","7780","inqCtlCounts","button","필터 해제","<button class=""act"" onclick=""clearBriefInquiry()"">"
"C01646","local/crm.html","7780","inqCtlCounts","button","필터 해제","<button class=""act"" onclick=""clearInquiryIssue()"">"
"C01647","local/crm.html","7784","inqTechReview","button","'+(d?'영업기회 열기':'분류 검토')+'","<button class=""'+(d?'':'primary')+'"" data-i=""'+i+'"" onclick=""inqTechReviewAction(Number(this.dataset.i))"">"
"C01648","local/crm.html","7785","inqTechReviewAction","select","'+opts+'","<select id=""inq-tech-brand"">"
"C01649","local/crm.html","7785","inqTechReviewAction","button","","<button onclick=""inqTechReclassify()"">"
"C01650","local/crm.html","7785","inqTechReviewAction","button","","<button class=""primary"" onclick=""inqTechPromote()"">"
"C01651","local/crm.html","7785","inqTechReviewAction","button","취소","<button onclick=""closeInquiryControlModal()"">"
"C01652","local/crm.html","7793","inqCtlConsole","button","","<button class=""'+(x[2]||'')+'"" onclick=""inqCtlSetTab(\''+x[0]+'\')"">"
"C01653","local/crm.html","7795","inqCtlConsole","div","","<div class=""inq-ctl-row '+(late||!assigned?'attn':'')+'"" onclick=""inqCtlOpenSingle(this.dataset.k)"" data-k=""'+escAttr(k)+'"">"
"C01654","local/crm.html","7795","inqCtlConsole","span","","<span onclick=""event.stopPropagation()"">"
"C01655","local/crm.html","7795","inqCtlConsole","input","","<input type=""checkbox"" data-k=""'+escAttr(k)+'"" '+(INQ_SEL[k]?'checked':'')+' onclick=""inqTick(this.dataset.k,this.checked)"">"
"C01656","local/crm.html","7795","inqCtlConsole","span","","<span onclick=""event.stopPropagation()"">"
"C01657","local/crm.html","7795","inqCtlConsole","button","⋯","<button class=""inq-ctl-more"" data-k=""'+escAttr(k)+'"" onclick=""inqCtlOpenMenu(this.dataset.k)"" aria-label=""문의 처리 메뉴"">"
"C01658","local/crm.html","7796","inqCtlConsole","input","","<input type=""checkbox"" '+(allChecked?'checked':'')+' onclick=""inqCtlTickAll(this.checked)"">"
"C01659","local/crm.html","7796","inqCtlConsole","button","영업담당 배정","<button class=""primary"" onclick=""inqCtlOpenAssign(\'assign\')"">"
"C01660","local/crm.html","7796","inqCtlConsole","button","영업담당 재배정","<button onclick=""inqCtlOpenAssign(\'reassign\')"">"
"C01661","local/crm.html","7796","inqCtlConsole","button","미배정 회수","<button onclick=""inqCtlOpenReason(\'unassign\')"">"
"C01662","local/crm.html","7796","inqCtlConsole","button","보류","<button onclick=""inqCtlOpenReason(\'hold\')"">"
"C01663","local/crm.html","7796","inqCtlConsole","button","휴지통","<button class=""danger"" onclick=""inqCtlOpenTrash()"">"
"C01664","local/crm.html","7806","inqCtlAssignGroup","button","","<button class=""inq-ctl-rep '+(s.score===min&&p.role!=='branch_pool'?'recommended':'')+'"" data-r=""'+escAttr(s.rep)+'"" onclick=""inqCtlChooseRep(this.dataset.r)"">"
"C01665","local/crm.html","7807","inqCtlOpenAssign","button","","<button class=""inq-branch-handoff"" onclick=""inqCtlOpenBranchHandoffConfirm()"">"
"C01666","local/crm.html","7807","inqCtlOpenAssign","input","","<input id=""inq-ctl-reason"" '+(reassign?'required ':'')+'oninput=""inqCtlUpdateAssignConfirm()"" placeholder=""예: 지역·공종·현재 업무량 기준"">"
"C01667","local/crm.html","7807","inqCtlOpenAssign","button","취소","<button onclick=""closeInquiryControlModal()"">"
"C01668","local/crm.html","7807","inqCtlOpenAssign","button","'+(reassign?'본사 영업담당 재배정':'본사 영업담당 배정')+'","<button class=""primary"" id=""inq-ctl-confirm"" disabled onclick=""inqCtlConfirmAssign()"">"
"C01669","local/crm.html","7808","inqCtlOpenBranchHandoffConfirm","input","","<input id=""inq-ctl-reason"" '+(M.reassign?'required ':'')+' placeholder=""예: 경남 권역 문의 지사 인계"">"
"C01670","local/crm.html","7808","inqCtlOpenBranchHandoffConfirm","button","취소","<button onclick=""closeInquiryControlModal()"">"
"C01671","local/crm.html","7808","inqCtlOpenBranchHandoffConfirm","button","경남지사 인계","<button class=""primary"" onclick=""inqCtlConfirmBranchHandoff()"">"
"C01672","local/crm.html","7814","inqCtlOpenReason","textarea","","<textarea id=""inq-ctl-reason"" placeholder=""예: 고객 요청으로 다음 달 재검토"">"
"C01673","local/crm.html","7814","inqCtlOpenReason","button","취소","<button onclick=""closeInquiryControlModal()"">"
"C01674","local/crm.html","7814","inqCtlOpenReason","button","'+(hold?'보류 처리':'미배정 회수')+'","<button class=""primary"" onclick=""inqCtlConfirmReason()"">"
"C01675","local/crm.html","7816","inqCtlOpenTrash","select","'+INQ_DELETE_REASONS.map(function(x){return '","<select id=""inq-ctl-delete-reason"">"
"C01676","local/crm.html","7816","inqCtlOpenTrash","textarea","","<textarea id=""inq-ctl-delete-note"" placeholder=""기타 사유나 확인 내용을 남겨 주세요."">"
"C01677","local/crm.html","7816","inqCtlOpenTrash","button","취소","<button onclick=""closeInquiryControlModal()"">"
"C01678","local/crm.html","7816","inqCtlOpenTrash","button","휴지통으로 이동","<button class=""danger"" onclick=""inqCtlConfirmTrash()"">"
"C01679","local/crm.html","7821","inqCtlTrash","div","","<div class=""inq-ctl-row"" style=""grid-template-columns:70px minmax(180px,1.4fr) 110px 90px 110px 105px 155px"" onclick=""return false"">"
"C01680","local/crm.html","7821","inqCtlTrash","button","복원","<button class=""restore"" data-k=""'+escAttr(k)+'"" onclick=""inqCtlRestore(this.dataset.k)"">"
"C01681","local/crm.html","7821","inqCtlTrash","button","완전삭제","<button class=""purge"" data-k=""'+escAttr(k)+'"" '+(!admin||prot?'disabled title=""영업기회 연결 또는 권한으로 완전삭제 제한""':'')+' onclick=""inqCtlHardDelete(this.dataset.k)"">"
"C01682","local/crm.html","7822","inqCtlOpenConsultant","button","","<button class=""inq-ctl-rep '+(n===cur?'selected':'')+'"" data-r=""'+escAttr(n)+'"" onclick=""inqCtlSetConsultant(this.dataset.r)"">"
"C01683","local/crm.html","7822","inqCtlOpenConsultant","button","상담담당 없음","<button onclick=""inqCtlSetConsultant(\'\')"">"
"C01684","local/crm.html","7822","inqCtlOpenConsultant","button","취소","<button onclick=""closeInquiryControlModal()"">"
"C01685","local/crm.html","7824","inqCtlOpenMenu","button","상세 처리","<button class=""dact"" onclick=""inqCtlMenuDo(\'detail\')"">"
"C01686","local/crm.html","7824","inqCtlOpenMenu","button","상담담당 지정","<button class=""dact"" onclick=""inqCtlMenuDo(\'consultant\')"">"
"C01687","local/crm.html","7824","inqCtlOpenMenu","button","'+(assigned?'영업담당 재배정':'영업담당 배정')+'","<button class=""dact pri"" onclick=""inqCtlMenuDo(\''+(assigned?'reassign':'assign')+'\')"">"
"C01688","local/crm.html","7824","inqCtlOpenMenu","button","미배정으로 회수","<button class=""dact"" onclick=""inqCtlMenuDo(\'unassign\')"">"
"C01689","local/crm.html","7824","inqCtlOpenMenu","button","보류","<button class=""dact warn"" onclick=""inqCtlMenuDo(\'hold\')"">"
"C01690","local/crm.html","7824","inqCtlOpenMenu","button","중복 처리","<button class=""dact"" onclick=""inqCtlMenuDo(\'duplicate\')"">"
"C01691","local/crm.html","7824","inqCtlOpenMenu","button","휴지통으로 이동","<button class=""dact"" style=""color:var(--danger);border-color:var(--danger-bg)"" onclick=""inqCtlMenuDo(\'trash\')"">"
"C01692","local/crm.html","7873","dccHeroHTML","button","'+dccActionLabel(x.key)+'","<button onclick=""dccAction(\''+x.key+'\')"">"
"C01693","local/crm.html","7875","dccHeroHTML","button","'+(scope==='unclassified'?'공종 입력':'공종 수정')+'","<button class=""primary"" onclick=""openWorkEdit()"">"
"C01694","local/crm.html","7875","dccHeroHTML","button","사업유형 변경","<button class=""primary"" onclick=""openBizChange()"">"
"C01695","local/crm.html","7875","dccHeroHTML","button","이력 보기","<button onclick=""detailTabFocus(\'변경이력\')"">"
"C01696","local/crm.html","7875","dccHeroHTML","button","전화","<button '+(!mobile?'disabled':'')+' onclick=""contactDial(\'mobile\')"">"
"C01697","local/crm.html","7875","dccHeroHTML","button","카카오","<button '+(!mobile?'disabled':'')+' onclick=""contactKakao()"">"
"C01698","local/crm.html","7875","dccHeroHTML","button","문자","<button '+(!mobile?'disabled':'')+' onclick=""contactSms()"">"
"C01699","local/crm.html","7875","dccHeroHTML","button","관리소장 등록","<button class=""primary"" onclick=""openQuickContact(\'new\')"">"
"C01700","local/crm.html","7875","dccHeroHTML","button","이 발언으로 다음 행동 만들기","<button class=""primary"" onclick=""dccVoiceToNext()"">"
"C01701","local/crm.html","7875","dccHeroHTML","button","📞 전화","<button '+(!mobile?'disabled':'')+' onclick=""contactDial(\'mobile\')"">"
"C01702","local/crm.html","7875","dccHeroHTML","button","💬 카카오","<button '+(!mobile?'disabled':'')+' onclick=""contactKakao()"">"
"C01703","local/crm.html","7875","dccHeroHTML","button","✉ 문자","<button '+(!mobile?'disabled':'')+' onclick=""contactSms()"">"
"C01704","local/crm.html","7878","dccWaitingEditorHTML","input","","<input id=""dcc-wait-reason"" value=""'+escAttr(w.reason)+'"" placeholder=""예: 장기수선충당금 의결 후 검토"">"
"C01705","local/crm.html","7878","dccWaitingEditorHTML","input","","<input id=""dcc-wait-speaker"" value=""'+escAttr(w.speaker)+'"" placeholder=""예: 김OO 관리소장"">"
"C01706","local/crm.html","7878","dccWaitingEditorHTML","textarea","'+esc(w.statement)+'","<textarea id=""dcc-wait-statement"" placeholder=""예: 10월 입주자대표회의 이후 다시 연락주세요."">"
"C01707","local/crm.html","7878","dccWaitingEditorHTML","input","","<input id=""dcc-wait-wake"" type=""date"" value=""'+escAttr(String(w.wake||'').slice(0,10))+'"">"
"C01708","local/crm.html","7878","dccWaitingEditorHTML","input","","<input id=""dcc-wait-resume"" type=""date"" value=""'+escAttr(String(w.resume||'').slice(0,10))+'"">"
"C01709","local/crm.html","7878","dccWaitingEditorHTML","input","","<input id=""dcc-wait-evidence"" value=""'+escAttr(w.evidence)+'"" placeholder=""예: 8/16 관리소장 전화 통화"">"
"C01710","local/crm.html","7878","dccWaitingEditorHTML","button","대기정보와 재접촉일 저장","<button class=""dact pri"" onclick=""dccSaveWaitingContext()"">"
"C01711","local/crm.html","7880","dccRecentHTML","button","전체 활동 보기","<button class=""dact"" onclick=""detailTabFocus(\'연락·활동\')"">"
"C01712","local/crm.html","7890","asqOperationHTML","a","아파트스퀘어 프로젝트 열기 ↗","<a href=""'+escAttr(url)+'"" target=""_blank"" rel=""noopener noreferrer"">"
"C01713","local/crm.html","7892","siteAsqHistoryHTML","a","프로젝트 열기 ↗","<a href=""'+escAttr(url)+'"" target=""_blank"" rel=""noopener noreferrer"">"
"C01714","local/crm.html","7906","siteExpansionPoolHTML","button","'+esc(dccActionLabel(x.key))+'","<button onclick=""dccAction(\''+x.key+'\')"">"
"C01715","local/crm.html","7921","siteExpansionPoolHTML","button","'+esc(risk.cls==='stable'?'활동 기록':'바로 해결')+'","<button onclick=""dccAction(\''+(risk.cls==='stable'?'activity':primary.key)+'\')"">"
"C01716","local/crm.html","7925","siteExpansionPoolHTML","button","📞 전화","<button class=""primary"" '+(!callable?'disabled':'')+' onclick=""contactDial(\''+callWhich+'\')"">"
"C01717","local/crm.html","7925","siteExpansionPoolHTML","button","✉ 문자","<button '+(!mobile?'disabled':'')+' onclick=""contactSms()"">"
"C01718","local/crm.html","7925","siteExpansionPoolHTML","button","💬 카카오","<button '+(!mobile?'disabled':'')+' onclick=""contactKakao()"">"
"C01719","local/crm.html","7925","siteExpansionPoolHTML","button","📎 자료발송","<button class=""quick-material"" '+(!mobile?'disabled':'')+' onclick=""openContextualMaterial()"">"
"C01720","local/crm.html","7925","siteExpansionPoolHTML","button","연락처 등록","<button class=""primary"" onclick=""openQuickContact(\'new\')"">"
"C01721","local/crm.html","7926","siteExpansionPoolHTML","button","＋ 활동기록","<button class=""quick-work"" onclick=""dccGoActivity()"">"
"C01722","local/crm.html","7926","siteExpansionPoolHTML","button","다음 행동","<button class=""quick-next"" onclick=""dccGoNext()"">"
"C01723","local/crm.html","7929","siteExpansionPoolHTML","summary","공종 · 사업유형 · 고객 발언 자세히 보기","<summary>"
"C01724","local/crm.html","7930","siteExpansionPoolHTML","button","'+(scope==='unclassified'?'공종 입력':'공종 수정')+'","<button onclick=""openWorkEdit()"">"
"C01725","local/crm.html","7931","siteExpansionPoolHTML","button","사업유형 변경","<button onclick=""openBizChange()"">"
"C01726","local/crm.html","7932","siteExpansionPoolHTML","button","다음 행동으로 연결","<button onclick=""dccVoiceToNext()"">"
"C01727","local/crm.html","7937","dccDecorateDetail","button","'+t+'","<button class=""'+(dccTabName(G.detailTab)===t?'on':'')+'"" data-tab=""'+escAttr(t)+'"" onclick=""detailTabFocus(this.dataset.tab,true)"">"
"C01728","local/crm.html","7937","dccDecorateDetail","button","＋ 활동기록","<button class=""dact"" onclick=""dccGoActivity()"">"
"C01729","local/crm.html","7937","dccDecorateDetail","button","'+(needsWake?'재접촉일 지정':'다음 행동 관리')+'","<button class=""dact dcc-context-action"" onclick=""'+(needsWake?'dccFocusWaiting()':'dccGoNext()')+'"">"
"C01730","local/crm.html","7937","dccDecorateDetail","button","단계 전환 →","<button class=""dact dcc-main-action"" onclick=""openTransition()"">"
"C01731","local/crm.html","7941","dccDecorateDetail","input","","<input id=""dcc-tr-speaker"" value=""'+escAttr(w.speaker||'')+'"" placeholder=""예: 김OO 관리소장"">"
"C01732","local/crm.html","7941","dccDecorateDetail","input","","<input id=""dcc-tr-resume"" type=""date"" value=""'+escAttr(String(w.resume||'').slice(0,10))+'"">"
"C01733","local/crm.html","7941","dccDecorateDetail","textarea","'+esc(w.statement||'')+'","<textarea id=""dcc-tr-statement"" placeholder=""예: 10월 입대의 이후 다시 연락주세요."">"
"C01734","local/crm.html","7941","dccDecorateDetail","input","","<input id=""dcc-tr-evidence"" value=""'+escAttr(w.evidence||'')+'"" placeholder=""예: 관리소장 전화 통화"">"
"C01735","local/crm.html","7958","contextualHeaderHTML","button","✉ 문자","<button id=""ctx-route-sms"" class=""'+(channel==='sms'?'on':'')+'"" onclick=""relationshipSwitchChannel(\'sms\')"">"
"C01736","local/crm.html","7958","contextualHeaderHTML","button","💬 카카오","<button id=""ctx-route-kakao"" class=""'+(channel==='kakao'?'on':'')+'"" onclick=""relationshipSwitchChannel(\'kakao\')"">"
"C01737","local/crm.html","7958","contextualHeaderHTML","select","'+opts.map(function(v){return '","<select id=""ctx-purpose"" onchange=""contextualPurposeChanged()"">"
"C01738","local/crm.html","7958","contextualHeaderHTML","input"," 이번 발송에 견적 Version 연결","<input id=""ctx-quote-attach"" type=""checkbox"" '+(REL_MSG.attachQuote?'checked':'')+' '+(!q?'disabled':'')+' onchange=""contextualAttachmentChanged()"">"
"C01739","local/crm.html","7958","contextualHeaderHTML","button","견적서 확인 ↗","<button onclick=""contextualOpenQuoteFile()"">"
"C01740","local/crm.html","7961","contextualHeaderHTML","input"," 발송 완료 후 확인전화 ","<input id=""rm-next"" type=""checkbox"" checked>"
"C01741","local/crm.html","7961","contextualHeaderHTML","input"," 자동 등록';renderRelationshipMessage()};
var _ctxRenderRelationshipMessage=renderRe","<input id=""ctx-next-date"" type=""date"" value=""'+escAttr(REL_MSG.nextDate)+'"" min=""'+new Date().toISOString().slice(0,10)+'"" onchange=""if(REL_MSG)REL_MSG.nextDate=this.value"">"
"C01742","local/crm.html","8034","campaignFilterHtml","select","'+reps.map(function(x){return '","<select onchange=""campaignSetFilter(\'campaignRep\',this.value)"">"
"C01743","local/crm.html","8035","campaignFilterHtml","select","'+brands.map(function(x){return '","<select onchange=""campaignSetFilter(\'campaignBrand\',this.value)"">"
"C01744","local/crm.html","8036","campaignFilterHtml","select","'+work+'","<select onchange=""campaignSetFilter(\'campaignWork\',this.value)"">"
"C01745","local/crm.html","8037","campaignFilterHtml","select","'+['전체','수도권','경남지사','기타'].map(function(x){return '","<select onchange=""campaignSetFilter(\'campaignRegion\',this.value)"">"
"C01746","local/crm.html","8038","campaignFilterHtml","select","'+['전체','HOT','WARM','COOL','DORMANT'].map(function(x){return '","<select onchange=""campaignSetFilter(\'campaignTemp\',this.value)"">"
"C01747","local/crm.html","8039","campaignFilterHtml","select","'+['전체','7일','30일','3개월','6개월','1년+','미확인'].map(function(x){return '","<select onchange=""campaignSetFilter(\'campaignRecent\',this.value)"">"
"C01748","local/crm.html","8040","campaignCategoryHtml","button","'+x[1]+'","<button class=""'+(G.campaignCategory===x[0]?'on':'')+'"" onclick=""campaignSetCategory(\''+x[0]+'\')"">"
"C01749","local/crm.html","8041","campaignTargetPanel","input","","<input type=""checkbox"" '+(s?'checked':'')+' '+(!t.guard.ok?'disabled':'')+' onchange=""campaignToggle(\''+jsAttr(t.key)+'\',this.checked)"">"
"C01750","local/crm.html","8041","campaignTargetPanel","input","","<input type=""checkbox"" '+(allReady?'checked':'')+' onchange=""campaignSelectEligible(this.checked)"">"
"C01751","local/crm.html","8041","campaignTargetPanel","button","선택 완료 · 문구 고르기 →","<button class=""cc-btn primary"" '+(!ready.length?'disabled':'')+' onclick=""campaignGoStep(2)"">"
"C01752","local/crm.html","8042","campaignTemplatePanel","button","","<button class=""cc-template '+(CAMPAIGN_STATE.templateKey===t.key?'on':'')+'"" onclick=""campaignPickTemplate(\''+t.key+'\')"">"
"C01753","local/crm.html","8042","campaignTemplatePanel","textarea","'+esc(body)+'","<textarea id=""cc-body"" oninput=""campaignUpdateBody(this.value)"">"
"C01754","local/crm.html","8042","campaignTemplatePanel","button","'+x+'","<button onclick=""campaignInsertVar(\''+x+'\')"">"
"C01755","local/crm.html","8042","campaignTemplatePanel","button","← 대상 다시 보기","<button class=""cc-btn"" onclick=""campaignGoStep(1)"">"
"C01756","local/crm.html","8042","campaignTemplatePanel","button","개인화 미리보기 →","<button class=""cc-btn primary"" '+(!body.trim()?'disabled':'')+' onclick=""campaignGoStep(3)"">"
"C01757","local/crm.html","8043","campaignPreviewPanel","button","대상 수정","<button class=""cc-btn"" onclick=""campaignGoStep(1)"">"
"C01758","local/crm.html","8043","campaignPreviewPanel","button","← 문구 수정","<button class=""cc-btn"" onclick=""campaignGoStep(2)"">"
"C01759","local/crm.html","8043","campaignPreviewPanel","button","최종 발송 설정 →","<button class=""cc-btn primary"" onclick=""campaignGoStep(4)"">"
"C01760","local/crm.html","8044","campaignFinalPanel","button","발송 대기열에 등록","<button class=""cc-btn dark"" style=""margin-top:15px"" onclick=""campaignQueue(\'now\')"">"
"C01761","local/crm.html","8044","campaignFinalPanel","input","","<input id=""cc-schedule"" type=""datetime-local"" value=""'+escAttr(CAMPAIGN_STATE.scheduleAt)+'"" onchange=""CAMPAIGN_STATE.scheduleAt=this.value"">"
"C01762","local/crm.html","8044","campaignFinalPanel","button","예약발송 등록","<button class=""cc-btn primary"" style=""margin-top:13px"" onclick=""campaignQueue(\'schedule\')"">"
"C01763","local/crm.html","8044","campaignFinalPanel","button","← 미리보기","<button class=""cc-btn"" onclick=""campaignGoStep(3)"">"
"C01764","local/crm.html","8046","campaignStepsHtml","button","n?'done':'')+'"" onclick=""campaignGoStep('+n+')"">","<button class=""cc-step '+(G.campaignStep===n?'on':G.campaignStep>"
"C01765","local/crm.html","8051","paintCampaign","button","'+x[1]+(x[2]?'","<button class=""'+(G.campaignTab===x[0]?'on':'')+'"" onclick=""campaignSetTab(\''+x[0]+'\')"">"
"C01766","local/data-cleanup-ui.js","17","render","button","'+(S.loading?'확인 중…':'서버 이력 새로고침')+'","<button onclick=""DataCleanupUI.refresh()"">"
"C01767","local/data-cleanup-ui.js","17","render","button","'+x[1]+'","<button onclick=""DataCleanupUI.tab(\''+x[0]+'\')"">"
"C01768","local/data-cleanup-ui.js","17","render","button","'+x[1]+'","<button class=""'+(S.tab===x[0]?'on':'')+'"" onclick=""DataCleanupUI.tab(\''+x[0]+'\')"">"
"C01769","local/data-cleanup-ui.js","17","render","input","","<input class=""cleanup-search"" aria-label=""현장명·관리소장 검색"" placeholder=""현장명 / 관리소장 검색"" value=""'+h(S.query)+'"" onchange=""DataCleanupUI.search(this.value)"">"
"C01770","local/data-cleanup-ui.js","17","render","button","이전","<button '+(!S.page?'disabled':'')+' onclick=""DataCleanupUI.page(-1)"">"
"C01771","local/data-cleanup-ui.js","17","render","button","=filtered.length?'disabled':'')+' onclick=""DataCleanupUI.page(1)"">다음","<button '+((S.page+1)*20>"
"C01772","local/data-cleanup-ui.js","19","card","button","'+(c.action==='defer'?'비교·정보 확인':labels[c.action]+' 검토')+'","<button class=""primary"" onclick=""DataCleanupUI.open('+i+')"">"
"C01773","local/data-cleanup-ui.js","19","card","button","별도 유지","<button onclick=""DataCleanupUI.open('+i+',\'separate\')"">"
"C01774","local/data-cleanup-ui.js","19","card","button","보류","<button onclick=""DataCleanupUI.open('+i+',\'defer\')"">"
"C01775","local/data-cleanup-ui.js","24","open","button","닫기","<button onclick=""DataCleanupUI.close()"" aria-label=""비교 닫기"">"
"C01776","local/data-cleanup-ui.js","24","open","select","'+opts.map(a=>'","<select id=""cleanup-action"" onchange=""DataCleanupUI.invalidate()"">"
"C01777","local/data-cleanup-ui.js","24","open","select","","<select id=""cleanup-target"" onchange=""DataCleanupUI.invalidate()"">"
"C01778","local/data-cleanup-ui.js","24","open","input","","<input id=""cleanup-move-date"" type=""date"" onchange=""DataCleanupUI.invalidate()"">"
"C01779","local/data-cleanup-ui.js","24","open","textarea","","<textarea id=""cleanup-note"" placeholder=""공종·사업·고객 요청을 비교해 확인한 내용을 남겨 주세요."" oninput=""DataCleanupUI.invalidate()"">"
"C01780","local/data-cleanup-ui.js","24","open","input"," 비교 결과와 유지되는 이력을 확인했습니다.","<input id=""cleanup-confirm"" type=""checkbox"">"
"C01781","local/data-cleanup-ui.js","24","open","button","통합 후 결과 미리보기","<button id=""cleanup-preview-btn"" onclick=""DataCleanupUI.preview()"">"
"C01782","local/data-cleanup-ui.js","24","open","button","이 기준으로 처리","<button class=""primary"" id=""cleanup-save"" disabled onclick=""DataCleanupUI.save()"">"
"C01783","local/data-cleanup-ui.js","32","serverFields","summary","'+title+' · 서버 저장값 확인","<summary>"
"C01784","local/expansion-pool.js","8","button","button","'+text+'","<button data-id=""'+h(r.id)+'"" onclick=""'+action+'(this.dataset.id)""'+(primary?' class=""primary""':'')+'>"
"C01785","local/expansion-pool.js","14","render","button","'+s+'","<button data-v=""'+h(s)+'"" class=""'+(s===filter?'on':'')+'"" onclick=""G.expansionPoolFilter=this.dataset.v;paintExpansion()"">"
"C01786","local/expansion-pool.js","14","render","select","'+owners.map(o=>'","<select onchange=""G.expansionOwner=this.value;paintExpansion()"">"
"C01787","local/expansion-pool.js","18","card","summary","확장관리 이력 · '+history.length+'건","<summary>"
"C01788","local/expansion-pool.js","18","card","input","","<input aria-label=""'+h(r.site)+' 다음 접촉일"" type=""date"" data-id=""'+h(r.id)+'"" value=""'+h(r.nextContactAt)+'"" onchange=""expansionSetNext(this.dataset.id,this.value)"">"
"C01789","local/expansion-pool.js","18","card","select","'+F.statuses.filter(s=>s!=='Pipeline 전환').map(s=>'","<select aria-label=""'+h(r.site)+' 확장관리 상태"" data-id=""'+h(r.id)+'"" onchange=""expansionSetStatus(this.dataset.id,this.value)"">"
"C01790","local/expansion-pool.js","35","prepare","select","","<select id=""exp-dispatch"">"
"C01791","local/index.html","157","paintToggle","button","PC","<button class=""' + (view === 'pc' ? 'on' : '') + '"" onclick=""mount(\'pc\')"">"
"C01792","local/index.html","158","paintToggle","button","모바일","<button class=""' + (view === 'mobile' ? 'on' : '') + '"" onclick=""mount(\'mobile\')"">"
"C01793","local/issue-modal.js","37","open","button","✕","<button type=""button"" data-close aria-label=""확인창 닫기"">"
"C01794","local/issue-modal.js","44","render","select","'+option('','전체 담당자',state.owner)+owners.map(x=>option(x,x,state.owner)).join(''","<select id=""issue-owner"">"
"C01795","local/issue-modal.js","44","render","select","'+option('','전체 Stage',state.stage)+stages.map(x=>option(x[0],x[1],state.stage))","<select id=""issue-stage"">"
"C01796","local/issue-modal.js","44","render","select","'+[['amount','금액 높은 순'],['days','장기정체 순'],['owner','담당자순']].map(x=>option(x[0],x","<select id=""issue-sort"">"
"C01797","local/issue-modal.js","48","rowHTML","button","'+t+'","<button type=""button"" data-index=""'+i+'"" data-action=""'+k+'"">"
"C01798","local/issue-modal.js","59","action","textarea","","<textarea id=""issue-result"" required placeholder=""실제로 처리한 결과를 남겨 주세요."">"
"C01799","local/issue-modal.js","59","action","input","","<input id=""issue-amount"" data-money inputmode=""decimal"" value=""'+esc(oppAmt(d)||'')+'"" required>"
"C01800","local/issue-modal.js","59","action","input","","<input id=""issue-text"" value=""'+esc(a?.text||'')+'"" required>"
"C01801","local/issue-modal.js","59","action","input","","<input type=""date"" id=""issue-due"" value=""'+esc(dates)+'"" required>"
"C01802","local/issue-modal.js","59","action","button","취소","<button type=""button"" id=""issue-cancel-edit"">"
"C01803","local/issue-modal.js","59","action","button","저장 요청","<button class=""primary"" type=""submit"">"
"C01804","local/mobile.html","384","(top-level/template)","button","흐름도","<button data-v=""flow"" onclick=""nav('flow')"">"
"C01805","local/mobile.html","386","(top-level/template)","button","1 로그인","<button data-v=""login"" onclick=""nav('login')"">"
"C01806","local/mobile.html","387","(top-level/template)","button","2 오늘","<button data-v=""today"" onclick=""nav('today')"">"
"C01807","local/mobile.html","388","(top-level/template)","button","3 결과 기재","<button data-v=""sheet"" onclick=""nav('sheet')"">"
"C01808","local/mobile.html","389","(top-level/template)","button","4 내 건","<button data-v=""mine"" onclick=""nav('mine')"">"
"C01809","local/mobile.html","390","(top-level/template)","button","5 딜 상세","<button data-v=""deal"" onclick=""nav('deal')"">"
"C01810","local/mobile.html","391","(top-level/template)","button","6 수주 완료","<button data-v=""won"" onclick=""nav('won')"">"
"C01811","local/mobile.html","392","(top-level/template)","button","7 내 실적","<button data-v=""my"" onclick=""nav('my')"">"
"C01812","local/mobile.html","395","(top-level/template)","button","8 관제","<button data-v=""ctrl"" onclick=""nav('ctrl')"">"
"C01813","local/mobile.html","396","(top-level/template)","button","9 파이프라인","<button data-v=""pipe"" onclick=""nav('pipe')"">"
"C01814","local/mobile.html","397","(top-level/template)","button","10 실적","<button data-v=""perf"" onclick=""nav('perf')"">"
"C01815","local/mobile.html","570","(top-level/template)","div","","<div class=""sheet-bg"" onclick=""closeSheet()"">"
"C01816","local/mobile.html","1281","rLogin","input","'
 +'","<input id=""lg-nm"" value=""'+escAttr(G.lgName||'')+'"" oninput=""G.lgName=this.value"" placeholder=""예: 황윤선"" autocomplete=""username""'
 +' style=""width:100%;border:1px solid var(--line-2);border-radius:12px;padding:14px;font:inherit;font-size:16px;outline:none;box-sizing:border-box"">"
"C01817","local/mobile.html","1284","rLogin","input","","<input id=""lg-pw"" type=""password"" inputmode=""numeric"" value=""'+escAttr(G.lgPw||'')+'"" oninput=""G.lgPw=this.value""'
 +' onkeydown=""if(event.key===\'Enter\')doSignIn()"" placeholder=""01012345678"" autocomplete=""current-password""'
 +' style=""width:100%;border:1px solid var(--line-2);border-radius:12px;padding:14px;font:inherit;font-size:16px;outline:none;box-sizing:border-box"">"
"C01818","local/mobile.html","1288","rLogin","button","'+(G.lgBusy?'확인 중…':'로그인하기')+'","<button class=""btn btn-primary"" style=""margin-top:16px""'+busy+' onclick=""doSignIn()"">"
"C01819","local/mobile.html","1327","rLocked","button","다시 시도","<button class=""btn btn-primary"" style=""margin-top:16px"" onclick=""LOAD_ERR=null;loadLive();toast(\'다시 시도 중…\')"">"
"C01820","local/mobile.html","1336","render","button","'+t[1]+'","<button class=""'+(G.tab===t[0]?'on':'')+'"" onclick=""G.tab=\''+t[0]+'\';G.deal=null;G.drill=null;G.stage=null;G.sub=null;render()"">"
"C01821","local/mobile.html","1338","render","button","'+IC.bell+'","<button class=""iconbtn"" style=""width:34px;height:34px"" aria-label=""알림함"" onclick=""G.sub={t:\'noti\'};render()"">"
"C01822","local/mobile.html","1339","render","button","내 영업","<button class=""'+(G.mode==='rep'?'on':'')+'"" style=""padding:5px 11px;font-size:11.5px"" onclick=""switchMode(\'rep\')"">"
"C01823","local/mobile.html","1339","render","button","관리","<button class=""'+(G.mode==='admin'?'on':'')+'"" style=""padding:5px 11px;font-size:11.5px"" onclick=""switchMode(\'admin\')"">"
"C01824","local/mobile.html","1340","render","button","'+esc(G.user.nm)+' ⏻","<button class=""badge badge-gray"" onclick=""askSignOut()"">"
"C01825","local/mobile.html","1362","rToday","button","'+IC.phone+'","<button class=""callbtn"" onclick=""event.stopPropagation();startTodayCall('+i+')"" aria-label=""전화"">"
"C01826","local/mobile.html","1363","rToday","button","확인","<button class=""mini ok"" onclick=""event.stopPropagation();quick('+i+',\'확인 완료\')"">"
"C01827","local/mobile.html","1363","rToday","button","넘기기","<button class=""mini skip"" onclick=""event.stopPropagation();skipSheet('+i+')"">"
"C01828","local/mobile.html","1364","rToday","div","'+tl
   +'","<div class=""lrow '+(done?'dim':'')+'"" onclick=""openTodayItem('+i+')"">"
"C01829","local/mobile.html","1369","rToday","button","","<button class=""pri"" onclick=""G.tab=\'mine\';render()"">"
"C01830","local/mobile.html","1369","rToday","button","","<button onclick=""G.tab=\'find\';render()"">"
"C01831","local/mobile.html","1400","callFlow","button","","<button class=""cchip '+c[0]+'"" onclick=""pickToday('+i+',\''+c[2]+'\')"">"
"C01832","local/mobile.html","1437","rMine","button","'+tile(IC.folder,'var(--blue)','var(--blue-50)')
   +'","<button class=""lrow"" onclick=""tgGrp(\''+key+'\')"">"
"C01833","local/mobile.html","1439","rMine","button","","<button class=""lrow"" style=""padding-left:14px"" data-id=""'+escAttr(d.id)+'"" onclick=""G.deal=this.dataset.id;render()"">"
"C01834","local/mobile.html","1444","rMine","button","'+tile(IC.check,'var(--ok)','var(--ok-bg)')
   +'","<button class=""lrow"" onclick=""tgGrp(\'deliv\')"">"
"C01835","local/mobile.html","1446","rMine","button","","<button class=""lrow"" style=""padding-left:14px"" data-id=""'+escAttr(d.id)+'"" onclick=""G.deal=this.dataset.id;render()"">"
"C01836","local/mobile.html","1450","rMine","button","종료 '+closedN+'건 (수주·실주·배드핏·연락두절) →","<button class=""mmore card tight"" style=""padding:12px 16px;width:100%;text-align:left"" onclick=""G.sub={t:\'closed\'};render()"">"
"C01837","local/mobile.html","1452","rMine","button","'+IC.back+'","<button class=""iconbtn"" onclick=""G.drill=null;render()"">"
"C01838","local/mobile.html","1455","rMine","button","검색","<button onclick=""G.sub={t:\'search\'};render()"" style=""color:var(--blue);font-weight:700;font-size:12.5px"">"
"C01839","local/mobile.html","1458","rMine","button","'+esc(bizShort(b))+' '+c+'","<button class=""cchip '+((G.bizF||'전체')===b?'b':'gr')+'"" style=""font-size:12px;padding:10px 4px"" data-b=""'+escAttr(b)+'"" onclick=""G.bizF=this.dataset.b;render()"">"
"C01840","local/mobile.html","1459","rMine","button","'+f[1]+'","<button class=""'+(G.filt===f[0]?'on':'')+'"" onclick=""G.filt=\''+f[0]+'\';render()"">"
"C01841","local/mobile.html","1486","contactCardM","button","","<button '+(!c.officeTel?'disabled':'')+' onclick=""callContactM(\'office\')"">"
"C01842","local/mobile.html","1486","contactCardM","button","","<button '+(!c.mobile?'disabled':'')+' onclick=""callContactM(\'mobile\')"">"
"C01843","local/mobile.html","1487","contactCardM","button","📞 관리사무소","<button '+(!c.officeTel?'disabled':'')+' onclick=""callContactM(\'office\')"">"
"C01844","local/mobile.html","1487","contactCardM","button","📱 소장 전화","<button class=""pri"" '+(!c.mobile?'disabled':'')+' onclick=""callContactM(\'mobile\')"">"
"C01845","local/mobile.html","1487","contactCardM","button","✉ 문자","<button '+(!c.mobile?'disabled':'')+' onclick=""smsContactM()"">"
"C01846","local/mobile.html","1487","contactCardM","button","💬 카카오 열기","<button '+(!c.mobile?'disabled':'')+' onclick=""kakaoContactM()"">"
"C01847","local/mobile.html","1488","contactCardM","button","🎙 통화 완료 → 내용 말하기","<button class=""mcontact-voice"" '+(!c.mobile?'disabled':'')+' onclick=""callMemoSheetM()"">"
"C01848","local/mobile.html","1489","contactCardM","button","연락처 수정","<button onclick=""contactEditSheetM()"">"
"C01849","local/mobile.html","1489","contactCardM","button","근무지 이동","<button onclick=""managerMoveSheetM()"">"
"C01850","local/mobile.html","1489","contactCardM","button","이력 '+H.length+'건","<button onclick=""historySheetM()"">"
"C01851","local/mobile.html","1494","contactEditSheetM","input","'
 +'","<input id=""ce-office"" inputmode=""tel"" value=""'+escAttr(c.officeTel)+'"" style=""width:100%;margin:6px 0 10px;border:1px solid var(--line-2);border-radius:11px;padding:12px;font:inherit"">"
"C01852","local/mobile.html","1495","contactEditSheetM","input","'
 +'","<input id=""ce-name"" value=""'+escAttr(c.name)+'"" style=""width:100%;margin:6px 0 10px;border:1px solid var(--line-2);border-radius:11px;padding:12px;font:inherit"">"
"C01853","local/mobile.html","1496","contactEditSheetM","input","'
 +'","<input id=""ce-mobile"" inputmode=""tel"" value=""'+escAttr(c.mobile)+'"" style=""width:100%;margin:6px 0 10px;border:1px solid var(--line-2);border-radius:11px;padding:12px;font:inherit"">"
"C01854","local/mobile.html","1497","contactEditSheetM","input","'
 +'","<input id=""ce-email"" type=""email"" value=""'+escAttr(c.officeEmail)+'"" style=""width:100%;margin:6px 0 10px;border:1px solid var(--line-2);border-radius:11px;padding:12px;font:inherit"">"
"C01855","local/mobile.html","1498","contactEditSheetM","button","연락처 저장","<button class=""btn btn-primary"" onclick=""saveContactM()"">"
"C01856","local/mobile.html","1501","contactCardM","button","＋ 연락처 추가","<button class=""btn btn-primary"" onclick=""contactEditSheetM(\'\')"">"
"C01857","local/mobile.html","1501","contactCardM","button","＋ 추가","<button onclick=""contactEditSheetM(\'\')"" style=""color:var(--blue);font-weight:800"">"
"C01858","local/mobile.html","1501","contactCardM","button","","<button '+(!c.officeTel?'disabled':'')+' onclick=""callContactM(\'office\',\''+key+'\')"">"
"C01859","local/mobile.html","1501","contactCardM","button","","<button '+(!c.mobile?'disabled':'')+' onclick=""callContactM(\'mobile\',\''+key+'\')"">"
"C01860","local/mobile.html","1501","contactCardM","button","📞 사무소","<button '+(!c.officeTel?'disabled':'')+' onclick=""callContactM(\'office\',\''+key+'\')"">"
"C01861","local/mobile.html","1501","contactCardM","button","📱 전화","<button class=""pri"" '+(!c.mobile?'disabled':'')+' onclick=""callContactM(\'mobile\',\''+key+'\')"">"
"C01862","local/mobile.html","1501","contactCardM","button","✉ 문자","<button '+(!c.mobile?'disabled':'')+' onclick=""smsContactM(\''+key+'\')"">"
"C01863","local/mobile.html","1501","contactCardM","button","💬 카카오","<button '+(!c.mobile?'disabled':'')+' onclick=""kakaoContactM(\''+key+'\')"">"
"C01864","local/mobile.html","1501","contactCardM","button","연락처 수정","<button onclick=""contactEditSheetM(\''+key+'\')"">"
"C01865","local/mobile.html","1505","contactEditSheetM","input","","<input id=""ce-office"" inputmode=""tel"" value=""'+escAttr(c.officeTel)+'"" style=""width:100%;margin:6px 0 10px;border:1px solid var(--line-2);border-radius:11px;padding:12px;font:inherit"">"
"C01866","local/mobile.html","1505","contactEditSheetM","select","'+CONTACT_ROLES.map(function(r){return '","<select id=""ce-role"" style=""width:100%;margin:6px 0 10px;border:1px solid var(--line-2);border-radius:11px;padding:12px;font:inherit"">"
"C01867","local/mobile.html","1505","contactEditSheetM","input","","<input id=""ce-name"" value=""'+escAttr(c.name)+'"" style=""width:100%;margin:6px 0 10px;border:1px solid var(--line-2);border-radius:11px;padding:12px;font:inherit"">"
"C01868","local/mobile.html","1505","contactEditSheetM","input","","<input id=""ce-mobile"" inputmode=""tel"" value=""'+escAttr(c.mobile)+'"" style=""width:100%;margin:6px 0 10px;border:1px solid var(--line-2);border-radius:11px;padding:12px;font:inherit"">"
"C01869","local/mobile.html","1505","contactEditSheetM","input","","<input id=""ce-email"" type=""email"" value=""'+escAttr(c.officeEmail)+'"" style=""width:100%;margin:6px 0 10px;border:1px solid var(--line-2);border-radius:11px;padding:12px;font:inherit"">"
"C01870","local/mobile.html","1505","contactEditSheetM","button","연락처 저장","<button class=""btn btn-primary"" onclick=""saveContactM()"">"
"C01871","local/mobile.html","1507","callMemoSheetM","button","통화 내용 저장","<button class=""btn btn-primary"" style=""margin-top:12px"" data-gate=""cm"" disabled onclick=""saveCallMemoM()"">"
"C01872","local/mobile.html","1511","managerMoveSheetM","input","'
 +'","<input id=""mm-site"" placeholder=""예: 매탄임광아파트"" style=""width:100%;margin:6px 0 10px;border:1px solid var(--line-2);border-radius:11px;padding:12px;font:inherit"">"
"C01873","local/mobile.html","1512","managerMoveSheetM","input","'
 +'","<input id=""mm-office"" inputmode=""tel"" placeholder=""예: 031-123-4567"" style=""width:100%;margin:6px 0 10px;border:1px solid var(--line-2);border-radius:11px;padding:12px;font:inherit"">"
"C01874","local/mobile.html","1513","managerMoveSheetM","input","'
 +mReason('mm','예: 관리소장님 통화로 9월부터 매탄임광아파트로 이동 확인')+'","<input id=""mm-date"" type=""date"" value=""'+today+'"" style=""width:100%;margin:6px 0 10px;border:1px solid var(--line-2);border-radius:11px;padding:12px;font:inherit"">"
"C01875","local/mobile.html","1514","managerMoveSheetM","button","근무지 이동 저장","<button class=""btn btn-primary"" style=""margin-top:12px"" data-gate=""mm"" disabled onclick=""saveManagerMoveM()"">"
"C01876","local/mobile.html","1529","rDeal","button","'+IC.back+'","<button class=""iconbtn"" onclick=""G.deal=null;render()"">"
"C01877","local/mobile.html","1529","rDeal","button","재배정","<button style=""color:var(--violet);font-weight:700;font-size:13px;padding:0 6px"" onclick=""reassignSheet()"">"
"C01878","local/mobile.html","1532","rDeal","button","'+(workItemsM(d).length?'공종 수정':'공종 분류')+'","<button class=""badge badge-gray"" onclick=""workSheetM()"">"
"C01879","local/mobile.html","1539","rDeal","button","이력 '+d.businessHistory.length+'","<button onclick=""bizHistSheet()"">"
"C01880","local/mobile.html","1539","rDeal","button","변경","<button class=""primary"" onclick=""bizSheet()"">"
"C01881","local/mobile.html","1543","rDeal","button","'+IC.mic+'음성","<button onclick=""voiceMemo()"" style=""color:var(--blue);font-weight:700;font-size:12.5px;display:flex;align-items:center;gap:4px"">"
"C01882","local/mobile.html","1543","rDeal","button","'+IC.camera+'사진","<button onclick=""photoSheet()"" style=""color:var(--sub);font-weight:700;font-size:12.5px;display:flex;align-items:center;gap:4px"">"
"C01883","local/mobile.html","1543","rDeal","button","'+IC.msg+'템플릿","<button onclick=""tmplSheet()"" style=""color:var(--violet);font-weight:700;font-size:12.5px;display:flex;align-items:center;gap:4px"">"
"C01884","local/mobile.html","1546","rDeal","button","'+(d.outcome==='won'?'시공 단계 진행 →':'다음 단계로 →')+'","<button class=""btn btn-primary"" onclick=""nextSheet()"">"
"C01885","local/mobile.html","1546","rDeal","button","사업유형 변경","<button class=""btn btn-line"" style=""margin-top:7px"" onclick=""bizSheet()"">"
"C01886","local/mobile.html","1546","rDeal","button","예외 이동 · 종료 처리 — 전체 단계에서 선택 (사유 필수)","<button class=""hint"" style=""display:block;width:100%;text-align:center;margin-top:7px"" onclick=""exSheet()"">"
"C01887","local/mobile.html","1552","workSheetM","button","공종 저장","<button class=""btn btn-primary"" style=""margin-top:12px"" data-gate=""workedit"" disabled onclick=""saveWorkSheetM()"">"
"C01888","local/mobile.html","1552","workSheetM","button","취소","<button class=""btn btn-line"" style=""margin-top:8px"" onclick=""closeSheet()"">"
"C01889","local/mobile.html","1577","respCardM","button","응대 전체보기 ('+R.length+')","<button onclick=""respSheet()"" style=""color:var(--blue);font-weight:700;font-size:12.5px"">"
"C01890","local/mobile.html","1601","nextSheet","button","","<button class=""cchip '+(win?'g':'b')+'"" onclick=""moveTo('+i+')"">"
"C01891","local/mobile.html","1604","nextSheet","button","'+OUTCOMES[o].nm+'","<button class=""cchip '+OUTCOMES[o].color+'"" onclick=""closeSheetFlow(\''+o+'\')"">"
"C01892","local/mobile.html","1616","moveTo","button","다음 단계로 저장","<button class=""btn btn-primary"" style=""margin-top:14px"" data-gate=""mv"" disabled onclick=""commitMoveWithReason()"">"
"C01893","local/mobile.html","1636","closeSheetFlow","button","'+r+'","<button class=""cchip '+(G.clKind===r?'b':'gr')+'"" data-r=""'+escAttr(r)+'"" onclick=""G.clKind=this.dataset.r;closeSheetFlow(\''+o+'\')"">"
"C01894","local/mobile.html","1639","closeSheetFlow","button","종료 저장","<button class=""btn btn-primary"" style=""margin-top:14px"" data-gate=""cl"" disabled onclick=""commitCloseR(\''+o+'\')"">"
"C01895","local/mobile.html","1660","amtSheet","button","'+n+'","<button onclick=""amtKey(\''+n+'\',\''+to+'\')"">"
"C01896","local/mobile.html","1661","amtSheet","button","🎉 수주 확정","<button class=""btn btn-primary"" style=""margin-top:12px"" '+(num?'':'disabled')+' onclick=""amtOk(\''+to+'\')"">"
"C01897","local/mobile.html","1684","renderWon","button","확인","<button class=""btn btn-primary"" style=""margin-top:16px"" onclick=""render()"">"
"C01898","local/mobile.html","1718","mReason","button","⌨ 직접 입력","<button class=""on"" data-m=""text"" onclick=""mrMode(\''+id+'\',\'text\')"">"
"C01899","local/mobile.html","1719","mReason","button","'+IC.mic+' 음성 입력","<button data-m=""voice"" onclick=""mrMode(\''+id+'\',\'voice\')"">"
"C01900","local/mobile.html","1720","mReason","textarea","","<textarea id=""'+id+'-t"" oninput=""mrGate(\''+id+'\')"" placeholder=""'+escAttr(ph||'무엇을 확인했고 왜 바꾸는지 적어주세요')+'"">"
"C01901","local/mobile.html","1721","mReason","button","'+IC.mic+' 녹음 시작","<button class=""btn btn-line rrec"" id=""'+id+'-b"" onclick=""mrRec(\''+id+'\')"">"
"C01902","local/mobile.html","1756","bizSheet","button","'+esc(b)+'","<button class=""cchip '+(G.bzTo===b?'b':'gr')+'"" data-b=""'+escAttr(b)+'"" onclick=""G.bzTo=this.dataset.b;bizSheet()"">"
"C01903","local/mobile.html","1760","bizSheet","input","'
  +'","<input id=""bz-na"" value=""'+escAttr(G.bzNa||'')+'"" oninput=""G.bzNa=this.value"" placeholder=""예: 기술자문 계약서 작성"" style=""width:100%;border:1px solid var(--line-2);border-radius:12px;padding:13px;font:inherit;font-size:15px;outline:none;box-sizing:border-box"">"
"C01904","local/mobile.html","1761","bizSheet","button","변경 저장","<button class=""btn btn-primary"" style=""margin-top:14px"" data-gate=""bz"" disabled onclick=""commitBiz()"">"
"C01905","local/mobile.html","1814","rMy","button","","<button>"
"C01906","local/mobile.html","1815","rMy","button","","<button>"
"C01907","local/mobile.html","1816","rMy","button","","<button onclick=""G.sub={t:\'hyg\'};render()"">"
"C01908","local/mobile.html","1824","rCtrl","button","","<button class=""'+(G.sigK===s.k?'on':'')+'"" onclick=""G.sigK=\''+s.k+'\';render()"">"
"C01909","local/mobile.html","1825","rCtrl","button","'+x[1]+' '+n+'","<button class=""'+(G.inqState===x[0]?'on':'')+'"" onclick=""G.inqState=\''+x[0]+'\';render()"">"
"C01910","local/mobile.html","1827","rCtrl","button","배정","<button class=""btn btn-primary btn-sm"" onclick=""assignSheet('+i+')"">"
"C01911","local/mobile.html","1828","rCtrl","button","쪼기","<button class=""btn btn-line btn-sm"" onclick=""nudgeSheet(\''+r.nm+'\')"">"
"C01912","local/mobile.html","1829","rCtrl","button","보기","<button class=""btn btn-line btn-sm"" onclick=""drill(\''+r.nm+'\')"">"
"C01913","local/mobile.html","1834","rCtrl","span","'+esc(r.nm)+'","<span class=""pn"" style=""cursor:pointer"" onclick=""'+go+'"">"
"C01914","local/mobile.html","1847","rPipe","button","'+tile(IC.chart,'var(--blue)','var(--blue-50)')+'","<button class=""krow"" onclick=""G.stage=\''+MACRO5[i].k+'\';G.ssf=null;G.alf=null;render()"">"
"C01915","local/mobile.html","1860","band","button","'+tile(c[0]==='won'?IC.check:IC.alert,col[0],col[1])+'","<button class=""krow"" onclick=""G.cl=\''+c[0]+'\';G.sub={t:\'closed\'};render()"">"
"C01916","local/mobile.html","1862","band","button","조치 필요 보기","<button class=""badge badge-danger"" onclick=""G.sub={t:\'stale\'};render()"">"
"C01917","local/mobile.html","1864","band","button","'+v[1]+'","<button class=""'+((G.pv||'st')===v[0]?'on':'')+'"" onclick=""G.pv=\''+v[0]+'\';render()"">"
"C01918","local/mobile.html","1867","band","button","'+tile(IC.user,'var(--violet)','var(--violet-bg)')+'","<button class=""krow"" onclick=""drill(\''+r[0]+'\')"">"
"C01919","local/mobile.html","1882","rStageList","button","전체 '+all.length+'","<button class=""'+(!G.ssf&&!G.alf?'on':'')+'"" onclick=""G.ssf=null;G.alf=null;render()"">"
"C01920","local/mobile.html","1883","rStageList","button","'+s+' '+all.filter(function(d){return stageLabel(d.code)===s}).length+'","<button class=""'+(G.ssf===s?'on':'')+'"" onclick=""G.ssf=\''+s+'\';G.alf=null;render()"">"
"C01921","local/mobile.html","1884","rStageList","button","'+AL.label+' '+alerts.length+'","<button class=""'+(G.alf?'on':'')+'"" style=""color:var(--danger)"" onclick=""G.alf=!G.alf;render()"">"
"C01922","local/mobile.html","1887","rStageList","button","'+IC.back+'","<button class=""iconbtn"" onclick=""G.stage=null;G.ssf=null;G.alf=null;render()"">"
"C01923","local/mobile.html","1889","rStageList","button","'+meta[3]+(G.alf?' ✕':' — 보기')+'","<button class=""badge badge-danger"" onclick=""G.alf=!G.alf;render()"">"
"C01924","local/mobile.html","1892","rStageList","div","'+tile(IC.folder,'var(--blue)','var(--blue-50)')
   +'","<div class=""lrow"" data-id=""'+escAttr(d.id)+'"" onclick=""G.deal=this.dataset.id;render()"">"
"C01925","local/mobile.html","1897","rStageList","button","'+IC.bell+' 이 목록 담당자 쪼기","<button class=""btn btn-line"" onclick=""nudgeSheet(\''+(function(){var r=[];list.forEach(function(d){if(r.indexOf(d.rep)<0)r.push(d.rep)});return r.join(', ')})()+'\',\''+macroNm(st)+' '+AL.label+' '+list.length+'건\')"">"
"C01926","local/mobile.html","1908","appbarS","button","'+IC.back+'","<button class=""iconbtn"" onclick=""subBack()"">"
"C01927","local/mobile.html","1909","dealRow","div","'+tile(IC.folder,'var(--blue)','var(--blue-50)')
 +'","<div class=""lrow"" data-id=""'+escAttr(d.id)+'"" onclick=""G.deal=this.dataset.id;render()"">"
"C01928","local/mobile.html","1916","rSearch","input","'
 +'","<input id=""srch"" placeholder=""현장명·담당자 검색"" style=""width:100%;border:1.5px solid var(--blue);background:#fff;border-radius:13px;padding:14px;font:inherit;font-size:15px;outline:none"" oninput=""srchDo(this.value)"">"
"C01929","local/mobile.html","1938","rInq","button","기존 건에 연결","<button class=""btn btn-line btn-sm"" style=""flex:1"" onclick=""toast(\'기존 건에 이어붙이기 — 과거 노트 포함 배정 (목업)\')"">"
"C01930","local/mobile.html","1938","rInq","button","별개 현장","<button class=""btn btn-line btn-sm"" style=""flex:1"" onclick=""toast(\'별개 현장으로 처리 — 사유 기록 (목업)\')"">"
"C01931","local/mobile.html","1939","rInq","button","'+IC.phone+' 전화","<button class=""btn btn-line"" style=""flex:1"" onclick=""callInquiry('+s.i+')"">"
"C01932","local/mobile.html","1939","rInq","button","'+(q.rep==='미배정'?'배정하기':'재배정')+'","<button class=""btn btn-primary"" style=""flex:1"" onclick=""assignSheet('+s.i+')"">"
"C01933","local/mobile.html","1942","rInqAssigned","button","'+esc(phoneFmt(q.phone))+'","<button class=""v"" style=""color:var(--blue)"" onclick=""location.href=\'tel:'+phoneN(q.phone)+'\'"">"
"C01934","local/mobile.html","1942","rInqAssigned","button","'+IC.phone+' 전화하기","<button class=""btn btn-primary"" onclick=""location.href=\'tel:'+phoneN(q.phone)+'\'"">"
"C01935","local/mobile.html","1942","rInqAssigned","button","'+v+'","<button class=""cchip gr"" data-v=""'+escAttr(v)+'"" onclick=""recordInquiryResponse(\''+jsAttr(q.key)+'\',this.dataset.v)"">"
"C01936","local/mobile.html","1951","assignSheet","textarea","","<textarea id=""inq-reassign-reason"" rows=""3"" maxlength=""2000"" placeholder=""예: 지역·공종·현재 업무량 기준"" style=""width:100%;box-sizing:border-box;margin:0 0 12px;border:1px solid var(--line-2);border-radius:11px;padding:12px;font:inherit;resize:vertical"">"
"C01937","local/mobile.html","1952","assignSheet","button","","<button class=""cchip '+(rec?'b':'gr')+'"" onclick=""pickAssign('+i+',\''+r+'\')"">"
"C01938","local/mobile.html","1962","rOverdue","button","이 단계 쪼기","<button class=""btn btn-line btn-sm"" onclick=""nudgeSheet(\''+s.nm+'\',\''+macroNm(st)+' '+lbl+' '+L.length+'건\')"">"
"C01939","local/mobile.html","1968","rOverdue","button","이 단계 쪼기","<button class=""btn btn-line btn-sm"" onclick=""nudgeSheet(\''+s.nm+'\',\'견적문의 응대 초과 '+iq.length+'건\')"">"
"C01940","local/mobile.html","1970","rOverdue","div","'+tile(IC.phone,'var(--warn)','var(--warn-bg)')
      +'","<div class=""lrow"" onclick=""toast(\'문의 상세 — 원문·연락처·이력 (목업 생략)\')"">"
"C01941","local/mobile.html","1980","rOverdue","button","'+IC.bell+' 전체 쪼기","<button class=""btn btn-primary"" onclick=""nudgeSheet(\''+s.nm+'\',\'전체 '+total+'건\')"">"
"C01942","local/mobile.html","1988","nudgeSheet","button","팀 채널로 발송","<button class=""btn btn-primary"" onclick=""closeSheet();toast(\'쪼기 발송 완료 — 팀 채널 + 이행률 기록\')"">"
"C01943","local/mobile.html","2029","skipSheet","button","'+r+'","<button class=""cchip gr"" onclick=""pickSkip('+i+',\''+r+'\')"">"
"C01944","local/mobile.html","2041","exSheet","button","'+stageLabel(s)+'","<button class=""cchip gr"" onclick=""exReason(\''+s+'\')"">"
"C01945","local/mobile.html","2045","exReason","button","'+r+'","<button class=""cchip gr"" onclick=""commitMoveR(\''+to+'\',\'예외: '+r+'\')"">"
"C01946","local/mobile.html","2053","reassignSheet","button","","<button class=""cchip '+(ri===0?'b':'gr')+'"" onclick=""pickReassign(\''+r+'\')"">"
"C01947","local/mobile.html","2076","prospectWorkHTML","button","=0?'on':'')+'"" data-k=""'+escAttr(k)+'"" onclick=""toggleProspectWork(this.dataset.","<button type=""button"" class=""m-workopt '+(G.pWorkItems.indexOf(k)>"
"C01948","local/mobile.html","2076","prospectWorkHTML","input","':'')+'","<input id=""pworkother"" class=""m-workother"" value=""'+escAttr(G.pWorkOther||'')+'"" oninput=""G.pWorkOther=this.value;paintProspectWorkSummary()"" placeholder=""기타 공종 직접 입력"">"
"C01949","local/mobile.html","2076","prospectWorkHTML","select","","<select id=""pworkprimary"" class=""m-workprimary"" onchange=""G.pPrimaryWork=this.value;paintProspectWorkSummary()"">"
"C01950","local/mobile.html","2084","rProspect","input","'
 +'","<input id=""pname"" value=""'+escAttr(G.pnm||'')+'"" oninput=""G.pnm=this.value"" placeholder=""예: [수원] 광교더리브아파트"" style=""width:100%;border:1px solid var(--line-2);border-radius:12px;padding:13px;font:inherit;font-size:15px;outline:none;box-sizing:border-box"">"
"C01951","local/mobile.html","2085","rProspect","button","'+IC.camera+' 명함·현수막 촬영으로 자동 인식","<button class=""btn btn-line"" style=""margin-top:10px"" onclick=""scanCard()"">"
"C01952","local/mobile.html","2086","rProspect","input","'
 +'","<input id=""pwork"" value=""'+escAttr(G.pwork||'')+'"" oninput=""G.pwork=this.value"" placeholder=""예: 옥상 방수 재도장공사"" style=""width:100%;border:1px solid var(--line-2);border-radius:12px;padding:13px;font:inherit;font-size:15px;outline:none;box-sizing:border-box"">"
"C01953","local/mobile.html","2088","rProspect","button","'+esc(b)+'","<button class=""cchip '+(biz===b?'b':'gr')+'"" data-b=""'+escAttr(b)+'"" onclick=""G.pbiz=this.dataset.b;render()"">"
"C01954","local/mobile.html","2090","rProspect","input","'
 +'","<input id=""pamt"" type=""text"" inputmode=""decimal"" data-money min=""0"" step=""1000000"" value=""'+escAttr(G.pamt||'')+'"" oninput=""G.pamt=this.value"" placeholder=""예: 150,000,000"" style=""width:100%;border:1px solid var(--line-2);border-radius:12px;padding:13px;font:inherit;font-size:15px;outline:none;box-sizing:border-box"">"
"C01955","local/mobile.html","2091","rProspect","input","'
 +'","<input id=""paddr"" value=""'+escAttr(G.paddr||'')+'"" oninput=""G.paddr=this.value"" placeholder=""예: 경기 수원시 영통구 ..."" style=""width:100%;border:1px solid var(--line-2);border-radius:12px;padding:13px;font:inherit;font-size:15px;outline:none;box-sizing:border-box"">"
"C01956","local/mobile.html","2092","rProspect","input","'
 +'","<input id=""poffice"" inputmode=""tel"" value=""'+escAttr(G.poffice||'')+'"" oninput=""G.poffice=this.value"" placeholder=""예: 031-123-4567"" style=""width:100%;border:1px solid var(--line-2);border-radius:12px;padding:13px;font:inherit;font-size:15px;outline:none;box-sizing:border-box"">"
"C01957","local/mobile.html","2093","rProspect","input","'
 +'","<input id=""pmanager"" value=""'+escAttr(G.pmanager||'')+'"" oninput=""G.pmanager=this.value"" placeholder=""예: 김민수"" style=""width:100%;border:1px solid var(--line-2);border-radius:12px;padding:13px;font:inherit;font-size:15px;outline:none;box-sizing:border-box"">"
"C01958","local/mobile.html","2094","rProspect","input","","<input id=""pmobile"" inputmode=""tel"" value=""'+escAttr(G.pmobile||'')+'"" oninput=""G.pmobile=this.value;managerHintM()"" placeholder=""예: 010-1234-5678"" style=""width:100%;border:1px solid var(--line-2);border-radius:12px;padding:13px;font:inherit;font-size:15px;outline:none;box-sizing:border-box"">"
"C01959","local/mobile.html","2095","rProspect","input","'
 +'","<input id=""pemail"" type=""email"" value=""'+escAttr(G.pemail||'')+'"" oninput=""G.pemail=this.value"" placeholder=""예: office@example.com"" style=""width:100%;border:1px solid var(--line-2);border-radius:12px;padding:13px;font:inherit;font-size:15px;outline:none;box-sizing:border-box"">"
"C01960","local/mobile.html","2097","rProspect","button","등록하기","<button class=""btn btn-primary"" style=""margin-top:14px"" data-gate=""nd"" disabled onclick=""addProspect()"">"
"C01961","local/mobile.html","2130","dupSheet","button","","<button class=""cchip b"" data-id=""'+escAttr(d.id)+'"" onclick=""closeSheet();G.deal=this.dataset.id;G.tab=\'mine\';render()"">"
"C01962","local/mobile.html","2138","rNoti","button","열기","<button class=""btn btn-line btn-sm"" onclick=""G.sub=null;G.tab=\'today\';render()"">"
"C01963","local/mobile.html","2139","rNoti","button","보기","<button class=""btn btn-line btn-sm"" onclick=""G.sub=null;G.deal=3;render()"">"
"C01964","local/mobile.html","2143","rNoti","button","정리","<button class=""btn btn-line btn-sm"" onclick=""G.sub={t:\'hyg\'};render()"">"
"C01965","local/mobile.html","2144","rNoti","button","설정","<button class=""btn btn-line btn-sm"" onclick=""G.sub={t:\'set\'};render()"">"
"C01966","local/mobile.html","2153","rSet","button","'+(s.quiet?'켜짐':'꺼짐')+'","<button class=""badge '+(s.quiet?'badge-ok':'badge-gray')+'"" onclick=""G.set.quiet=!G.set.quiet;render()"">"
"C01967","local/mobile.html","2154","rSet","button","'+h+'","<button class=""cchip '+(s.hour===h?'b':'gr')+'"" onclick=""G.set.hour=\''+h+'\';render()"">"
"C01968","local/mobile.html","2155","rSet","button","'+(s.vac?'사용 중':'꺼짐')+'","<button class=""badge '+(s.vac?'badge-warn':'badge-gray')+'"" onclick=""G.set.vac=!G.set.vac;render()"">"
"C01969","local/mobile.html","2156","rSet","button","'+r+'","<button class=""cchip '+(s.deleg===r?'b':'gr')+'"" onclick=""G.set.deleg=\''+r+'\';toast(\'휴가 중 알림이 '+r+'님에게 갑니다\');render()"">"
"C01970","local/mobile.html","2169","rClosed","div","'
   +tile(d.outcome==='won'?IC.check:IC.alert,d.outcome==='won'?'var(--ok)':'v","<div class=""lrow"" data-id=""'+escAttr(d.id)+'"" onclick=""G.deal=this.dataset.id;render()"">"
"C01971","local/mobile.html","2176","rClosed","button","'+OUTCOMES[o].nm+' '+cnt[o]+'","<button class=""'+(G.cl===o?'on':'')+'"" data-o=""'+o+'"" onclick=""G.cl=this.dataset.o;render()"">"
"C01972","local/mobile.html","2188","rAxis","button","면담 안건 만들기","<button class=""btn btn-primary"" onclick=""coachSheet(\''+s.nm+'\')"">"
"C01973","local/mobile.html","2196","rCoach","button","안건","<button class=""btn btn-line btn-sm"" onclick=""coachSheet(\''+r[0]+'\')"">"
"C01974","local/mobile.html","2201","coachSheet","button","잔디로 보내기","<button class=""btn btn-primary"" onclick=""closeSheet();toast(\'면담 안건 저장 — 잔디 1:1로 발송 (목업)\')"">"
"C01975","local/mobile.html","2219","rMonthly","button","PDF 미리보기","<button class=""btn btn-line"" style=""flex:1"" onclick=""toast(\'PDF 미리보기 생성 (목업)\')"">"
"C01976","local/mobile.html","2219","rMonthly","button","잔디 발송","<button class=""btn btn-primary"" style=""flex:1"" onclick=""toast(\'대표 보고 채널로 발송 (목업)\')"">"
"C01977","local/mobile.html","2228","rDups","div","'+tile(IC.folder,'var(--warn)','var(--warn-bg)')+'","<div class=""lrow"" onclick=""G._dg['+gi+']=!G._dg['+gi+'];render()"">"
"C01978","local/mobile.html","2229","rDups","button","확인했어요 — 병합 요청","<button class=""btn btn-line btn-sm"" style=""margin:8px 0 10px"" onclick=""toast(\'병합 요청 기록 — 관리자 확인 후 처리 (목업)\')"">"
"C01979","local/mobile.html","2239","photoSheet","button","'+IC.camera+' 촬영·추가","<button class=""btn btn-primary"" onclick=""addPhoto()"">"
"C01980","local/mobile.html","2253","tmplSheet","button","","<button class=""cchip '+(i===0?'b':'gr')+'"" onclick=""sendTmpl(\''+t[0]+'\')"">"
"C01981","local/mobile.html","2264","rPerf","div","'+tile('","<div class=""prow"" style=""cursor:pointer"" onclick=""G.sub={t:\'axis\',nm:\''+r[0]+'\',amt:\''+r[1]+'\'};render()"">"
"C01982","local/mobile.html","2265","rPerf","button","코칭 신호 3건 보기","<button class=""btn btn-line btn-sm"" style=""margin-top:8px"" onclick=""G.sub={t:\'coach\'};render()"">"
"C01983","local/mobile.html","2272","rRpt","div","'+tile(IC.sun,'var(--blue)','var(--blue-50)')+'","<div class=""prow"" style=""cursor:pointer"" onclick=""G.sub={t:\'brief\'};render()"">"
"C01984","local/mobile.html","2273","rRpt","div","'+tile(IC.doc,'var(--blue)','var(--blue-50)')+'","<div class=""prow"" style=""cursor:pointer"" onclick=""G.sub={t:\'monthly\'};render()"">"
"C01985","local/mobile.html","2274","rRpt","div","'+tile(IC.alert,'var(--warn)','var(--warn-bg)')+'","<div class=""prow"" style=""cursor:pointer"" onclick=""G.sub={t:\'dups\'};render()"">"
"C01986","local/mobile.html","2292","rmBadgesM","button","＋ 연락처 추가","<button class=""btn btn-primary"" onclick=""contactEditSheetM(\'\')"">"
"C01987","local/mobile.html","2293","rmBadgesM","button","＋ 추가","<button onclick=""contactEditSheetM(\'\')"" style=""color:var(--blue);font-weight:800"">"
"C01988","local/mobile.html","2295","rmBadgesM","button","","<button '+(!c.officeTel?'disabled':'')+' onclick=""callContactM(\'office\',\''+key+'\')"">"
"C01989","local/mobile.html","2295","rmBadgesM","button","","<button '+(!c.mobile?'disabled':'')+' onclick=""callContactM(\'mobile\',\''+key+'\')"">"
"C01990","local/mobile.html","2295","rmBadgesM","button","📞 전화","<button class=""pri"" '+(!c.mobile?'disabled':'')+' onclick=""callContactM(\'mobile\',\''+key+'\')"">"
"C01991","local/mobile.html","2295","rmBadgesM","button","✉ 문자","<button '+(!c.mobile?'disabled':'')+' onclick=""smsContactM(\''+key+'\')"">"
"C01992","local/mobile.html","2295","rmBadgesM","button","💬 카카오","<button '+(!c.mobile?'disabled':'')+' onclick=""kakaoContactM(\''+key+'\')"">"
"C01993","local/mobile.html","2295","rmBadgesM","button","📎 자료발송","<button '+(!c.mobile?'disabled':'')+' onclick=""openContextualMaterialM(\''+key+'\')"">"
"C01994","local/mobile.html","2295","rmBadgesM","button","연락처·동의 수정","<button onclick=""contactEditSheetM(\''+key+'\')"">"
"C01995","local/mobile.html","2298","rmBadgesM","input","","<input id=""ce-office"" inputmode=""tel"" value=""'+escAttr(c.officeTel)+'"" style=""width:100%;margin:6px 0 10px;border:1px solid var(--line-2);border-radius:11px;padding:12px;font:inherit"">"
"C01996","local/mobile.html","2298","rmBadgesM","select","'+CONTACT_ROLES.map(function(r){return '","<select id=""ce-role"" style=""width:100%;margin:6px 0 10px;border:1px solid var(--line-2);border-radius:11px;padding:12px;font:inherit"">"
"C01997","local/mobile.html","2298","rmBadgesM","input","","<input id=""ce-name"" value=""'+escAttr(c.name)+'"" style=""width:100%;margin:6px 0 10px;border:1px solid var(--line-2);border-radius:11px;padding:12px;font:inherit"">"
"C01998","local/mobile.html","2298","rmBadgesM","input","","<input id=""ce-mobile"" inputmode=""tel"" value=""'+escAttr(c.mobile)+'"" style=""width:100%;margin:6px 0 10px;border:1px solid var(--line-2);border-radius:11px;padding:12px;font:inherit"">"
"C01999","local/mobile.html","2298","rmBadgesM","input","","<input id=""ce-email"" type=""email"" value=""'+escAttr(c.officeEmail)+'"" style=""width:100%;margin:6px 0 10px;border:1px solid var(--line-2);border-radius:11px;padding:12px;font:inherit"">"
"C02000","local/mobile.html","2298","rmBadgesM","input"," 문자 광고성 정보 수신 동의","<input id=""ce-sms"" type=""checkbox"" '+(c.smsConsent?'checked':'')+'>"
"C02001","local/mobile.html","2298","rmBadgesM","input"," 카카오 광고성 정보 수신 동의","<input id=""ce-kakao"" type=""checkbox"" '+(c.kakaoConsent?'checked':'')+'>"
"C02002","local/mobile.html","2298","rmBadgesM","input"," 수신거부·발송 차단","<input id=""ce-block"" type=""checkbox"" '+(c.sendBlocked?'checked':'')+'>"
"C02003","local/mobile.html","2298","rmBadgesM","input","","<input id=""ce-consent-at"" type=""datetime-local"" value=""'+escAttr(c.consentAt?String(c.consentAt).slice(0,16):'')+'"">"
"C02004","local/mobile.html","2298","rmBadgesM","input","","<input id=""ce-block-reason"" type=""text"" value=""'+escAttr(c.sendBlockedReason)+'"" placeholder=""예: 고객 수신거부 요청"">"
"C02005","local/mobile.html","2298","rmBadgesM","button","연락처·동의 저장","<button class=""btn btn-primary"" onclick=""saveContactM()"">"
"C02006","local/mobile.html","2333","messageSheetM","button","","<button class=""m-rmtemplate '+(i===idx?'on':'')+'"" onclick=""rmPickM('+i+')"">"
"C02007","local/mobile.html","2333","messageSheetM","textarea","'+esc(t.body)+'","<textarea class=""m-rmbody"" id=""m-rmbody"" oninput=""rmRenderM()"">"
"C02008","local/mobile.html","2333","messageSheetM","button","💬 카카오","<button id=""m-rmchkakao"" onclick=""rmSwitchChannelM(\'kakao\')"">"
"C02009","local/mobile.html","2333","messageSheetM","button","✉ 문자","<button id=""m-rmchsms"" onclick=""rmSwitchChannelM(\'sms\')"">"
"C02010","local/mobile.html","2333","messageSheetM","input"," 지금 확인","<input type=""radio"" name=""m-rmmode"" '+(RM_M.mode==='now'?'checked':'')+' onchange=""rmModeM(\'now\')"">"
"C02011","local/mobile.html","2333","messageSheetM","input"," 예약 알림","<input type=""radio"" name=""m-rmmode"" '+(RM_M.mode==='schedule'?'checked':'')+' onchange=""rmModeM(\'schedule\')"">"
"C02012","local/mobile.html","2333","messageSheetM","input","","<input id=""m-rmschedule"" type=""datetime-local"" value=""'+escAttr(RM_M.scheduleAt)+'"" min=""'+escAttr(rmDefaultScheduleM())+'"" onchange=""rmScheduleChangedM()"">"
"C02013","local/mobile.html","2333","messageSheetM","input"," 고객 요청 자료·일정 안내 또는 계약 이행에 필요한 정보이며 광고 문구를 섞지 않았습니다.","<input id=""m-rminfo"" type=""checkbox"" onchange=""rmRenderM()"">"
"C02014","local/mobile.html","2333","messageSheetM","input"," 발송 후 ","<input id=""m-rmnext"" type=""checkbox"" checked>"
"C02015","local/mobile.html","2333","messageSheetM","select","","<select id=""m-rmnextdays"">"
"C02016","local/mobile.html","2333","messageSheetM","button","'+(channel==='sms'?'문자 앱에서 확인':'카카오에서 확인')+'","<button class=""btn btn-primary"" id=""m-rmgo"" onclick=""rmLaunchM()"">"
"C02017","local/mobile.html","2333","messageSheetM","button","문구만 복사","<button class=""btn btn-line"" style=""margin-top:7px"" onclick=""rmCopyM()"">"
"C02018","local/mobile.html","2333","messageSheetM","button","발송 완료","<button class=""btn btn-primary"" onclick=""rmConfirmM(\'sent\')"">"
"C02019","local/mobile.html","2333","messageSheetM","button","발송 실패","<button class=""btn btn-line"" onclick=""rmConfirmM(\'failed\')"">"
"C02020","local/mobile.html","2333","messageSheetM","button","발송 안 함","<button class=""btn btn-line"" style=""margin-top:7px"" onclick=""rmConfirmM(\'cancelled\')"">"
"C02021","local/mobile.html","2368","nearbyHTMLM","button","같이 방문","<button data-id=""'+escAttr(x.d.id)+'"" onclick=""event.stopPropagation();G.deal=this.dataset.id;G.tab=\'mine\';render()"">"
"C02022","local/mobile.html","2369","execTaskRowM","div","","<div class=""today-task-top"" onclick=""openTodayItem('+i+')"">"
"C02023","local/mobile.html","2369","execTaskRowM","button","📞 전화하기","<button class=""call"" onclick=""startTodayCall('+i+')"">"
"C02024","local/mobile.html","2369","execTaskRowM","button","상세 보기","<button onclick=""openTodayItem('+i+')"">"
"C02025","local/mobile.html","2369","execTaskRowM","button","✓ 완료","<button class=""done"" '+(done?'disabled':'')+' onclick=""todayCompleteM('+i+')"">"
"C02026","local/mobile.html","2369","execTaskRowM","button","연기","<button '+(done?'disabled':'')+' onclick=""todayPostponeM('+i+')"">"
"C02027","local/mobile.html","2372","reactivationHTMLM","button","","<button class=""wake-row"" data-id=""'+escAttr(x.d.id)+'"" onclick=""G.deal=this.dataset.id;G.tab=\'mine\';render()"">"
"C02028","local/mobile.html","2374","askResultHTMLM","button","","<button class=""lrow"" data-id=""'+escAttr(d.id)+'"" onclick=""G.deal=this.dataset.id;G.tab=\'mine\';render()"">"
"C02029","local/mobile.html","2378","rToday","button","","<button>"
"C02030","local/mobile.html","2378","rToday","button","","<button>"
"C02031","local/mobile.html","2378","rToday","button","","<button>"
"C02032","local/mobile.html","2378","rToday","button","","<button>"
"C02033","local/mobile.html","2378","rToday","input","","<input id=""crm-ask-m"" value=""'+escAttr(G.crmAsk||'')+'"" placeholder=""CRM에게 물어보기"" onkeydown=""if(event.key===\'Enter\')askSubmitM()"">"
"C02034","local/mobile.html","2378","rToday","button","찾기","<button onclick=""askSubmitM()"">"
"C02035","local/mobile.html","2378","rToday","button","오늘 전화","<button onclick=""askExampleM(\'내가 오늘 전화해야 하는 곳\')"">"
"C02036","local/mobile.html","2378","rToday","button","이번 주 방문","<button onclick=""askExampleM(\'이번 주 방문 예정 현장\')"">"
"C02037","local/mobile.html","2378","rToday","button","30일 미접촉","<button onclick=""askExampleM(\'30일 넘게 연락 안 한 곳\')"">"
"C02038","local/mobile.html","2378","rToday","button","1억·Next 없음","<button onclick=""askExampleM(\'견적 1억 이상인데 다음 행동 없는 곳\')"">"
"C02039","local/mobile.html","2378","rToday","button","","<button class=""pri"" onclick=""G.tab=\'mine\';render()"">"
"C02040","local/mobile.html","2378","rToday","button","","<button onclick=""G.tab=\'find\';render()"">"
"C02041","local/mobile.html","2380","todayPostponeM","button","'+x[0]+'","<button class=""cchip gr"" onclick=""applyTodayPostponeM('+x[1]+')"">"
"C02042","local/mobile.html","2386","stageGuideHTMLM","button","","<button class=""stage-guide-item '+(st[i]?'on':'')+'"" onclick=""toggleStageGuideM('+i+')"">"
"C02043","local/mobile.html","2392","relationshipMapHTMLM","button","관계 설정","<button class=""hint"" style=""margin-top:7px;color:var(--blue)"" onclick=""relationshipEditSheetM(\''+k+'\')"">"
"C02044","local/mobile.html","2393","relationshipEditSheetM","select","'+['의사결정자','핵심담당자','실무자','영향자','정보제공자'].map(function(x){return '","<select id=""rel-role-m"" style=""width:100%;margin:6px 0 12px;border:1px solid var(--line-2);border-radius:11px;padding:12px;font:inherit"">"
"C02045","local/mobile.html","2393","relationshipEditSheetM","select","'+['우호적','중립','부정적','미확인'].map(function(x){return '","<select id=""rel-tone-m"" style=""width:100%;margin:6px 0 14px;border:1px solid var(--line-2);border-radius:11px;padding:12px;font:inherit"">"
"C02046","local/mobile.html","2393","relationshipEditSheetM","button","관계 저장","<button class=""btn btn-primary"" onclick=""saveRelationshipM()"">"
"C02047","local/mobile.html","2396","quoteHistoryHTMLM","button","＋ 새 버전","<button onclick=""quoteSheetM()"" style=""color:var(--blue);font-weight:850"">"
"C02048","local/mobile.html","2397","quoteSheetM","input","","<input id=""qv-amt-m"" type=""text"" inputmode=""decimal"" data-money min=""0"" step=""10000"" value=""'+(last||'')+'"" style=""width:100%;box-sizing:border-box;margin:6px 0 10px;border:1px solid var(--line-2);border-radius:11px;padding:12px;font:inherit"">"
"C02049","local/mobile.html","2397","quoteSheetM","textarea","","<textarea id=""qv-reason-m"" rows=""3"" placeholder=""예: 공사 범위 조정"" style=""width:100%;box-sizing:border-box;margin:6px 0 12px;border:1px solid var(--line-2);border-radius:11px;padding:12px;font:inherit"">"
"C02050","local/mobile.html","2397","quoteSheetM","button","새 견적 버전 저장","<button class=""btn btn-primary"" onclick=""saveQuoteVersionM()"">"
"C02051","local/mobile.html","2416","attachmentPanelHTMLM","button","📷 사진 추가","<button onclick=""openAttachmentPickerM(\'photo\')"">"
"C02052","local/mobile.html","2416","attachmentPanelHTMLM","button","📎 자료 추가","<button onclick=""openAttachmentPickerM(\'file\')"">"
"C02053","local/mobile.html","2416","attachmentPanelHTMLM","button","","<button class=""attach-tile '+(/^image\//.test(x.mime_type||'')?'':'file')+'"" onclick=""openAttachmentGalleryM()"">"
"C02054","local/mobile.html","2416","attachmentPanelHTMLM","button","최근 사진 '+photos.length+'장 · 전체보기 →","<button class=""hint"" style=""width:100%;margin-top:9px;text-align:right;color:var(--blue);font-weight:850"" onclick=""openAttachmentGalleryM()"">"
"C02055","local/mobile.html","2417","installAttachmentInputsM","input","","<input id=""attach-photo-m"" type=""file"" accept=""image/*"" capture=""environment"" multiple>"
"C02056","local/mobile.html","2417","installAttachmentInputsM","input","';document.body.appendChild(box);document.getElementById('attach-photo-m').oncha","<input id=""attach-file-m"" type=""file"" accept=""image/*,.pdf,.doc,.docx,.xls,.xlsx,.ppt,.pptx"" multiple>"
"C02057","local/mobile.html","2421","openAttachmentMetaM","select","'+ATTACH_CATEGORIES_M.map(function(x){return '","<select id=""attach-cat-m"">"
"C02058","local/mobile.html","2421","openAttachmentMetaM","button","=0?'on':'')+'"" data-tag=""'+escAttr(x)+'"" onclick=""toggleAttachTagM(this.dataset.","<button class=""'+((G.attachTags||[]).indexOf(x)>"
"C02059","local/mobile.html","2421","openAttachmentMetaM","textarea","'+esc(memo)+'","<textarea id=""attach-memo-m"" rows=""3"" placeholder=""예: 배수로 주변 들뜸 확인"">"
"C02060","local/mobile.html","2421","openAttachmentMetaM","button","'+files.length+'개 파일 등록","<button class=""btn btn-primary"" id=""attach-save-m"" onclick=""saveAttachmentsM()"">"
"C02061","local/mobile.html","2433","quickSitesHTMLM","button","'+x[1]+'","<button class=""'+(mode===x[0]?'on':'')+'"" onclick=""G.quickMode=\''+x[0]+'\';render()"">"
"C02062","local/mobile.html","2433","quickSitesHTMLM","button","","<button class=""quick-row"" data-id=""'+escAttr(d.id)+'"" onclick=""G.deal=this.dataset.id;render()"">"
"C02063","local/mobile.html","2437","quickSitesHTMLM","button","'+(d.favorite?'★ 즐겨찾기':'☆ 즐겨찾기')+'","<button class=""favorite-btn-m '+(d.favorite?'on':'')+'"" onclick=""toggleFavoriteM()"">"
"C02064","local/mobile.html","2459","stageGuideHTMLM","button","","<button class=""stage-guide-item '+(on?'on ':'')+(x.auto?'auto ':'')+(x.required?'required':'')+'"" onclick=""toggleStageGuideM('+i+')"">"
"C02065","local/mobile.html","2467","askResultHTMLM","button","","<button class=""lrow"" data-id=""'+escAttr(d.id)+'"" onclick=""G.deal=this.dataset.id;G.tab=\'mine\';render()"">"
"C02066","local/mobile.html","2469","askResultHTMLM","button","소장 번호 없음","<button data-field=""missing"" onclick=""askExampleM(\'관리소장 휴대폰이 없는 현장\')"">"
"C02067","local/mobile.html","2469","askResultHTMLM","button","견적 후 정체","<button onclick=""askExampleM(\'이번 달 견적 보냈는데 아직 경쟁단계로 안 간 곳\')"">"
"C02068","local/mobile.html","2500","relCardM","button","'+esc(i.nba)+'","<button class=""primary"" onclick=""relActionM(\''+(i.channel==='call'?'call':'kakao')+'\')"">"
"C02069","local/mobile.html","2500","relCardM","button","30일 접촉 보류","<button onclick=""relHoldM(30)"">"
"C02070","local/mobile.html","2512","relPurposeChangedM","select","'+REL_PURPOSES_M.map(function(x){return '","<select id=""m-rmpurpose"" onchange=""relPurposeChangedM()"">"
"C02071","local/mobile.html","2534","ctxHeaderM","input"," 발송이력에 견적 Version 연결","<input id=""m-ctx-quote"" type=""checkbox"" '+(RM_M.attachQuote?'checked':'')+' '+(!q?'disabled':'')+' onchange=""ctxQuoteChangedM()"">"
"C02072","local/mobile.html","2586","asqCardM","a","아파트스퀘어 프로젝트 열기 ↗","<a class=""m-asq-open"" href=""'+escAttr(url)+'"" target=""_blank"" rel=""noopener noreferrer"">"
"C02073","local/mobile.html","2590","asqCardM","button","","<button class=""wake-row"" data-id=""'+escAttr(x.d.id)+'"" onclick=""G.deal=this.dataset.id;G.tab=\'mine\';render()"">"
"C02074","local/next-action-picker.js","11","subHtml","select","'+secondary[g].map(t=>'","<select id=""'+id+'-sub"">"
"C02075","local/next-action-picker.js","12","html","select","'+groups.map(t=>'","<select hidden id=""'+id+'"" data-original=""'+escape(original)+'"" onchange=""NextActionPicker.change(\''+id+'\')"">"
"C02076","local/next-action-picker.js","12","html","button","'+t+'","<button type=""button"" data-group=""'+t+'"" aria-pressed=""'+(t===g)+'"" onclick=""NextActionPicker.choose(\''+id+'\',this.dataset.group)"">"
"C02077","local/next-action-picker.js","12","html","button","추천 · '+r.label+'","<button class=""next-picker-recommend"" type=""button"" data-stage=""'+escape(stage)+'"" onclick=""NextActionPicker.recommend(\''+id+'\',this.dataset.stage,\''+textId+'\',\''+dueId+'\')"">"
"C02078","local/stage-transition-ui.js","9","fieldHTML","input","'+esc(x)+'","<input type=""checkbox"" name=""'+id+'"" value=""'+esc(x)+'"" '+(Array.isArray(v)&&v.includes(x)?'checked':'')+'>"
"C02079","local/stage-transition-ui.js","13","fieldHTML","select","","<select id=""'+id+'"">"
"C02080","local/stage-transition-ui.js","14","fieldHTML","input","';
  return '","<input id=""'+id+'"" type=""'+(f.type==='date'?'date':'text')+'"" '+(f.type==='money'?'data-money inputmode=""decimal"" ':'')+'value=""'+esc(f.type==='money'&&v!==''&&v!=null?Number(v).toLocaleString('ko-KR'):v)+'"">"
"C02081","local/stage-transition-ui.js","33","paint","select","'+S.choices(ctx.from).map(k=>'","<select id=""sf-target"">"
"C02082","local/stage-transition-ui.js","33","paint","input","","<input id=""sf-date"" type=""date"" max=""'+today()+'"" value=""'+esc(draft.transition_date)+'"">"
"C02083","local/stage-transition-ui.js","33","paint","textarea","'+esc(draft.skip_reason)+'","<textarea id=""sf-skip"" placeholder=""실제 진행상태에 맞춰 보정하는 이유를 입력해 주세요."">"
"C02084","local/stage-transition-ui.js","33","paint","textarea","'+esc(draft.memo)+'","<textarea id=""sf-memo"">"
"C02085","local/stage-transition-ui.js","33","paint","button","취소","<button type=""button"" id=""sf-cancel"">"
"C02086","local/stage-transition-ui.js","33","paint","button","'+esc(def.label)+' · '+(ctx.to==='won'?'종료 확인':'전환 저장')+'","<button type=""submit"" class=""sf-primary"">"